id,화면,도시,시군,시군(영문),순번,장소명,장소명(영문),장소명(중문),장소명(일문),분류코드,분류,위도,경도,권장체류(분),운영시간(원문),설명,설명(영문),설명(중문),설명(일문),한국관광100선,유네스코,열린관광지,지정구역,시티투어경유,연관관광지,목록외,영상ID,작품,장면,사진URL,사진출처,카카오장소URL,좌표근거,좌표근거(영문)
kd1,seoul,서울,서울,Seoul,1,낙산공원 성곽길,Naksan Park City Wall,骆山公园城郭路,駱山公園城郭路,herit,문화유산·전통체험,37.58,127.0075,70,상시 개방 · 무료 · 02-743-7985,"루미와 진우가 밤에 만나 속마음을 털어놓는 장면의 무대. 한양도성 성곽을 따라 걷는 길에서 도심 야경이 내려다보이고, 해 질 무렵부터 성곽 조명이 들어온다. 오르막 계단이 가파르니 혜화역에서 마을버스를 타는 편이 낫다.",Where Rumi and Jinu talk at night. The Hanyang city-wall path looks down over the lit centre; the wall lighting comes on at dusk. The stairs are steep — the village bus from Hyehwa station is easier.,,,N,N,N,,N,N,N,sc1,케이팝 데몬 헌터스 (2025),루미와 진우의 밤 — 낙산공원,https://upload.wikimedia.org/wikipedia/commons/4/46/KOCIS_Korea_Seoul_Fortress_20130924_11_%289910956885%29.jpg,Wikimedia Commons,,종로구 낙산길 41 주소 기반 좌표,"Address-based: Naksan-gil 41, Jongno-gu"
kd2,seoul,서울,서울,Seoul,2,북촌한옥마을,Bukchon Hanok Village,北村韩屋村,北村韓屋村,herit,문화유산·전통체험,37.5826,126.985,90,상시 개방 · 주민 거주 구역 17:00 이후 관람 제한,"루미와 진우가 골목과 지붕을 오가며 듀엣곡을 부르는 구간. 실제로는 주민이 사는 마을이라 정숙 관람 구역이 지정돼 있고, 계동길과 북촌로11길이 촬영 구도와 가장 가깝다.",The alleys and rooftops of the duet sequence. It is a lived-in neighbourhood with quiet-hours zones; Gyedong-gil and Bukchon-ro 11-gil match the framing most closely.,,,N,N,N,,N,N,N,sc2,케이팝 데몬 헌터스 (2025),골목과 지붕 위 — 프리(Free),https://commons.wikimedia.org/wiki/Special:FilePath/Bukchon-ro%2011-gil%20street%20with%20hanok%20houses%20in%20Bukchon%20Hanok%20Village%20Seoul.jpg?width=960,Wikimedia Commons,,종로구 계동길 일대 주소 기반 좌표,"Address-based: Gyedong-gil area, Jongno-gu"
kd3,seoul,서울,서울,Seoul,3,명동거리,Myeongdong Street,明洞街,明洞通り,food,로컬상권·먹거리,37.5636,126.985,110,상점 10:30–22:00 · 노점 17:00 이후,사자 보이즈가 처음 등장해 무대를 여는 거리. 저녁에 길 한가운데로 포장마차가 들어서면서 화면 속 밀도에 가까워진다.,"The street where the Saja Boys make their entrance. It comes closest to the film at night, when the food carts fill the middle of the road.",,,N,N,N,,N,N,N,sc3,케이팝 데몬 헌터스 (2025),사자보이즈 첫 등장 — 소다팝,https://upload.wikimedia.org/wikipedia/commons/3/32/%EB%AA%85%EB%8F%998%EA%B8%B8_%EA%B1%B0%EB%A6%AC_%282020.03%29.jpg,Wikimedia Commons,,중구 명동8길 일대 주소 기반 좌표,"Address-based: Myeongdong 8-gil, Jung-gu"
kd4,seoul,서울,서울,Seoul,4,남산서울타워,N Seoul Tower,南山首尔塔,Nソウルタワー,activity,테마파크·액티비티,37.5512,126.9882,120,"10:30–23:00 · 전망대 어른 21,000원 · 02-3455-9277",작품 전반에 서울의 기준점처럼 반복해서 등장하는 실루엣. 케이블카 또는 남산 순환버스로 오른다.,The silhouette that recurs through the film as the city’s fixed point. Reached by cable car or the Namsan circular bus.,,,N,N,N,,N,N,N,sc4,케이팝 데몬 헌터스 (2025),서울의 스카이라인,https://commons.wikimedia.org/wiki/Special:FilePath/Namsan%20Tower%2C%20Seoul%20-%20Namsan2299.jpg?width=960,Wikimedia Commons,,용산구 남산공원길 105 주소 기반 좌표,"Address-based: Namsangongwon-gil 105, Yongsan-gu"
kd5,seoul,서울,서울,Seoul,5,롯데월드타워 서울스카이,Lotte World Tower Seoul Sky,乐天世界塔 首尔天空,ロッテワールドタワー ソウルスカイ,activity,테마파크·액티비티,37.5125,127.1025,120,"10:00–22:00 · 전망대 어른 29,000원 · 1661-2000",헌트릭스 숙소의 배경이 된 117층 이상 전망대. 창 너머로 보이는 한강과 잠실 일대의 구도가 작품 속 거실 창과 겹친다.,The observatory above the 117th floor behind the Huntrix apartment. The river and Jamsil laid out beyond the glass match the living-room window in the film.,,,N,N,N,,N,N,N,sc5,케이팝 데몬 헌터스 (2025),헌트릭스의 숙소,https://upload.wikimedia.org/wikipedia/commons/5/57/Lotte_World_morning_view_8.jpg,Wikimedia Commons,,송파구 올림픽로 300 주소 기반 좌표,"Address-based: Olympic-ro 300, Songpa-gu"
kd6,seoul,서울,서울,Seoul,6,서울올림픽주경기장,Seoul Olympic Stadium,首尔奥林匹克主竞技场,ソウルオリンピック主競技場,activity,테마파크·액티비티,37.5159,127.0728,80,외부 상시 · 내부는 행사일에 따름,"마지막 대결이 벌어지는 공연장의 모델. 잠실종합운동장 단지 안에 있으며, 공연이 없는 날에도 외곽 트랙을 따라 걸을 수 있다.","The model for the arena of the final confrontation, inside the Jamsil sports complex; the outer track is walkable on non-event days.",,,N,N,N,,N,N,N,sc6,케이팝 데몬 헌터스 (2025),최종 무대,,,,송파구 올림픽로 25 주소 기반 좌표,"Address-based: Olympic-ro 25, Songpa-gu"
kd7,seoul,서울,서울,Seoul,7,청담대교 · 자양역,Cheongdam Bridge & Jayang Stn,清潭大桥·紫阳站,清潭大橋・紫陽駅,heal,힐링·생태·체험,37.5343,127.0678,40,상시,"지하철이 한강 위를 건너는 구간. 청담대교는 위층이 도로, 아래층이 7호선인 복층 교량이라 열차가 강을 가로지르는 화면이 그대로 재현된다.","Where the subway crosses the Han. Cheongdam Bridge carries road above and Line 7 below, so the shot of a train over water is literal.",,,N,N,N,,N,N,N,sc7,케이팝 데몬 헌터스 (2025),한강을 건너는 7호선,,,,광진구 자양동 7호선 자양역 주소 기반 좌표,"Address-based: Jayang Stn (Line 7), Gwangjin-gu"
kd8,seoul,서울,서울,Seoul,8,K-POP SQUARE (삼성역 전광판),K-POP SQUARE Media,K-POP SQUARE 三成站大屏,K-POP SQUARE 三成駅大型ビジョン,activity,테마파크·액티비티,37.5115,127.0595,40,상시 · 영상 10:00–23:00,"코엑스 외벽의 대형 곡면 전광판. 도시 전체가 화면이 되는 장면의 출발점으로, 삼성역 6번 출구 앞 광장에서 정면으로 본다.",The curved LED wall on the COEX façade — the starting point for the scenes where the city itself becomes a screen. Best viewed from the plaza at Samseong station exit 6.,,,N,N,N,,N,N,N,sc8,케이팝 데몬 헌터스 (2025),도시를 덮는 화면,,,,강남구 영동대로 513 코엑스 주소 기반 좌표,"Address-based: COEX, Yeongdong-daero 513"
kd9,seoul,서울,서울,Seoul,9,서울한방진흥센터,Seoul Oriental Medicine Center,首尔韩方振兴中心,ソウル韓方振興センター,heal,힐링·생태·체험,37.5825,127.0374,70,10:00–18:00 · 월요일 휴관 · 02-969-9241,"작품 속 한의원 외관과 닮은 건물로 알려지며 순례지가 됐다. 1호선 제기동역 옆 약령시 한복판에 있고, 족욕과 한방차 체험을 운영한다.","Recognised for its resemblance to the clinic in the film, in the middle of the herbal-medicine market by Jegi-dong station; foot baths and herbal tea sessions run on site.",,,N,N,N,,N,N,N,sc9,케이팝 데몬 헌터스 (2025),한의원,,,,동대문구 약령중앙로 26 주소 기반 좌표,"Address-based: Yangnyeongjungang-ro 26, Dongdaemun-gu"
kd10,seoul,서울,서울,Seoul,10,경복궁,Gyeongbokgung Palace,景福宫,景福宮,herit,문화유산·전통체험,37.5796,126.977,100,"09:00–18:00 · 화요일 휴궁 · 어른 3,000원 · 02-3700-3900",궁의 지붕선과 단청이 작품의 전통 모티프 전반에 깔려 있다. 한복을 입으면 입장이 무료다.,The roof lines and dancheong colouring run through the film’s traditional motifs. Admission is free in hanbok.,,,N,N,N,,N,N,N,sc10,케이팝 데몬 헌터스 (2025),전통의 결,https://upload.wikimedia.org/wikipedia/commons/6/63/%EA%B4%91%ED%99%94%EB%AC%B8_%EC%9B%94%EB%8C%80.jpg,Wikimedia Commons,,종로구 사직로 161 주소 기반 좌표,"Address-based: Sajik-ro 161, Jongno-gu"
kd11,seoul,서울,서울,Seoul,11,뚝섬한강공원,Ttukseom Hangang Park,纛岛汉江公园,トゥクソム漢江公園,heal,힐링·생태·체험,37.5295,127.07,80,상시 개방 · 무료,강변에서 청담대교를 정면으로 올려다보는 자리. 편의점과 돗자리 대여가 있어 치맥 장면을 그대로 따라 하기 좋다.,The riverbank looking straight up at Cheongdam Bridge; convenience stores and mat rentals make the chicken-and-beer scene easy to reproduce.,,,N,N,N,,N,N,N,sc7,케이팝 데몬 헌터스 (2025),한강을 건너는 7호선,https://upload.wikimedia.org/wikipedia/commons/0/0e/Ttukseom_Hangang_Park_20260416_6.jpg,Wikimedia Commons,,광진구 강변북로 139 주소 기반 좌표,"Address-based: Gangbyeonbuk-ro 139, Gwangjin-gu"
kdx1,seoul,서울,서울,Seoul,,창덕궁,Changdeokgung Palace,昌德宫,昌徳宮,herit,문화유산·전통체험,37.5794,126.991,110,"09:00–18:00 · 월요일 휴궁 · 어른 3,000원 · 후원 별도",유네스코 세계유산. 후원은 시간제 관람이라 예약이 필요하다.,A UNESCO World Heritage palace; the rear garden is timed-entry and needs booking.,,,N,Y,N,,N,N,Y,,,,https://commons.wikimedia.org/wiki/Special:FilePath/Changdeokgung-Injeongjeon.jpg?width=960,Wikimedia Commons,,종로구 율곡로 99 주소 기반 좌표,Address-based: Yulgok-ro 99
kdx2,seoul,서울,서울,Seoul,,광화문광장,Gwanghwamun Square,光化门广场,光化門広場,herit,문화유산·전통체험,37.5725,126.9769,50,상시 개방 · 무료,"경복궁에서 곧장 남쪽으로 이어지는 광장. 분수와 역사물길이 있고, 야간 조명이 들어오면 궁 방향으로 보는 구도가 좋다.","The square running south from Gyeongbokgung, with fountains and a history water channel; the palace-facing view is best once the lights come on.",,,Y,N,N,,N,N,Y,,,,https://upload.wikimedia.org/wikipedia/commons/6/6c/Nightview_of_the_Gwanghwamun_Square_2024.jpg,Wikimedia Commons,,종로구 세종대로 172 주소 기반 좌표,Address-based: Sejong-daero 172
kdx3,seoul,서울,서울,Seoul,,삼청동길,Samcheong-dong,三清洞,三清洞,food,로컬상권·먹거리,37.5828,126.9817,90,상점 11:00–21:00,북촌 서쪽의 카페·공방 거리. 한옥마을 관람 뒤 쉬어가는 구간으로 붙인다.,A café and studio street west of Bukchon — the natural rest stop after the hanok village.,,,N,N,N,,N,N,Y,,,,,,,종로구 삼청로 일대 주소 기반 좌표,"Address-based: Samcheong-ro, Jongno-gu"
kdx4,seoul,서울,서울,Seoul,,익선동 한옥거리,Ikseon-dong,益善洞韩屋街,益善洞韓屋街,food,로컬상권·먹거리,37.5735,126.9903,80,상점 11:00–23:00,한옥을 고쳐 만든 좁은 골목 상권. 종로3가역에서 바로 닿는다.,"A tight lane of converted hanok shops, straight out of Jongno 3-ga station.",,,N,N,N,,N,N,Y,,,,https://upload.wikimedia.org/wikipedia/commons/0/08/View_of_Ikseon-dong_from_National_Tax_Service_Jongno_District_Office.jpg,Wikimedia Commons,,종로구 수표로28길 주소 기반 좌표,Address-based: Supyo-ro 28-gil
kdx5,seoul,서울,서울,Seoul,,인사동,Insa-dong,仁寺洞,仁寺洞,food,로컬상권·먹거리,37.574,126.9856,70,상점 10:00–21:00,전통 공예와 찻집이 모인 거리. 쌈지길 나선 통로가 중심이다.,"A street of craft shops and tea houses, centred on the Ssamziegil spiral.",,,N,N,N,,N,N,Y,,,,https://upload.wikimedia.org/wikipedia/commons/c/ca/Seoul-Insadong-01.jpg,Wikimedia Commons,,종로구 인사동길 주소 기반 좌표,Address-based: Insadong-gil
kdx6,seoul,서울,서울,Seoul,,국립중앙박물관,National Museum of Korea,国立中央博物馆,国立中央博物館,herit,문화유산·전통체험,37.524,126.9803,150,10:00–18:00 · 상설전시 무료 · 02-2077-9000,작품이 빌려온 호랑이·까치 도상과 무속 유물을 실물로 볼 수 있다. 기념품점의 인기도 작품 이후 크게 올랐다.,Where the tiger-and-magpie imagery and shamanic objects the film borrows can be seen in the original; its shop grew busy after the film.,,,Y,N,N,,N,N,Y,,,,https://upload.wikimedia.org/wikipedia/commons/2/24/National_Museum_of_Korea%2C_Seoul_%282%29_%2840236586235%29.jpg,Wikimedia Commons,,용산구 서빙고로 137 주소 기반 좌표,Address-based: Seobinggo-ro 137
kdx7,seoul,서울,서울,Seoul,,흥인지문 · 한양도성,Heunginjimun & City Wall,兴仁之门·汉阳都城,興仁之門・漢陽都城,herit,문화유산·전통체험,37.5712,127.0094,50,상시 개방 · 무료,낙산 성곽길의 남쪽 들머리. 동대문에서 걸어 올라가면 낙산공원까지 40분이다.,The south trailhead of the Naksan wall path — forty minutes on foot up to the park.,,,N,N,N,,N,N,Y,,,,https://upload.wikimedia.org/wikipedia/commons/2/2c/%EC%84%9C%EC%9A%B8_%ED%9D%A5%EC%9D%B8%EC%A7%80%EB%AC%B8_%EC%95%BC%EA%B2%BD.jpg,Wikimedia Commons,,종로구 종로 288 주소 기반 좌표,Address-based: Jongno 288
kdx8,seoul,서울,서울,Seoul,,성수동 카페거리,Seongsu Cafe Street,圣水洞咖啡街,聖水洞カフェ通り,food,로컬상권·먹거리,37.5445,127.0557,100,상점 11:00–22:00,붉은 벽돌 공장을 고친 카페와 팝업 스토어 밀집 구역. 케이팝 관련 팝업이 자주 선다.,Converted red-brick factories full of cafés and pop-ups; K-pop pop-ups appear here often.,,,N,N,N,,N,N,Y,,,,,,,성동구 연무장길 주소 기반 좌표,Address-based: Yeonmujang-gil
kdx9,seoul,서울,서울,Seoul,,코엑스 별마당도서관,Starfield Library COEX,COEX 星空图书馆,COEX 星空図書館,activity,테마파크·액티비티,37.5126,127.0589,50,10:30–22:00 · 무료,13m 서가가 선 실내 광장. 삼성역 전광판을 보러 간 김에 함께 돈다.,An indoor plaza of 13 m bookshelves — folded in with the Samseong media wall.,,,N,N,N,,N,N,Y,,,,https://upload.wikimedia.org/wikipedia/commons/a/a3/%EB%B3%84%EB%A7%88%EB%8B%B9%EB%8F%84%EC%84%9C%EA%B4%803.jpg,Wikimedia Commons,,강남구 영동대로 513 주소 기반 좌표,Address-based: Yeongdong-daero 513
kdx10,seoul,서울,서울,Seoul,,서울약령시 한의약박물관,Seoul Yangnyeongsi Herb Museum,首尔药令市韩医药博物馆,ソウル薬令市韓医薬博物館,heal,힐링·생태·체험,37.583,127.0382,50,10:00–18:00 · 월요일 휴관 · 무료,한방진흥센터와 같은 단지. 약재 감별과 한방차 체험을 함께 운영한다.,"In the same complex as the medicine centre, with herb-identification and tea sessions.",,,N,N,N,,N,N,Y,,,,,,,동대문구 약령중앙로 26 주소 기반 좌표,Address-based: Yangnyeongjungang-ro 26
kdx11,seoul,서울,서울,Seoul,,잠실 롯데월드 어드벤처,Lotte World Adventure,乐天世界,ロッテワールド,activity,테마파크·액티비티,37.5111,127.098,300,"10:00–21:00 · 종일권 어른 62,000원",서울스카이와 같은 단지의 실내외 테마파크. 비 오는 날 대안이 된다.,The indoor-outdoor theme park sharing the Seoul Sky complex — the wet-day option.,,,N,N,N,,N,N,Y,,,,,,,송파구 올림픽로 240 주소 기반 좌표,Address-based: Olympic-ro 240
kdx12,seoul,서울,서울,Seoul,,반포한강공원 달빛무지개분수,Banpo Moonlight Rainbow Fountain,盘浦汉江公园月光彩虹喷泉,盤浦漢江公園 月光虹の噴水,heal,힐링·생태·체험,37.5106,126.9955,60,분수 4–10월 야간 20:00·20:30·21:00,반포대교 난간에서 물을 뿜는 야간 분수. 한강 야경 코스의 마무리로 넣는다.,A night fountain from the rail of Banpo Bridge — the close of a river-at-night route.,,,N,N,N,,N,N,Y,,,,https://upload.wikimedia.org/wikipedia/commons/0/06/%EB%B0%98%ED%8F%AC%26%EC%9E%A0%EC%88%98.jpg,Wikimedia Commons,,서초구 신반포로11길 40 주소 기반 좌표,Address-based: Sinbanpo-ro 11-gil 40
kdx13,seoul,서울,서울,Seoul,,덕수궁 돌담길,Deoksugung Doldam-gil,德寿宫石墙路,徳寿宮石垣道,herit,문화유산·전통체험,37.5658,126.9751,60,"궁 09:00–21:00 · 어른 1,000원 · 돌담길 상시",정동 방향으로 이어지는 돌담길. 궁과 근대 건축이 한 화면에 들어온다.,"A stone-wall lane running toward Jeongdong, where palace and modern architecture share one frame.",,,N,N,N,,N,N,Y,,,,https://upload.wikimedia.org/wikipedia/commons/f/f6/%EB%8D%95%EC%88%98%EA%B6%81_%EC%A0%84%EA%B2%BD_%282013%29.jpg,Wikimedia Commons,,중구 세종대로 99 주소 기반 좌표,Address-based: 중구 세종대로 99
kdx14,seoul,서울,서울,Seoul,,종묘,Jongmyo Shrine,宗庙,宗廟,herit,문화유산·전통체험,37.5747,126.9944,80,"09:00–18:00 · 화요일 휴무 · 시간제 관람 · 어른 1,000원",조선 왕실 신주를 모신 사당. 유네스코 세계유산이며 정전의 긴 지붕선이 압도적이다.,"The royal ancestral shrine, a World Heritage site; the long roofline of Jeongjeon is its defining view.",,,N,Y,N,,N,N,Y,,,,https://upload.wikimedia.org/wikipedia/commons/f/f2/Jeongjeon%2C_Jongmyo_%28Summer%2C_2013%29.jpg,Wikimedia Commons,,종로구 종로 157 주소 기반 좌표,Address-based: 종로구 종로 157
kdx15,seoul,서울,서울,Seoul,,운현궁,Unhyeongung,云岘宫,雲峴宮,herit,문화유산·전통체험,37.5747,126.9857,50,09:00–18:00 · 월요일 휴무 · 무료,흥선대원군의 사저. 안국역 옆이라 북촌 코스에 붙이기 쉽다.,"The residence of the Heungseon Daewongun, beside Anguk station and easy to add to a Bukchon route.",,,N,N,N,,N,N,Y,,,,https://upload.wikimedia.org/wikipedia/commons/b/b7/%EC%84%9C%EC%9A%B8_%EC%9A%B4%ED%98%84%EA%B6%81_%EC%A0%84%EA%B2%BD.jpg,Wikimedia Commons,,종로구 삼일대로 464 주소 기반 좌표,Address-based: 종로구 삼일대로 464
kdx16,seoul,서울,서울,Seoul,,동대문디자인플라자,Dongdaemun Design Plaza,东大门设计广场,東大門デザインプラザ,activity,테마파크·액티비티,37.5665,127.0092,80,10:00–20:00 · 외부 상시,곡면 알루미늄 외피의 복합 문화 시설. 야간 조명과 LED 장미밭이 사진 자리다.,A curved-aluminium culture complex; the night lighting and LED rose field are the photo spots.,,,N,N,N,,N,N,Y,,,,https://upload.wikimedia.org/wikipedia/commons/8/8f/Dongdaemun_Design_Plaza_at_night%2C_Seoul%2C_Korea.jpg,Wikimedia Commons,,중구 을지로 281 주소 기반 좌표,Address-based: 중구 을지로 281
kdx17,seoul,서울,서울,Seoul,,광장시장,Gwangjang Market,广藏市场,広蔵市場,food,로컬상권·먹거리,37.5701,126.9997,70,09:00–23:00 · 점포별 상이,빈대떡과 김밥 좌판이 통로를 채우는 100년 시장.,A century-old market whose aisles are lined with mung-bean pancake and kimbap stalls.,,,N,N,N,,N,N,Y,,,,https://upload.wikimedia.org/wikipedia/commons/4/41/Gwangjangmarket_mainentrance.jpg,Wikimedia Commons,,종로구 창경궁로 88 주소 기반 좌표,Address-based: 종로구 창경궁로 88
kdx18,seoul,서울,서울,Seoul,,청계천,Cheonggyecheon,清溪川,清渓川,heal,힐링·생태·체험,37.5696,126.9784,60,상시 개방 · 무료,도심을 동서로 가르는 복원 하천. 광장시장까지 물길을 따라 걷는다.,A restored stream cutting east-west through the centre; walk it as far as Gwangjang Market.,,,Y,N,N,,N,N,Y,,,,https://upload.wikimedia.org/wikipedia/commons/b/b8/Seoul_Cheonggyecheon_night.jpg,Wikimedia Commons,,종로구 청계천로 주소 기반 좌표,Address-based: 종로구 청계천로
kdx19,seoul,서울,서울,Seoul,,서울로7017,Seoullo 7017,首尔路7017,ソウル路7017,heal,힐링·생태·체험,37.5561,126.9723,50,상시 개방 · 무료,고가도로를 고쳐 만든 보행길. 서울역에서 남대문 방향으로 이어진다.,"A walkway converted from an overpass, running from Seoul station toward Namdaemun.",,,N,N,N,,N,N,Y,,,,https://upload.wikimedia.org/wikipedia/commons/e/e3/Seoullo_7017_07.jpg,Wikimedia Commons,,중구 청파로 432 주소 기반 좌표,Address-based: 중구 청파로 432
kdx20,seoul,서울,서울,Seoul,,남대문시장,Namdaemun Market,南大门市场,南大門市場,food,로컬상권·먹거리,37.5591,126.9773,70,08:30–18:00 · 일부 야간,서울 최대 전통시장. 갈치조림 골목과 수입 상가가 붙어 있다.,"Seoul’s largest traditional market, with the braised-hairtail alley and import arcades side by side.",,,N,N,N,,N,N,Y,,,,https://upload.wikimedia.org/wikipedia/commons/d/d6/Namdaemun_market%282%29.jpg,Wikimedia Commons,,중구 남대문시장4길 21 주소 기반 좌표,Address-based: 중구 남대문시장4길 21
kdx21,seoul,서울,서울,Seoul,,경리단길,Gyeongnidan-gil,经理团街,経理団通り,food,로컬상권·먹거리,37.5405,126.9895,80,상점 12:00–24:00,남산 남쪽 사면의 경사진 상권. 국적이 섞인 식당이 많다.,"A sloping strip on the south face of Namsan, thick with restaurants of mixed origin.",,,N,N,N,,N,N,Y,,,,https://upload.wikimedia.org/wikipedia/commons/0/01/Itaewon_Gyeongnidan-gil.JPG,Wikimedia Commons,,용산구 회나무로 주소 기반 좌표,Address-based: 용산구 회나무로
kdx22,seoul,서울,서울,Seoul,,홍대거리,Hongdae Street,弘大步行街,弘大の歩きたい通り,food,로컬상권·먹거리,37.5556,126.9236,90,상시 · 버스킹 저녁,거리 공연이 상시로 열리는 대학가 상권.,A university-district strip with street performances running most evenings.,,,Y,N,N,,N,N,Y,,,,https://upload.wikimedia.org/wikipedia/commons/5/5d/Hongik_University_Seoul.jpg,Wikimedia Commons,,마포구 어울마당로 주소 기반 좌표,Address-based: 마포구 어울마당로
kdx23,seoul,서울,서울,Seoul,,연남동 경의선숲길,Yeonnam Gyeongui Line Park,延南洞京义线林荫路,延南洞京義線森の道,heal,힐링·생태·체험,37.5606,126.9256,70,상시 개방 · 무료,폐선을 공원으로 바꾼 긴 녹지. 홍대에서 연남동까지 이어진다.,"A long green strip made from a disused rail line, running from Hongdae to Yeonnam.",,,N,N,N,,N,N,Y,,,,https://upload.wikimedia.org/wikipedia/commons/a/a5/Gyeonguiseon_Forest_Trail_Park_and_Ttaeng-ttaeng_Street_in_Seoul_%28near_Hongdae%2C_1%29.jpg,Wikimedia Commons,,마포구 연남동 주소 기반 좌표,Address-based: 마포구 연남동
kdx24,seoul,서울,서울,Seoul,,여의도 한강공원,Yeouido Hangang Park,汝矣岛汉江公园,汝矣島漢江公園,heal,힐링·생태·체험,37.5285,126.9337,80,상시 개방 · 무료,봄 벚꽃과 여름 물빛광장. 유람선 선착장이 붙어 있다.,"Spring blossom and a summer water plaza, with the river-cruise pier alongside.",,,Y,N,N,,N,N,Y,,,,,,,영등포구 여의동로 330 주소 기반 좌표,Address-based: 영등포구 여의동로 330
kdx25,seoul,서울,서울,Seoul,,노들섬,Nodeul Island,鹭得岛,ノドゥル島,activity,테마파크·액티비티,37.5176,126.9583,60,10:00–22:00 · 무료,한강 한가운데의 공연·전시 섬. 보행로로 걸어 들어간다.,"A performance and exhibition island mid-river, entered on foot along the bridge walkway.",,,N,N,N,,N,N,Y,,,,https://upload.wikimedia.org/wikipedia/commons/1/18/Nodeulseom_%2814005438206%29.jpg,Wikimedia Commons,,용산구 양녕로 445 주소 기반 좌표,Address-based: 용산구 양녕로 445
kdx26,seoul,서울,서울,Seoul,,서울숲,Seoul Forest,首尔林,ソウルの森,heal,힐링·생태·체험,37.5444,127.0374,90,상시 개방 · 무료,사슴방사장과 은행나무길이 있는 대형 공원. 성수동과 붙어 있다.,"A large park with a deer enclosure and ginkgo avenue, adjoining Seongsu.",,,Y,N,N,,N,N,Y,,,,https://upload.wikimedia.org/wikipedia/commons/7/79/Seoul_Forest_%EC%84%9C%EC%9A%B8%EC%88%B2.jpg,Wikimedia Commons,,성동구 뚝섬로 273 주소 기반 좌표,Address-based: 성동구 뚝섬로 273
kdx27,seoul,서울,서울,Seoul,,건대입구 거리,Konkuk Univ. Stn. Street,建国大学一鉴湖,建国大学一鑑湖,food,로컬상권·먹거리,37.5405,127.07,90,상시 · 상점별 상이,건대입구역 2·7호선 출구에서 이어지는 먹자골목과 로데오거리. 늦게까지 문을 여는 가게가 많다.,The food alleys and rodeo street running from Konkuk Univ. Station (Lines 2 and 7); many shops stay open late.,,,N,N,N,,N,N,Y,,,,,,,광진구 능동로 지하철 건대입구역 일대 주소 기반 좌표,"Address-based: Konkuk Univ. Stn. area, Neungdong-ro, Gwangjin-gu"
kdx28,seoul,서울,서울,Seoul,,서울어린이대공원,Seoul Children's Grand Park,峨嵯山迎日广场,峨嵯山日の出広場,heal,힐링·생태·체험,37.5495,127.0815,90,05:00–22:00 · 무료,"동물원과 식물원, 놀이동산이 한 울타리에 있는 공원. 어린이대공원역에서 바로 이어진다.","A zoo, botanical garden and amusement park in one fenced park, right by Children's Grand Park Station.",,,N,N,N,,N,N,Y,,,,,,,광진구 능동로 216 주소 기반 좌표,"Address-based: 216 Neungdong-ro, Gwangjin-gu"
kdx29,seoul,서울,서울,Seoul,,석촌호수,Seokchon Lake,石村湖,石村湖,heal,힐링·생태·체험,37.5088,127.1024,60,상시 개방 · 무료,롯데월드타워를 물에 비추는 호수. 한 바퀴 2.5km다.,The lake that reflects Lotte World Tower; the loop is 2.5 km.,,,Y,N,N,,N,N,Y,,,,https://upload.wikimedia.org/wikipedia/commons/8/86/%EC%84%9D%EC%B4%8C_%ED%98%B8%EC%88%98%EA%B3%B5%EC%9B%90_%281%29.jpg,Wikimedia Commons,,송파구 삼학사로 136 주소 기반 좌표,Address-based: 송파구 삼학사로 136
kdx30,seoul,서울,서울,Seoul,,올림픽공원,Olympic Park,奥林匹克公园,オリンピック公園,heal,힐링·생태·체험,37.5202,127.1215,90,상시 개방 · 무료,들판 한가운데 선 나무로 알려진 대형 공원. 주경기장 코스 뒤에 붙인다.,A large park known for the lone tree in its open field — the stop after the stadium.,,,N,N,N,,N,N,Y,,,,https://upload.wikimedia.org/wikipedia/commons/5/5e/Seoul_Olympic_Park_from_Lotte_World_Tower.jpg,Wikimedia Commons,,송파구 올림픽로 424 주소 기반 좌표,Address-based: 송파구 올림픽로 424
kdx31,seoul,서울,서울,Seoul,,가로수길,Garosu-gil,林荫道,カロスキル,food,로컬상권·먹거리,37.5209,127.0227,70,상점 11:00–22:00,신사동 은행나무 가로수 상권. 강남 쪽 카페 코스의 기준점이다.,"The ginkgo-lined shopping street in Sinsa-dong, the anchor of the Gangnam café route.",,,N,N,N,,N,N,Y,,,,,,,강남구 신사동 주소 기반 좌표,Address-based: 강남구 신사동
kdx32,seoul,서울,서울,Seoul,,봉은사,Bongeunsa Temple,奉恩寺,奉恩寺,herit,문화유산·전통체험,37.5148,127.0577,60,05:00–22:00 · 무료 · 02-3218-4800,코엑스 건너편의 천년 사찰. 템플스테이와 연등이 알려져 있다.,"A thousand-year-old temple across from COEX, known for its temple stay and lantern displays.",,,N,N,N,,N,N,Y,,,,https://upload.wikimedia.org/wikipedia/commons/0/00/Bongeunsa_Seoul_10.jpg,Wikimedia Commons,,강남구 봉은사로 531 주소 기반 좌표,Address-based: 강남구 봉은사로 531
kdx33,seoul,서울,서울,Seoul,,선릉·정릉,Seonjeongneung,宣陵·靖陵,宣陵・靖陵,herit,문화유산·전통체험,37.5089,127.0492,60,"06:00–21:00 · 어른 1,000원",빌딩 사이에 남은 조선 왕릉. 유네스코 세계유산이다.,Joseon royal tombs left standing among office towers; a World Heritage site.,,,N,Y,N,,N,N,Y,,,,https://upload.wikimedia.org/wikipedia/commons/1/16/%EC%84%9C%EC%9A%B8_%EC%84%A0%EB%A6%89%EA%B3%BC_%EC%A0%95%EB%A6%89_%EC%A0%95%EB%A6%89_%EC%A0%95%EC%9E%90%EA%B0%81.jpg,Wikimedia Commons,,강남구 선릉로100길 1 주소 기반 좌표,Address-based: 강남구 선릉로100길 1
kdx34,seoul,서울,서울,Seoul,,국립민속박물관,National Folk Museum,国立民俗博物馆,国立民俗博物館,herit,문화유산·전통체험,37.5814,126.9793,80,09:00–18:00 · 무료 · 02-3704-3114,경복궁 경내의 민속 전시관. 무속과 세시풍속 자료가 두텁다.,"A folk museum inside Gyeongbokgung, strong on shamanic and seasonal-custom material.",,,N,N,N,,N,N,Y,,,,https://upload.wikimedia.org/wikipedia/commons/d/da/Korea-Seoul-National.folk.museum-01.JPG,Wikimedia Commons,,종로구 삼청로 37 주소 기반 좌표,Address-based: 종로구 삼청로 37
kdx35,seoul,서울,서울,Seoul,,북악스카이웨이 팔각정,Bugaksan Skyway Pavilion,北岳天空之路八角亭,北岳スカイウェイ八角亭,heal,힐링·생태·체험,37.6013,126.9814,50,상시 개방 · 무료,북악 능선의 전망 정자. 도심과 남산이 한눈에 든다.,"A viewing pavilion on the Bugak ridge, taking in the centre and Namsan at once.",,,N,N,N,,N,N,Y,,,,https://upload.wikimedia.org/wikipedia/commons/a/a1/Seoul_Gyeongbokgung_Blue_House_Bukhansan.jpg,Wikimedia Commons,,종로구 북악산로 267 주소 기반 좌표,Address-based: 종로구 북악산로 267
kdx36,seoul,서울,서울,Seoul,,통인시장,Tongin Market,通仁市场,通仁市場,food,로컬상권·먹거리,37.5808,126.9704,50,07:00–18:00 · 일부 월요일 휴무,엽전으로 반찬을 사는 도시락 카페로 알려진 시장. 경복궁 서쪽이다.,"Known for its brass-coin lunchbox café, just west of Gyeongbokgung.",,,N,N,N,,N,N,Y,,,,https://upload.wikimedia.org/wikipedia/commons/4/40/Tongin_Market_2018-06-17-18-28-59.jpg,Wikimedia Commons,,종로구 자하문로15길 18 주소 기반 좌표,Address-based: 종로구 자하문로15길 18
kdx37,seoul,서울,서울,Seoul,,서촌,Seochon,西村,西村,food,로컬상권·먹거리,37.5789,126.9711,70,상점 11:00–21:00,경복궁 서쪽의 오래된 주택가 상권. 골목이 좁고 조용하다.,"An old residential quarter west of the palace, its lanes narrow and quiet.",,,Y,N,N,,N,N,Y,,,,,,,종로구 필운대로 주소 기반 좌표,Address-based: 종로구 필운대로
kdx38,seoul,서울,서울,Seoul,,국립현대미술관 서울,MMCA Seoul,国立现代美术馆首尔馆,国立現代美術館ソウル館,activity,테마파크·액티비티,37.5785,126.98,90,10:00–18:00 · 수·토 21:00 · 02-3701-9500,경복궁 옆 현대미술관. 삼청동 코스와 묶인다.,"A contemporary art museum beside the palace, folded into the Samcheong route.",,,N,N,N,,N,N,Y,,,,https://upload.wikimedia.org/wikipedia/commons/a/a9/MMCA_Seoul.jpg,Wikimedia Commons,,종로구 삼청로 30 주소 기반 좌표,Address-based: 종로구 삼청로 30
kdx39,seoul,서울,서울,Seoul,,노량진 수산시장,Noryangjin Fish Market,鹭梁津水产市场,鷺梁津水産市場,food,로컬상권·먹거리,37.5138,126.9542,70,24시간 · 경매 새벽,24시간 도매 수산시장. 2층 식당에서 바로 손질해 먹는다.,A 24-hour wholesale fish market; the upstairs restaurants prepare what you buy.,,,N,N,N,,N,N,Y,,,,https://upload.wikimedia.org/wikipedia/commons/7/7c/Korea-Seoul-Noryangjin_Fish_Market-03.jpg,Wikimedia Commons,,동작구 노들로 674 주소 기반 좌표,Address-based: 동작구 노들로 674
kdx40,seoul,서울,서울,Seoul,,하늘공원,Haneul Park,天空公园,ハヌル公園,heal,힐링·생태·체험,37.5701,126.8827,80,상시 개방 · 무료,매립지를 덮어 만든 언덕 공원. 가을 억새밭이 넓다.,"A hilltop park capping a former landfill, with wide autumn silver-grass fields.",,,N,N,N,,N,N,Y,,,,,,,마포구 하늘공원로 95 주소 기반 좌표,Address-based: 마포구 하늘공원로 95
kdx41,seoul,서울,서울,Seoul,,선유도공원,Seonyudo Park,仙游岛公园,仙遊島公園,heal,힐링·생태·체험,37.5443,126.8998,70,06:00–24:00 · 무료,정수장을 그대로 두고 만든 한강 섬 공원. 양화대교에서 걸어 들어간다.,"A Han River island park built inside a former water treatment plant, entered on foot from Yanghwa Bridge.",,,N,N,N,,N,N,Y,,,,,,,영등포구 선유로 343 주소 기반 좌표,"Address-based: 343 Seonyu-ro, Yeongdeungpo-gu"
kdx42,seoul,서울,서울,Seoul,,서울식물원,Seoul Botanic Park,首尔植物园,,heal,힐링·생태·체험,37.5695,126.8348,110,09:30–18:00 · 온실 유료 · 월 휴관,"열대 온실과 호수원, 습지원이 이어지는 대형 식물원. 마곡나루역과 붙어 있다.","A large botanic park of tropical greenhouse, lake and wetland gardens, next to Magongnaru Station.",,,N,N,N,,N,N,Y,,,,,,,강서구 마곡동로 161 주소 기반 좌표,"Address-based: 161 Magok-dong-ro, Gangseo-gu"
kdx43,seoul,서울,서울,Seoul,,예술의전당,Seoul Arts Center,艺术殿堂Hangaram美术馆,芸術の殿堂 ハンガラム美術館,activity,테마파크·액티비티,37.4797,127.0114,120,공연·전시 일정별 상이,"오페라극장과 콘서트홀, 한가람미술관이 모인 복합 예술 단지.","An arts complex holding the opera house, concert hall and Hangaram Art Museum.",,,N,N,N,,N,N,Y,,,,,,,서초구 남부순환로 2406 주소 기반 좌표,"Address-based: 2406 Nambusunhwan-ro, Seocho-gu"
kdx44,seoul,서울,서울,Seoul,,몽촌토성,Mongchontoseong Fortress,首尔梦村土城,ソウル夢村土城,herit,문화유산·전통체험,37.5175,127.1145,80,상시 개방 · 무료,올림픽공원 안에 남은 백제 토성. 성벽 위 산책로를 한 바퀴 돌 수 있다.,"A Baekje earthen fortress preserved inside Olympic Park, with a walking loop along the rampart.",,,N,N,N,,N,N,Y,,,,,,,송파구 올림픽로 424 올림픽공원 내 좌표,"Inside Olympic Park, 424 Olympic-ro, Songpa-gu"
kdx45,seoul,서울,서울,Seoul,,올림픽홀,Olympic Hall,,,activity,테마파크·액티비티,37.5211,127.116,60,공연 일정별 상이,올림픽공원 안 공연장. K팝 공연과 페스티벌이 자주 열린다.,"A concert hall inside Olympic Park, a frequent venue for K-pop shows and festivals.",,,N,N,N,,N,N,Y,,,,,,,송파구 올림픽로 424 올림픽공원 내 좌표,"Inside Olympic Park, 424 Olympic-ro, Songpa-gu"
kdx46,seoul,서울,서울,Seoul,,창경궁,Changgyeonggung Palace,昌庆宫,昌慶宮 弘化門,herit,문화유산·전통체험,37.5785,126.995,80,09:00–21:00 · 월 휴궁 · 유료,창덕궁과 담을 맞댄 조선 궁궐. 춘당지 주변 산책로가 조용하다.,A Joseon palace sharing a wall with Changdeokgung; the path around Chundangji pond stays quiet.,,,N,N,N,,N,N,Y,,,,,,,종로구 창경궁로 185 주소 기반 좌표,"Address-based: 185 Changgyeonggung-ro, Jongno-gu"
kdx47,seoul,서울,서울,Seoul,,인사동 문화의거리,Insa-dong Culture Street,,,food,로컬상권·먹거리,37.573,126.9855,90,상시 · 상점별 상이,"화랑과 필방, 전통 찻집이 늘어선 거리. 주말에는 차량을 막는다.","A street of galleries, brush shops and tea houses, closed to cars on weekends.",,,N,N,N,,N,N,Y,,,,,,,종로구 인사동길 주소 기반 좌표,"Address-based: Insadong-gil, Jongno-gu"
kdx48,seoul,서울,서울,Seoul,,서대문형무소역사관,Seodaemun Prison History Hall,西大门刑务所历史馆,西大門刑務所歴史館,herit,문화유산·전통체험,37.5745,126.956,90,09:30–18:00 · 월 휴관 · 유료,일제강점기 감옥을 남긴 역사관. 옥사와 사형장이 그대로 보존돼 있다.,"A history hall in the preserved colonial-era prison, with cell blocks and execution site left standing.",,,N,N,N,,N,N,Y,,,,,,,서대문구 통일로 251 주소 기반 좌표,"Address-based: 251 Tongil-ro, Seodaemun-gu"
kdx49,seoul,서울,서울,Seoul,,독립문,Dongnimmun Gate,,,herit,문화유산·전통체험,37.5725,126.9592,30,상시 개방 · 무료,1897년 독립협회가 세운 석조 문. 서대문형무소역사관과 같은 공원 안에 있다.,"A stone gate raised in 1897 by the Independence Club, in the same park as Seodaemun Prison.",,,N,N,N,,N,N,Y,,,,,,,서대문구 통일로 251 독립공원 내 좌표,"Inside Dongnimmun Park, 251 Tongil-ro, Seodaemun-gu"
kdx50,seoul,서울,서울,Seoul,,경희궁,Gyeonghuigung Palace,庆熙宫,慶熙宮,herit,문화유산·전통체험,37.5719,126.969,50,09:00–18:00 · 월 휴궁 · 무료,서쪽 궁궐로 불린 조선 이궁. 숭정전 일원이 복원돼 있고 입장료가 없다.,The Joseon western detached palace; the Sungjeongjeon area is restored and entry is free.,,,N,N,N,,N,N,Y,,,,,,,종로구 새문안로 45 주소 기반 좌표,"Address-based: 45 Saemunan-ro, Jongno-gu"
kdx51,seoul,서울,서울,Seoul,,리움미술관,Leeum Museum of Art,,Leeum美術館,activity,테마파크·액티비티,37.5384,126.999,110,10:00–18:00 · 월 휴관 · 상설 무료,고미술과 현대미술을 두 건물에 나눠 보여주는 미술관. 한남동 언덕에 있다.,A museum splitting classical and contemporary art across two buildings on the Hannam-dong hill.,,,N,N,N,,N,N,Y,,,,,,,용산구 이태원로55길 60-16 주소 기반 좌표,"Address-based: 60-16 Itaewon-ro 55-gil, Yongsan-gu"
kdx52,seoul,서울,서울,Seoul,,이태원 거리,Itaewon Street,,,food,로컬상권·먹거리,37.5345,126.9946,90,상시 · 상점별 상이,각국 음식점과 바가 모인 거리. 경리단길과 해방촌으로 이어진다.,"A street of international restaurants and bars, running on to Gyeongnidan-gil and Haebangchon.",,,N,N,N,,N,N,Y,,,,,,,용산구 이태원로 주소 기반 좌표,"Address-based: Itaewon-ro, Yongsan-gu"
kdx53,seoul,서울,서울,Seoul,,혜화동 대학로,"Daehangno, Hyehwa-dong",,,activity,테마파크·액티비티,37.5822,127.002,100,공연 일정별 상이,소극장 수십 곳이 모인 연극 거리. 마로니에공원을 중심으로 퍼져 있다.,"A theatre district of dozens of small stages, spreading out from Marronnier Park.",,,N,N,N,,N,N,Y,,,,,,,종로구 대학로 주소 기반 좌표,"Address-based: Daehak-ro, Jongno-gu"
kdx54,seoul,서울,서울,Seoul,,서울시립미술관,Seoul Museum of Art,首尔市立美术馆,ソウル市立美術館西小門本館,activity,테마파크·액티비티,37.564,126.9738,80,10:00–20:00 · 월 휴관 · 무료,옛 대법원 건물을 쓰는 시립미술관. 덕수궁 돌담길 끝에 있다.,"The city museum in the former Supreme Court building, at the end of the Deoksugung stone wall road.",,,N,N,N,,N,N,Y,,,,,,,중구 덕수궁길 61 주소 기반 좌표,"Address-based: 61 Deoksugung-gil, Jung-gu"
kdx55,seoul,서울,서울,Seoul,,세종문화회관,Sejong Center,,世宗文化会館,activity,테마파크·액티비티,37.5725,126.9758,70,공연 일정별 상이,광화문광장에 면한 대극장. 전시실과 야외 계단 공간도 함께 쓴다.,"A grand theatre facing Gwanghwamun Square, with galleries and an outdoor stair plaza.",,,N,N,N,,N,N,Y,,,,,,,종로구 세종대로 175 주소 기반 좌표,"Address-based: 175 Sejong-daero, Jongno-gu"
kdx56,seoul,서울,서울,Seoul,,국립고궁박물관,National Palace Museum,国立古宫博物馆,国立古宮博物館,herit,문화유산·전통체험,37.5765,126.974,80,10:00–18:00 · 무료,조선 왕실 유물을 모은 박물관. 경복궁 서쪽 문 옆에 있다.,"A museum of Joseon royal artefacts, beside the west gate of Gyeongbokgung.",,,N,N,N,,N,N,Y,,,,,,,종로구 효자로 12 주소 기반 좌표,"Address-based: 12 Hyoja-ro, Jongno-gu"
kdx57,seoul,서울,서울,Seoul,,남산골 한옥마을,Namsangol Hanok Village,南山谷韩屋村,南山コル韓屋村,herit,문화유산·전통체험,37.5592,126.994,70,09:00–21:00 · 화 휴관 · 무료,서울 곳곳에서 옮겨 온 한옥 다섯 채와 전통 정원. 충무로역에서 가깝다.,"Five hanok moved here from around Seoul with a traditional garden, close to Chungmuro Station.",,,N,N,N,,N,N,Y,,,,,,,중구 퇴계로34길 28 주소 기반 좌표,"Address-based: 28 Toegye-ro 34-gil, Jung-gu"
kdx58,seoul,서울,서울,Seoul,,국립극장,National Theater of Korea,国立剧场,国立劇場,activity,테마파크·액티비티,37.5522,127.0053,80,공연 일정별 상이,남산 자락의 국립 공연장. 국립창극단과 국립무용단이 무대를 올린다.,"The national performing arts venue on the slope of Namsan, home to the Changgeuk and Dance companies.",,,N,N,N,,N,N,Y,,,,,,,중구 장충단로 59 주소 기반 좌표,"Address-based: 59 Jangchungdan-ro, Jung-gu"
kdx59,seoul,서울,서울,Seoul,,국회의사당,National Assembly Building,,,herit,문화유산·전통체험,37.532,126.9143,60,평일 관람 · 사전 신청 · 무료,돔을 얹은 의회 건물. 봄에는 뒤편 윤중로 벚꽃길이 이어진다.,The domed parliament building; in spring the Yunjung-ro cherry road runs behind it.,,,N,N,N,,N,N,Y,,,,,,,영등포구 의사당대로 1 주소 기반 좌표,"Address-based: 1 Uisadang-daero, Yeongdeungpo-gu"
kdx60,seoul,서울,서울,Seoul,,여의도공원,Yeouido Park,汝矣岛公园,汝矣島公園,heal,힐링·생태·체험,37.5262,126.9243,60,상시 개방 · 무료,업무지구 한가운데 놓인 긴 공원. 한강공원까지 걸어서 이어진다.,"A long park in the middle of the business district, walkable through to the Han River park.",,,N,N,N,,N,N,Y,,,,,,,영등포구 여의공원로 68 주소 기반 좌표,"Address-based: 68 Yeouigongwon-ro, Yeongdeungpo-gu"
kdx61,seoul,서울,서울,Seoul,,63빌딩,63 Building,,,activity,테마파크·액티비티,37.5197,126.9403,80,10:00–22:00 · 전망대 유료,한강변 금빛 고층 건물. 60층 전망대에서 서울 서남부가 내려다보인다.,The gold riverside tower; the 60th-floor observatory looks over south-west Seoul.,,,N,N,N,,N,N,Y,,,,,,,영등포구 63로 50 주소 기반 좌표,"Address-based: 50 63-ro, Yeongdeungpo-gu"
kdx62,seoul,서울,서울,Seoul,,신촌 대학가,Sinchon University Area,,,food,로컬상권·먹거리,37.5559,126.9368,90,상시 · 상점별 상이,연세대·이화여대 앞으로 이어지는 상권. 연세로는 차 없는 거리다.,The commercial strip in front of Yonsei and Ewha; Yonsei-ro is a car-free street.,,,N,N,N,,N,N,Y,,,,,,,서대문구 신촌로 주소 기반 좌표,"Address-based: Sinchon-ro, Seodaemun-gu"
kdx63,seoul,서울,서울,Seoul,,합정동 상권,Hapjeong-dong Area,,,food,로컬상권·먹거리,37.5495,126.9139,80,상시 · 상점별 상이,카페와 소품점이 몰린 골목. 홍대와 망원 사이를 걸어서 잇는다.,"Alleys of cafés and small shops, walking distance between Hongdae and Mangwon.",,,N,N,N,,N,N,Y,,,,,,,마포구 양화로 합정역 일대 주소 기반 좌표,"Address-based: Hapjeong Stn. area, Yanghwa-ro, Mapo-gu"
kdx64,seoul,서울,서울,Seoul,,망원시장,Mangwon Market,,,food,로컬상권·먹거리,37.556,126.903,60,09:00–21:00 · 점포별 상이,튀김과 반찬 가게가 늘어선 동네 시장. 망원한강공원과 가깝다.,"A neighbourhood market of fry stalls and side-dish shops, near Mangwon Han River Park.",,,N,N,N,,N,N,Y,,,,,,,마포구 포은로8길 14 주소 기반 좌표,"Address-based: 14 Poeun-ro 8-gil, Mapo-gu"
kdx65,seoul,서울,서울,Seoul,,조계사,Jogyesa Temple,曹溪寺,曹渓寺（ソウル）,herit,문화유산·전통체험,37.5744,126.9814,40,상시 개방 · 무료,도심 한복판의 대한불교조계종 총본산. 마당의 회화나무가 오래됐다.,"The head temple of the Jogye Order in the middle of downtown, with an old scholar tree in the yard.",,,N,N,N,,N,N,Y,,,,,,,종로구 우정국로 55 주소 기반 좌표,"Address-based: 55 Ujeongguk-ro, Jongno-gu"
kdx66,seoul,서울,서울,Seoul,,명동대성당,Myeongdong Cathedral,美丽国度皮肤科,アルムダウンナラ皮膚科明洞店,herit,문화유산·전통체험,37.5633,126.9873,40,09:00–21:00 · 미사 중 관람 제한,1898년에 세운 벽돌 고딕 성당. 언덕 아래로 명동 상권이 이어진다.,An 1898 brick Gothic cathedral; the Myeongdong shopping streets run downhill from it.,,,N,N,N,,N,N,Y,,,,,,,중구 명동길 74 주소 기반 좌표,"Address-based: 74 Myeongdong-gil, Jung-gu"
kdx67,seoul,서울,서울,Seoul,,서울광장,Seoul Plaza,首尔广场,ソウル広場,activity,테마파크·액티비티,37.5658,126.9784,30,상시 개방 · 무료,시청 앞 잔디 광장. 겨울에는 스케이트장이 열린다.,The lawn plaza in front of City Hall; an ice rink opens here in winter.,,,N,N,N,,N,N,Y,,,,,,,중구 세종대로 110 주소 기반 좌표,"Address-based: 110 Sejong-daero, Jung-gu"
kdx68,seoul,서울,서울,Seoul,,서울역사박물관,Seoul Museum of History,首尔历史博物馆,ソウル歴史博物館,herit,문화유산·전통체험,37.5704,126.9694,80,09:00–18:00 · 월 휴관 · 무료,조선 한양부터 현대 서울까지를 다룬 박물관. 경희궁 옆에 있다.,"A museum covering Seoul from Joseon Hanyang to the present, beside Gyeonghuigung.",,,N,N,N,,N,N,Y,,,,,,,종로구 새문안로 55 주소 기반 좌표,"Address-based: 55 Saemunan-ro, Jongno-gu"
kdx69,seoul,서울,서울,Seoul,,압구정 로데오거리,Apgujeong Rodeo Street,狎鸥亭罗德奥街,狎鴎亭ロデオ通り,food,로컬상권·먹거리,37.5271,127.0392,80,상시 · 상점별 상이,편집숍과 카페가 모인 거리. 연예기획사 사옥이 가까워 팬들이 자주 찾는다.,A street of select shops and cafés; several entertainment agency buildings stand nearby.,,,N,N,N,,N,N,Y,,,,,,,강남구 압구정로 로데오역 일대 주소 기반 좌표,"Address-based: Apgujeong Rodeo Stn. area, Gangnam-gu"
kdx70,seoul,서울,서울,Seoul,,K-스타로드,K-Star Road,,,activity,테마파크·액티비티,37.5254,127.0357,50,상시 개방 · 무료,압구정에서 청담으로 이어지는 한류 거리. 아이돌 그룹별 곰 조형물이 놓여 있다.,"The Hallyu street from Apgujeong to Cheongdam, lined with bear figures for each idol group.",,,N,N,N,,N,N,Y,,,,,,,강남구 압구정로 apgujeong~청담 구간 주소 기반 좌표,"Address-based: Apgujeong-ro, Apgujeong to Cheongdam, Gangnam-gu"
kdx71,seoul,서울,서울,Seoul,,강남역 일대,Gangnam Station Area,,,food,로컬상권·먹거리,37.4979,127.0276,90,상시 · 상점별 상이,대형 상권과 지하상가가 붙어 있는 구역. 밤늦게까지 사람이 많다.,"A dense commercial area joined to an underground mall, busy until late.",,,N,N,N,,N,N,Y,,,,,,,강남구 강남대로 강남역 일대 주소 기반 좌표,"Address-based: Gangnam Stn. area, Gangnam-daero"
kdx72,seoul,서울,서울,Seoul,,가락시장,Garak Market,,,food,로컬상권·먹거리,37.493,127.118,70,경매 새벽 · 점포별 상이,국내 최대 농수산물 도매시장. 새벽 경매와 수산동 식당가가 볼거리다.,The largest wholesale produce and seafood market in the country; dawn auctions and the seafood hall are the draw.,,,N,N,N,,N,N,Y,,,,,,,송파구 양재대로 932 주소 기반 좌표,"Address-based: 932 Yangjae-daero, Songpa-gu"
kdx73,seoul,서울,서울,Seoul,,암사동 유적,Amsa-dong Prehistoric Site,,,herit,문화유산·전통체험,37.552,127.1289,70,09:30–18:00 · 월 휴관 · 유료,신석기 집터를 복원한 유적. 빗살무늬토기가 나온 곳이다.,"A restored Neolithic settlement, the find site of comb-pattern pottery.",,,N,N,N,,N,N,Y,,,,,,,강동구 올림픽로 875 주소 기반 좌표,"Address-based: 875 Olympic-ro, Gangdong-gu"
kdx74,seoul,서울,서울,Seoul,,국립서울현충원,Seoul National Cemetery,国立首尔显忠院,国立ソウル顕忠院,herit,문화유산·전통체험,37.4998,126.974,80,06:00–18:00 · 무료,한강 남쪽 관악산 자락의 국립묘지. 4월 수양벚꽃길로도 알려져 있다.,"The national cemetery on the Gwanaksan foothills south of the river, also known for its April weeping cherries.",,,N,N,N,,N,N,Y,,,,,,,동작구 현충로 210 주소 기반 좌표,"Address-based: 210 Hyeonchung-ro, Dongjak-gu"
kdx75,seoul,서울,서울,Seoul,,월드컵공원,World Cup Park,,,heal,힐링·생태·체험,37.5663,126.8976,110,상시 개방 · 무료,난지도 매립지를 덮어 만든 다섯 개 공원. 하늘공원과 노을공원이 여기에 속한다.,"Five parks laid over the former Nanjido landfill, including Haneul Park and Noeul Park.",,,N,N,N,,N,N,Y,,,,,,,마포구 월드컵로 243-60 주소 기반 좌표,"Address-based: 243-60 World Cup-ro, Mapo-gu"
kdx76,seoul,서울,서울,Seoul,,경동시장,Gyeongdong Market,NO BRAND京东市场店,,food,로컬상권·먹거리,37.58,127.0396,70,09:00–19:00 · 점포별 상이 · 일 휴무 많음,한약재와 제철 농산물을 파는 큰 재래시장. 옛 극장을 고친 카페가 안쪽에 있다.,"A large traditional market for medicinal herbs and seasonal produce, with a café built into an old cinema inside.",,,N,N,N,,N,N,Y,,,,,,,동대문구 고산자로36길 3 주소 기반 좌표,"Address-based: 3 Gosanja-ro 36-gil, Dongdaemun-gu"
bc1,busan,부산,부산,Busan,1,감천문화마을,Gamcheon Culture Village,甘川文化村,甘川文化村,herit,문화유산·전통체험,35.0975,129.0107,110,09:00–18:00 · 무료 · 051-204-1444,"산비탈을 따라 계단식으로 들어선 마을. 한국전쟁 피난민이 세운 집들이 그대로 남아 색을 입었고, 좁은 골목과 계단이 영화·드라마의 단골 배경이 됐다. 주민이 사는 곳이라 정숙 구역이 지정돼 있다.","A village stepped up a hillside, built by Korean War refugees and later painted; its narrow stairs and lanes recur as a film location. People live here — quiet zones are marked.",,,N,N,N,,N,N,N,bf1,영화 촬영지 · 다수 작품,비탈을 덮은 색색의 집들,https://upload.wikimedia.org/wikipedia/commons/4/49/Gamcheon_Colored_Houses%2C_Busan%2C_Korea.jpg,Wikimedia Commons,,사하구 감내2로 203 주소 기반 좌표,Address-based: 사하구 감내2로 203
bc2,busan,부산,부산,Busan,2,자갈치시장,Jagalchi Market,札嘎其市场,チャガルチ市場,food,로컬상권·먹거리,35.0966,129.0306,90,05:00–22:00 · 둘째·넷째 화요일 휴무,국내 최대 수산시장. 좌판에서 고른 생선을 2층에서 바로 차려 먹는다. 부산을 배경으로 한 범죄물이 거의 빠짐없이 들르는 장소다.,"Korea’s largest fish market — pick at the stalls, eat it upstairs. Almost every crime film set in Busan passes through.",,,N,N,N,,N,N,N,bf2,영화 촬영지 · 다수 작품,비린내 나는 부둣가 시장,https://upload.wikimedia.org/wikipedia/commons/d/d4/Jagalchi_Market_20200523_019.jpg,Wikimedia Commons,,중구 자갈치해안로 52 주소 기반 좌표,Address-based: 중구 자갈치해안로 52
bc3,busan,부산,부산,Busan,3,해운대해수욕장,Haeundae Beach,海云台海水浴场,海雲台海水浴場,heal,힐링·생태·체험,35.1587,129.1604,90,상시 개방 · 7–8월 개장 · 051-749-7621,1.5km 백사장 전체가 재난 장면의 무대가 됐다. 뒤로 늘어선 고층 건물과 백사장의 대비가 그대로 화면이 된다.,The whole 1.5 km strand stands in for the disaster sequence; the contrast of towers behind sand is the shot itself.,,,N,N,N,해운대구 관광지 (2006 지정),N,N,N,bf3,해운대 (2009),쓰나미가 덮치는 백사장,https://upload.wikimedia.org/wikipedia/commons/a/a2/Haeundae_Beach_in_Busan.jpg,Wikimedia Commons,,해운대구 우동 해운대해변로 주소 기반 좌표,Address-based: 해운대구 우동 해운대해변로
bc4,busan,부산,부산,Busan,4,광안리해변 · 광안대교,Gwangalli Beach & Diamond Bridge,广安里海边·广安大桥,広安里海岸・広安大橋,heal,힐링·생태·체험,35.1531,129.1187,80,상시 개방 · 다리 조명 일몰–24:00,"7.4km 현수교와 이를 정면으로 마주 보는 해변. 야간 조명과 드론쇼가 열리며, 재난·액션물의 클라이맥스 배경으로 반복해서 등장한다.","A 7.4 km suspension bridge and the beach facing it, lit at night with drone shows — a recurring backdrop for disaster and action climaxes.",,,N,N,N,,N,N,N,bf4,영화 촬영지 · 다수 작품,다리가 무너지는 밤,https://upload.wikimedia.org/wikipedia/commons/5/5d/Gwangan_Bridge1.jpg,Wikimedia Commons,,수영구 광안해변로 주소 기반 좌표,Address-based: 수영구 광안해변로
bc5,busan,부산,부산,Busan,5,부산 국제시장,Gukje Market,国际市场,国際市場,food,로컬상권·먹거리,35.1013,129.0288,80,09:00–20:00 · 첫째·셋째 일요일 휴무,"피난 시절 형성된 시장. 영화가 그린 가게 자리가 표시돼 있고, 옆으로 깡통시장과 먹자골목이 이어진다.","A market formed in the refugee years; the shop from the film is marked, with the Kkangtong market and food alley alongside.",,,N,N,N,,N,N,N,bf5,국제시장 (2014),꽃분이네와 전후의 부산,https://upload.wikimedia.org/wikipedia/commons/9/9b/Kookje_Market.jpg,Wikimedia Commons,,중구 신창동4가 국제시장 주소 기반 좌표,Address-based: 중구 신창동4가 국제시장
bc6,busan,부산,부산,Busan,6,흰여울문화마을,Huinnyeoul Culture Village,白险滩文化村,白ヨウル文化村,heal,힐링·생태·체험,35.0783,129.043,70,상시 개방 · 무료 · 주민 거주 구역,영도 절벽 위로 난 좁은 길. 흰 담과 파란 바다가 붙어 있어 여러 작품이 같은 구도를 반복해 썼다.,"A narrow path along the Yeongdo cliff; white walls against blue water, a frame repeated across many films.",,,N,N,N,,N,N,N,bf6,변호인 (2013),절벽 위 흰 담벼락 길,https://upload.wikimedia.org/wikipedia/commons/0/03/Huinnyeoul_culture_village%2C_Busan_on_October_25th%2C_2019.jpg,Wikimedia Commons,,영도구 영선동4가 흰여울길 주소 기반 좌표,Address-based: 영도구 영선동4가 흰여울길
bc7,busan,부산,부산,Busan,7,영도대교,Yeongdo Bridge,影岛大桥,影島大橋,herit,문화유산·전통체험,35.0977,129.0356,50,도개 매일 14:00 (약 15분),국내 유일의 도개교. 매일 한 차례 다리가 들린다. 피난 시절 이산가족의 약속 장소로 알려져 시대극에 자주 나온다.,"The country’s only bascule bridge, raised once a day. Known as a meeting point for families separated in the war, so it recurs in period films.",,,N,N,N,,N,N,N,bf7,영화 촬영지 · 다수 작품,들어 올려지는 다리,https://upload.wikimedia.org/wikipedia/commons/4/45/Yeongdodaegyo%28Yeongdo_Bridge%29.jpg,Wikimedia Commons,,중구 중앙동7가 주소 기반 좌표,Address-based: 중구 중앙동7가
bc8,busan,부산,부산,Busan,8,부산영화체험박물관,Busan Museum of Movies,釜山电影体验博物馆,釜山映画体験博物館,activity,테마파크·액티비티,35.1017,129.0338,90,"10:00–18:00 · 월요일 휴관 · 어른 10,000원 · 051-715-4200",부산에서 찍힌 작품과 영화 기술을 함께 다루는 체험형 박물관. 기행을 시작하는 자리로 좋다.,A hands-on museum covering films shot in Busan and the craft behind them — a good place to begin the trip.,,,N,N,N,,N,N,N,bf8,부산 영화 기행,영화 도시의 기록,,,,중구 대청로126번길 12 주소 기반 좌표,Address-based: 중구 대청로126번길 12
bc9,busan,부산,부산,Busan,9,영화의전당,Busan Cinema Center,电影殿堂,映画の殿堂,activity,테마파크·액티비티,35.1712,129.1289,80,상영 시간별 · 야외극장 계절 운영 · 051-780-6000,"부산국제영화제의 중심 극장. 4,000여 개 LED가 깔린 대형 캔틸레버 지붕 아래 야외 상영이 열린다.","The festival’s home theatre; open-air screenings run under a vast cantilever roof set with some 4,000 LEDs.",,,N,N,N,,N,N,N,bf9,부산국제영화제,거대한 지붕 아래 야외 상영,https://upload.wikimedia.org/wikipedia/commons/4/48/Centum_City%2C_Busan%2C_2014-12-28.jpg,Wikimedia Commons,,해운대구 수영강변대로 120 주소 기반 좌표,Address-based: 해운대구 수영강변대로 120
bc10,busan,부산,부산,Busan,10,부산 BIFF 광장,BIFF Square,BIFF广场,BIFF広場,food,로컬상권·먹거리,35.0988,129.027,60,상시 · 상점 11:00–22:00,영화제가 처음 열린 남포동 극장가. 바닥에 배우들의 핸드프린팅이 박혀 있고 씨앗호떡 노점이 늘어선다.,"The Nampo-dong cinema street where the festival began; actors’ handprints are set in the pavement, with seed-hotteok carts along it.",,,N,N,N,,N,N,N,bf10,부산국제영화제,배우의 핸드프린팅 거리,,,,중구 비프광장로 주소 기반 좌표,Address-based: 중구 비프광장로
bc11,busan,부산,부산,Busan,11,청사포 · 미포 철길,Cheongsapo & Mipo Rail Path,青沙浦·尾浦铁路,青沙浦・尾浦рельс道,heal,힐링·생태·체험,35.1608,129.1897,90,해변열차 09:30–18:30 · 구간별 요금 상이,동해남부선 폐선을 산책로와 해변열차로 바꾼 구간. 바다를 끼고 달리는 선로 장면의 배경이다.,"The disused Donghae Nambu line, now a walkway and beach train; the setting for shots of track running beside the sea.",,,N,N,N,,N,N,N,bf11,영화 촬영지 · 다수 작품,바다를 따라가는 폐선로,,,,해운대구 청사포로 주소 기반 좌표,Address-based: 해운대구 청사포로
bc12,busan,부산,부산,Busan,12,태종대,Taejongdae,太宗台,太宗台,heal,힐링·생태·체험,35.0533,129.087,110,04:00–24:00 · 무료 · 다누비열차 유료,"영도 남단의 해식 절벽. 등대와 전망대가 있고, 파도가 바위를 때리는 장면이 자주 쓰인다.","Sea cliffs at the south tip of Yeongdo, with a lighthouse and lookout; the waves against rock recur on screen.",,,N,N,N,영도구 관광지 (2008 지정),N,N,N,bf12,영화 촬영지 · 다수 작품,절벽과 등대,https://upload.wikimedia.org/wikipedia/commons/4/47/Korea-Busan-Taejongdae-03.jpg,Wikimedia Commons,,영도구 전망로 24 주소 기반 좌표,Address-based: 영도구 전망로 24
bcx1,busan,부산,부산,Busan,,송도해수욕장 · 케이블카,Songdo Beach & Cable Car,松岛海水浴场·缆车,松島海水浴場・ケーブルカー,heal,힐링·생태·체험,35.0759,129.017,90,"케이블카 09:00–21:00 · 왕복 15,000원",국내 첫 공설 해수욕장. 바다 위를 건너는 케이블카와 구름산책로가 붙어 있다.,"Korea’s first public beach, with a cable car over the water and a cliff walkway.",,,N,N,N,,N,N,Y,,,,,,,서구 송도해변로 주소 기반 좌표,Address-based: 서구 송도해변로
bcx2,busan,부산,부산,Busan,,송도용궁구름다리,Songdo Yonggung Suspension Bridge,松岛龙宫云桥,松島龍宮雲橋,heal,힐링·생태·체험,35.0619,129.02221,50,"09:00–18:00 · 어른 1,000원",암남공원과 동섬을 잇는 해상 현수교. 발밑으로 파도가 보인다.,"A sea suspension bridge to Dongseom islet, the swell visible underfoot.",,,N,N,N,,N,N,Y,,,,,,,서구 암남동 620-53 구글 지오코딩,Address-based: 서구 암남공원로
bcx3,busan,부산,부산,Busan,,신선대 전망대,Sinseondae Lookout,新仙台瞭望台,新仙台展望台,heal,힐링·생태·체험,35.10044,129.09995,50,상시 개방 · 무료,컨테이너 항만이 한눈에 드는 전망대. 부산항의 규모가 실감 난다.,A lookout over the container terminals — the scale of the port reads at once.,,,N,N,N,,N,N,Y,,,,https://upload.wikimedia.org/wikipedia/commons/1/17/%EC%8B%A0%EC%84%A0%EB%8C%80.jpg,Wikimedia Commons,,남구 용호동 산252-1 구글 지오코딩,"Google geocoding: San 252-1 Yongho-dong, Nam-gu"
bcx4,busan,부산,부산,Busan,,오륙도 스카이워크,Oryukdo Skywalk,五六岛天空步道,五六島スカイウォーク,heal,힐링·생태·체험,35.0977,129.1237,60,09:00–18:00 · 기상 시 통제 · 무료,유리 바닥 전망대. 동해와 남해가 갈리는 지점에 서 있다.,A glass-floored deck standing where the East and South seas divide.,,,N,N,N,,N,N,Y,,,,https://upload.wikimedia.org/wikipedia/commons/a/a2/Oryuk-do.jpg,Wikimedia Commons,,남구 오륙도로 137 주소 기반 좌표,Address-based: 남구 오륙도로 137
bcx5,busan,부산,부산,Busan,,이기대 전망대,Igidae Lookout,二妓台海岸散步路,二妓台海岸散歩道,heal,힐링·생태·체험,35.11807,129.12785,120,상시 개방 · 무료,바위 해안을 따라 4km 이어지는 길. 광안대교가 계속 따라온다.,"Four kilometres along rock shore, the Diamond Bridge in view the whole way.",,,N,N,N,,N,N,Y,,,,https://upload.wikimedia.org/wikipedia/commons/1/1f/Yigidae_park.jpg,Wikimedia Commons,,남구 용호동 산129-1 구글 지오코딩,Address-based: 남구 용호동 이기대공원로
bcx6,busan,부산,부산,Busan,,흥국사·황령산 전망대,Hwangnyeongsan Lookout,荒岭山瞭望台,荒嶺山展望台,heal,힐링·생태·체험,35.1571,129.08208,60,상시 개방 · 무료,부산 시내 야경이 가장 넓게 보이는 자리. 차로 정상 부근까지 오른다.,"The widest night view of the city, drivable to near the summit.",,,N,N,N,,N,N,Y,,,,https://upload.wikimedia.org/wikipedia/commons/9/92/Landscape_of_Busan_from_Hwangryeongsan.jpg,Wikimedia Commons,,남구 대연동 산50-1 (황령산) 구글 지오코딩,Address-based: 연제구 황령산로
bcx7,busan,부산,부산,Busan,,부산시민공원,Busan Citizens Park,釜山市民公园,釜山市民公園,heal,힐링·생태·체험,35.1689,129.0596,90,상시 개방 · 무료,미군 기지를 공원으로 바꾼 도심 녹지. 숲길과 수로가 길게 난다.,"A former US base turned city park, threaded with wooded paths and channels.",,,N,N,N,,N,N,Y,,,,https://upload.wikimedia.org/wikipedia/commons/7/73/Busan_Citizens_Park_%22mirror_pond%22.jpg,Wikimedia Commons,,부산진구 시민공원로 73 주소 기반 좌표,Address-based: 부산진구 시민공원로 73
bcx8,busan,부산,부산,Busan,,부산현대미술관,Museum of Contemporary Art Busan,釜山现代美术馆,釜山現代美術館,activity,테마파크·액티비티,35.109,128.943,90,10:00–18:00 · 월요일 휴관 · 무료,을숙도 안의 미술관. 외벽을 식물이 덮고 있다.,"A museum on Eulsukdo island, its outer walls grown over with plants.",,,N,N,N,,N,N,Y,,,,https://upload.wikimedia.org/wikipedia/commons/3/37/Saha-gu_eulsuk-do.jpg,Wikimedia Commons,,사하구 낙동남로 1191 주소 기반 좌표,Address-based: 사하구 낙동남로 1191
bcx9,busan,부산,부산,Busan,,을숙도 철새도래지,Eulsukdo Migratory Bird Sanctuary,乙淑岛候鸟栖息地,乙淑島渡り鳥飛来地,heal,힐링·생태·체험,35.108,128.9455,80,09:00–18:00 · 월요일 휴관 · 무료,낙동강 하구의 철새 서식지. 겨울에 개체가 가장 많다.,A wintering ground at the Nakdong estuary; numbers peak in winter.,,,N,N,N,,N,N,Y,,,,https://upload.wikimedia.org/wikipedia/commons/3/37/Saha-gu_eulsuk-do.jpg,Wikimedia Commons,,사하구 낙동남로 1240 주소 기반 좌표,Address-based: 사하구 낙동남로 1240
bcx10,busan,부산,부산,Busan,,다대포 꿈의낙조분수,Dadaepo Sunset Fountain,多大浦梦之落日喷泉,多大浦夢の落日噴水,heal,힐링·생태·체험,35.0489,128.9666,60,분수 4–10월 야간 · 무료,해 지는 시간에 맞춰 물을 뿜는 대형 분수. 다대포 해변과 붙어 있다.,"A large fountain timed to sunset, beside Dadaepo beach.",,,N,N,N,,N,N,Y,,,,https://upload.wikimedia.org/wikipedia/commons/5/5e/Dadaepo_Beach_1.jpg,Wikimedia Commons,,사하구 몰운대1길 14 주소 기반 좌표,Address-based: 사하구 몰운대1길 14
bcx11,busan,부산,부산,Busan,,아미산 전망대,Amisan Observatory,峨嵋山瞭望台,峨嵋山展望台,heal,힐링·생태·체험,35.05262,128.96071,50,09:00–18:00 · 월요일 휴관 · 무료,낙동강 하구의 모래섬이 한눈에 드는 전망대.,A lookout taking in the sandbars of the Nakdong estuary.,,,N,N,N,,N,N,Y,,,,,,,사하구 다대낙조2길 77 구글 지오코딩,Address-based: 사하구 다대로
bcx12,busan,부산,부산,Busan,,부산 용두산공원 · 부산타워,Yongdusan Park & Busan Tower,龙头山公园·釜山塔,龍頭山公園・釜山タワー,heal,힐링·생태·체험,35.1008,129.0324,70,"공원 상시 · 타워 10:00–22:00 · 어른 12,000원",남포동 위 언덕의 공원. 타워에서 항구와 영도가 함께 보인다.,A hilltop park above Nampo-dong; the tower takes in the harbour and Yeongdo.,,,N,N,N,,N,N,Y,,,,https://upload.wikimedia.org/wikipedia/commons/3/32/Busan_Tower_and_Yongdusan_Park_20200522_003.jpg,Wikimedia Commons,,중구 용두산길 37-55 주소 기반 좌표,Address-based: 중구 용두산길 37-55
bcx13,busan,부산,부산,Busan,,보수동 책방골목,Bosu-dong Book Street,宝水洞书店街,宝水洞本屋通り,food,로컬상권·먹거리,35.1022,129.0248,50,10:00–19:00 · 일부 일요일 휴무,헌책방이 줄지어 선 좁은 골목. 국제시장 바로 옆이다.,"A narrow lane of second-hand bookshops, right beside Gukje Market.",,,N,N,N,,N,N,Y,,,,https://upload.wikimedia.org/wikipedia/commons/8/81/Bosu-dong_Bookstore_Alley_20200523_002.jpg,Wikimedia Commons,,중구 책방골목길 주소 기반 좌표,Address-based: 중구 책방골목길
bcx14,busan,부산,부산,Busan,,깡통시장 야시장,Kkangtong Night Market,罐头市场夜市,カン톤市場夜市,food,로컬상권·먹거리,35.1006,129.0281,60,야시장 19:30–23:30,부평깡통시장 통로에 서는 야시장. 먹거리 노점이 이어진다.,"A night market set up along the Bupyeong arcade, lined with food stalls.",,,N,N,N,,N,N,Y,,,,https://upload.wikimedia.org/wikipedia/commons/c/c7/Pupyeong_Market_entrance.jpg,Wikimedia Commons,,중구 부평1길 주소 기반 좌표,Address-based: 중구 부평1길
bcx15,busan,부산,부산,Busan,,초량 이바구길,Choryang Ibagu-gil,草梁故事路,草梁イバグ通り,herit,문화유산·전통체험,35.1152,129.0384,80,상시 개방 · 무료 · 모노레일 운행,부산역 뒤 산복도로로 오르는 계단길. 168계단과 모노레일이 있다.,"A stair route up the hillside road behind the station, with the 168 Steps and a monorail.",,,N,N,N,,N,N,Y,,,,,,,동구 영초길 주소 기반 좌표,Address-based: 동구 영초길
bcx16,busan,부산,부산,Busan,,유엔기념공원,UN Memorial Cemetery,联合国纪念公园,国連記念公園,herit,문화유산·전통체험,35.12781,129.09571,70,09:00–17:00 · 무료,한국전쟁 참전 유엔군이 묻힌 세계 유일의 유엔 묘지.,"The only UN cemetery in the world, for those who fell in the Korean War.",,,N,N,N,,N,N,Y,,,,https://upload.wikimedia.org/wikipedia/commons/3/35/UN_Memorial_Cemetery.JPG,Wikimedia Commons,,남구 유엔평화로 93 구글 지오코딩,Address-based: 남구 유엔평화로 93
bcx17,busan,부산,부산,Busan,,부산박물관,Busan Museum,釜山博物馆,釜山博物館,herit,문화유산·전통체험,35.1276,129.0968,90,09:00–18:00 · 월요일 휴관 · 무료,가야부터 근현대까지 부산의 역사를 모았다.,Busan’s history from Gaya to the present.,,,N,N,N,,N,N,Y,,,,https://upload.wikimedia.org/wikipedia/commons/a/af/Busan_museum.JPG,Wikimedia Commons,,남구 유엔평화로 63 주소 기반 좌표,Address-based: 남구 유엔평화로 63
bcx18,busan,부산,부산,Busan,,범어사,Beomeosa Temple,梵鱼寺,梵魚寺,herit,문화유산·전통체험,35.2856,129.0689,100,08:30–17:30 · 무료 · 051-508-3122,금정산 자락의 천년 사찰. 템플스테이를 운영한다.,"A thousand-year-old temple on Geumjeongsan, running a temple stay.",,,N,N,N,,N,N,Y,,,,https://upload.wikimedia.org/wikipedia/commons/1/14/Korea-Busan-Beomeosa-01.jpg,Wikimedia Commons,,금정구 범어사로 250 주소 기반 좌표,Address-based: 금정구 범어사로 250
bcx19,busan,부산,부산,Busan,,금정산성,Geumjeongsanseong Fortress,金井山城,金井山城,herit,문화유산·전통체험,35.2755,129.0575,150,상시 개방 · 무료,국내 최대 규모의 산성. 성곽길이 능선을 따라 길게 이어진다.,"The largest mountain fortress in the country, its wall running the ridgeline.",,,N,N,N,,N,N,Y,,,,https://upload.wikimedia.org/wikipedia/commons/4/46/%EA%B8%88%EC%A0%95%EC%82%B0%EC%84%B1.jpg,Wikimedia Commons,,금정구 북문로 122 (금정산성 북문) 구글 지오코딩,Address-based: 금정구 금성동
bcx20,busan,부산,부산,Busan,,온천천 카페거리,Oncheoncheon Cafe Street,温泉川咖啡街,温泉川カフェ通り,food,로컬상권·먹거리,35.19159,129.10196,60,상점 11:00–22:00,하천을 따라 카페가 늘어선 산책 구간. 벚꽃철이 절정이다.,"A streamside walk lined with cafés, at its best in blossom season.",,,N,N,N,,N,N,Y,,,,https://upload.wikimedia.org/wikipedia/commons/2/2d/Reflection_in_Busan_Onchonchon_River.jpg,Wikimedia Commons,,동래구 온천천로 451 구글 지오코딩,Address-based: 동래구 온천천로
bcx21,busan,부산,부산,Busan,,동래읍성 · 복천박물관,Dongnae Fortress & Bokcheon Museum,东莱邑城·福泉博物馆,東莱邑城・福泉博物館,herit,문화유산·전통체험,35.2069,129.0891,80,09:00–18:00 · 월요일 휴관 · 무료,가야·신라 고분과 읍성 터가 함께 있다.,Gaya and Silla tombs beside the old walled-town site.,,,N,N,N,,N,N,Y,,,,https://upload.wikimedia.org/wikipedia/commons/3/37/%EB%8F%99%EB%9E%98%EC%9D%8D%EC%84%B1%EC%A7%80.jpg,Wikimedia Commons,,동래구 복천로 63 주소 기반 좌표,Address-based: 동래구 복천로 63
bcx22,busan,부산,부산,Busan,,해동용궁사,Haedong Yonggungsa,海东龙宫寺,海東龍宮寺,herit,문화유산·전통체험,35.1885,129.2233,80,05:00–일몰 · 무료 · 051-722-7744,바다 절벽에 앉은 사찰. 파도가 법당 아래까지 닿는다.,"A temple set on a sea cliff, the surf reaching below the halls.",,,Y,N,N,,N,N,Y,,,,https://upload.wikimedia.org/wikipedia/commons/6/6f/%ED%95%B4%EB%8F%99%EC%9A%A9%EA%B6%81%EC%82%AC_%EC%82%AC%EC%B0%B0_%EC%A0%84%EA%B2%BD.jpg,Wikimedia Commons,,기장군 기장읍 용궁길 86 주소 기반 좌표,Address-based: 기장군 기장읍 용궁길 86
bcx23,busan,부산,부산,Busan,,오시리아 관광단지,Osiria Tourism Complex,Osiria观光园区,オシリア観光団地,activity,테마파크·액티비티,35.18941,129.2124,180,시설별 상이,아쿠아리움·테마파크·아울렛이 묶인 해안 단지. 용궁사와 붙어 있다.,"A coastal complex of aquarium, theme park and outlet, next to Yonggungsa.",,,Y,N,N,기장군 관광단지 (2011 지정),N,N,Y,,,,https://upload.wikimedia.org/wikipedia/commons/f/f4/Osyria_Station_20200522_011.jpg,Wikimedia Commons,,오시리아관광단지 입구 구글 지오코딩,Address-based: 기장군 기장읍 기장해안로
bcx24,busan,부산,부산,Busan,,죽성리 드림성당,Jukseong Dream Chapel,竹城里梦想教堂,竹城里ドリーム教会,heal,힐링·생태·체험,35.24507,129.23914,40,상시 개방 · 무료,드라마 세트로 지은 바닷가 성당. 실제 성당은 아니다.,A seaside chapel built as a drama set — not a working church.,,,N,N,N,,N,N,Y,,,,,,,기장읍 죽성리 구글 지오코딩,Address-based: 기장군 기장읍 죽성리
bcx25,busan,부산,부산,Busan,,기장 죽성 해안,Jukseong Coast,机张竹城海岸,機張竹城海岸,heal,힐링·생태·체험,35.2445,129.2402,50,상시 개방 · 무료,갯바위와 방파제가 이어지는 조용한 해안.,A quiet shore of tide rocks and breakwaters.,,,N,N,N,,N,N,Y,,,,,,,기장읍 죽성리 해안 구글 지오코딩,Address-based: 기장군 기장읍 죽성리
bcx26,busan,부산,부산,Busan,,일광해수욕장,Ilgwang Beach,日光海水浴场,日光海水浴場,heal,힐링·생태·체험,35.2622,129.2318,60,상시 개방 · 여름 개장,기장 북쪽의 완만한 해변. 동해선 일광역에서 걸어 닿는다.,"A gentle beach north of Gijang, walkable from Ilgwang station.",,,N,N,N,,N,N,Y,,,,https://upload.wikimedia.org/wikipedia/commons/2/2e/%EC%9D%BC%EA%B4%91%ED%95%B4%EC%88%98%EC%9A%95%EC%9E%A5.jpg,Wikimedia Commons,,기장군 일광읍 일광로 주소 기반 좌표,Address-based: 기장군 일광읍 일광로
bcx27,busan,부산,부산,Busan,,송정해수욕장,Songjeong Beach,松亭海水浴场,松亭海水浴場,heal,힐링·생태·체험,35.1785,129.1994,70,상시 개방 · 서핑 강습 연중,서핑 보드가 늘 떠 있는 해변. 해운대에서 한 정거장이다.,Boards are always out here; one stop from Haeundae.,,,Y,N,N,,N,N,Y,,,,,,,해운대구 송정해변로 주소 기반 좌표,Address-based: 해운대구 송정해변로
bcx28,busan,부산,부산,Busan,,달맞이길 문탠로드,Dalmaji-gil Moontan Road,迎月路月光路,月見の道ムーンタンロード,heal,힐링·생태·체험,35.15638,129.18026,70,상시 개방 · 무료,해운대 동쪽 언덕을 감아 오르는 숲길. 달빛 산책로로 알려져 있다.,"A wooded path winding up the hill east of Haeundae, known for walking by moonlight.",,,N,N,N,해운대구 관광지 (2005 지정),N,N,Y,,,,,,,해운대구 중동 달맞이길 구글 지오코딩,Address-based: 해운대구 달맞이길
bcx29,busan,부산,부산,Busan,,부산 센텀시티,Centum City,,センタムシティ,activity,테마파크·액티비티,35.169,129.13,150,백화점 10:30–20:00,대형 백화점과 전시장이 모인 구역. 영화의전당 바로 옆이다.,"A district of department stores and exhibition halls, next to the Cinema Center.",,,N,N,N,,N,N,Y,,,,https://upload.wikimedia.org/wikipedia/commons/4/48/Centum_City%2C_Busan%2C_2014-12-28.jpg,Wikimedia Commons,,해운대구 센텀남대로 주소 기반 좌표,Address-based: 해운대구 센텀남대로
bcx30,busan,부산,부산,Busan,,부산 아난티 · 힐튼 해안,Ananti Coast,Ananti海岸,アナンティ海岸,heal,힐링·생태·체험,35.19766,129.22809,80,상점 10:00–21:00,절벽 위 리조트 단지의 공개 산책로와 서점.,The public walk and bookshop of a clifftop resort complex.,,,N,N,N,기장군 관광단지 (2011 지정),N,N,Y,,,,,,,기장군 기장해안로 268-32 구글 지오코딩,Address-based: 기장군 기장읍 기장해안로 268-31
bcx31,busan,부산,부산,Busan,,부산 F1963,F1963,,,activity,테마파크·액티비티,35.1767,129.11531,80,09:00–21:00 · 무료,와이어 공장을 고친 복합 문화 공간. 서점과 전시장이 있다.,"A wire factory turned culture complex, with a bookshop and galleries.",,,N,N,N,,N,N,Y,,,,,,,수영구 구락로123번길 20 구글 지오코딩,Address-based: 수영구 구락로123번길 20
bcx32,busan,부산,부산,Busan,,민락수변공원,Millak Waterside Park,民乐水边公园,民楽水辺公園,food,로컬상권·먹거리,35.1546,129.13,60,상시 개방 · 음주 취식 규정 확인,광안대교를 정면으로 보는 방파제 공원. 저녁에 사람이 모인다.,"A breakwater park facing the Diamond Bridge, busy in the evening.",,,N,N,N,,N,N,Y,,,,,,,수영구 광안해변로 361 주소 기반 좌표,Address-based: 수영구 광안해변로 361
bcx33,busan,부산,부산,Busan,,부산 전포 카페거리,Jeonpo Cafe Street,田浦咖啡街,田浦カフェ通り,food,로컬상권·먹거리,35.1554,129.06733,70,상점 11:00–22:00,공구 상가가 카페 거리로 바뀐 구역. 서면에서 걸어 닿는다.,"A tool-shop district turned café street, walkable from Seomyeon.",,,N,N,N,,N,N,Y,,,,,,,부산진구 동천로 92 구글 지오코딩,Address-based: 부산진구 서전로
bcx34,busan,부산,부산,Busan,,서면 먹자골목,Seomyeon Food Alley,西面美食街,西面グルメ通り,food,로컬상권·먹거리,35.1579,129.0594,70,상점 11:00–24:00,부산에서 가장 밀도 높은 상권. 돼지국밥집이 몰려 있다.,"The densest commercial quarter in the city, thick with dwaeji-gukbap houses.",,,N,N,N,,N,N,Y,,,,https://upload.wikimedia.org/wikipedia/commons/4/4b/Seomyeon%2C_Busan.jpg,Wikimedia Commons,,부산진구 서면로 주소 기반 좌표,Address-based: 부산진구 서면로
bcx35,busan,부산,부산,Busan,,부산 광복로,Gwangbok-ro,光复路,光復路,food,로컬상권·먹거리,35.0995,129.0312,60,상점 11:00–22:00,남포동의 보행 상가 거리. 겨울 조명 축제가 열린다.,"The pedestrian shopping street of Nampo-dong, lit for the winter festival.",,,N,N,N,,N,N,Y,,,,,,,중구 광복로 주소 기반 좌표,Address-based: 중구 광복로
bcx36,busan,부산,부산,Busan,,부산항 북항 친수공원,North Port Waterfront Park,北港亲水公园,北港親水公園,heal,힐링·생태·체험,35.11493,129.0454,60,상시 개방 · 무료,재개발한 항만 부지의 수변 공원. 크루즈 부두가 보인다.,"A waterfront park on redeveloped dock land, looking out to the cruise berth.",,,N,N,N,,N,N,Y,,,,https://upload.wikimedia.org/wikipedia/commons/b/bd/Busan-port-from-Busan-tower-2.jpg,Wikimedia Commons,,동구 초량동 1185-1 구글 지오코딩,Address-based: 동구 충장대로
bcx37,busan,부산,부산,Busan,,국립해양박물관,National Maritime Museum,国立海洋博物馆,国立海洋博物館,activity,테마파크·액티비티,35.07833,129.07986,100,09:00–18:00 · 월요일 휴관 · 무료,영도 동삼동의 해양 박물관. 대형 수조와 선박 전시가 있다.,"A maritime museum in Dongsam-dong, with a large tank and ship exhibits.",,,N,N,N,,N,N,Y,,,,,,,영도구 해양로301번길 45 구글 지오코딩,"Verified: 45 Haeyang-ro 301beon-gil, Yeongdo-gu"
bcx38,busan,부산,부산,Busan,,흰여울 절영해안산책로,Jeollyeong Coastal Walk,绝影海岸散步路,絶影海岸散歩道,heal,힐링·생태·체험,35.07323,129.0514,60,상시 개방 · 무료,흰여울마을 아래 해안으로 내려가는 길. 파도 소리가 가깝다.,"The path down to the shore below Huinnyeoul, close to the surf.",,,N,N,N,,N,N,Y,,,,,,,영도구 영선동4가 650-4 구글 지오코딩,Address-based: 영도구 영선동4가
bcx40,busan,부산,부산,Busan,,구포시장,Gupo Market,龟浦市场,亀浦市場,food,로컬상권·먹거리,35.20872,129.00378,60,08:00–20:00 · 3·8일 오일장,낙동강 나루터에서 자란 재래시장. 국수와 돼지국밥이 유명하다.,"A market grown from the old Nakdong ferry landing, known for noodles and gukbap.",,,N,N,N,,N,N,Y,,,,,,,북구 구포시장2길 7 구글 지오코딩,Address-based: 북구 구포시장2길
bcx41,busan,부산,부산,Busan,,벡스코,BEXCO,釜山会展中心(BEXCO) (BEXCO),,activity,테마파크·액티비티,35.169,129.1345,80,행사 일정별 상이,전시·컨벤션 센터. 지스타와 부산국제모터쇼가 열린다.,The convention centre hosting G-Star and the Busan motor show.,,,N,N,N,,N,N,Y,,,,,,,해운대구 APEC로 55 주소 기반 좌표,"Address-based: 55 APEC-ro, Haeundae-gu"
bcx42,busan,부산,부산,Busan,,동백섬 · 누리마루,Dongbaekseom & Nurimaru,,,heal,힐링·생태·체험,35.1535,129.153,70,상시 개방 · 누리마루 09:00–18:00,해운대 서쪽 끝 육계도. 해안 산책로가 누리마루 APEC하우스로 이어진다.,A tied island at the west end of Haeundae; the shore path leads to Nurimaru APEC House.,,,N,N,N,해운대구 관광지 (2008 지정),N,N,Y,,,,,,,해운대구 우동 동백섬 주소 기반 좌표,"Address-based: Dongbaekseom, U-dong, Haeundae-gu"
bcx43,busan,부산,부산,Busan,,마린시티,Marine City,海上城市Marine City,マリンシティ,food,로컬상권·먹거리,35.156,129.145,70,상시 · 상점별 상이,초고층 주거단지 앞 해안 산책로와 식당가. 광안대교 야경이 정면이다.,"A waterfront promenade and dining strip below the high-rises, facing the Gwangan Bridge lights.",,,N,N,N,,N,N,Y,,,,,,,해운대구 마린시티2로 일대 주소 기반 좌표,"Address-based: Marine City 2-ro area, Haeundae-gu"
bcx44,busan,부산,부산,Busan,,부전시장,Bujeon Market,,,food,로컬상권·먹거리,35.1608,129.0605,70,05:00–20:00 · 점포별 상이,부산 최대 재래시장. 농수산물과 먹자골목이 서면과 붙어 있다.,"Busan's largest traditional market, with produce halls and food alleys next to Seomyeon.",,,N,N,N,,N,N,Y,,,,,,,부산진구 중앙대로 785 주소 기반 좌표,"Address-based: 785 Jungang-daero, Busanjin-gu"
bcx45,busan,부산,부산,Busan,,허심청,Hurshimchung Spa,虚心厅,虚心庁,heal,힐링·생태·체험,35.2223,129.0806,120,05:30–21:00 · 유료,동래온천 수원을 쓰는 대형 온천탕. 노천탕과 40여 개 탕이 있다.,"A large bathhouse on the Dongnae hot spring source, with outdoor pools and some forty baths.",,,N,N,N,,N,N,Y,,,,,,,동래구 금강공원로20번길 23 주소 기반 좌표,"Address-based: 23 Geumganggongwon-ro 20beon-gil, Dongnae-gu"
bcx46,busan,부산,부산,Busan,,부산 롯데월드 어드벤처,Lotte World Adventure Busan,,,activity,테마파크·액티비티,35.19624,129.21494,240,10:00–20:00 · 유료,오시리아 관광단지의 야외 테마파크. 자이언트 디거가 대표 기구다.,The outdoor theme park in the Osiria complex; Giant Digger is its signature ride.,,,N,N,N,기장군 관광단지 (2011 지정),N,N,Y,,,,,,,기장군 동부산관광로 42 구글 지오코딩,"Address-based: 42 Dongbusan-gwangwang-ro, Gijang-gun"
bcx47,busan,부산,부산,Busan,,부네치아 (장림포구),Bunezia (Jangnim Port),,,heal,힐링·생태·체험,35.07967,128.9527,60,상시 개방 · 무료,색색의 창고가 물가에 늘어선 포구. 베네치아를 빗대 부네치아로 불린다.,"A port lined with colour-painted sheds, nicknamed Bunezia after Venice.",,,N,N,N,,N,N,Y,,,,,,,사하구 장림로93번길 72 구글 지오코딩,"Address-based: Jangnim Port, Jangnim-dong, Saha-gu"
bcx48,busan,부산,부산,Busan,,사직야구장,Sajik Baseball Stadium,釜山社稷综合运动场 社稷棒球场,釜山社稷総合競技場社稷野球場,activity,테마파크·액티비티,35.194,129.0615,180,경기 일정별 · 유료,롯데 자이언츠 홈구장. 응원 열기로 이름난 곳이다.,"Home of the Lotte Giants, known for the intensity of its crowd.",,,N,N,N,,N,N,Y,,,,,,,동래구 사직로 45 주소 기반 좌표,"Address-based: 45 Sajik-ro, Dongnae-gu"
bcx49,busan,부산,부산,Busan,,부산어린이대공원,Busan Children's Grand Park,,,heal,힐링·생태·체험,35.18463,129.04348,90,05:00–22:00 · 무료,백양산 자락의 계곡 공원. 성지곡수원지 둘레길과 학생교육문화회관이 있다.,"A valley park below Baegyangsan, with the Seongjigok reservoir loop and a student culture hall.",,,N,N,N,,N,N,Y,,,,,,,부산진구 새싹로 295 구글 지오코딩,"Address-based: 295 Saessak-ro, Busanjin-gu"
bcx50,busan,부산,부산,Busan,,부산아시아드 주경기장,Busan Asiad Main Stadium,釜山亚运会主赛场,釜山アジアード主競技場,activity,테마파크·액티비티,35.1902,129.0585,60,경기 일정별 상이,2002 아시안게임·월드컵 경기장. 사직야구장과 한 단지에 있다.,"The 2002 Asian Games and World Cup stadium, in the same complex as Sajik Baseball Stadium.",,,N,N,N,,N,N,Y,,,,,,,연제구 월드컵대로 344 주소 기반 좌표,"Address-based: 344 World Cup-daero, Yeonje-gu"
bcx51,busan,부산,부산,Busan,,영도 남항시장,Yeongdo Namhang Market,,,food,로컬상권·먹거리,35.0887,129.04154,50,08:00–20:00 · 점포별 상이,"영도대교 건너 남항동 골목시장. 어묵과 건어물, 생선 좌판이 이어진다.","An alley market in Namhang-dong across Yeongdo Bridge, lined with fishcake, dried seafood and fish stalls.",,,N,N,N,,N,N,Y,,,,,,,영도구 영선동1가 남항시장 구글 지오코딩,"Address-based: Namhang Market, Namhang-dong 1-ga, Yeongdo-gu"
bcx52,busan,부산,부산,Busan,,삼진어묵 영도 본점,Samjin Eomuk Flagship,,,food,로컬상권·먹거리,35.0929,129.04275,50,09:00–20:00,1953년 시작한 부산 어묵 공장의 본점. 체험공간과 어묵베이커리가 함께 있다.,"The flagship of the Busan fishcake maker founded in 1953, with a workshop space and fishcake bakery.",,,N,N,N,,N,N,Y,,,,,,,영도구 태종로99번길 36 구글 지오코딩,"Address-based: 36 Taejong-ro 99beon-gil, Yeongdo-gu"
bcx53,busan,부산,부산,Busan,,초량 168계단,Choryang 168 Stairs,,168階段,herit,문화유산·전통체험,35.11722,129.03546,40,상시 개방 · 모노레일 05:00–24:00,산복도로와 부산항을 잇는 168칸 계단. 옆에 무료 모노레일이 오른다.,"A 168-step stair linking the hillside road to the port, with a free monorail alongside.",,,N,N,N,,N,N,Y,,,,,,,동구 영초길 191 구글 지오코딩,"Google geocoding: 191 Yeongcho-gil, Dong-gu"
bcx54,busan,부산,부산,Busan,,부산 차이나타운,Busan Chinatown,,釜山チャイナタウン特区（上海門、上海通り）,food,로컬상권·먹거리,35.11531,129.03764,60,상시 · 상점별 상이,부산역 맞은편 상해거리. 화교 학교와 중식당이 모여 있다.,"The Shanghai Street opposite Busan Station, with Chinese schools and restaurants.",,,N,N,N,,N,N,Y,,,,,,,동구 초량중로 38 구글 지오코딩,"Google geocoding: 38 Choryangjung-ro, Dong-gu"
bcx55,busan,부산,부산,Busan,,태종대온천,Taejongdae Hot Spring,太宗台温泉汗蒸房,太宗台温泉チムジルバン,heal,힐링·생태·체험,35.06459,129.07887,110,05:00–20:00 · 유료,태종대 초입의 해수 온천. 태종대 산책과 묶기 좋다.,"A seawater hot spring at the entrance to Taejongdae, easy to pair with the park walk.",,,N,N,N,,N,N,Y,,,,,,,영도구 태종로 808 구글 지오코딩,"Google geocoding: 808 Taejong-ro, Yeongdo-gu"
bcx56,busan,부산,부산,Busan,,스타필드 시티 명지,Starfield City Myeongji,,Olive Young・スターフィールドシティミョンジ（鳴旨）店,food,로컬상권·먹거리,35.09316,128.91816,90,10:00–22:00,명지국제신도시의 복합몰. 스포츠몬스터와 식당가가 있다.,"A mall in the Myeongji new town, with Sports Monster and a dining floor.",,,N,N,N,,N,N,Y,,,,,,,강서구 명지국제6로 168 구글 지오코딩,"Google geocoding: 168 Myeongjigukje 6-ro, Gangseo-gu"
bcx57,busan,부산,부산,Busan,,삼익비치타운 벚꽃길,Samik Beach Town Cherry Road,,,heal,힐링·생태·체험,35.14151,129.11572,50,상시 개방 · 벚꽃 4월 초,광안리 남쪽 아파트 단지를 감싼 벚꽃길. 4월 초에 절정이다.,"A cherry-lined road wrapping the apartment estate south of Gwangalli, at its peak in early April.",,,N,N,N,,N,N,Y,,,,,,,수영구 광안해변로 100 구글 지오코딩,"Google geocoding: 100 Gwangan haebyeon-ro, Suyeong-gu"
bcx58,busan,부산,부산,Busan,,부산대 대학로,Pusan National Univ. Street,,,food,로컬상권·먹거리,35.23148,129.08728,80,상시 · 상점별 상이,"부산대 정문 앞 상권. 노포와 소극장, 먹자골목이 이어진다.","The strip in front of the university gate, with old eateries, small theatres and food alleys.",,,N,N,N,,N,N,Y,,,,,,,금정구 부산대학로 구글 지오코딩,"Google geocoding: Pusan National University-ro, Geumjeong-gu"
bcx59,busan,부산,부산,Busan,,해운대 전통시장,Haeundae Traditional Market,,,food,로컬상권·먹거리,35.16145,129.16225,60,09:00–22:00 · 점포별 상이,해운대역과 해변 사이 골목시장. 씨앗호떡과 회센터가 이어진다.,"An alley market between Haeundae Station and the beach, lined with seed hotteok and raw-fish stalls.",,,N,N,N,,N,N,Y,,,,,,,해운대구 구남로41번길 22-1 구글 지오코딩,"Google geocoding: 22-1 Gunam-ro 41beon-gil, Haeundae-gu"
bcx60,busan,부산,부산,Busan,,블루라인파크 미포정거장,Blueline Park Mipo Station,,,activity,테마파크·액티비티,35.15828,129.17277,90,09:00–20:00 · 유료 · 예약 권장,해변열차와 스카이캡슐이 출발하는 정거장. 청사포·송정으로 이어진다.,"The station where the beach train and sky capsule depart, running on to Cheongsapo and Songjeong.",,,N,N,N,,N,N,Y,,,,,,,해운대구 달맞이길62번길 13 구글 지오코딩,"Google geocoding: 13 Dalmaji-gil 62beon-gil, Haeundae-gu"
bcx61,busan,부산,부산,Busan,,신세계백화점 센텀시티점,Shinsegae Centum City,CAMBRIDGE MEMBERS新世界百货商店Centum City店,ALEXANDER McQUEEN（アレキサンダー・マックイーン）・新世界百貨店センタムシティ店,food,로컬상권·먹거리,35.16892,129.12963,120,10:30–20:00 · 스파랜드 별도 유료,"세계 최대 규모의 백화점. 스파랜드와 옥상정원, 식당가가 함께 있다.","The world's largest department store, with Spa Land, a roof garden and a dining floor.",,,N,N,N,,N,N,Y,,,,,,,해운대구 센텀남대로 35 구글 지오코딩,"Google geocoding: 35 Centumnam-daero, Haeundae-gu"
jd1,jeju,제주,제주,Jeju,1,성산일출봉,Seongsan Ilchulbong,城山日出峰,城山日出峰,herit,문화유산·전통체험,33.4581,126.9425,110,"07:00–20:00 · 어른 5,000원 · 첫째 월요일 휴무","애순이와 관식이가 자란 마을의 배경. 분화구까지 오르는 데 30분쯤 걸리고, 정상에서 우도와 성산포가 함께 보인다. 유네스코 세계자연유산이다.","The village where Aesun and Gwansik grow up. Thirty minutes up to the crater rim, with Udo and Seongsan harbour both in view; a UNESCO natural heritage site.",,,N,Y,N,,N,N,N,ps1,폭싹 속았수다 (2025),애순이네 동네,https://commons.wikimedia.org/wiki/Special:FilePath/Seongsan%20Ilchulbong%2001.jpg?width=960,Wikimedia Commons,,서귀포시 성산읍 일출로 284-12 주소 기반 좌표,Address-based: 서귀포시 성산읍 일출로 284-12
jd2,jeju,제주,제주,Jeju,2,김녕해수욕장,Gimnyeong Beach,金宁海水浴场,金寧海水浴場,heal,힐링·생태·체험,33.5591,126.757,80,상시 개방 · 여름 감시요원 배치,"어린 애순이가 엄마를 기다리며 뛰어놀던 해변. 물빛이 옅은 청록으로 얕게 깔리고, 뒤로 풍력발전기가 줄지어 선다.","The beach where the young Aesun waits for her mother. The shallows run pale turquoise, with the wind turbines lined up behind.",,,N,N,N,,N,N,N,ps2,폭싹 속았수다 (2025),엄마를 기다리던 바다,https://upload.wikimedia.org/wikipedia/commons/a/a6/%EA%B9%80%EB%85%95%EC%84%B1%EC%84%B8%EA%B8%B0%ED%95%B4%EB%B3%80.JPG,Wikimedia Commons,,제주시 구좌읍 김녕리 주소 기반 좌표,Address-based: 제주시 구좌읍 김녕리
jd3,jeju,제주,제주,Jeju,3,제주목 관아,Jeju Mokgwana,济州牧官衙,済州牧官衙,herit,문화유산·전통체험,33.5136,126.5218,70,"09:00–18:00 · 어른 1,500원 · 064-710-6714","애순이가 백일장에서 어머니를 그리는 시를 쓰던 장면의 배경. 조선시대 제주 통치의 중심이었고, 관덕정이 함께 붙어 있다.","Where Aesun writes her poem at the writing contest. The seat of Joseon administration on the island, with Gwandeokjeong pavilion alongside.",,,N,N,N,,N,N,N,ps3,폭싹 속았수다 (2025),백일장,https://upload.wikimedia.org/wikipedia/commons/3/31/Gwandeokjeong_Pavilion_and_Jeju_Mok_Office_2.JPG,Wikimedia Commons,,제주시 관덕로 25 주소 기반 좌표,Address-based: 제주시 관덕로 25
jd4,jeju,제주,제주,Jeju,4,오라동 메밀꽃밭,Ora-dong Buckwheat Fields,吾罗洞荞麦花田,吾羅洞そば畑,heal,힐링·생태·체험,33.4602,126.4938,60,개화기 5–6월·9–10월 · 사유지 통제 구간 있음,두 사람이 나란히 걷던 하얀 메밀밭. 한라산 중산간 자락이라 배경으로 산이 통째로 들어온다. 개화기에만 열린다.,"The white buckwheat field the two walk through. On the midslope below Hallasan, so the mountain fills the background; open only in bloom.",,,N,N,N,,N,N,N,ps4,폭싹 속았수다 (2025),메밀밭을 걷다,,,,제주시 오라2동 주소 기반 좌표,Address-based: 제주시 오라2동
jd5,jeju,제주,제주,Jeju,5,협재해수욕장,Hyeopjae Beach,狭才海水浴场,挟才海水浴場,heal,힐링·생태·체험,33.394,126.2396,90,상시 개방 · 7–8월 개장 · 064-796-2404,비양도를 정면에 두고 흰 모래가 길게 이어지는 해변. 물이 얕아 멀리까지 걸어 들어갈 수 있다.,A long white strand facing Biyangdo island; the water stays shallow far out.,,,N,N,N,,N,N,N,ps5,폭싹 속았수다 (2025),서쪽 바다,https://upload.wikimedia.org/wikipedia/commons/c/c9/Hyeopjae.jpg,Wikimedia Commons,,제주시 한림읍 한림로 329-10 주소 기반 좌표,Address-based: 제주시 한림읍 한림로 329-10
jd6,jeju,제주,제주,Jeju,6,금능포구 돌담길,Geumneung Harbour Stone Walls,金陵浦口石墙路,金陵浦口石垣道,heal,힐링·생태·체험,33.3897,126.2296,60,상시 개방 · 무료,검은 현무암 돌담이 바다까지 이어지는 포구. 옴니버스 인물들이 오가던 마을 길의 배경으로 소개된 구간이다.,A harbour where black basalt walls run down to the water — the village lane the drama’s characters move through.,,,N,N,N,,N,N,N,ob1,우리들의 블루스 (2022),금능 돌담 해변길,,,,제주시 한림읍 금능리 주소 기반 좌표,Address-based: 제주시 한림읍 금능리
jd7,jeju,제주,제주,Jeju,7,제주 동문재래시장,Dongmun Market,东门传统市场,東門在来市場,food,로컬상권·먹거리,33.5117,126.5272,80,08:00–21:00 · 야시장 18:00–24:00,"인물들의 생업 무대가 되는 시장. 갈치와 옥돔 좌판, 야시장 먹거리가 한 통로에 이어진다.",The market where the characters make their living; hairtail and tilefish stalls run into the night-market food row.,,,N,N,N,,N,N,N,ob2,우리들의 블루스 (2022),시장 사람들,https://upload.wikimedia.org/wikipedia/commons/7/7a/Jeju_dongmun_market_1.JPG,Wikimedia Commons,,제주시 관덕로14길 20 주소 기반 좌표,Address-based: 제주시 관덕로14길 20
jd8,jeju,제주,제주,Jeju,8,광치기해변,Gwangchigi Beach,广峙其海边,クァンチギ海岸,heal,힐링·생태·체험,33.4497,126.9276,50,상시 개방 · 물때 확인 필요,썰물에 이끼 낀 암반이 초록으로 드러나는 해변. 성산일출봉을 정면으로 마주 본다.,At low tide the mossed bedrock surfaces green; Seongsan Ilchulbong stands directly opposite.,,,N,N,N,,N,N,N,ob3,우리들의 블루스 (2022),썰물의 바다,,,,서귀포시 성산읍 고성리 주소 기반 좌표,Address-based: 서귀포시 성산읍 고성리
jd9,jeju,제주,제주,Jeju,9,종달리 해안도로,Jongdal-ri Coastal Road,终达里海岸路,終達里海岸道路,heal,힐링·생태·체험,33.4936,126.913,50,상시 · 렌터카 권장,우도와 성산을 옆에 두고 달리는 해안 구간. 갈대밭과 염전 터가 번갈아 나온다.,"A coastal run with Udo and Seongsan alongside, alternating reed beds and old salt flats.",,,N,N,N,,N,N,N,ob4,우리들의 블루스 (2022),해안도로 드라이브,,,,제주시 구좌읍 종달리 주소 기반 좌표,Address-based: 제주시 구좌읍 종달리
jd10,jeju,제주,제주,Jeju,10,우도,Udo Island,牛岛,牛島,activity,테마파크·액티비티,33.5067,126.9527,240,"성산항 도선 07:00–18:00 · 왕복 10,500원",성산항에서 15분 배로 닿는 섬. 자전거나 전기차로 한 바퀴 도는 데 두세 시간이 든다.,Fifteen minutes by boat from Seongsan; a circuit by bicycle or electric cart takes two to three hours.,,,N,N,N,,N,N,N,ob5,우리들의 블루스 (2022),섬 속의 섬,https://upload.wikimedia.org/wikipedia/commons/3/30/Udo_%28satellite_image%29.jpg,Wikimedia Commons,,제주시 우도면 주소 기반 좌표,Address-based: 제주시 우도면
jd11,jeju,제주,제주,Jeju,11,함덕해수욕장,Hamdeok Beach,咸德海水浴场,咸徳海水浴場,heal,힐링·생태·체험,33.5434,126.6696,80,상시 개방 · 7–8월 개장,서우봉을 옆에 끼고 물빛이 급격히 밝아지는 해변. 산책로가 봉우리 위로 이어진다.,The water turns abruptly bright beside Seoubong; a path climbs over the headland.,,,N,N,N,제주시 관광지 (2013 지정),N,N,N,ob6,우리들의 블루스 (2022),서우봉 아래,https://upload.wikimedia.org/wikipedia/commons/5/52/Hamdeok_Beach_May_2026_04.jpg,Wikimedia Commons,,제주시 조천읍 조함해안로 519 주소 기반 좌표,Address-based: 제주시 조천읍 조함해안로 519
jdx1,jeju,제주,제주,Jeju,,섭지코지,Seopjikoji,涉地可支,ソプチコジ,heal,힐링·생태·체험,33.4239,126.9309,70,상시 개방 · 무료,성산 남쪽으로 뻗은 곶. 등대까지 걷는 길에 유채와 바다가 번갈아 나온다.,A headland reaching south from Seongsan; the walk to the lighthouse alternates rape flowers and open sea.,,,N,N,N,,N,N,Y,,,,https://upload.wikimedia.org/wikipedia/commons/c/c7/%EC%A0%9C%EC%A3%BC%EB%8F%84_%EC%84%AD%EC%A7%80%EC%BD%94%EC%A7%80.jpeg,Wikimedia Commons,,서귀포시 성산읍 섭지코지로 주소 기반 좌표,Address-based: 서귀포시 성산읍 섭지코지로
jdx2,jeju,제주,제주,Jeju,,만장굴,Manjanggul Cave,万丈窟,万丈窟,herit,문화유산·전통체험,33.5285,126.7714,60,"09:00–18:00 · 첫째 수요일 휴무 · 어른 4,000원",세계자연유산 용암동굴. 1km 구간을 걸어 들어가며 기온이 11도 안팎으로 유지된다.,A World Heritage lava tube; the open 1 km stretch holds around 11°C year-round.,,,N,Y,N,,N,N,Y,,,,https://upload.wikimedia.org/wikipedia/commons/4/48/%EB%A7%8C%EC%9E%A5%EA%B5%B4_%2824%29.jpg,Wikimedia Commons,,제주시 구좌읍 만장굴길 182 주소 기반 좌표,Address-based: 제주시 구좌읍 만장굴길 182
jdx3,jeju,제주,제주,Jeju,,성읍민속마을,Seongeup Folk Village,城邑民俗村,城邑民俗村,herit,문화유산·전통체험,33.3872,126.7986,80,상시 개방 · 무료,초가와 돌담이 남은 옛 읍성 마을. 1950년대 제주의 생활상을 그대로 볼 수 있다.,"An old walled village of thatched houses and stone walls, showing island life much as it was.",,,N,N,N,,N,N,Y,,,,https://upload.wikimedia.org/wikipedia/commons/c/c5/Seongeup_Historic_Village.jpg,Wikimedia Commons,,서귀포시 표선면 성읍정의현로 주소 기반 좌표,Address-based: 서귀포시 표선면 성읍정의현로
jdx4,jeju,제주,제주,Jeju,,제주민속촌,Jeju Folk Village,济州民俗村,済州民俗村,herit,문화유산·전통체험,33.3222,126.8355,120,"08:30–18:00 · 어른 15,000원",조선 후기 제주 마을을 옮겨 지은 야외 박물관. 시대극 촬영이 잦다.,"An open-air museum of relocated late-Joseon houses, often used for period filming.",,,N,N,N,,N,N,Y,,,,,,,서귀포시 표선면 민속해안로 631-34 주소 기반 좌표,Address-based: 서귀포시 표선면 민속해안로 631-34
jdx5,jeju,제주,제주,Jeju,,사려니숲길,Saryeoni Forest Path,思连伊林荫路,サリョニの森,heal,힐링·생태·체험,33.4176,126.6414,110,09:00–17:00 입산 · 무료,삼나무가 늘어선 평탄한 숲길. 왕복 10km지만 중간에 돌아 나올 수 있다.,"A level path under cedar; 10 km end to end, but you can turn back partway.",,,N,N,Y,,N,N,Y,,,,https://upload.wikimedia.org/wikipedia/commons/9/99/%EC%82%AC%EB%A0%A4%EB%8B%88%EC%88%B2%EA%B8%B8_%EC%99%B8%EB%B6%80_%EB%AA%A8%EC%8A%B5.jpg,Wikimedia Commons,,제주시 조천읍 교래리 주소 기반 좌표,Address-based: 제주시 조천읍 교래리
jdx6,jeju,제주,제주,Jeju,,새별오름,Saebyeol Oreum,晓星岳,セビョルオルム,heal,힐링·생태·체험,33.3646,126.357,70,상시 개방 · 무료,30분이면 오르는 화산 언덕. 매년 봄 들불축제가 열린다.,A volcanic cone climbable in thirty minutes; the spring fire festival is held here.,,,N,N,N,,N,N,Y,,,,https://upload.wikimedia.org/wikipedia/commons/0/0f/Sae-Byeol_Oreum_2020-11-08.jpg,Wikimedia Commons,,제주시 애월읍 봉성리 주소 기반 좌표,Address-based: 제주시 애월읍 봉성리
jdx7,jeju,제주,제주,Jeju,,한라산 어리목,Hallasan Eorimok,汉拿山御里牧,漢拏山オリモク,heal,힐링·생태·체험,33.386,126.496,300,탐방로 06:00–14:00 입산 · 무료,한라산 서쪽 들머리. 윗세오름까지 왕복 다섯 시간쯤 걸린다.,The western trailhead of Hallasan; about five hours round trip to Witseoreum.,,,N,Y,N,,N,N,Y,,,,,,,제주시 해안동 어리목길 주소 기반 좌표,Address-based: 제주시 해안동 어리목길
jdx8,jeju,제주,제주,Jeju,,천지연폭포,Cheonjiyeon Falls,天地渊瀑布,天地淵滝,heal,힐링·생태·체험,33.247,126.5547,50,"09:00–22:00 · 어른 2,000원",서귀포 시내에서 걸어 닿는 폭포. 야간 조명이 들어온다.,"A waterfall within walking distance of central Seogwipo, lit at night.",,,N,N,Y,,N,N,Y,,,,https://upload.wikimedia.org/wikipedia/commons/6/68/Korea-Jeju-Cheonjiyeon_Waterfall-01.jpg,Wikimedia Commons,,서귀포시 천지동 남성중로 주소 기반 좌표,Address-based: 서귀포시 천지동 남성중로
jdx9,jeju,제주,제주,Jeju,,정방폭포,Jeongbang Falls,正房瀑布,正房滝,heal,힐링·생태·체험,33.2447,126.5716,50,"09:00–17:40 · 어른 2,000원",바다로 곧장 떨어지는 폭포. 동양에서 드문 해안 직폭이다.,A rare waterfall that drops straight into the sea.,,,N,N,N,,N,N,Y,,,,https://upload.wikimedia.org/wikipedia/commons/6/60/Jeongbang_Waterfall.jpg,Wikimedia Commons,,서귀포시 칠십리로 214번길 37 주소 기반 좌표,Address-based: 서귀포시 칠십리로 214번길 37
jdx10,jeju,제주,제주,Jeju,,중문색달해변,Jungmun Saekdal Beach,中文色达海边,中文セダル海岸,heal,힐링·생태·체험,33.2447,126.4113,70,상시 개방 · 7–8월 개장,검은 모래가 섞인 해변. 파도가 높아 서핑 강습이 열린다.,A beach of mixed black sand with surf lessons in season.,,,N,N,N,,N,N,Y,,,,,,,서귀포시 색달동 중문관광로72번길 주소 기반 좌표,Address-based: 서귀포시 색달동 중문관광로72번길
jdx11,jeju,제주,제주,Jeju,,카멜리아힐,Camellia Hill,山茶花山丘,カメリアヒル,heal,힐링·생태·체험,33.2892,126.3679,100,"08:30–18:00 · 어른 10,000원",동백 500여 종이 심긴 수목원. 겨울에서 초봄이 절정이다.,"An arboretum of some 500 camellia varieties, at its peak from winter to early spring.",,,N,N,N,,N,N,Y,,,,,,,서귀포시 안덕면 병악로 166 주소 기반 좌표,Address-based: 서귀포시 안덕면 병악로 166
jdx12,jeju,제주,제주,Jeju,,오설록 티뮤지엄,O’sulloc Tea Museum,雪绿茶博物馆,オソルロク茶ミュージアム,food,로컬상권·먹거리,33.3057,126.2895,70,09:00–18:00 · 무료,녹차밭에 붙은 차 박물관과 카페. 밭 사이로 산책로가 나 있다.,"A tea museum and café beside the plantation, with a path through the rows.",,,N,N,N,,N,N,Y,,,,https://upload.wikimedia.org/wikipedia/commons/5/57/O%27Sulloc_Tea_Museum.jpg,Wikimedia Commons,,서귀포시 안덕면 신화역사로 15 주소 기반 좌표,Address-based: 서귀포시 안덕면 신화역사로 15
jdx13,jeju,제주,제주,Jeju,,용두암,Yongduam Rock,龙头岩,龍頭岩,heal,힐링·생태·체험,33.5155,126.5121,40,상시 개방 · 무료,제주공항에서 가장 가까운 해안 명소. 도착 첫날이나 마지막 날에 넣기 좋다.,The coastal landmark nearest the airport — good for an arrival or departure day.,,,N,N,N,,N,N,Y,,,,https://upload.wikimedia.org/wikipedia/commons/0/00/KOCIS_Jeju_Island_%285982717071%29.jpg,Wikimedia Commons,,제주시 용두암길 15 주소 기반 좌표,Address-based: 제주시 용두암길 15
jdx14,jeju,제주,제주,Jeju,,이호테우해변,Iho Tewoo Beach,梨湖木筏海边,梨湖テウ海岸,heal,힐링·생태·체험,33.4939,126.4531,50,상시 개방 · 무료,붉고 흰 말 등대가 선 해변. 공항에서 15분이라 노을만 보러 들르기도 한다.,"The beach with the red and white horse lighthouses, fifteen minutes from the airport.",,,N,N,N,,N,N,Y,,,,,,,제주시 이호일동 주소 기반 좌표,Address-based: 제주시 이호일동
jdx15,jeju,제주,제주,Jeju,,애월 한담해안산책로,Aewol Handam Coastal Path,涯月汉潭海岸散步路,涯月ハンダム海岸散歩道,heal,힐링·생태·체험,33.4636,126.3096,60,상시 개방 · 무료,현무암 해안을 따라 1.2km 이어지는 산책로. 카페가 줄지어 있다.,"A 1.2 km path along the basalt shore, lined with cafés.",,,N,N,N,,N,N,Y,,,,,,,제주시 애월읍 애월리 주소 기반 좌표,Address-based: 제주시 애월읍 애월리
jdx16,jeju,제주,제주,Jeju,,한림공원,Hallim Park,翰林公园,翰林公園,heal,힐링·생태·체험,33.39,126.241,120,"09:00–18:00 · 어른 15,000원",협재해변 옆의 대형 수목원. 협재굴·쌍용굴이 안에 있다.,"A large botanical park next to Hyeopjae beach, containing the Hyeopjae and Ssangyong caves.",,,N,N,N,,N,N,Y,,,,,,,제주시 한림읍 한림로 300 주소 기반 좌표,Address-based: 제주시 한림읍 한림로 300
jdx17,jeju,제주,제주,Jeju,,산굼부리,Sangumburi Crater,山君不离,サングムブリ,heal,힐링·생태·체험,33.4331,126.6889,70,"09:00–18:40 · 어른 6,000원",평지에 뚫린 분화구. 가을 억새가 분화구 둘레를 덮는다.,A crater sunk into flat ground; silver grass covers its rim in autumn.,,,N,N,N,,N,N,Y,,,,https://upload.wikimedia.org/wikipedia/commons/c/c7/San-Gumburi_Volcano_01.jpg,Wikimedia Commons,,제주시 조천읍 비자림로 768 주소 기반 좌표,Address-based: 제주시 조천읍 비자림로 768
jdx18,jeju,제주,제주,Jeju,,비자림,Bijarim Forest,榧子林,榧子林,heal,힐링·생태·체험,33.4894,126.8107,80,"09:00–17:00 · 어른 3,000원",수령 500년 넘는 비자나무 숲. 길이 평탄해 유아차도 다닌다.,"A forest of nutmeg yews over 500 years old, on paths flat enough for a pram.",,,Y,N,N,,N,N,Y,,,,https://upload.wikimedia.org/wikipedia/commons/e/ed/Bijarim_Forest.jpg,Wikimedia Commons,,제주시 구좌읍 비자숲길 55 주소 기반 좌표,Address-based: 제주시 구좌읍 비자숲길 55
jdx19,jeju,제주,제주,Jeju,,아부오름,Abu Oreum,阿父岳,アブオルム,heal,힐링·생태·체험,33.42,126.742,50,상시 개방 · 무료,10분이면 오르는 낮은 오름. 분화구 안쪽에 삼나무가 둥글게 심겨 있다.,"A low cone, ten minutes up, with cedars planted in a ring inside the crater.",,,N,N,N,,N,N,Y,,,,,,,제주시 구좌읍 송당리 주소 기반 좌표,Address-based: 제주시 구좌읍 송당리
jdx20,jeju,제주,제주,Jeju,,월정리해변,Woljeong-ri Beach,月汀里海边,月汀里海岸,food,로컬상권·먹거리,33.5563,126.7956,60,상시 개방 · 카페 10:00–20:00,카페가 줄지어 선 해변. 김녕에서 해안도로로 이어진다.,"A café-lined beach, reached along the coast road from Gimnyeong.",,,N,N,N,,N,N,Y,,,,,,,제주시 구좌읍 월정리 주소 기반 좌표,Address-based: 제주시 구좌읍 월정리
jdx21,jeju,제주,제주,Jeju,,세화민속오일장,Sehwa Five-day Market,细花五日市场,細花五日市場,food,로컬상권·먹거리,33.5243,126.8586,60,5·10일 08:00–17:00,바다를 등지고 서는 오일장. 해녀가 캔 해산물이 바로 나온다.,"A five-day market set against the sea, selling what the haenyeo brought up that morning.",,,N,N,N,,N,N,Y,,,,,,,제주시 구좌읍 세화리 주소 기반 좌표,Address-based: 제주시 구좌읍 세화리
jdx22,jeju,제주,제주,Jeju,,해녀박물관,Haenyeo Museum,海女博物馆,海女博物館,herit,문화유산·전통체험,33.5261,126.8445,70,"09:00–18:00 · 월요일 휴관 · 어른 1,100원",해녀의 일과 물질 도구를 모은 박물관. 드라마 속 바다 노동의 배경을 이해하는 데 도움이 된다.,A museum of haenyeo work and diving gear — useful background for the sea labour the dramas show.,,,N,N,N,,N,N,Y,,,,,,,제주시 구좌읍 해녀박물관길 26 주소 기반 좌표,Address-based: 제주시 구좌읍 해녀박물관길 26
jdx23,jeju,제주,제주,Jeju,,송악산 둘레길,Songaksan Trail,松岳山环山路,松岳山周回路,heal,힐링·생태·체험,33.2007,126.289,80,탐방로 09:00–17:00 · 무료,분화구와 해안 절벽을 함께 도는 길. 가파도와 마라도가 보인다.,"A loop taking in both crater and sea cliff, with Gapado and Marado in sight.",,,N,N,N,,N,N,Y,,,,,,,서귀포시 대정읍 상모리 주소 기반 좌표,Address-based: 서귀포시 대정읍 상모리
jdx24,jeju,제주,제주,Jeju,,가파도,Gapado Island,加波岛,加波島,activity,테마파크·액티비티,33.166,126.27,240,"운진항 도선 · 왕복 14,000원 · 기상 결항 잦음", 청보리밭이 섬 전체를 덮는 봄이 절정. 한 바퀴 두 시간이면 돈다.,At its best in spring when barley covers the whole island; a two-hour circuit.,,,N,N,N,,N,N,Y,,,,https://upload.wikimedia.org/wikipedia/commons/4/49/Gapado_scenery.JPG,Wikimedia Commons,,서귀포시 대정읍 가파리 주소 기반 좌표,Address-based: 서귀포시 대정읍 가파리
jdx25,jeju,제주,제주,Jeju,,마라도,Marado Island,马罗岛,馬羅島,activity,테마파크·액티비티,33.1167,126.2683,240,"운진항 도선 · 왕복 20,000원",국토 최남단 섬. 배 시간이 정해져 있어 체류 시간이 짧다.,The southernmost island; boat times fix a short stay.,,,N,N,N,,N,N,Y,,,,https://upload.wikimedia.org/wikipedia/commons/4/4e/Marado_Island_View.jpg,Wikimedia Commons,,서귀포시 대정읍 마라리 주소 기반 좌표,Address-based: 서귀포시 대정읍 마라리
jdx26,jeju,제주,제주,Jeju,,쇠소깍,Soesokkak,牛沼河口,ソエソカク,heal,힐링·생태·체험,33.253,126.6173,50,09:00–18:00 · 테우 유료,민물과 바다가 만나는 검은 소. 전통 뗏목 테우를 탄다.,"A dark pool where fresh water meets the sea, crossed on traditional teu rafts.",,,N,N,N,,N,N,Y,,,,https://upload.wikimedia.org/wikipedia/commons/5/55/%EC%87%A0%EC%86%8C%EA%B9%8D_%287%29.jpg,Wikimedia Commons,,서귀포시 하효동 105 주소 기반 좌표,Address-based: 서귀포시 하효동 105
jdx27,jeju,제주,제주,Jeju,,외돌개,Oedolgae Rock,独立岩,独立岩,heal,힐링·생태·체험,33.2384,126.5432,50,상시 개방 · 무료,바다에 홀로 선 20m 바위 기둥. 올레 7코스가 지난다.,A 20 m sea stack standing alone; Olle route 7 passes it.,,,N,N,N,,N,N,Y,,,,https://upload.wikimedia.org/wikipedia/commons/b/bc/%EC%99%B8%EB%8F%8C%EA%B0%9C.jpg,Wikimedia Commons,,서귀포시 남성중로 252번길 주소 기반 좌표,Address-based: 서귀포시 남성중로 252번길
jdx28,jeju,제주,제주,Jeju,,천제연폭포,Cheonjeyeon Falls,天帝渊瀑布,天帝淵滝,heal,힐링·생태·체험,33.2523,126.4187,60,"09:00–17:20 · 어른 2,500원",3단으로 떨어지는 폭포. 선임교 다리에서 전체가 보인다.,"A three-tier waterfall, seen whole from the Seonimgyo bridge.",,,N,N,N,서귀포시 관광단지 (2023 지정),N,N,Y,,,,https://upload.wikimedia.org/wikipedia/commons/2/24/Chunjeyeon_Waterfall_Jeju_Island-_%EC%B2%9C%EC%A0%9C%EC%97%B0%ED%8F%AD%ED%8F%AC.jpg,Wikimedia Commons,,서귀포시 색달동 천제연로 주소 기반 좌표,Address-based: 서귀포시 색달동 천제연로
jdx29,jeju,제주,제주,Jeju,,제주 올레시장,Seogwipo Olle Market,西归浦偶来市场,西帰浦オルレ市場,food,로컬상권·먹거리,33.2482,126.562,70,07:00–21:00,서귀포 시내 재래시장. 감귤과 흑돼지 먹거리가 많다.,"The central Seogwipo market, thick with tangerines and black-pork stalls.",,,N,N,N,,N,N,Y,,,,https://upload.wikimedia.org/wikipedia/commons/c/c0/Seogwipo_Maeil_Olle_Market_03.jpg,Wikimedia Commons,,서귀포시 중정로 62 주소 기반 좌표,Address-based: 서귀포시 중정로 62
jdx30,jeju,제주,제주,Jeju,,산방산,Sanbangsan,山房山,山房山,herit,문화유산·전통체험,33.2371,126.313,70,"09:00–18:00 · 어른 1,000원",바다 옆에 솟은 종상화산. 중턱의 산방굴사까지 계단이 놓여 있다.,"A lava dome beside the sea, with steps up to the Sanbanggulsa grotto.",,,N,N,N,,N,N,Y,,,,https://upload.wikimedia.org/wikipedia/commons/3/3f/Sanbangsan_%285983281424%29.jpg,Wikimedia Commons,,서귀포시 안덕면 사계남로216번길 주소 기반 좌표,Address-based: 서귀포시 안덕면 사계남로216번길
jdx31,jeju,제주,제주,Jeju,,용머리해안,Yongmeori Coast,龙头海岸,龍頭海岸,heal,힐링·생태·체험,33.233,126.314,60,"09:00–17:00 · 물때·기상에 따라 통제 · 어른 2,000원",수천만 년 퇴적층이 드러난 해안 절벽. 만조에는 출입이 막힌다.,Sea cliffs of exposed sedimentary layers; closed at high tide.,,,N,N,N,,N,N,Y,,,,https://upload.wikimedia.org/wikipedia/commons/0/0d/%EC%A0%9C%EC%A3%BC_%EC%9A%A9%EB%A8%B8%EB%A6%AC%ED%95%B4%EC%95%88_%28Jeju_Yongmeori_Coast%29.jpg,Wikimedia Commons,,서귀포시 안덕면 사계리 주소 기반 좌표,Address-based: 서귀포시 안덕면 사계리
jdx32,jeju,제주,제주,Jeju,,곽지과물해변,Gwakji Beach,郭支海边,クァクチ海岸,heal,힐링·생태·체험,33.4506,126.305,60,상시 개방 · 용천수 노천탕 있음,모래밭에 용천수가 솟는 해변. 애월 산책로와 이어진다.,Spring water surfaces in the sand here; it links to the Aewol path.,,,N,N,N,제주시 관광지 (2008 지정),N,N,Y,,,,,,,제주시 애월읍 곽지리 주소 기반 좌표,Address-based: 제주시 애월읍 곽지리
jdx33,jeju,제주,제주,Jeju,,제주 4·3 평화공원,Jeju 4·3 Peace Park,济州4·3和平公园,済州4・3平和公園,herit,문화유산·전통체험,33.4438,126.5503,110,09:00–18:00 · 월요일 휴관 · 무료,1948년 사건의 희생자를 기리는 기념관과 위령 공간. 섬의 근현대사를 이해하는 출발점이다.,A memorial hall and burial ground for the victims of 1948 — the starting point for the island’s modern history.,,,N,N,N,,N,N,Y,,,,https://upload.wikimedia.org/wikipedia/commons/5/56/Darangshi_cave_in_Jeju.jpg,Wikimedia Commons,,제주시 명림로 430 주소 기반 좌표,Address-based: 제주시 명림로 430
jdx34,jeju,제주,제주,Jeju,,국립제주박물관,Jeju National Museum,国立济州博物馆,国立済州博物館,herit,문화유산·전통체험,33.5209,126.5497,80,10:00–18:00 · 월요일 휴관 · 무료,탐라부터 조선까지 섬의 유물을 모았다. 공항에서 가까워 첫날에 넣기 좋다.,Island relics from Tamna to Joseon; close to the airport and easy to slot into day one.,,,N,N,N,,N,N,Y,,,,https://upload.wikimedia.org/wikipedia/commons/f/fd/Jeju_Island_20141129_10_%2815926202611%29.jpg,Wikimedia Commons,,제주시 일주동로 17 주소 기반 좌표,Address-based: 제주시 일주동로 17
jdx35,jeju,제주,제주,Jeju,,삼성혈,Samseonghyeol,三姓穴,三姓穴,herit,문화유산·전통체험,33.5029,126.529,40,"09:00–18:00 · 어른 4,000원",탐라 건국 신화의 세 시조가 솟았다는 구멍. 도심 한복판의 숲에 있다.,"The three holes from which Tamna’s founders are said to have risen, in a wood in the middle of the city.",,,N,N,N,,N,N,Y,,,,https://upload.wikimedia.org/wikipedia/commons/2/23/Three_sacred_holes_in_Jeju.JPG,Wikimedia Commons,,제주시 삼성로 22 주소 기반 좌표,Address-based: 제주시 삼성로 22
jdx36,jeju,제주,제주,Jeju,,관덕정,Gwandeokjeong,观德亭,観徳亭,herit,문화유산·전통체험,33.5136,126.5212,30,상시 개방 · 무료,제주목 관아 앞의 조선 초기 누각. 보물로 지정돼 있다.,"An early-Joseon pavilion in front of the Mokgwana, designated a national treasure.",,,N,N,N,,N,N,Y,,,,https://upload.wikimedia.org/wikipedia/commons/e/eb/Gwandeokjeong_Pavilion_2.JPG,Wikimedia Commons,,제주시 관덕로 19 주소 기반 좌표,Address-based: 제주시 관덕로 19
jdx37,jeju,제주,제주,Jeju,,제주민속자연사박물관,Jeju Folklore & Natural History Museum,济州民俗自然史博物馆,済州民俗自然史博物館,herit,문화유산·전통체험,33.506,126.532,80,"09:00–18:00 · 월요일 휴관 · 어른 2,000원",화산섬 지질과 생활 민속을 한 건물에서 본다. 삼성혈 바로 옆이다.,"Volcanic geology and folk life under one roof, right beside Samseonghyeol.",,,N,N,N,,N,N,Y,,,,https://upload.wikimedia.org/wikipedia/commons/e/ef/%EC%A0%9C%EC%A3%BC%ED%8A%B9%EB%B3%84%EC%9E%90%EC%B9%98%EB%8F%84%EB%AF%BC%EC%86%8D%EC%9E%90%EC%97%B0%EC%82%AC%EB%B0%95%EB%AC%BC%EA%B4%80_%EC%9E%85%EA%B5%AC.jpg,Wikimedia Commons,,제주시 삼성로 40 주소 기반 좌표,Address-based: 제주시 삼성로 40
jdx38,jeju,제주,제주,Jeju,,한라수목원,Hallasan Arboretum,汉拿树木园,漢拏樹木園,heal,힐링·생태·체험,33.456,126.494,70,상시 개방 · 무료 · 야간 산책로,제주시 시내에서 가장 가까운 숲. 저녁에도 걷는 사람이 많다.,"The nearest forest to the city centre, walked well into the evening.",,,N,N,N,,N,N,Y,,,,,,,제주시 수목원길 72 주소 기반 좌표,Address-based: 제주시 수목원길 72
jdx39,jeju,제주,제주,Jeju,,사라봉,Sarabong,纱罗峰,紗羅峰,heal,힐링·생태·체험,33.5197,126.547,50,상시 개방 · 무료,제주항과 시내가 함께 보이는 오름. 정상까지 20분이다.,A cone overlooking both harbour and city; twenty minutes to the top.,,,N,N,N,,N,N,Y,,,,,,,제주시 사라봉동길 74 주소 기반 좌표,Address-based: 제주시 사라봉동길 74
jdx40,jeju,제주,제주,Jeju,,도두봉,Dodubong,道头峰,トドゥ峰,heal,힐링·생태·체험,33.506,126.465,40,상시 개방 · 무료,공항 활주로와 바다가 같이 보이는 낮은 언덕. 비행기 사진 자리로 알려져 있다.,A low hill taking in the runway and the sea — known for aircraft photographs.,,,N,N,N,,N,N,Y,,,,https://upload.wikimedia.org/wikipedia/commons/a/a3/%EC%A0%9C%EC%A3%BC%EC%8B%9C_%EB%8F%84%EB%91%90%ED%95%AD_03.jpg,Wikimedia Commons,,제주시 도두일동 주소 기반 좌표,Address-based: 제주시 도두일동
jdx41,jeju,제주,제주,Jeju,,한라생태숲,Hallasan Eco Forest,汉拿生态林,漢拏生態の森,heal,힐링·생태·체험,33.437,126.592,80,09:00–18:00 · 무료,516도로 옆의 생태 숲. 코스가 여러 갈래로 짧게 나뉜다.,"An eco forest off the 516 road, cut into several short loops.",,,N,N,N,,N,N,Y,,,,,,,제주시 516로 2596 주소 기반 좌표,Address-based: 제주시 516로 2596
jdx42,jeju,제주,제주,Jeju,,절물자연휴양림,Jeolmul Recreation Forest,折物自然休养林,チョルムル自然休養林,heal,힐링·생태·체험,33.447,126.636,90,"07:00–18:00 · 어른 1,000원",삼나무가 곧게 선 휴양림. 장생의 숲길이 길게 이어진다.,"A recreation forest of straight cedar, with the long Jangsaeng trail.",,,Y,N,N,제주시 관광지 (2008 지정),N,N,Y,,,,,,,제주시 명림로 584 주소 기반 좌표,Address-based: 제주시 명림로 584
jdx43,jeju,제주,제주,Jeju,,교래 자연휴양림,Gyorae Recreation Forest,桥来自然休养林,キョレ自然休養林,heal,힐링·생태·체험,33.427,126.669,80,"09:00–17:00 · 어른 1,000원",곶자왈 지형을 그대로 둔 휴양림. 습한 숲 특유의 식생이 짙다.,"A forest left over gotjawal terrain, thick with the vegetation that wet ground brings.",,,N,N,N,,N,N,Y,,,,,,,제주시 조천읍 남조로 2023 주소 기반 좌표,Address-based: 제주시 조천읍 남조로 2023
jdx44,jeju,제주,제주,Jeju,,동백동산 습지,Dongbaekdongsan Wetland,冬柏东山湿地,冬柏東山湿地,heal,힐링·생태·체험,33.503,126.713,80,상시 개방 · 무료,람사르 습지로 등록된 곶자왈 숲. 먼물깍 연못까지 평탄하게 걷는다.,"A Ramsar-listed gotjawal wood, level walking as far as the Meonmulkkak pond.",,,N,N,N,,N,N,Y,,,,,,,제주시 조천읍 선흘리 주소 기반 좌표,Address-based: 제주시 조천읍 선흘리
jdx45,jeju,제주,제주,Jeju,,거문오름,Geomunoreum,拒文岳,コムンオルム,heal,힐링·생태·체험,33.456,126.723,150,"탐방 예약제 · 화요일 휴무 · 어른 2,000원",만장굴을 만든 용암의 발원지. 세계자연유산이며 사전 예약이 필요하다.,"The source of the lava that formed Manjanggul; World Heritage, entry by reservation.",,,N,Y,N,,N,N,Y,,,,https://upload.wikimedia.org/wikipedia/commons/a/af/%EA%B1%B0%EB%AC%B8%EC%98%A4%EB%A6%84.jpg,Wikimedia Commons,,제주시 조천읍 선흘리 주소 기반 좌표,Address-based: 제주시 조천읍 선흘리
jdx46,jeju,제주,제주,Jeju,,용눈이오름,Yongnuni Oreum,龙眼岳,ヨンヌニオルム,heal,힐링·생태·체험,33.457,126.839,60,개방 시기 확인 필요 · 무료,능선이 부드럽게 겹치는 오름. 휴식년제로 닫히는 해가 있다.,A cone of soft overlapping ridgelines; closed in some years for recovery.,,,N,N,N,,N,N,Y,,,,https://upload.wikimedia.org/wikipedia/commons/0/0a/%EC%9A%A9%EB%88%88%EC%9D%B4%EC%98%A4%EB%A6%84_%282018.05.08%29.jpg,Wikimedia Commons,,제주시 구좌읍 종달리 주소 기반 좌표,Address-based: 제주시 구좌읍 종달리
jdx47,jeju,제주,제주,Jeju,,다랑쉬오름,Darangshi Oreum,月郎峰,タランシオルム,heal,힐링·생태·체험,33.464,126.832,90,상시 개방 · 무료,분화구가 깊게 파인 오름. 정상까지 40분 남짓 오른다.,A cone with a deep crater; about forty minutes to the rim.,,,N,N,N,,N,N,Y,,,,https://upload.wikimedia.org/wikipedia/commons/a/ad/%EB%8B%A4%EB%9E%91%EC%89%AC%EC%98%A4%EB%A6%84.JPG,Wikimedia Commons,,제주시 구좌읍 세화리 주소 기반 좌표,Address-based: 제주시 구좌읍 세화리
jdx48,jeju,제주,제주,Jeju,,하도해변,Hado Beach,下道海边,下道海岸,heal,힐링·생태·체험,33.517,126.883,50,상시 개방 · 무료,철새도래지를 옆에 둔 조용한 해변. 사람이 적다.,A quiet beach beside a migratory bird reserve.,,,N,N,N,,N,N,Y,,,,,,,제주시 구좌읍 하도리 주소 기반 좌표,Address-based: 제주시 구좌읍 하도리
jdx49,jeju,제주,제주,Jeju,,평대해변,Pyeongdae Beach,坪岱海边,坪岱海岸,heal,힐링·생태·체험,33.552,126.833,50,상시 개방 · 무료,비자림 가는 길에 들르는 작은 해변.,A small beach on the way to Bijarim.,,,N,N,N,,N,N,Y,,,,,,,제주시 구좌읍 평대리 주소 기반 좌표,Address-based: 제주시 구좌읍 평대리
jdx50,jeju,제주,제주,Jeju,,김녕성세기해변,Gimnyeong Seongsegi Beach,金宁城世基海边,金寧ソンセギ海岸,heal,힐링·생태·체험,33.558,126.753,50,상시 개방 · 무료,김녕 본 해변 옆의 작은 만. 물빛이 더 짙다.,"A small bay next to the main Gimnyeong strand, its water deeper in colour.",,,N,N,N,,N,N,Y,,,,,,,제주시 구좌읍 김녕리 주소 기반 좌표,Address-based: 제주시 구좌읍 김녕리
jdx51,jeju,제주,제주,Jeju,,세화해변,Sehwa Beach,细花海边,細花海岸,heal,힐링·생태·체험,33.524,126.86,50,상시 개방 · 무료,오일장이 서는 마을 앞 해변.,The beach in front of the village where the five-day market stands.,,,N,N,N,,N,N,Y,,,,,,,제주시 구좌읍 세화리 주소 기반 좌표,Address-based: 제주시 구좌읍 세화리
jdx52,jeju,제주,제주,Jeju,,신양섭지해수욕장,Sinyang Seopji Beach,新阳涉地海水浴场,新陽ソプチ海水浴場,heal,힐링·생태·체험,33.43,126.926,50,상시 개방 · 여름 개장,섭지코지 안쪽의 잔잔한 만. 윈드서핑을 많이 한다.,"A calm bay inside Seopjikoji, popular for windsurfing.",,,N,N,N,,N,N,Y,,,,,,,서귀포시 성산읍 신양리 주소 기반 좌표,Address-based: 서귀포시 성산읍 신양리
jdx53,jeju,제주,제주,Jeju,,성산포항,Seongsanpo Harbour,城山浦港,城山浦港,activity,테마파크·액티비티,33.474,126.935,40,우도행 도선 07:00–18:00,우도로 가는 배가 뜨는 항구. 회센터가 붙어 있다.,"The harbour for the Udo boat, with a raw-fish hall alongside.",,,N,N,N,,N,N,Y,,,,,,,서귀포시 성산읍 성산리 주소 기반 좌표,Address-based: 서귀포시 성산읍 성산리
jdx54,jeju,제주,제주,Jeju,,혼인지,Honinji,婚姻池,婚姻池,herit,문화유산·전통체험,33.438,126.904,40,상시 개방 · 무료,탐라 삼신인이 혼례를 올렸다는 못. 수국철에 특히 붐빈다.,The pond where Tamna’s three founders are said to have married; busiest in hydrangea season.,,,N,N,N,,N,N,Y,,,,,,,서귀포시 성산읍 혼인지로 39-22 주소 기반 좌표,Address-based: 서귀포시 성산읍 혼인지로 39-22
jdx55,jeju,제주,제주,Jeju,,표선해수욕장,Pyoseon Beach,表善海水浴场,表善海水浴場,heal,힐링·생태·체험,33.325,126.833,60,상시 개방 · 여름 개장,썰물에 백사장이 운동장처럼 넓게 드러나는 해변.,At low tide the sand opens out as wide as a field.,,,N,N,N,,N,N,Y,,,,,,,서귀포시 표선면 표선리 주소 기반 좌표,Address-based: 서귀포시 표선면 표선리
jdx56,jeju,제주,제주,Jeju,,남원 큰엉해안경승지,Keunnyeong Coastal Walk,南元大瓮海岸,南元クンオン海岸,heal,힐링·생태·체험,33.275,126.715,60,상시 개방 · 무료,절벽 위로 난 산책로. 한반도 모양으로 뚫린 나뭇잎 구간이 알려져 있다.,"A clifftop path, known for the gap in the foliage shaped like the peninsula.",,,N,N,N,,N,N,Y,,,,,,,서귀포시 남원읍 태위로 주소 기반 좌표,Address-based: 서귀포시 남원읍 태위로
jdx57,jeju,제주,제주,Jeju,,서귀포 이중섭거리,Lee Jung-seop Street,李仲燮街,李仲燮通り,herit,문화유산·전통체험,33.247,126.562,60,"미술관 09:00–18:00 · 월요일 휴관 · 어른 1,500원",화가가 피난기에 머문 초가와 미술관이 있는 거리. 올레시장과 붙어 있다.,"The street with the painter’s wartime lodging and museum, next to the Olle market.",,,N,N,N,,N,N,Y,,,,https://upload.wikimedia.org/wikipedia/commons/3/3e/%EC%9D%B4%EC%A4%91%EC%84%AD_%ED%99%94%EB%B0%B1.jpg,Wikimedia Commons,,서귀포시 이중섭로 주소 기반 좌표,Address-based: 서귀포시 이중섭로
jdx58,jeju,제주,제주,Jeju,,새연교,Saeyeongyo Bridge,新缘桥,セヨン橋,heal,힐링·생태·체험,33.239,126.561,40,상시 개방 · 무료,서귀포항과 새섬을 잇는 보행교. 야간 조명이 들어온다.,"A footbridge from Seogwipo harbour to Saeseom, lit at night.",,,N,N,N,,N,N,Y,,,,https://upload.wikimedia.org/wikipedia/commons/2/23/Saeyeon-gyo.jpg,Wikimedia Commons,,서귀포시 서홍동 주소 기반 좌표,Address-based: 서귀포시 서홍동
jdx59,jeju,제주,제주,Jeju,,대포주상절리대,Daepo Columnar Joints,大浦柱状节理,大浦柱状節理,herit,문화유산·전통체험,33.238,126.427,50,"09:00–18:00 · 어른 2,000원",육각 기둥이 바다로 늘어선 절벽. 중문 권역에 있다.,"Hexagonal basalt columns ranked along the sea, in the Jungmun district.",,,N,N,N,서귀포시 관광단지 (2023 지정),N,N,Y,,,,https://upload.wikimedia.org/wikipedia/commons/1/1b/Jeju_Island_20141128_56.jpg,Wikimedia Commons,,서귀포시 이어도로 36-30 주소 기반 좌표,Address-based: 서귀포시 이어도로 36-30
jdx60,jeju,제주,제주,Jeju,,여미지식물원,Yeomiji Botanic Garden,如美地植物园,ヨミジ植物園,heal,힐링·생태·체험,33.25,126.413,90,"09:00–18:00 · 어른 12,000원",온실과 외부 정원이 함께 있는 식물원. 비 오는 날 대안이다.,A glasshouse-and-garden complex — the wet-day option in Jungmun.,,,N,N,N,서귀포시 관광단지 (2023 지정),N,N,Y,,,,https://upload.wikimedia.org/wikipedia/commons/e/eb/Yeomiji.jpg,Wikimedia Commons,,서귀포시 중문관광로 93 주소 기반 좌표,Address-based: 서귀포시 중문관광로 93
jdx61,jeju,제주,제주,Jeju,,제주항공우주박물관,Jeju Aerospace Museum,济州航空宇宙博物馆,済州航空宇宙博物館,activity,테마파크·액티비티,33.304,126.309,110,"09:00–18:00 · 월요일 휴관 · 어른 10,000원",실물 항공기를 전시하는 대형 박물관. 아이 동반 일정에 넣는다.,A large museum of real aircraft — one for itineraries with children.,,,N,N,N,서귀포시 관광단지 (2010 지정),N,N,Y,,,,https://upload.wikimedia.org/wikipedia/commons/0/0d/Jeju_Aerospace_Museum_Aviation_Hall_20140606-01.JPG,Wikimedia Commons,,서귀포시 안덕면 녹차분재로 218 주소 기반 좌표,Address-based: 서귀포시 안덕면 녹차분재로 218
jdx62,jeju,제주,제주,Jeju,,본태박물관,Bonte Museum,本态博物馆,本態博物館,activity,테마파크·액티비티,33.302,126.368,80,"10:00–18:00 · 어른 20,000원",안도 다다오가 설계한 미술관. 전통 공예와 현대미술을 함께 건다.,A Tadao Ando museum showing traditional craft alongside contemporary art.,,,N,N,N,,N,N,Y,,,,https://upload.wikimedia.org/wikipedia/commons/7/70/Bontae_Museum.png,Wikimedia Commons,,서귀포시 안덕면 산록남로 762번길 69 주소 기반 좌표,Address-based: 서귀포시 안덕면 산록남로 762번길 69
jdx63,jeju,제주,제주,Jeju,,제주 신화월드,Jeju Shinhwa World,济州神话世界,済州新話ワールド,activity,테마파크·액티비티,33.305,126.32,180,테마파크 10:00–18:00 · 요금 상이,호텔과 테마파크가 묶인 복합 단지. 서쪽 일정의 거점이 된다.,"A resort of hotels and theme parks, a base for the western itinerary.",,,N,N,N,서귀포시 관광단지 (2010 지정),N,N,Y,,,,,,,서귀포시 안덕면 신화역사로 304번길 38 주소 기반 좌표,Address-based: 서귀포시 안덕면 신화역사로 304번길 38
jdx64,jeju,제주,제주,Jeju,,금오름,Geumoreum,今岳,クムオルム,heal,힐링·생태·체험,33.355,126.306,60,상시 개방 · 무료,분화구에 물이 고이는 오름. 노을 시간에 사람이 몰린다.,A cone whose crater holds water; busiest at sunset.,,,N,N,N,,N,N,Y,,,,https://upload.wikimedia.org/wikipedia/commons/3/32/%EA%B8%88%EC%98%A4%EB%A6%84.jpg,Wikimedia Commons,,제주시 한림읍 금악리 주소 기반 좌표,Address-based: 제주시 한림읍 금악리
jdx65,jeju,제주,제주,Jeju,,저지오름,Jeoji Oreum,楮旨岳,チョジオルム,heal,힐링·생태·체험,33.323,126.267,70,상시 개방 · 무료,둘레길이 잘 난 숲 오름. 정상 전망대가 있다.,A wooded cone with a well-made loop and a viewing deck at the top.,,,N,N,N,,N,N,Y,,,,,,,제주시 한경면 저지리 주소 기반 좌표,Address-based: 제주시 한경면 저지리
jdx66,jeju,제주,제주,Jeju,,수월봉,Suwolbong,水月峰,水月峰,herit,문화유산·전통체험,33.293,126.166,60,상시 개방 · 무료,화산재층이 켜켜이 드러난 해안 절벽. 세계지질공원 대표 지점이다.,"Sea cliffs of layered volcanic ash, a flagship site of the global geopark.",,,N,N,N,,N,N,Y,,,,,,,제주시 한경면 노을해안로 주소 기반 좌표,Address-based: 제주시 한경면 노을해안로
jdx67,jeju,제주,제주,Jeju,,차귀도,Chagwido,遮归岛,遮帰島,activity,테마파크·액티비티,33.312,126.149,150,유람선 · 기상 결항 잦음,무인도 세 개가 모인 해상 경관. 배로 돌거나 자구내포구에서 본다.,"A cluster of three uninhabited islets, circled by boat or seen from Jagunae harbour.",,,N,N,N,,N,N,Y,,,,https://upload.wikimedia.org/wikipedia/commons/a/a3/Chagwido_01.jpg,Wikimedia Commons,,제주시 한경면 고산리 주소 기반 좌표,Address-based: 제주시 한경면 고산리
jdx68,jeju,제주,제주,Jeju,,신창풍차해안도로,Sinchang Windmill Coast,新昌风车海岸路,新昌風車海岸道路,heal,힐링·생태·체험,33.34,126.172,50,상시 개방 · 무료,바다 위에 풍력발전기가 선 해안 구간. 노을 시간이 좋다.,A coastal stretch with turbines standing in the water; best at sunset.,,,N,N,N,,N,N,Y,,,,,,,제주시 한경면 신창리 주소 기반 좌표,Address-based: 제주시 한경면 신창리
jdx69,jeju,제주,제주,Jeju,,협재 비양도,Biyangdo Island,飞扬岛,飛揚島,activity,테마파크·액티비티,33.404,126.227,180,한림항 도선 09:00·12:00·14:00·16:00,협재 앞바다의 작은 섬. 한 바퀴 한 시간이면 돈다.,The small island off Hyeopjae; an hour to walk around.,,,N,N,N,,N,N,Y,,,,https://upload.wikimedia.org/wikipedia/commons/8/89/%EC%A0%9C%EC%A3%BC%EB%8F%84_%EB%B9%84%EC%96%91%EB%8F%84_220130.jpg,Wikimedia Commons,,제주시 한림읍 비양도 주소 기반 좌표,Address-based: 제주시 한림읍 비양도
jdx70,jeju,제주,제주,Jeju,,제주현대미술관,Jeju Museum of Contemporary Art,济州现代美术馆,済州現代美術館,activity,테마파크·액티비티,33.321,126.268,70,"09:00–18:00 · 월요일 휴관 · 어른 2,000원",저지예술인마을 안의 미술관. 주변에 공방이 모여 있다.,"A museum inside the Jeoji artists’ village, with studios around it.",,,N,N,N,,N,N,Y,,,,,,,제주시 한경면 저지14길 35 주소 기반 좌표,Address-based: 제주시 한경면 저지14길 35
jdx71,jeju,제주,제주,Jeju,,항파두리 항몽유적지,Hangpaduri Fortress,缸坡头里抗蒙遗址,缸坡頭里抗蒙遺跡,herit,문화유산·전통체험,33.438,126.406,50,상시 개방 · 무료,삼별초가 마지막으로 항전한 토성 터. 유채와 코스모스를 심는다.,The earthwork where the Sambyeolcho made their last stand; rape and cosmos are planted on it.,,,N,N,N,,N,N,Y,,,,https://upload.wikimedia.org/wikipedia/commons/e/e5/Historic_Site_of_Anti-Mongolian_Struggle_inner_fortress.jpg,Wikimedia Commons,,제주시 애월읍 항파두리로 50 주소 기반 좌표,Address-based: 제주시 애월읍 항파두리로 50
jdx72,jeju,제주,제주,Jeju,,새별오름 나홀로나무,Saebyeol Lone Tree,晓星岳独木,セビョルオルムの一本木,heal,힐링·생태·체험,33.361,126.351,30,상시 개방 · 무료,들판에 한 그루 선 나무. 새별오름 바로 아래다.,"A single tree in open field, just below Saebyeol Oreum.",,,N,N,N,제주시 관광단지 (2018 지정),N,N,Y,,,,,,,제주시 애월읍 봉성리 주소 기반 좌표,Address-based: 제주시 애월읍 봉성리
jdx73,jeju,제주,제주,Jeju,,서귀포 자연휴양림,Seogwipo Recreation Forest,西归浦自然休养林,西帰浦自然休養林,heal,힐링·생태·체험,33.313,126.467,90,"09:00–18:00 · 어른 1,000원",한라산 남쪽 사면의 편백 숲. 1100도로 중턱에 있다.,"A cypress forest on Hallasan’s south face, midway up the 1100 road.",,,N,N,N,,N,N,Y,,,,,,,서귀포시 1100로 882 주소 기반 좌표,Address-based: 서귀포시 1100로 882
jdx74,jeju,제주,제주,Jeju,,1100고지 습지,1100 Highland Wetland,1100高地湿地,1100高地湿地,heal,힐링·생태·체험,33.358,126.465,40,상시 개방 · 무료,람사르 습지로 등록된 고지대 늪. 겨울에 눈이 가장 먼저 쌓인다.,"A Ramsar-listed highland marsh, the first place snow settles in winter.",,,N,N,N,,N,N,Y,,,,,,,서귀포시 색달동 산 1-2 주소 기반 좌표,Address-based: 서귀포시 색달동 산 1-2
jdx75,jeju,제주,제주,Jeju,,성판악 탐방로,Seongpanak Trail,城板岳登山路,城板岳登山路,heal,힐링·생태·체험,33.385,126.619,480,입산 통제 시간 엄격 · 예약제 · 무료,백록담까지 오르는 유일한 완주 코스 중 하나. 왕복 아홉 시간을 잡는다.,One of the two routes that reach the summit crater; allow nine hours round trip.,,,N,Y,N,,N,N,Y,,,,https://upload.wikimedia.org/wikipedia/commons/e/eb/KOCIS_Halla_Mountain_in_Jeju-do_%286387785543%29.jpg,Wikimedia Commons,,제주시 조천읍 516로 1865 주소 기반 좌표,Address-based: 제주시 조천읍 516로 1865
yw1,yeongwol,영월,영월,Yeongwol,1,청령포,Cheongnyeongpo,清泠浦,清泠浦,herit,문화유산·전통체험,37.175028,128.444056,90,"09:00–18:00 (입장 마감 17:00) · 어른 3,000원 · 1577-0545","단종의 유배지. 삼면이 서강으로 막히고 뒤는 절벽이라 지금도 배를 타고 건넌다. 영화 초반, 강을 건너 유배지로 들어가는 장면의 무대이며 수령 600년이 넘은 관음송이 천연기념물로 지정돼 있다.","Danjong's place of exile — river on three sides, cliff behind, still crossed by boat. The setting of the film's early river crossing; the 600-year-old Gwaneumsong pine is a natural monument.",,,N,N,N,,N,N,N,sc1,왕과 사는 남자 (2026),강을 건너 유배지로 들어가다,https://commons.wikimedia.org/wiki/Special:FilePath/CheongRyeongpo%20Eoso.JPG?width=960,Wikimedia Commons,,남면 광천리 · 위키백과 등재 좌표,"Wikipedia listed coordinates, Gwangcheon-ri"
yw3,yeongwol,영월,영월,Yeongwol,2,관풍헌,Gwanpungheon,观风轩,観風軒,herit,문화유산·전통체험,37.1834,128.4652,30,상시 개방 · 무료,"홍수로 청령포에서 옮겨온 단종이 생을 마쳤다고 전하는 관아 건물. 군청과 학교를 거쳐 지금은 종교 시설로 쓰이며, 상가와 차량이 오가는 읍내 한복판에 놓여 있어 표지를 보지 않으면 지나치기 쉽다.","The government hall where Danjong is said to have died after floods drove him from Cheongnyeongpo. Later a county office and a school, now a religious building, it sits in the middle of town traffic and is easy to walk past.",,,N,N,N,,N,N,N,sc3,왕과 사는 남자 (2026),마지막 날,https://upload.wikimedia.org/wikipedia/commons/b/b5/%EC%9E%90%EA%B7%9C%EB%A3%A8_01.jpg,Wikimedia Commons,,영월읍 중앙로 61 주소 기반 좌표 — 재검증 권장,Address-based: Jungang-ro 61 (verify)
yw2,yeongwol,영월,영월,Yeongwol,3,영월 장릉,Jangneung Royal Tomb,宁越庄陵,寧越荘陵,herit,문화유산·전통체험,37.1974,128.4529,70,"09:00–18:00 · 어른 2,000원 · 033-372-3088","단종의 능. 호장 엄흥도가 시신을 거두어 묻었다고 전하는 자리로, 조선왕릉 세계유산에 포함된다. 영화 개봉 뒤 추모하는 글을 남기려는 관람객이 크게 늘었다.","Danjong's tomb, said to hold the body recovered by the local officer Eom Heung-do; part of the Royal Tombs World Heritage listing. Visitor numbers rose sharply after the film's release.",,,N,Y,N,,N,N,N,sc4,왕과 사는 남자 (2026),거두어 묻다,https://commons.wikimedia.org/wiki/Special:FilePath/Danjong%20jangreung.jpg?width=960,Wikimedia Commons,,영월읍 단종로 190 · 위키백과 등재 좌표,"Wikipedia listed coordinates, Danjong-ro 190"
yw4,yeongwol,영월,영월,Yeongwol,4,선돌,Seondol Standing Rock,立石,立石,heal,힐링·생태·체험,37.2139,128.4339,40,상시 개방 · 무료,서강 절벽 끝에 둘로 갈라져 선 70m 바위. 유배길의 단종이 이 바위를 보고 신선 같다 하여 선돌이라 불렀다고 전한다. 주차장에서 전망대까지 5분이면 닿는다.,A 70 m rock split in two above the Seogang cliff; Danjong is said to have named it on his way into exile. Five minutes from the car park to the viewpoint.,,,N,N,N,,N,N,N,sc2,왕과 사는 남자 (2026),유배길 위에서,https://upload.wikimedia.org/wikipedia/commons/f/f0/Yeongwol_Seondol_2023.jpg,Wikimedia Commons,,영월읍 방절리 산122 주소 기반 좌표 — 재검증 권장,"Address-based: San 122, Bangjeol-ri (verify)"
yw5,yeongwol,영월,영월,Yeongwol,5,어라연,Eorayeon,鱼罗渊,魚羅淵,heal,힐링·생태·체험,37.2483,128.5236,180,상시 개방 · 래프팅 5–10월 · 거운분교 탐방안내소,"동강 상류의 세 못. 기암절벽과 굽이치는 강물이 영화의 강 장면에 깊이를 더한다. 걸어서 왕복 세 시간, 래프팅으로는 배 위에서 지난다.","Three pools on the upper Donggang, where crags and river bends give the film’s water scenes their depth. Three hours round trip on foot, or passed by raft.",,,N,N,N,,N,N,N,sc5,왕과 사는 남자 (2026),물길,,,,영월읍 거운리 동강 어라연 일대 좌표 — 재검증 권장,"Donggang Eorayeon, Geoun-ri (verify)"
ywx10,yeongwol,영월,영월,Yeongwol,,한반도지형 (선암마을),Hanbando Topography,韩半岛地形,韓半島地形,heal,힐링·생태·체험,37.262,128.3299,80,상시 개방 · 무료 · 033-370-2622,서강이 감아 돌며 한반도 모양을 만든 지형. 촬영지는 아니지만 영월 촬영지 순례 코스에 거의 빠지지 않는다. 주차장에서 전망대까지 흙길 800m.,"A river bend tracing the shape of the peninsula — not a filming location, but a fixture of the Yeongwol pilgrimage route. An 800 m earth path to the viewpoint.",,,N,N,N,,N,N,Y,,,,https://commons.wikimedia.org/wiki/Special:FilePath/Miniature%20Shape%20of%20the%20Korean%20Peninsula%2C%20Yeongwol.jpg?width=960,Wikimedia Commons,,한반도면 옹정리 선암마을 주소 기반 좌표 — 재검증 권장,"Address-based: Seonam village, Hanbando-myeon (verify)"
ywx11,yeongwol,영월,영월,Yeongwol,,별마로천문대,Byeolmaro Observatory,星星天文台,ピョルマロ天文台,activity,테마파크·액티비티,37.1743,128.4805,90,"하계 19:00–24:00 · 어른 7,000원 · 033-372-8445","봉래산 정상 해발 799m. 해 질 무렵 오르면 영월읍과 동강의 야경이 펼쳐지고, 밤에는 망원경 관측과 별자리 해설이 이어진다. 낮에 유배지를 걷고 하루를 닫는 자리로 권한다.","At 799 m on Bongnaesan — town and river lights at dusk, telescope sessions and constellation talks after dark. The recommended close to a day spent on the exile route.",,,N,N,N,,N,N,Y,,,,,,,영월읍 봉래산길 136 주소 기반 좌표 — 재검증 권장,Address-based: Bongnaesan-gil 136 (verify)
ywx12,yeongwol,영월,영월,Yeongwol,,요선암 돌개구멍,Yoseonam Potholes,邀仙岩壶穴,邀仙岩甌穴,heal,힐링·생태·체험,37.2853,128.3571,50,상시 개방 · 무료,주천강 화강암 바닥이 물살에 패여 만들어진 항아리 모양 구멍들. 천연기념물이며 위쪽에 요선정이 있다.,"Jar-shaped hollows worn into the granite bed of the Jucheon river — a natural monument, with Yoseonjeong pavilion above.",,,N,N,N,,N,N,Y,,,,,,,무릉도원면 무릉리 주소 기반 좌표 — 재검증 권장,"Address-based: Mureung-ri, Mureungdowon-myeon (verify)"
ywx13,yeongwol,영월,영월,Yeongwol,,영월 서부시장,Yeongwol Seobu Market,宁越西部市场,寧越西部市場,food,로컬상권·먹거리,37.1841,128.4638,60,08:00–19:00 · 끝자리 4·9일 장,"메밀전병과 다슬기해장국, 꼴두국수를 파는 상설시장. 관풍헌에서 도보 3분이라 점심 자리로 붙이기 좋다.","Buckwheat crepes, freshwater-snail soup and kkolttu noodles; three minutes on foot from Gwanpungheon, so it slots in at lunch.",,,N,N,N,,N,N,Y,,,,,,,영월읍 중앙로 21 주소 기반 좌표 — 재검증 권장,Address-based: Jungang-ro 21 (verify)
ywx1,yeongwol,영월,영월,Yeongwol,,고씨굴,Gossigul Cave,高氏洞窟,高氏洞窟,heal,힐링·생태·체험,37.1465,128.5357,70,"09:00–17:00 · 어른 5,000원 · 033-372-7269",임진왜란 때 고씨 일가가 숨었다는 석회암 동굴. 내부 620m 구간이 개방돼 있다.,A limestone cave where the Go family is said to have hidden during the Imjin War; 620 m is open inside.,,,N,N,N,,N,N,Y,,,,https://upload.wikimedia.org/wikipedia/commons/1/13/Gossi_Cave.jpg,Wikimedia Commons,,김삿갓면 진별리 주소 기반 좌표 — 재검증 권장,Address-based: Jinbyeol-ri (verify)
ywx2,yeongwol,영월,영월,Yeongwol,,김삿갓 유적지,Kim Sat-gat Historic Site,金笠遗址,金笠遺跡,herit,문화유산·전통체험,37.0852,128.5711,60,09:00–18:00 · 무료 · 033-375-7900,방랑시인 김병연의 묘와 문학관. 계곡을 따라 시비가 늘어서 있다.,"The grave and literary hall of the wandering poet Kim Byeong-yeon, with verse steles along the valley.",,,N,N,N,,N,N,Y,,,,https://commons.wikimedia.org/wiki/Special:FilePath/Korea%20Yeongwol%20Sketch%2001%20(8228243829).jpg?width=960,Wikimedia Commons,,김삿갓면 김삿갓로 216-22 주소 기반 좌표 — 재검증 권장,Address-based: Kimsatgat-ro 216-22 (verify)
ywx3,yeongwol,영월,영월,Yeongwol,,라디오스타 박물관,Radio Star Museum,广播明星博物馆,ラジオスター博物館,activity,테마파크·액티비티,37.1846,128.4634,60,"09:30–18:00 · 어른 5,000원 · 033-375-8322",옛 영월방송국을 고쳐 만든 라디오 박물관. 영화 촬영지 사이 실내 대안으로 쓰기 좋다.,A radio museum in the old Yeongwol broadcasting station — a useful indoor stop between locations.,,,N,N,N,,N,N,Y,,,,,,,영월읍 서부로 10 주소 기반 좌표 — 재검증 권장,Address-based: Seobu-ro 10 (verify)
ywx4,yeongwol,영월,영월,Yeongwol,,동강사진박물관,Donggang Museum of Photography,东江摄影博物馆,東江写真博物館,activity,테마파크·액티비티,37.1836,128.4682,60,"09:00–18:00 · 어른 3,000원 · 033-375-4554",국내 첫 공립 사진박물관. 매년 여름 동강국제사진제가 열린다.,"Korea's first public photography museum, host to the Donggang International Photo Festival each summer.",,,N,N,N,,N,N,Y,,,,,,,영월읍 영월로 1909-10 주소 기반 좌표 — 재검증 권장,Address-based: Yeongwol-ro 1909-10 (verify)
ywx5,yeongwol,영월,영월,Yeongwol,,젊은달와이파크,Younger than Yesterday Art Park,年轻月亮艺术公园,若い月アートパーク,activity,테마파크·액티비티,37.2951,128.3609,90,"10:00–18:00 · 어른 15,000원 · 033-372-9411",옛 술 공장 터를 붉은 대나무 구조물로 바꾼 야외 미술관.,"An outdoor art park on a former liquor-factory site, built around red bamboo structures.",,,N,N,N,,N,N,Y,,,,,,,주천면 송학주천로 1467-9 주소 기반 좌표 — 재검증 권장,Address-based: Songhakjucheon-ro 1467-9 (verify)
ywx6,yeongwol,영월,영월,Yeongwol,,법흥사,Beopheungsa Temple,法兴寺,法興寺,herit,문화유산·전통체험,37.2571,128.3055,70,상시 개방 · 무료 · 033-374-9177,자장율사가 창건했다는 적멸보궁. 사자산 아래 전나무 숲길이 길다.,"A relic hall said to be founded by the monk Jajang, reached by a long fir path below Sajasan.",,,N,N,N,,N,N,Y,,,,,,,무릉도원면 법흥리 주소 기반 좌표 — 재검증 권장,Address-based: Beopheung-ri (verify)
ywx7,yeongwol,영월,영월,Yeongwol,,영월곤충박물관,Yeongwol Insect Museum,宁越昆虫博物馆,寧越昆虫博物館,activity,테마파크·액티비티,37.174,128.4741,50,"09:00–18:00 · 어른 3,000원 · 033-374-5888",청령포 건너편 곤충 표본관. 청령포 관람과 묶기 좋다.,"An insect collection across from Cheongnyeongpo, easily paired with the visit.",,,N,N,N,,N,N,Y,,,,,,,영월읍 청령포로 61 주소 기반 좌표 — 재검증 권장,Address-based: Cheongnyeongpo-ro 61 (verify)
ywx8,yeongwol,영월,영월,Yeongwol,,단종역사관,Danjong History Museum,端宗历史馆,端宗歴史館,herit,문화유산·전통체험,37.1876,128.461,40,09:00–18:00 · 장릉 입장권 공용,"장릉 경내의 전시관. 유배부터 복위까지의 기록을 연대순으로 놓아, 영화를 보고 온 사람에게 순서를 정리해 준다.",An exhibition hall inside Jangneung laying out the exile and posthumous restoration in order — useful after the film.,,,N,N,N,,N,N,Y,,,,,,,영월읍 단종로 178 주소 기반 좌표 — 재검증 권장,Address-based: Danjong-ro 178 (verify)
ywx9,yeongwol,영월,영월,Yeongwol,,동강생태정보센터,Donggang Eco Information Center,东江生态信息中心,東江生態情報センター,heal,힐링·생태·체험,37.2,128.501,50,09:00–18:00 · 무료 · 033-375-6828,어라연 들머리의 안내 시설. 트레킹 코스 상태와 래프팅 운항을 여기서 확인한다.,The trailhead centre for Eorayeon — check path conditions and rafting operations here.,,,N,N,N,,N,N,Y,,,,,,,영월읍 거운리 주소 기반 좌표 — 재검증 권장,Address-based: Geoun-ri (verify)
gj1,nation,전국,경주,Gyeongju,1,효우당,Hyowoodang,孝友堂,孝友堂,stay,숙박,35.8923,129.1786,180,15:00 IN / 11:00 OUT,"한옥 스테이. 영상 도입부의 마당 컷이 촬영된 곳으로, 아침 다도 체험이 함께 운영된다.","Hanok stay used for the opening courtyard shots, with a morning tea session on offer.",韩屋民宿，影片开头的庭院镜头在此拍摄，早晨提供茶道体验。,韓屋ステイ。冒頭の中庭カットの撮影地で、朝の茶道体験もある。,N,N,N,,N,N,N,4m9eLr-NofA,,,,,,현곡면 소현효자길 21-3 지오코딩 확인,"Verified: Hyeongok-myeon, Sohyeonhyoja-gil 21-3"
gj2,nation,전국,경주,Gyeongju,2,쪽샘 44호 신라공주묘,Jjoksaem Tomb No. 44,Jjoksaem 44号新罗公主墓,チョクセム44号 新羅公主墓,herit,문화유산·전통체험,35.8397,129.2163,40,09:00–18:00,신라 공주의 무덤을 발굴 현장 그대로 공개한 유적. 발굴관 내부는 촬영 가능.,A Silla princess tomb shown as an open excavation; photography allowed inside.,以发掘现场原样公开的新罗公主墓，馆内可以拍照。,発掘現場をそのまま公開した新羅公主の墓。館内は撮影可。,N,N,N,,N,N,N,4m9eLr-NofA,,,,,,쪽샘길 60 지오코딩 확인,Verified: Jjoksaem-gil 60
gj3,nation,전국,경주,Gyeongju,3,동궁과 월지,Donggung & Wolji,东宫与月池,東宮と月池,herit,문화유산·전통체험,35.8348,129.2266,70,09:00–22:00,야간 조명이 수면에 반사되는 시간대(일몰 후 30분)가 영상 속 장면과 가장 가깝다.,Thirty minutes after sunset matches the lighting in the video most closely.,日落后三十分钟的灯光倒影，最接近影片中的画面。,日没30分後の照明が水面に映る時間帯が映像に最も近い。,N,N,N,,N,N,N,4m9eLr-NofA,,,https://upload.wikimedia.org/wikipedia/commons/3/3f/%EB%8F%99%EA%B6%81%EA%B3%BC_%EC%9B%94%EC%A7%80.jpg,Wikimedia Commons,,공식 관광정보 좌표,Official tourism coordinates
gj4,nation,전국,경주,Gyeongju,4,황리단길,Hwangnidan-gil,皇理团路,ファンリダン通り,food,로컬상권·먹거리,35.8377,129.2097,120,11:00–22:00,한옥 상점가. 멤버들이 들른 디저트 가게 세 곳이 도보 5분 안에 모여 있다.,Hanok shopping street; the three dessert stops sit within a five-minute walk.,韩屋商街，成员们去过的三家甜点店步行五分钟内。,韓屋の商店街。メンバーが立ち寄った三軒のデザート店は徒歩5分圏。,N,N,N,,N,N,N,WTdyA5N4K0k,,,https://upload.wikimedia.org/wikipedia/commons/a/a2/Hwanglidangil_Flea_Market.jpg,Wikimedia Commons,,황리단길 대표 구간 중심점,Midpoint of the main strip
gj5,nation,전국,경주,Gyeongju,5,경주월드,Gyeongju World,庆州世界游乐园,慶州ワールド,activity,테마파크·액티비티,35.8368,129.282,240,10:00–21:00,드라켄 탑승 리액션 편의 촬영지. 오후 늦게 대기줄이 가장 짧다.,Where the ride-reaction episode was filmed; queues are shortest late afternoon.,过山车反应篇的拍摄地，傍晚排队最短。,ライド企画の撮影地。夕方が最も待ち時間が短い。,N,N,N,경주시 관광단지 (2008 지정),N,N,N,hqSzEdrSpno,,,https://upload.wikimedia.org/wikipedia/commons/f/f2/Gyeongju_World.jpg,Wikimedia Commons,,경주월드 주소 기준 지오코딩,Geocoded from park address
gj6,nation,전국,경주,Gyeongju,6,경주 라원(미디어아트),Gyeongju Rawon Media Art,庆州罗园 媒体艺术,慶州ラウォン(メディアアート),activity,테마파크·액티비티,35.847,129.2619,60,10:00–20:00,실내 미디어아트 전시. 마지막 곡 퍼포먼스 배경으로 쓰인 몰입형 홀이 있다.,"Indoor media-art halls, including the immersive room from the final performance.",室内媒体艺术展，设有最后一首歌表演所用的沉浸式展厅。,屋内メディアアート展。ラスト曲の背景となった没入型ホールがある。,N,N,N,경주시 관광단지 (2008 지정),N,N,N,QHomm66dhL0,,,,,,보문동 3-3 지오코딩 확인,Verified: Bomun-dong 3-3
gj7,nation,전국,경주,Gyeongju,7,추억의 달동네 (귀신의집),Memory Hill Village (Haunted House),回忆的月亮村(鬼屋),思い出の月の町(お化け屋敷),activity,테마파크·액티비티,35.8036,129.3123,70,10:00–19:00,“너 도와주러 온거야” 편의 귀신의집 촬영지. 옛 골목을 재현한 테마 마을 안에 있다.,"The haunted-house location from the “I came to help you” episode, inside a recreated old-alley theme village.",“我是来帮你的”一集的鬼屋拍摄地，位于重现旧巷弄的主题村内。,「助けに来たよ」回のお化け屋敷の撮影地。昔の路地を再現したテーマ村の中にある。,N,N,N,,N,N,N,hqSzEdrSpno,,,,,,보불로 216-8 지오코딩 확인,Verified: Bobul-ro 216-8
gjx1,nation,전국,경주,Gyeongju,,불국사,Bulguksa,,,herit,문화유산·전통체험,35.79,129.332,90,09:00–18:00 · 문의 054-746-9913,"유네스코 세계유산. 석굴암과 묶어 반나절 코스로 돌며, 주차장 옆에 불국사 관광안내소가 있다.","A UNESCO World Heritage temple; pairs with Seokguram as a half-day loop, with a tourist information office by the car park.",,,Y,Y,N,,N,N,Y,,,,https://upload.wikimedia.org/wikipedia/commons/thumb/e/ed/Bulguksa_temple_entrance_gate_stairs_flower_bed_and_blue_sky_in_Gyeongju_South_Korea.jpg/960px-Bulguksa_temple_entrance_gate_stairs_flower_bed_and_blue_sky_in_Gyeongju_South_Korea.jpg,Wikimedia Commons,,경주시 관광지 현황(공공데이터) 진현동 산15 · 대웅전 기준 지오코딩,Korea Tourism Data Lab top-visited spot; geocoded
gjx2,nation,전국,경주,Gyeongju,,대릉원,Daereungwon,庆州大陵苑一带,慶州大陵苑一帯,herit,문화유산·전통체험,35.8382,129.2128,70,"09:00–22:00 (매표 21:30) · 어른 3,000원 · 054-750-8650","신라 왕릉급 고분 23기가 모인 시내 한복판 유적. 천마총 내부가 공개돼 있고, 황리단길과 맞붙어 있다.","Twenty-three Silla royal tombs in the middle of town; Cheonmachong is open inside, and Hwangnidan-gil adjoins it.",,,Y,Y,N,,N,N,Y,,,,https://upload.wikimedia.org/wikipedia/commons/thumb/d/d7/Trees_surrounded_by_grassy_tumuli_at_sunset_in_Daereungwon_Tomb_Complex_of_Gyeongju_in_South_Korea.jpg/960px-Trees_surrounded_by_grassy_tumuli_at_sunset_in_Daereungwon_Tomb_Complex_of_Gyeongju_in_South_Korea.jpg,Wikimedia Commons,,경주시 관광지 현황(공공데이터) 황남동 31-1 · 지오코딩 확인,Korea Tourism Data Lab top-visited spot; geocoded
gjx3,nation,전국,경주,Gyeongju,,첨성대,Cheomseongdae,庆州瞻星台,慶州 瞻星台,herit,문화유산·전통체험,35.8347,129.2191,40,상시 개방 (야간 조명),"부채꼴 돌을 27단으로 쌓아 올린 신라 천문대. 돌 개수와 단 수에 의미를 둔 고대 과학의 산물로, 야간 조명이 들어오면 인상이 달라진다.","A Silla observatory of 27 courses of fan-shaped stone, its counts carrying astronomical meaning; night lighting changes its character.",,,Y,Y,N,,N,N,Y,,,,https://upload.wikimedia.org/wikipedia/commons/thumb/e/e2/Cheomseongdae-1.jpg/960px-Cheomseongdae-1.jpg,Wikimedia Commons,,경주시 관광지 현황(공공데이터) 인왕동 839-1 · 지오코딩 확인,Korea Tourism Data Lab top-visited spot; geocoded
gjx4,nation,전국,경주,Gyeongju,,국립경주박물관,Gyeongju National Museum,国立庆州博物馆,国立慶州博物館,herit,문화유산·전통체험,35.8292,129.2279,90,10:00–18:00 · 상설전시 무료 · 054-740-7500,"신라 문화유산 상설 전시. 야외 뜰에 범종·석탑·석불 등 석조품 1,100여 점이 놓여 있고, 동궁과 월지에서 도보 10분이다.","Permanent Silla collections, with some 1,100 stone works in the outdoor grounds; ten minutes on foot from Donggung & Wolji.",,,N,N,N,,N,N,Y,,,,https://upload.wikimedia.org/wikipedia/commons/thumb/c/c0/Gyeongju_National_Museum.jpg/960px-Gyeongju_National_Museum.jpg,Wikimedia Commons,,경주시 관광지 현황(공공데이터) 일정로 186 · 지오코딩 확인,Korea Tourism Data Lab top-visited spot; geocoded
gjx5,nation,전국,경주,Gyeongju,,석굴암,Seokguram Grotto,庆州石窟庵,,herit,문화유산·전통체험,35.7951,129.3489,60,"09:00–18:00 · 어른 6,000원 · 054-746-9933",토함산 동쪽 사면의 석굴 사원. 본존불을 화강암 돔 안에 앉힌 구조로 불국사와 함께 세계유산에 올랐다.,"A granite grotto temple on the east slope of Tohamsan, listed with Bulguksa as World Heritage.",,,Y,Y,N,,N,N,Y,,,,https://upload.wikimedia.org/wikipedia/commons/thumb/a/af/Seokguram_Grotto_03.jpg/960px-Seokguram_Grotto_03.jpg,Wikimedia Commons,,경주시 관광지 현황(공공데이터) 불국로 873-243 · 지오코딩 확인,Gyeongju city tourism dataset; geocoded
gjx6,nation,전국,경주,Gyeongju,,월정교,Woljeonggyo Bridge,月精桥,月精橋,herit,문화유산·전통체험,35.8291,129.2173,40,상시 개방 · 누각 09:00–22:00 · 무료,남천을 건너던 신라 목교를 복원한 다리. 해가 지면 조명이 들어와 물에 비친다.,"A reconstructed Silla timber bridge over the Namcheon, lit and reflected after dark.",,,N,N,N,,N,N,Y,,,,https://upload.wikimedia.org/wikipedia/commons/thumb/0/02/Illuminated_Woljeonggyo_Bridge_at_blue_hour_in_Gyeongju_South_Korea.jpg/960px-Illuminated_Woljeonggyo_Bridge_at_blue_hour_in_Gyeongju_South_Korea.jpg,Wikimedia Commons,,경주시 관광지 현황(공공데이터) 교동 274 · 지오코딩 확인,Gyeongju city tourism dataset; geocoded
gjx7,nation,전국,경주,Gyeongju,,교촌마을,Gyochon Traditional Village,,慶州 校村村,herit,문화유산·전통체험,35.8295,129.2148,50,상시 개방 · 무료 · 054-760-7880,경주 최씨 고택과 교동법주가 있는 한옥 마을. 월정교와 붙어 있어 함께 돌기 좋다.,"A hanok village with the Choi family house and Gyodong rice wine, adjoining Woljeonggyo.",,,N,N,N,,N,N,Y,,,,https://upload.wikimedia.org/wikipedia/commons/thumb/8/8c/Gyochon_Traditional_Village_01.jpg/960px-Gyochon_Traditional_Village_01.jpg,Wikimedia Commons,,경주시 관광지 현황(공공데이터) 교촌길 39-2 · 지오코딩 확인,Gyeongju city tourism dataset; geocoded
gjx8,nation,전국,경주,Gyeongju,,경주 양남 주상절리,Yangnam Columnar Joints,庆州阳南柱状节理展望台,慶州陽南柱状節理展望台,sea,해양·자연경관,35.6908,129.4746,50,전망대 09:00–18:00 · 무료 · 054-775-6366,부채꼴로 누운 주상절리. 국내에서 드문 수평 배열로 천연기념물이다.,"Rare fan-shaped, horizontally splayed basalt columns — a natural monument.",,,N,N,N,,N,N,Y,,,,https://upload.wikimedia.org/wikipedia/commons/thumb/1/16/Gyeongsanganamo_Gyeongju_Yangnam_columnar_joint.jpeg/960px-Gyeongsanganamo_Gyeongju_Yangnam_columnar_joint.jpeg,Wikimedia Commons,,경주시 관광지 현황(공공데이터) 양남면 동해안로 498-13 · 지오코딩 확인,Gyeongju city tourism dataset; geocoded
gjx9,nation,전국,경주,Gyeongju,,문무대왕릉,Tomb of King Munmu,,,sea,해양·자연경관,35.7395,129.4835,40,상시 개방 · 무료 · 054-779-6324,해변에서 200m 떨어진 바위섬 수중릉. 삼국을 통일한 문무왕의 유언에 따라 바다에 묻혔다고 전한다.,"An offshore rock tomb 200 m from shore, said to hold King Munmu at his own request.",,,N,N,N,,N,N,Y,,,,https://upload.wikimedia.org/wikipedia/commons/thumb/9/9a/Korea-Gyeongju-Daewangam-01.jpg/960px-Korea-Gyeongju-Daewangam-01.jpg,Wikimedia Commons,,경주시 관광지 현황(공공데이터) 문무대왕면 봉길리 26 · 지오코딩 확인,Gyeongju city tourism dataset; geocoded
gjx10,nation,전국,경주,Gyeongju,,양동마을,Yangdong Folk Village,庆州良洞村,慶州良洞村,herit,문화유산·전통체험,35.9995,129.2547,90,"09:00–18:00 · 어른 4,000원 · 054-762-2630",월성 손씨와 여강 이씨가 500년간 이어온 씨족 마을. 기와집과 초가가 언덕을 따라 앉아 있다.,A 500-year clan village of tiled and thatched houses set along a hillside.,,,N,Y,N,,N,N,Y,,,,https://upload.wikimedia.org/wikipedia/commons/thumb/7/72/Yangdong_Village_02.jpg/960px-Yangdong_Village_02.jpg,Wikimedia Commons,,경주시 관광지 현황(공공데이터) 강동면 양동마을길 138-18 · 지오코딩 확인,Gyeongju city tourism dataset; geocoded
gjx11,nation,전국,경주,Gyeongju,,경주 엑스포대공원,Gyeongju Expo Park,,慶州エキスポ大公園,activity,테마파크·액티비티,35.833,129.2893,120,10:00–18:00 · 054-748-3011,경주타워와 솔거미술관이 있는 대형 공원. 보문단지 동쪽 끝에 붙어 있다.,A large park with Gyeongju Tower and Solgeo Art Museum at the east end of the Bomun district.,,,N,N,N,,N,N,Y,,,,https://upload.wikimedia.org/wikipedia/commons/thumb/d/d8/Korea-Gyeongju-Expo_Park_and_Tower-01.jpg/960px-Korea-Gyeongju-Expo_Park_and_Tower-01.jpg,Wikimedia Commons,,경주시 관광지 현황(공공데이터) 경감로 614 · 지오코딩 확인,Gyeongju city tourism dataset; geocoded
gjx12,nation,전국,경주,Gyeongju,,금관총,Geumgwanchong,,,herit,문화유산·전통체험,35.84112,129.2098,50,09:00–18:00 · 무료 · 054-777-6100,1921년 신라 금관이 처음 출토된 노서동 고분. 발굴 지점 위에 보호 전시관이 서 있다.,"The Noseo-dong tomb where the first Silla gold crown was unearthed in 1921, now under a protective exhibition hall.",,,N,Y,N,,N,N,Y,,,,https://upload.wikimedia.org/wikipedia/commons/thumb/f/f6/Geumgwanchong_01.JPG/960px-Geumgwanchong_01.JPG,Wikimedia Commons,,경주시 관광지 현황(공공데이터) 노서동 104 · 지오코딩 확인,Gyeongju city tourism dataset; geocoded
gjx13,nation,전국,경주,Gyeongju,,오릉,Oreung,,慶州 五陵,herit,문화유산·전통체험,35.8234,129.2088,50,"09:00–18:00 · 어른 2,000원 · 054-750-8614",박혁거세를 비롯한 신라 초기 왕릉 다섯. 담장 안 소나무와 배롱나무가 정연하다.,"Five early Silla royal mounds including Bak Hyeokgeose, set among ordered pines and crape myrtles.",,,N,N,N,,N,N,Y,,,,https://upload.wikimedia.org/wikipedia/commons/thumb/a/a0/%EA%B2%BD%EC%A3%BC%EC%9D%98_%EC%98%A4%EB%A6%89.jpg/960px-%EA%B2%BD%EC%A3%BC%EC%9D%98_%EC%98%A4%EB%A6%89.jpg,Wikimedia Commons,,경주시 관광지 현황(공공데이터) 탑동 67-1 · 지오코딩 확인,Gyeongju city tourism dataset; geocoded
gjx14,nation,전국,경주,Gyeongju,,감포항,Gampo Port,,,food,로컬상권·먹거리,35.8041,129.5047,60,상시 · 공설시장 08:00–19:00,동해안 어항. 공설시장과 해상공원이 붙어 있어 회와 물회를 먹고 걷는다.,An East Coast fishing harbour with a public market and seaside park.,,,N,N,N,,N,N,Y,,,,https://upload.wikimedia.org/wikipedia/commons/thumb/d/d2/Korea-Gyeongju-Gampo_Port-Ships-01.jpg/960px-Korea-Gyeongju-Gampo_Port-Ships-01.jpg,Wikimedia Commons,,경주시 관광지 현황(공공데이터) 감포읍 감포로2길 93 · 지오코딩 확인,Gyeongju city tourism dataset; geocoded
gjx15,nation,전국,경주,Gyeongju,,경주 최부자댁,Choi Family House,,,herit,문화유산·전통체험,35.8309,129.2162,50,09:00–18:00 · 무료,12대 300년을 이어온 경주 최씨 종가. 사랑채와 곳간이 남아 조선 후기 만석꾼의 살림 규모를 보여준다.,"The Choi clan head house, held for twelve generations over 300 years; its quarters and granary show the scale of a late-Joseon landowner.",,,N,N,N,,N,N,Y,,,,https://upload.wikimedia.org/wikipedia/commons/thumb/7/7b/Gyochon_Traditional_Village_08.jpg/960px-Gyochon_Traditional_Village_08.jpg,Wikimedia Commons,,경주시 관광지 현황(공공데이터) 교촌안길 27-44 · 지오코딩 확인,Gyeongju city tourism dataset; geocoded
gjx16,nation,전국,경주,Gyeongju,,계림,Gyerim Forest,,慶州 鶏林,heal,힐링·생태·체험,35.8326,129.219,40,상시 개방 · 무료 · 054-779-8743,신라 김씨 시조 김알지의 탄생지로 전하는 숲. 늙은 회화나무와 느티나무가 월성과 첨성대 사이를 잇는다.,"The grove where the Silla Kim clan founder is said to have been born, linking Wolseong and Cheomseongdae.",,,N,Y,N,,N,N,Y,,,,https://upload.wikimedia.org/wikipedia/commons/thumb/5/58/Korea-Gyeongju-Gyerim_Forest-Monument-01.jpg/960px-Korea-Gyeongju-Gyerim_Forest-Monument-01.jpg,Wikimedia Commons,,경주시 관광지 현황(공공데이터) 교동 1 · 지오코딩 확인,Gyeongju city tourism dataset; geocoded
gjx17,nation,전국,경주,Gyeongju,,포석정,Poseokjeong,,慶州 鮑石亭址,herit,문화유산·전통체험,35.807,129.2131,40,상시 개방 · 무료 · 054-745-8484,전복 모양으로 깎은 돌 수로. 신라 왕실이 물을 돌려 술잔을 띄우고 시를 지은 자리다.,An abalone-shaped stone water channel where the Silla court floated cups and traded verses.,,,N,Y,N,,N,N,Y,,,,https://upload.wikimedia.org/wikipedia/commons/thumb/d/db/Korea-Gyeongju-Poseokjeong_site_3832-06.JPG/960px-Korea-Gyeongju-Poseokjeong_site_3832-06.JPG,Wikimedia Commons,,경주시 관광지 현황(공공데이터) 배동 454-1 · 지오코딩 확인,Gyeongju city tourism dataset; geocoded
gjx18,nation,전국,경주,Gyeongju,,보문관광단지,Bomun Resort Complex,庆州普门旅游区,慶州普門観光団地,heal,힐링·생태·체험,35.8428,129.2858,60,상시 개방 · 무료,보문호를 둘러싼 숙박·유원 단지. 호반길 7.5km가 벚나무 아래로 이어진다.,"A lakeside resort district around Bomun Lake, with a 7.5 km cherry-lined shore path.",,,N,N,Y,경주시 관광단지 (2008 지정),N,N,Y,,,,https://upload.wikimedia.org/wikipedia/commons/thumb/8/8f/Korea-Gyeongju-Bomun_Lake_Resort-08.jpg/960px-Korea-Gyeongju-Bomun_Lake_Resort-08.jpg,Wikimedia Commons,,경주시 관광지 현황(공공데이터) 신평동 375 · 지오코딩 확인,Gyeongju city tourism dataset; geocoded
gjx19,nation,전국,경주,Gyeongju,,힐튼 경주,Hilton Gyeongju,,,stay,숙박,35.84,129.286,0,체크인 15:00 · 054-745-7788,보문호에 면한 호텔. 신라밀레니엄파크와 같은 부지에 있어 걸어서 오갈 수 있다.,"A lakefront hotel sharing grounds with Silla Millennium Park, walkable between the two.",,,N,N,N,경주시 관광단지 (2008 지정),N,N,Y,,,,https://upload.wikimedia.org/wikipedia/commons/f/f4/Gyeongju_Hilton_%EA%B2%BD%EC%A3%BC%ED%9E%90%ED%8A%BC%ED%98%B8%ED%85%94_%285281871885%29.jpg,Wikimedia Commons,,경주시 관광지 현황(공공데이터) 보문로 484-7 · 지오코딩 확인,Gyeongju city tourism dataset; geocoded
gjx20,nation,전국,경주,Gyeongju,,신라밀레니엄파크,Silla Millennium Park,,,activity,테마파크·액티비티,35.8389,129.2887,150,"10:00–18:00 · 어른 26,000원 · 054-777-7000",신라 왕경을 재현한 테마파크. 공연과 한복 체험이 주 프로그램이다.,"A theme park recreating the Silla capital, built around performances and hanbok experiences.",,,N,N,N,경주시 관광단지 (2008 지정),N,N,Y,,,,https://upload.wikimedia.org/wikipedia/commons/thumb/f/fb/Korea-Gyeongju-Bomun_Lake_Resort-11.jpg/960px-Korea-Gyeongju-Bomun_Lake_Resort-11.jpg,Wikimedia Commons,,경주시 관광지 현황(공공데이터) 보문로 484-7 · 지오코딩 확인,Gyeongju city tourism dataset; geocoded
gjx21,nation,전국,경주,Gyeongju,,월성,Wolseong Palace Site,庆州月城(半月城),,herit,문화유산·전통체험,35.8309,129.2262,60,상시 개방 · 무료,신라 왕궁이 있던 반달 모양 토성. 발굴이 진행 중이라 넓은 터와 성벽 능선만 남아 있다.,"The crescent earthwork where the Silla palace stood; excavation continues, leaving open ground and ridge lines.",,,N,Y,N,,N,N,Y,,,,https://upload.wikimedia.org/wikipedia/commons/thumb/f/f5/Sunset_over_the_Tumuli_Park_in_Gyeongju_Historic_Site_Wolseong_District_South_Korea.jpg/960px-Sunset_over_the_Tumuli_Park_in_Gyeongju_Historic_Site_Wolseong_District_South_Korea.jpg,Wikimedia Commons,,경주시 관광지 현황(공공데이터) 인왕동 387-1 · 지오코딩 확인,Gyeongju city tourism dataset; geocoded
gjx22,nation,전국,경주,Gyeongju,,천마총,Cheonmachong,天马冢(大陵苑),天馬塚（大陵苑）,herit,문화유산·전통체험,35.8386,129.2105,50,"09:00–22:00 · 어른 3,000원 · 054-743-1925",내부가 공개된 유일한 신라 고분. 천마도 장니와 금관이 나온 자리다.,"The only Silla tomb open inside, source of the heavenly-horse saddle flap and a gold crown.",,,N,Y,N,,N,N,Y,,,,https://upload.wikimedia.org/wikipedia/commons/thumb/c/c6/%EC%B2%9C%EB%A7%88%EC%B4%9D.jpg/960px-%EC%B2%9C%EB%A7%88%EC%B4%9D.jpg,Wikimedia Commons,,경주시 관광지 현황(공공데이터) 황남동 262 · 지오코딩 확인,Gyeongju city tourism dataset; geocoded
gjx23,nation,전국,경주,Gyeongju,,봉황대,Bonghwangdae Mound,,,herit,문화유산·전통체험,35.8413,129.2106,30,상시 개방 · 무료,시내 한복판에 솟은 최대 규모 고분. 정상에 느티나무가 자라 여름 저녁 공연이 열린다.,"The largest mound in the city centre, crowned by zelkova trees and used for summer evening concerts.",,,N,Y,N,,N,N,Y,,,,https://upload.wikimedia.org/wikipedia/commons/thumb/d/db/Leaning_trees_over_the_grassy_hillock_of_Nodong-ri_tombs_clouds_and_blue_sky_in_Gyeongju_South_Korea.jpg/960px-Leaning_trees_over_the_grassy_hillock_of_Nodong-ri_tombs_clouds_and_blue_sky_in_Gyeongju_South_Korea.jpg,Wikimedia Commons,,경주시 관광지 현황(공공데이터) 노동동 261 · 지오코딩 확인,Gyeongju city tourism dataset; geocoded
gjx24,nation,전국,경주,Gyeongju,,황룡사지,Hwangnyongsa Temple Site,,慶州 皇龍寺址,herit,문화유산·전통체험,35.8388,129.2335,40,상시 개방 · 무료,9층 목탑이 서 있던 신라 최대 사찰 터. 지금은 주초석만 남아 규모를 짐작하게 한다.,The site of Silla's largest temple and its nine-storey wooden pagoda; only base stones remain.,,,N,Y,N,,N,N,Y,,,,https://upload.wikimedia.org/wikipedia/commons/thumb/0/0b/Korea-Gyeongju-Hwangnyongsa-Dangganjiju-01.jpg/960px-Korea-Gyeongju-Hwangnyongsa-Dangganjiju-01.jpg,Wikimedia Commons,,경주시 관광지 현황(공공데이터) 구황동 320-2 · 지오코딩 확인,Gyeongju city tourism dataset; geocoded
gjx25,nation,전국,경주,Gyeongju,,성동시장,Seongdong Market,,,food,로컬상권·먹거리,35.847,129.2164,60,08:00–19:00 · 054-772-4226,경주역 앞 상설시장. 제철 송이와 시장 백반이 강하다.,"A covered market by the station, strong on seasonal pine mushrooms and set meals.",,,N,N,N,,N,N,Y,,,,https://upload.wikimedia.org/wikipedia/commons/0/02/Korea-Gyeongju-Seongdong_Market-Hallway-01.jpg,Wikimedia Commons,,경주시 관광지 현황(공공데이터) 동문로24번길 12 · 지오코딩 확인,Gyeongju city tourism dataset; geocoded
gjx26,nation,전국,경주,Gyeongju,,중앙시장 야시장,Jungang Market Night Market,,,food,로컬상권·먹거리,35.844,129.2063,70,금·토 18:00–23:00 · 054-743-3696,중앙시장 안에서 주말 저녁에만 서는 야시장. 먹거리 노점이 통로를 채운다.,"A weekend-evening night market inside Jungang Market, its aisles lined with food stalls.",,,N,N,N,,N,N,Y,,,,https://upload.wikimedia.org/wikipedia/commons/thumb/0/0b/Korea-Gyeongju-Seongdong_Market-Fruit_shop-01.jpg/960px-Korea-Gyeongju-Seongdong_Market-Fruit_shop-01.jpg,Wikimedia Commons,,경주시 관광지 현황(공공데이터) 금성로 295 · 지오코딩 확인,Gyeongju city tourism dataset; geocoded
gjx27,nation,전국,경주,Gyeongju,,서출지,Seochulji Pond,书出池,,heal,힐링·생태·체험,35.7965,129.2419,40,상시 개방 · 무료,삼국유사 설화가 깃든 연못. 배롱나무가 물가에 늘어져 여름에 붉게 핀다.,"A pond from a Samguk Yusa legend, ringed by crape myrtles that bloom red in summer.",,,N,Y,N,,N,N,Y,,,,https://upload.wikimedia.org/wikipedia/commons/thumb/6/63/Iyodang_hall_and_Seochulji_Pond.jpg/960px-Iyodang_hall_and_Seochulji_Pond.jpg,Wikimedia Commons,,경주시 관광지 현황(공공데이터) 남산1길 17 · 지오코딩 확인,Gyeongju city tourism dataset; geocoded
gjx28,nation,전국,경주,Gyeongju,,칠불암,Chilbulam Hermitage,,,herit,문화유산·전통체험,35.7785,129.234,120,일출–일몰 · 무료,남산 자락의 마애불 일곱 구. 주차장에서 30분 남짓 오르막을 걸어야 닿는다.,"Seven rock-carved Buddhas on Namsan, about thirty minutes uphill from the car park.",,,N,Y,N,,N,N,Y,,,,https://upload.wikimedia.org/wikipedia/commons/thumb/a/a7/Chilbulam-Namsan.jpg/960px-Chilbulam-Namsan.jpg,Wikimedia Commons,,경주시 관광지 현황(공공데이터) 칠불암길 201 · 지오코딩 확인,Gyeongju city tourism dataset; geocoded
gjx29,nation,전국,경주,Gyeongju,,감은사지,Gameunsa Temple Site,庆州感恩寺址,慶州 感恩寺址,herit,문화유산·전통체험,35.7481,129.4773,40,상시 개방 · 무료,문무왕을 기려 세운 절터. 동서 삼층석탑 둘이 나란히 남아 있다.,"A temple site raised in memory of King Munmu, with its twin three-storey pagodas still standing.",,,N,N,N,,N,N,Y,,,,https://upload.wikimedia.org/wikipedia/commons/thumb/c/c5/Korea-Gyeongju-Gameunsa_temple_site_remains-02.jpg/960px-Korea-Gyeongju-Gameunsa_temple_site_remains-02.jpg,Wikimedia Commons,,경주시 관광지 현황(공공데이터) 문무대왕면 용당리 55-9 · 지오코딩 확인,Gyeongju city tourism dataset; geocoded
gjx32,nation,전국,경주,Gyeongju,,경주 동궁원,Gyeongju Donggungwon,,,activity,테마파크·액티비티,35.85,129.2629,90,"09:00–18:00 · 어른 5,000원 · 054-779-8725",신라 동궁 정원을 모티브로 지은 식물원과 버드파크. 실내라 비 오는 날 대안이 된다.,A glasshouse and bird park modelled on the Silla east palace garden — an indoor option on wet days.,,,N,N,N,,N,N,Y,,,,https://upload.wikimedia.org/wikipedia/commons/thumb/3/34/Gyeongju_Donggungwon_20191111_08.jpg/960px-Gyeongju_Donggungwon_20191111_08.jpg,Wikimedia Commons,,경주시 관광지 현황(공공데이터) 보문로 74-14 · 지오코딩 확인,Gyeongju city tourism dataset; geocoded
gjx33,nation,전국,경주,Gyeongju,,테디베어박물관,Teddy Bear Museum,,,activity,테마파크·액티비티,35.8523,129.2753,70,"09:00–18:00 · 어른 10,000원 · 054-742-7400",보문단지 안 전시관. 신라 복장을 입은 곰 인형으로 왕경을 재현한 방이 있다.,A Bomun-district museum with a room recreating the Silla capital in costumed bears.,,,N,N,N,경주시 관광단지 (2008 지정),N,N,Y,,,,https://upload.wikimedia.org/wikipedia/commons/thumb/6/61/Teddy_Bear_with_costumes_of_Silla_in_Gyeonju_Teddy_Bear_Museum.jpg/960px-Teddy_Bear_with_costumes_of_Silla_in_Gyeonju_Teddy_Bear_Museum.jpg,Wikimedia Commons,,경주시 관광지 현황(공공데이터) 보문로 280-34 · 지오코딩 확인,Gyeongju city tourism dataset; geocoded
gjx34,nation,전국,경주,Gyeongju,,민속공예촌,Folk Craft Village,庆州民俗工艺村,慶州民俗工芸村,herit,문화유산·전통체험,35.8045,129.3112,70,09:00–18:00 · 무료 · 054-746-7270,도자·금속·목공 공방이 모인 마을. 추억의 달동네와 같은 단지에 있다.,"A village of ceramic, metal and woodwork studios, sharing grounds with Memory Hill Village.",,,N,N,N,,N,N,Y,,,,https://upload.wikimedia.org/wikipedia/commons/thumb/e/ed/Korea-Gyeongju_Folk_Craft_Village-Chogajip-02.jpg/960px-Korea-Gyeongju_Folk_Craft_Village-Chogajip-02.jpg,Wikimedia Commons,,경주시 관광지 현황(공공데이터) 보불로 230 · 지오코딩 확인,Gyeongju city tourism dataset; geocoded
gjx35,nation,전국,경주,Gyeongju,,옥산서원,Oksan Seowon,,玉山書院,herit,문화유산·전통체험,36.0117,129.1633,60,09:00–18:00 · 무료 · 054-762-6567,회재 이언적을 기리는 조선 서원. 계곡을 등지고 앉아 한국의 서원으로 세계유산에 올랐다.,"A Joseon academy honoring Yi Eon-jeok, inscribed with the Korean Seowon World Heritage group.",,,N,Y,N,,N,N,Y,,,,https://upload.wikimedia.org/wikipedia/commons/thumb/c/ca/%EA%B2%BD%EC%A3%BC_%EC%98%A5%EC%82%B0%EC%84%9C%EC%9B%90_%EA%B5%AC%EC%9D%B8%EB%8B%B9.jpg/960px-%EA%B2%BD%EC%A3%BC_%EC%98%A5%EC%82%B0%EC%84%9C%EC%9B%90_%EA%B5%AC%EC%9D%B8%EB%8B%B9.jpg,Wikimedia Commons,,경주시 관광지 현황(공공데이터) 안강읍 옥산서원길 216-27 · 지오코딩 확인,Gyeongju city tourism dataset; geocoded
gz1,nation,전국,거제,Geoje,8,덕포해수욕장,Deokpo Beach,德浦海水浴场,徳浦海水浴場,sea,해양·자연경관,34.9131,128.7126,70,상시 개방,완만한 백사장. 이른 아침 물빛이 영상 인트로 컷과 같다.,A gentle sand beach; early-morning water matches the intro shot.,平缓的沙滩，清晨的水色与片头镜头一致。,なだらかな砂浜。早朝の水の色がイントロと同じ。,N,N,N,,N,N,N,SF29doLuBfc,,,,,,거제시 관광정보 좌표,Geoje city tourism coordinates
gz2,nation,전국,거제,Geoje,9,매미성,Maemi Fortress,蝉城,メミ城,sea,해양·자연경관,34.9682513,128.7051193,50,상시 개방,한 사람이 태풍 피해를 막으려 쌓아 올린 돌 성벽. 주차 후 도보 5분.,A stone wall built by one man against typhoon damage; five minutes on foot from parking.,一个人为抵挡台风而垒起的石墙，停车后步行五分钟。,台風被害を防ぐため一人で積み上げた石の城壁。駐車場から徒歩5分。,N,N,N,,N,N,N,_GKSineBozo,,,,,,한국관광공사 좌표,KTO coordinates
gz3,nation,전국,거제,Geoje,10,해금강,Haegeumgang,海金刚,海金剛,sea,해양·자연경관,34.7333355,128.6839246,90,유람선 09:00–16:00,해상 기암. 유람선에서만 볼 수 있는 십자동굴 구간이 영상 후반부에 나온다.,"Sea rock formations; the cross-shaped cave appears late in the video, visible only by boat.",海上奇岩，只有乘游船才能看到的十字洞出现在影片后段。,海上の奇岩。遊覧船からのみ見える十字洞が映像後半に登場する。,N,N,N,,N,N,N,Gdez_IKDK-I,,,https://upload.wikimedia.org/wikipedia/commons/a/ac/KOCIS_Korea_Haegeumgang_08_%2810011695603%29.jpg,Wikimedia Commons,,한국관광공사 좌표,KTO coordinates
gz4,nation,전국,거제,Geoje,11,바람의 언덕,Windy Hill,风之丘,風の丘,sea,해양·자연경관,34.7447,128.6631,60,상시 개방,잔디 언덕과 풍차. 해금강과 묶어 반나절 코스로 돌기 좋다.,Grass hill and windmill; pairs with Haegeumgang as a half-day loop.,草坡与风车，与海金刚组合成半日行程。,芝生の丘と風車。海金剛と合わせて半日コースに。,N,N,N,,N,N,N,YV9Q9fBNzLs,,,,,,한국관광공사 좌표,KTO coordinates
gz5,nation,전국,거제,Geoje,12,오션뷰 카페 씨야드,Seayard Ocean-view Cafe,海景咖啡厅 Seayard,オーシャンビューカフェ シーヤード,sea,해양·자연경관,34.8552,128.5772,60,10:00–21:00,식물원 바로 옆. 2층 창가 자리에서 바다와 돔이 함께 보인다.,Next to the botanic garden; the second-floor window seats frame sea and dome together.,紧邻植物园，二楼窗边座位可同时望见大海与穹顶。,植物園のすぐ隣。2階の窓際席から海とドームが一望できる。,N,N,N,,N,N,N,SF29doLuBfc,,,,,,거제남서로 3613-70 지오코딩 확인,Verified: Geojenamseo-ro 3613-70
gz6,nation,전국,거제,Geoje,13,거제식물원,Geoje Botanic Garden,巨济植物园,巨済植物園,heal,힐링·생태·체험,34.8568,128.5782,80,09:00–18:00,유리 돔 정글. 비 오는 날 대체 코스 1순위.,A glass-dome jungle; first choice as a rainy-day replacement.,玻璃穹顶丛林，雨天的首选替代行程。,ガラスドームのジャングル。雨天の代替コース第一候補。,N,N,N,,N,N,N,Gdez_IKDK-I,,,,,,관광정보 좌표,Official tourism coordinates
gz7,nation,전국,거제,Geoje,14,거제 파노라마 케이블카,Geoje Panorama Cable Car,巨济全景缆车,巨済パノラマケーブルカー,heal,힐링·생태·체험,34.7868,128.6327,70,09:30–17:30,노자산 상부에서 다도해 전경. 크리스탈 캐빈은 별도 요금.,Archipelago views from the upper station; crystal cabins cost extra.,从卢子山上部俯瞰多岛海，水晶车厢另行收费。,ノジャ山上部から多島海を一望。クリスタルキャビンは別料金。,N,N,N,,N,N,N,_GKSineBozo,,,,,,하부역사(거제중앙로 288) 지오코딩 확인,"Verified: lower station, Geojejungang-ro 288"
gz8,nation,전국,거제,Geoje,15,동부저수지,Dongbu Reservoir,东部水库,東部貯水池,heal,힐링·생태·체험,34.8125,128.6239,40,상시 개방,물안개 산책로. 이동 중 잠깐 들르는 15분 코스로도 충분하다.,A misty lakeside path; fifteen minutes is enough as a stop en route.,雾气弥漫的湖畔步道，途中停留十五分钟也足够。,霧の立つ湖畔の遊歩道。移動途中に15分立ち寄るだけでも十分。,N,N,N,,N,N,N,YV9Q9fBNzLs,,,,,,관광정보 좌표,Official tourism coordinates
gz9,nation,전국,거제,Geoje,16,고현동 상권,Gohyeon-dong District,古县洞商圈,古県洞エリア,food,로컬상권·먹거리,34.8863,128.6239,90,11:00–23:00,거제 최대 상권. 숙소를 여기 잡으면 저녁 이동이 없다.,Geoje's largest commercial district; staying here removes the evening drive.,巨济最大商圈，住在这里晚上无需再移动。,巨済最大の商圏。ここに宿を取れば夜の移動が不要。,N,N,N,,N,N,N,,,,,,,고현시장 대표점 기준 분석점 (반경 500m),"Analysis point, 500 m radius"
gz10,nation,전국,거제,Geoje,17,거제 고현시장,Gohyeon Market,巨济古县市场,巨済古県市場,food,로컬상권·먹거리,34.8863,128.6239,50,08:00–20:00,영상 속 원이가 추천하는 '순대리아'의 성지이자 거제의 살아 숨쉬는 전통시장. ,"Mornings are best, when the seafood aisles run tastings.",水产区试吃热闹的上午最值得来。,試食が活発な午前中が一番おすすめ。,N,N,N,,N,N,N,aFhYXNCn-g8,,,,,,거제중앙로 1883 지오코딩 확인,Market reference coordinates
gz11,nation,전국,거제,Geoje,18,원조거제굴구이,Wonjo Geoje Grilled Oyster,正宗巨济烤牡蛎,元祖 巨済カキ焼き,food,로컬상권·먹거리,34.84311,128.56209,80,11:00–21:00,겨울 굴구이. 2인 이상 주문이 기본이라 코스 마지막에 넣는 편이 낫다.,Winter oyster grill with a two-person minimum; better placed last in a course.,冬季烤牡蛎，基本两人起点，放在行程最后更合适。,冬のカキ焼き。2人前からなのでコースの最後が向く。,N,N,N,,N,N,N,aFhYXNCn-g8,,,,,,거제면 내간리 977-5 지오코딩 확인 (구글 지도 공유 링크 기준),"Verified: Naegan-ri 977-5, Geoje-myeon"
gz12,nation,전국,거제,Geoje,19,거제 전통 양곱창 전골,Geoje Gopchang Hot Pot,巨济传统牛肠火锅,巨済 伝統ヤンコプチャン鍋,food,로컬상권·먹거리,34.8927675,128.6264102,70,16:00–24:00,저녁 장사만 한다. 고현 상권에서 도보 이동 가능.,Dinner only; walkable from the Gohyeon district.,只做晚市，从古县商圈可步行前往。,夜のみ営業。古県エリアから徒歩で行ける。,N,N,N,,N,N,N,_GKSineBozo,,,,,,주소 기반 좌표,Address-based coordinates
gz13,nation,전국,거제,Geoje,20,금농갈비,Geumnong Galbi,金农排骨,クムノンカルビ,food,로컬상권·먹거리,34.8895,128.6922,75,11:30–21:30,외곽 갈비집. 덕포해수욕장에서 돌아오는 길에 들리기 좋다.,"An out-of-town grill house, easy to add on the way back from Deokpo.",郊外排骨店，从德浦海水浴场回程时顺路。,郊外のカルビ店。徳浦海水浴場からの帰り道に寄りやすい。,N,N,N,,N,N,N,YV9Q9fBNzLs,,,,,,옥포로9길 6 지오코딩 확인,Verified: Okpo-ro 9-gil 6
gz14,nation,전국,거제,Geoje,21,농소몽돌해수욕장,Nongso Mongdol Beach,农所卵石海水浴场,ノンソ石ころ海水浴場,sea,해양·자연경관,35.005,128.7011,60,상시 개방,“기다리고 고기다리셨습니다 | 메이의 걸어서 거제 속으로” 편 촬영지. 모래 대신 몽돌 해변이라 파도 소리가 다르다.,"Filmed for “Mae walks through Geoje”; a pebble beach rather than sand, with a distinct sound to the waves.",“久等了 | 梅的巨济漫步”一集的拍摄地，卵石海滩的浪声与沙滩不同。,「お待たせしました｜メイの巨済さんぽ」回の撮影地。砂ではなく石ころの浜で波音が違う。,N,N,N,,N,N,N,mD2pNO7mbbg,RESCENE 공식 유튜브,고기다리고 고기다리셨습니다🏃‍♀️✨ | 메이의 걸어서 거제 속으로,,,,거제북로 2593 지오코딩 확인,Verified: Geojebuk-ro 2593
gzx1,nation,전국,거제,Geoje,,외도 보타니아,Oedo Botania,外岛Botania,外島ボタニア,heal,힐링·생태·체험,34.7697,128.7106,150,유람선 시간에 따름,섬 전체가 식물원. 구조라·장승포 유람선으로만 들어간다.,An island botanical garden reachable only by tour boat.,,,N,N,N,,N,N,Y,,,,https://upload.wikimedia.org/wikipedia/commons/thumb/f/f1/KOCIS_Korea_Oedo_Botania_20_%2810016936234%29.jpg/960px-KOCIS_Korea_Oedo_Botania_20_%2810016936234%29.jpg,Wikimedia Commons,,한국관광 데이터랩 인기 관광지 · 일운면 외도길 17 지오코딩 확인,Korea Tourism Data Lab top-visited spot; geocoded
gzx2,nation,전국,거제,Geoje,,학동 흑진주 몽돌해변,Hakdong Pebble Beach,鹤洞黑珍珠卵石海边,鶴洞黒真珠モンドル海岸,sea,해양·자연경관,34.7725,128.6398,60,상시 개방,검은 몽돌 해변. 케이블카 하부역사와 가깝다.,A black-pebble beach near the cable car lower station.,,,N,N,N,,N,N,Y,,,,https://upload.wikimedia.org/wikipedia/commons/thumb/a/ae/Hakdong_beach%2C_Geoje-do%2C_Korea.jpg/960px-Hakdong_beach%2C_Geoje-do%2C_Korea.jpg,Wikimedia Commons,,한국관광 데이터랩 인기 관광지 · 동부면 학동6길 30 지오코딩 확인,Korea Tourism Data Lab top-visited spot; geocoded
gzx3,nation,전국,거제,Geoje,,신선대,Sinseondae,,神仙台展望台,sea,해양·자연경관,34.7379,128.6648,40,상시 개방,바람의 언덕 옆 해안 암반 전망대.,A coastal rock lookout beside Windy Hill.,,,N,N,N,,N,N,Y,,,,https://upload.wikimedia.org/wikipedia/commons/thumb/e/ee/G-Sinseondae.jpg/960px-G-Sinseondae.jpg,Wikimedia Commons,,한국관광 데이터랩 인기 관광지 · 남부면 갈곶리 산21-20 지오코딩 확인,Korea Tourism Data Lab top-visited spot; geocoded
gzx4,nation,전국,거제,Geoje,,구조라성,Gujora Fortress,,,herit,문화유산·전통체험,34.7999,128.6911,50,상시 개방 · 무료,조선 수군이 쌓은 산성. 해변 뒤 능선을 따라 성벽이 남아 구조라항과 외도 방향 바다가 한눈에 든다.,"A Joseon naval fortress on the ridge behind the beach, looking out over Gujora harbour toward Oedo.",,,N,N,N,,N,N,Y,,,,https://upload.wikimedia.org/wikipedia/commons/6/61/%EA%B1%B0%EC%A0%9C_%EA%B5%AC%EC%A1%B0%EB%9D%BC%EC%A7%84%EC%84%B1.jpg,Wikimedia Commons,,거제시 관광 안내 · 일운면 구조라리 산65-3 지오코딩 확인,Geoje tourism listing; geocoded
gzx5,nation,전국,거제,Geoje,,구조라해수욕장,Gujora Beach,,,sea,해양·자연경관,34.8088,128.6906,70,상시 개방 · 무료 · 055-639-4178,완만한 백사장이 500m 남짓 이어지는 해변. 외도·해금강 유람선 선착장이 붙어 있다.,A gentle 500 m sand beach with the Oedo and Haegeumgang tour-boat pier alongside.,,,N,N,N,,N,N,Y,,,,https://upload.wikimedia.org/wikipedia/commons/thumb/3/3b/Geoje_beach.jpeg/960px-Geoje_beach.jpeg,Wikimedia Commons,,거제시 관광 안내 · 일운면 구조라리 500-1 지오코딩 확인,Geoje tourism listing; geocoded
gzx6,nation,전국,거제,Geoje,,지심도,Jisimdo Island,,,heal,힐링·생태·체험,34.8215,128.7501,240,"장승포항 도선 08:30–17:00 · 왕복 19,000원","동백나무가 섬 전체를 덮어 겨울에 붉게 핀다. 장승포항에서 배로 15분, 일제강점기 포진지가 남아 있다.","An island blanketed in camellias that bloom red in winter; fifteen minutes by boat from Jangseungpo, with wartime gun emplacements still in place.",,,N,N,N,,N,N,Y,,,,https://upload.wikimedia.org/wikipedia/commons/thumb/8/86/%EC%A7%80%EC%8B%AC%EB%8F%84.jpg/960px-%EC%A7%80%EC%8B%AC%EB%8F%84.jpg,Wikimedia Commons,,거제시 관광 안내 · 일운면 지심도길 31-2 지오코딩 확인,Geoje tourism listing; geocoded
gzx7,nation,전국,거제,Geoje,,거제 포로수용소 유적공원,Geoje POW Camp Park,,,herit,문화유산·전통체험,34.8756,128.6247,110,"09:00–18:00 · 어른 7,000원 · 055-639-8125","한국전쟁 당시 포로 17만 명이 수용된 자리. 잔존 건물과 전시관, 모노레일이 함께 있다.","The site that held 170,000 prisoners during the Korean War, with surviving structures, exhibits and a monorail.",,,N,N,Y,,N,N,Y,,,,https://upload.wikimedia.org/wikipedia/commons/thumb/d/d1/Geoje-POW_Camp_entrance.jpg/960px-Geoje-POW_Camp_entrance.jpg,Wikimedia Commons,,거제시 관광 안내 · 계룡로 61 지오코딩 확인,Geoje tourism listing; geocoded
gzx8,nation,전국,거제,Geoje,,여차·홍포 전망대,Yeocha–Hongpo Lookout,,,sea,해양·자연경관,34.7038,128.6101,40,상시 개방 · 무료,남부면 해안도로 최남단 전망대. 대·중·소병대도가 줄지어 보이는 자리로 일몰이 강하다.,"The southernmost lookout on the coastal road, with the Byeongdaedo islets lined up offshore and a strong sunset.",,,N,N,N,,N,N,Y,,,,https://upload.wikimedia.org/wikipedia/commons/thumb/d/d2/Geoje_Coast.JPG/960px-Geoje_Coast.JPG,Wikimedia Commons,,거제시 관광 안내 · 남부면 다포리 산38-145 지오코딩 확인,Geoje tourism listing; geocoded
ctu1,nation,전국,부산,Busan,,대변항,Daebyeonhang,,,sea,해양·자연경관,35.22053,129.23087,40,,"항구,포구 · 동부산테마노선 시티투어 경유지",,,,N,N,N,,Y,N,Y,,,,,,http://place.map.kakao.com/7825588,부산 기장군 기장읍 대변리 274-17 · 전국시티투어 경유지 · 카카오 좌표,
ctu2,nation,전국,부산,Busan,,국회부산도서관,Gukhoebusandoseogwan,,,herit,문화유산·전통체험,35.10346,128.90441,60,,도서관 · 서부산생태투어 시티투어 경유지,,,,N,N,N,,Y,N,Y,,,,,,http://place.map.kakao.com/1000608800,부산 강서구 명지국제1로 161 · 전국시티투어 경유지 · 카카오 좌표,
ctu3,nation,전국,제주,Jeju,,오래물광장,Oraemulgwangjang,,,heal,힐링·생태·체험,33.50493,126.46676,60,,광장 · 야간코스(7월말~8월말 운영) 시티투어 경유지,,,,N,N,N,,Y,N,Y,,,,,,http://place.map.kakao.com/1141154122,제주특별자치도 제주시 도두일동 2605-5 · 전국시티투어 경유지 · 카카오 좌표,
ctu4,nation,전국,제주,Jeju,,산지천,Sanjicheon Stream,,山地川,heal,힐링·생태·체험,33.51336,126.5274,60,,하천 · 야간코스(7월말~8월말 운영) 시티투어 경유지,,,,N,N,N,,Y,N,Y,,,,,,http://place.map.kakao.com/7910887,제주특별자치도 제주시 일도일동 1498 · 전국시티투어 경유지 · 카카오 좌표,
ctu5,nation,전국,대구,Daegu,,화원동산,Hwawon Park,花园乐园,花園の丘,heal,힐링·생태·체험,35.81168,128.48133,60,,"관광,명소 · 테마-방방곡곡(낙동강) 시티투어 경유지",,,,N,N,N,,Y,N,Y,,,,,,http://place.map.kakao.com/914609859,대구 달성군 화원읍 사문진로1길 40-14 · 전국시티투어 경유지 · 카카오 좌표,
ctu6,nation,전국,해남,Haenam,,산이정원,Sanijeongwon,,,heal,힐링·생태·체험,34.70906,126.38648,60,,"수목원,식물원 · 해남시티투어 시티투어 경유지",,,,N,N,N,,Y,N,Y,,,,,,http://place.map.kakao.com/1295308211,전남광주통합특별시 해남군 산이면 구성리 664 · 전국시티투어 경유지 · 카카오 좌표,
ctu7,nation,전국,광양,Gwangyang,,광양향교,Gwangyanghyanggyo,,,herit,문화유산·전통체험,34.98247,127.58819,60,,"향교,서당 · 광양역사코스 시티투어 경유지",,,,N,N,N,,Y,N,Y,,,,,,http://place.map.kakao.com/8768959,전남광주통합특별시 광양시 광양읍 향교길 67 · 전국시티투어 경유지 · 카카오 좌표,
ctu8,nation,전국,광양,Gwangyang,,배알도 섬정원,Baealdo Seomjeongwon,,,heal,힐링·생태·체험,34.96356,127.75975,60,,"관광,명소 · 광양역사코스 시티투어 경유지",,,,N,N,N,,Y,N,Y,,,,,,http://place.map.kakao.com/1980554188,전남광주통합특별시 광양시 태인동 산 1 · 전국시티투어 경유지 · 카카오 좌표,
ctu9,nation,전국,광양,Gwangyang,,전남도립미술관,Jeonnamdoripmisulgwan,,,activity,테마파크·액티비티,34.96775,127.58887,90,,미술관 · 광양힐링코스 시티투어 경유지,,,,N,N,N,,Y,N,Y,,,,,,http://place.map.kakao.com/27286600,전남광주통합특별시 광양시 광양읍 순광로 660 · 전국시티투어 경유지 · 카카오 좌표,
ctu10,nation,전국,광양,Gwangyang,,광양예술창고,Gwangyangyesulchanggo,,,activity,테마파크·액티비티,34.96822,127.58831,90,,문화시설 · 광양힐링코스 시티투어 경유지,,,,N,N,N,,Y,N,Y,,,,,,http://place.map.kakao.com/1555806564,전남광주통합특별시 광양시 광양읍 순광로 664 · 전국시티투어 경유지 · 카카오 좌표,
ctu11,nation,전국,광양,Gwangyang,,해오름육교,Haeoreumyukgyo,,,heal,힐링·생태·체험,34.9359,127.70984,60,,육교 · 야경코스 시티투어 경유지,,,,N,N,N,,Y,N,Y,,,,,,http://place.map.kakao.com/285785776,전남광주통합특별시 광양시 마동 1125 · 전국시티투어 경유지 · 카카오 좌표,
ctu12,nation,전국,여수,Yeosu,,국동어항단지,Gukdongeohangdanji,,,heal,힐링·생태·체험,34.72982,127.72511,60,,산업단지 · 야간테마코스(시간을달리는버스커) 시티투어 경유지,,,,N,N,N,,Y,N,Y,,,,,,http://place.map.kakao.com/27021237,전남광주통합특별시 여수시 봉산동 100 · 전국시티투어 경유지 · 카카오 좌표,
ctu13,nation,전국,여수,Yeosu,,돌산대교,Dolsandaegyo Bridge,,突山大橋,sea,해양·자연경관,34.73074,127.7347,40,,대교 · 야간테마코스(시간을달리는버스커) 시티투어 경유지,,,,N,N,N,,Y,N,Y,,,,,,http://place.map.kakao.com/334072503,전남광주통합특별시 여수시 남산동 56-5 · 전국시티투어 경유지 · 카카오 좌표,
ctu14,nation,전국,여수,Yeosu,,거북선대교,Geobukseondaegyo,,,sea,해양·자연경관,34.73385,127.74854,40,,대교 · 야간테마코스(시간을달리는버스커) 시티투어 경유지,,,,N,N,N,,Y,N,Y,,,,,,http://place.map.kakao.com/17531816,전남광주통합특별시 여수시 돌산읍 우두리 758-11 · 전국시티투어 경유지 · 카카오 좌표,
ctu15,nation,전국,여수,Yeosu,,만성리형제묘,Manseongrihyeongjemyo,,,herit,문화유산·전통체험,34.76902,127.75,60,,"릉,묘,총 · 다크투어리즘코스 시티투어 경유지",,,,N,N,N,,Y,N,Y,,,,,,http://place.map.kakao.com/26177445,전남광주통합특별시 여수시 만흥동 산 269-2 · 전국시티투어 경유지 · 카카오 좌표,
ctu16,nation,전국,여수,Yeosu,,여순사건희생자위령비,Yeosunsageonhuisaengjawiryeongbi,,,herit,문화유산·전통체험,34.76786,127.75065,60,,"탑,비석 · 다크투어리즘코스 시티투어 경유지",,,,N,N,N,,Y,N,Y,,,,,,http://place.map.kakao.com/1408920798,전남광주통합특별시 여수시 만흥동 149-6 · 전국시티투어 경유지 · 카카오 좌표,
ctu17,nation,전국,여수,Yeosu,,둔병대교,Dunbyeongdaegyo,,,sea,해양·자연경관,34.63042,127.55574,40,,대교 · 제2코스 시티투어 경유지,,,,N,N,N,,Y,N,Y,,,,,,http://place.map.kakao.com/99739382,전남광주통합특별시 여수시 화정면 조발리 산 70 · 전국시티투어 경유지 · 카카오 좌표,
ctu18,nation,전국,여수,Yeosu,,팔영대교,Palyeongdaegyo,,,sea,해양·자연경관,34.63142,127.50363,40,,대교 · 제2코스 시티투어 경유지,,,,N,N,N,,Y,N,Y,,,,,,http://place.map.kakao.com/1770668382,전남광주통합특별시 여수시 화정면 적금리 813 · 전국시티투어 경유지 · 카카오 좌표,
ctu19,nation,전국,여수,Yeosu,,서틀러다육식물원,Seoteulreodayuksikmulwon,,,activity,테마파크·액티비티,34.75305,127.61243,90,,"농장,목장 · 제2코스 시티투어 경유지",,,,N,N,N,,Y,N,Y,,,,,,http://place.map.kakao.com/17469636,전남광주통합특별시 여수시 소라면 현천리 1071-3 · 전국시티투어 경유지 · 카카오 좌표,
ctu20,nation,전국,화성,Hwaseong,,민들레연극마을,Mindeulreyeongeukmaeul,,,activity,테마파크·액티비티,37.03965,126.7979,90,,"공연,연극 · 테마와 하루(문화예술 체험) 시티투어 경유지",,,,N,N,N,,Y,N,Y,,,,,,http://place.map.kakao.com/19304672,경기 화성시 만세구 우정읍 이화뱅곳길 22 · 전국시티투어 경유지 · 카카오 좌표,
ctu21,nation,전국,화성,Hwaseong,,융릉 건릉 역사문화관,Yungreung Geonreung Yeoksamunhwagwan,,,herit,문화유산·전통체험,37.20825,126.98899,60,,박물관 · 열차와 하루 시티투어 경유지,,,,N,N,N,,Y,N,Y,,,,,,http://place.map.kakao.com/27401742,경기 화성시 병점구 효행로481번길 21 · 전국시티투어 경유지 · 카카오 좌표,
ctu24,nation,전국,밀양,Miryang,,천주교명례성지,Cheonjugyomyeongryeseongji,,,heal,힐링·생태·체험,35.35069,128.76556,60,,천주교 · 삼랑진권 투어 시티투어 경유지,,,,N,N,N,,Y,N,Y,,,,,,http://place.map.kakao.com/14511843,경남 밀양시 하남읍 명례안길 44-3 · 전국시티투어 경유지 · 카카오 좌표,
ctu25,nation,전국,밀양,Miryang,,밀양강둔치 야외공연장,Milyanggangdunchi Yaoegongyeonjang,,,activity,테마파크·액티비티,35.48975,128.75426,90,,"공연장,연극극장 · 시내권 투어 1 시티투어 경유지",,,,N,N,N,,Y,N,Y,,,,,,http://place.map.kakao.com/311264277,경남 밀양시 삼문동 253-2 · 전국시티투어 경유지 · 카카오 좌표,
ctu26,nation,전국,사천,Sacheon,,사천항공우주과학관,Sacheonhanggongujugwahakgwan,,,activity,테마파크·액티비티,35.07084,128.06356,90,,과학관 · 우주항공산업투어 시티투어 경유지,,,,N,N,N,,Y,N,Y,,,,,,http://place.map.kakao.com/19566612,경남 사천시 사남면 공단1로 108 · 전국시티투어 경유지 · 카카오 좌표,
ctu27,nation,전국,사천,Sacheon,,대방진굴항,Daebangjingulhang,,,sea,해양·자연경관,34.92891,128.05676,40,,"항구,포구 · 이순신승전길투어 시티투어 경유지",,,,N,N,N,,Y,N,Y,,,,,,http://place.map.kakao.com/10250691,경남 사천시 대방동 251 · 전국시티투어 경유지 · 카카오 좌표,
ctu28,nation,전국,사천,Sacheon,,노을전망교,Noeuljeonmanggyo,,,sea,해양·자연경관,34.93343,128.04949,40,,"교량,다리 · 바다투어 시티투어 경유지",,,,N,N,N,,Y,N,Y,,,,,,http://place.map.kakao.com/860113485,경남 사천시 대방동 758-2 · 전국시티투어 경유지 · 카카오 좌표,
ctu29,nation,전국,영주,Yeongju,,영주호 용마루공원2 평은역사,Yeongjuho Yongmarugongwon2 Pyeongeunyeoksa,,,activity,테마파크·액티비티,36.7199,128.6694,90,,문화시설 · 물돌이 코스 시티투어 경유지,,,,N,N,N,,Y,N,Y,,,,,,http://place.map.kakao.com/1617968031,경북 영주시 평은면 수변로 114-126 · 전국시티투어 경유지 · 카카오 좌표,
ctu30,nation,전국,익산,Iksan,,원불교 중앙총부,Wonbulgyo Jungangchongbu,,,heal,힐링·생태·체험,35.97102,126.95212,60,,원불교 · 순환형2 시티투어 경유지,,,,N,N,N,,Y,N,Y,,,,,,http://place.map.kakao.com/10696528,전북특별자치도 익산시 익산대로 501 · 전국시티투어 경유지 · 카카오 좌표,
ctu31,nation,전국,서산,Seosan,,간월도,Ganwoldo,,,sea,해양·자연경관,36.60913,126.41859,40,,섬(내륙) · C코스 시티투어 경유지,,,,N,N,N,,Y,N,Y,,,,,,http://place.map.kakao.com/27308433,충남 서산시 부석면 간월도리 61-1 · 전국시티투어 경유지 · 카카오 좌표,
ctu32,nation,전국,서산,Seosan,,삼길포항,Samgilpohang,,,sea,해양·자연경관,37.00354,126.45279,40,,"항구,포구 · B코스 시티투어 경유지",,,,N,N,N,,Y,N,Y,,,,,,http://place.map.kakao.com/26974768,충남 서산시 대산읍 화곡리 1891 · 전국시티투어 경유지 · 카카오 좌표,
ctu33,nation,전국,연천,Yeoncheon,,연천국악사랑방 서울경서도,Yeoncheongukaksarangbang Seoulgyeongseodo,,,heal,힐링·생태·체험,38.02769,127.06849,60,,음악 · 연천명소코스 시티투어 경유지,,,,N,N,N,,Y,N,Y,,,,,,http://place.map.kakao.com/98820452,경기 연천군 전곡읍 은전로78번길 14 · 전국시티투어 경유지 · 카카오 좌표,
ctu35,nation,전국,평택,Pyeongtaek,,팽성읍객사,Paengseongeupgaeksa,,,herit,문화유산·전통체험,36.96485,127.06342,60,,"문화유적 · 문화유산코스 /관광코스 ※무장애코스 월2회 정기운영(3~6월,9~11월) 시티투어 경유지",,,,N,N,N,,Y,N,Y,,,,,,http://place.map.kakao.com/8641269,경기 평택시 팽성읍 동서촌로 101-3 · 전국시티투어 경유지 · 카카오 좌표,
ctu37,nation,전국,의정부,Uijeongbu,,자일 산림욕장,Jail Sanrimyokjang,,,heal,힐링·생태·체험,37.76905,127.10949,60,,자연휴양림 · 의정부포레스트:오감이 깨어나는 숲 속 여행 시티투어 경유지,,,,N,N,N,,Y,N,Y,,,,,,http://place.map.kakao.com/1035440421,경기 의정부시 자일동 산 87 · 전국시티투어 경유지 · 카카오 좌표,
ctu38,nation,전국,의정부,Uijeongbu,,백영수미술관,Baekyeongsumisulgwan,,,activity,테마파크·액티비티,37.7137,127.0444,90,,미술관 · 의정부포레스트:오감이 깨어나는 숲 속 여행 시티투어 경유지,,,,N,N,N,,Y,N,Y,,,,,,http://place.map.kakao.com/580220182,경기 의정부시 안말로58번안길 55-1 · 전국시티투어 경유지 · 카카오 좌표,
ctu41,nation,전국,봉화,Bonghwa,,오전약수관광지,Ojeonyaksugwangwangji,,,heal,힐링·생태·체험,37.013,128.74873,60,,"관광,명소 · 송이축제 문화유적탐방버스 시티투어 경유지",,,,N,N,N,,Y,N,Y,,,,,,http://place.map.kakao.com/27368165,경북 봉화군 물야면 오전약수탕길 18-24 · 전국시티투어 경유지 · 카카오 좌표,
ctu42,nation,전국,정선,Jeongseon,,아리랑센터,Arirangsenteo,,,heal,힐링·생태·체험,37.37638,128.67154,60,,문화센터 · 아리랑열차 연계형 시티투어2 시티투어 경유지,,,,N,N,N,,Y,N,Y,,,,,,http://place.map.kakao.com/25658914,강원특별자치도 정선군 정선읍 애산로 51 · 전국시티투어 경유지 · 카카오 좌표,
ctu43,nation,전국,가평,Gapyeong,,공유양조벤처센터 술지움,Gongyuyangjobencheosenteo Suljium,,,heal,힐링·생태·체험,37.75492,127.40763,60,,주류제조 · 가평순환버스B코스 시티투어 경유지,,,,N,N,N,,Y,N,Y,,,,,,http://place.map.kakao.com/1563144027,경기 가평군 상면 청군로 248 · 전국시티투어 경유지 · 카카오 좌표,
ctu44,nation,전국,가평,Gapyeong,,가평크루즈,Gapyeongkeurujeu,,,heal,힐링·생태·체험,37.69002,127.51899,60,,운송 · 가평순환버스A코스 시티투어 경유지,,,,N,N,N,,Y,N,Y,,,,,,http://place.map.kakao.com/882285686,경기 가평군 설악면 미사리로 267-19 · 전국시티투어 경유지 · 카카오 좌표,
ctu46,nation,전국,시흥,Siheung,,배곧천,Baegotcheon,,,heal,힐링·생태·체험,37.36555,126.72884,60,,하천 · 테마형 수시코스 시티투어 경유지,,,,N,N,N,,Y,N,Y,,,,,,http://place.map.kakao.com/1032094977,경기 시흥시 배곧동 256-3 · 전국시티투어 경유지 · 카카오 좌표,
ctu47,nation,전국,시흥,Siheung,,배다리선착장,Baedariseonchakjang,,,sea,해양·자연경관,37.34851,126.69334,40,,"선착장,항만시설 · 순환형 2층버스 시티투어 경유지",,,,N,N,N,,Y,N,Y,,,,,,http://place.map.kakao.com/886463273,경기 시흥시 정왕동 · 전국시티투어 경유지 · 카카오 좌표,
ctu48,nation,전국,인천,Incheon,,석모도수목원,Seongmodo Island Arboretum,席毛岛树木园,席毛島樹木園,heal,힐링·생태·체험,37.69119,126.32649,60,,"수목원,식물원 · 석모도투어 시티투어 경유지",,,,N,N,N,,Y,N,Y,,,,,,http://place.map.kakao.com/14098113,인천 강화군 삼산면 삼산북로449번길 161 · 전국시티투어 경유지 · 카카오 좌표,
ctu49,nation,전국,안산,Ansan,,방아머리선착장,Bangameoriseonchakjang,,,sea,해양·자연경관,37.29636,126.57442,40,,"선착장,항만시설 · 대부도 뱃길코스(체험형 2코스) 시티투어 경유지",,,,N,N,N,,Y,N,Y,,,,,,http://place.map.kakao.com/27095261,경기 안산시 단원구 대부황금로 1567-3 · 전국시티투어 경유지 · 카카오 좌표,
ctu50,nation,전국,안산,Ansan,,그랑꼬또와이너리,Geurangkkottowaineori,,,heal,힐링·생태·체험,37.25734,126.58216,60,,"음료,주류제조 · 대부도 뱃길코스(체험형 1코스) 시티투어 경유지",,,,N,N,N,,Y,N,Y,,,,,,http://place.map.kakao.com/8806410,경기 안산시 단원구 뻐꾹산길 107 · 전국시티투어 경유지 · 카카오 좌표,
ctu51,nation,전국,세종,Sejong,,정부세종컨벤션센터 홍보동 출입구,Jeongbusejongkeonbensyeonsenteo Hongbodong Chulipgu,,,heal,힐링·생태·체험,36.50063,127.27213,60,,입출구 · 야경투어 시티투어 경유지,,,,N,N,N,,Y,N,Y,,,,,,http://place.map.kakao.com/26428781,세종특별자치시 어진동 34-44 · 전국시티투어 경유지 · 카카오 좌표,
ctu52,nation,전국,화순,Hwasun,,이서커뮤니티센터,Iseokeomyunitisenteo,,,heal,힐링·생태·체험,35.11074,127.0794,60,,문화센터 · 화순적벽 버스투어(적벽 셔틀버스) 시티투어 경유지,,,,N,N,N,,Y,N,Y,,,,,,http://place.map.kakao.com/26798124,전남광주통합특별시 화순군 이서면 백아로 3114 · 전국시티투어 경유지 · 카카오 좌표,
ctu53,nation,전국,춘천,Chuncheon,,소양아트서클,Soyangateuseokeul,,,heal,힐링·생태·체험,37.89398,127.72687,60,,육교 · 일요일 시티투어 경유지,,,,N,N,N,,Y,N,Y,,,,,,http://place.map.kakao.com/628027542,강원특별자치도 춘천시 소양로1가 47-1 · 전국시티투어 경유지 · 카카오 좌표,
ctu54,nation,전국,춘천,Chuncheon,,KT플라자 춘천점,KTpeulraja Chuncheonjeom,,,heal,힐링·생태·체험,37.88229,127.72407,60,,KT플라자 · 금요일 시티투어 경유지,,,,N,N,N,,Y,N,Y,,,,,,http://place.map.kakao.com/12796021,강원특별자치도 춘천시 금강로 11 · 전국시티투어 경유지 · 카카오 좌표,
ctu55,nation,전국,김해,Gimhae,,대성동고분박물관,Museum of the ancient tombs in Daseong-dong,,大成洞古墳博物館,herit,문화유산·전통체험,35.23647,128.87309,60,,박물관 · 김해에반해 시티투어 경유지,,,,N,N,N,,Y,N,Y,,,,,,http://place.map.kakao.com/10244791,경남 김해시 가야의길 126 · 전국시티투어 경유지 · 카카오 좌표,
ctu56,nation,전국,영광,Yeonggwang,,숲쟁이꽃동산,Supjaengikkotdongsan,,,heal,힐링·생태·체험,35.36393,126.43367,60,,"도시근린공원 · 영광쉼,투어 시티투어 경유지",,,,N,N,N,,Y,N,Y,,,,,,http://place.map.kakao.com/13113749,전남광주통합특별시 영광군 법성면 진내리 · 전국시티투어 경유지 · 카카오 좌표,
ctu57,nation,전국,영광,Yeonggwang,,영광물무산행복숲 질퍽질퍽맨발황톳길,Yeonggwangmulmusanhaengboksup Jilpeokjilpeokmaenbalhwangtotgil,,,heal,힐링·생태·체험,35.27682,126.53579,60,,"숲 · 영광쉼,투어 시티투어 경유지",,,,N,N,N,,Y,N,Y,,,,,,http://place.map.kakao.com/127544230,전남광주통합특별시 영광군 묘량면 덕흥리 615 · 전국시티투어 경유지 · 카카오 좌표,
ctu58,nation,전국,완주,Wanju,,플리커책방 두베점,Peulrikeochaekbang Dubejeom,,,heal,힐링·생태·체험,35.90406,127.24279,60,,서점 · 완주힐링로드 시티투어(코레일연계 익산역) 시티투어 경유지,,,,N,N,N,,Y,N,Y,,,,,,http://place.map.kakao.com/1635224772,전북특별자치도 완주군 소양면 송광수만로 500 · 전국시티투어 경유지 · 카카오 좌표,
ctu59,nation,전국,곡성,Gokseong,,곡성기차마을전통시장 저온저장고,Gokseonggichamaeuljeontongsijang Jeoonjeojanggo,,,heal,힐링·생태·체험,35.27953,127.29893,60,,"보관,저장 · 읍권 순환버스 시티투어 경유지",,,,N,N,N,,Y,N,Y,,,,,,http://place.map.kakao.com/934062972,전남광주통합특별시 곡성군 곡성읍 곡성로 856 · 전국시티투어 경유지 · 카카오 좌표,
ctu60,nation,전국,대전,Daejeon,,낙조,Nakjo,,,heal,힐링·생태·체험,36.31988,127.42482,60,,커피전문점 · 야경 시티투어 경유지,,,,N,N,N,,Y,N,Y,,,,,,http://place.map.kakao.com/940652439,대전 중구 수도산로 3 · 전국시티투어 경유지 · 카카오 좌표,
ctu61,nation,전국,홍천,Hongcheon,,홍천무궁화수목원,Hongcheonmugunghwasumokwon,,,heal,힐링·생태·체험,37.72248,127.83396,60,,"수목원,식물원 · 홍천시티투어 시티투어 경유지",,,,N,N,N,,Y,N,Y,,,,,,http://place.map.kakao.com/1770086335,강원특별자치도 홍천군 북방면 능평리 산 57 · 전국시티투어 경유지 · 카카오 좌표,
ctu62,nation,전국,대전,Daejeon,,계룡산국립공원 수통골,Gyeryongsangukripgongwon Sutonggol,,,heal,힐링·생태·체험,36.34532,127.28856,60,,"유원지 · 광역투어(다섯째주, 일) 시티투어 경유지",,,,N,N,N,,Y,N,Y,,,,,,http://place.map.kakao.com/13606766,대전 유성구 수통골로 47-3 · 전국시티투어 경유지 · 카카오 좌표,
ctu63,nation,전국,경산,Gyeongsan,,갓바위탐방지원센터,Gatbawitambangjiwonsenteo,,,heal,힐링·생태·체험,35.98552,128.7488,60,,"관광,명소 · 소원성취코스,삼성현명품투어코스 시티투어 경유지",,,,N,N,N,,Y,N,Y,,,,,,http://place.map.kakao.com/1438814828,경북 경산시 와촌면 갓바위로 595 · 전국시티투어 경유지 · 카카오 좌표,
ctu64,nation,전국,경산,Gyeongsan,,경산의삽살개육종연구소,Gyeongsanuisapsalgaeyukjongyeonguso,,,heal,힐링·생태·체험,35.95246,128.80298,60,,"연구소 · 소원성취코스,삼성현명품투어코스 시티투어 경유지",,,,N,N,N,,Y,N,Y,,,,,,http://place.map.kakao.com/25654800,경북 경산시 와촌면 삽살개공원길 37 · 전국시티투어 경유지 · 카카오 좌표,
ctu65,nation,전국,울산,Ulsan,,태화강국가정원 십리대숲,The Taehwagang National Garden and Simni Bamboo Grove (Milky Way Trail),太和江国家园林十里竹林（银河道）,太和江国家庭園 十里竹林（天の川の道）,heal,힐링·생태·체험,35.54564,129.29655,60,,숲 · 태화강 국가정원 코스 시티투어 경유지,,,,N,N,N,,Y,N,Y,,,,,,http://place.map.kakao.com/11581806,울산 중구 태화동 636 · 전국시티투어 경유지 · 카카오 좌표,
ctu66,nation,전국,서울,Seoul,,DMZ관광,DMZgwangwang,,,heal,힐링·생태·체험,37.54623,126.95217,60,,여행사 · EG투어버스 A코스 시티투어 경유지,,,,N,N,N,,Y,N,Y,,,,,,http://place.map.kakao.com/9747575,서울 마포구 마포대로 127 · 전국시티투어 경유지 · 카카오 좌표,
ctu67,nation,전국,서울,Seoul,,스노우피크 롯데아울렛서울역점,ABC-Mart ST LOTTE Outletss Seoul Station Branch,ABC-MART ST乐天奥特莱斯首尔站店,ANDZ（アンドジー）・ロッテアウトレットソウル駅店,activity,테마파크·액티비티,37.55466,126.97046,90,,아웃도어용품 · EG투어버스 C코스 시티투어 경유지,,,,N,N,N,,Y,N,Y,,,,,,http://place.map.kakao.com/2071506966,서울 중구 한강대로 405 · 전국시티투어 경유지 · 카카오 좌표,
ctu68,nation,전국,서울,Seoul,,황금텃밭농장,Hwanggeumteotbatnongjang,,,activity,테마파크·액티비티,37.5807,126.79135,90,,"농장,목장 · EG투어버스 K 코스 시티투어 경유지",,,,N,N,N,,Y,N,Y,,,,,,http://place.map.kakao.com/717838582,서울 강서구 개화동 497-2 · 전국시티투어 경유지 · 카카오 좌표,
ctu69,nation,전국,서울,Seoul,,별빛남문시장 6번 게이트,Byeolbitnammunsijang 6beon Geiteu,,,heal,힐링·생태·체험,37.47497,126.90088,60,,입출구 · EG투어버스 H코스 시티투어 경유지,,,,N,N,N,,Y,N,Y,,,,,,http://place.map.kakao.com/1236072228,서울 금천구 독산동 997-15 · 전국시티투어 경유지 · 카카오 좌표,
ctt1,nation,전국,부산,Busan,,낙동강하구에코센터,Nakdongganghaguekosenteo,,,herit,문화유산·전통체험,35.10439,128.94583,60,,박물관 · 서부산생태투어 시티투어 경유지,,,,N,N,N,,Y,N,Y,,,,,,http://place.map.kakao.com/63050831,부산 사하구 낙동남로 1240 · 전국시티투어 경유지 · 카카오 좌표,
ctt2,nation,전국,부산,Busan,,송도구름산책로 송도365,Songdo Cloud Walk,松岛云端散步路（天空步道）,松島クルム散策路（スカイウォーク）,heal,힐링·생태·체험,35.07534,129.02229,60,,"도보여행 · 야경투어, 오렌지라인 외 1개 시티투어 경유지",,,,N,N,N,,Y,N,Y,,,,,,http://place.map.kakao.com/744667559,부산 서구 암남동 129-4 · 전국시티투어 경유지 · 카카오 좌표,
ctt3,nation,전국,부산,Busan,,암남공원,Amnamgongwon,,,heal,힐링·생태·체험,35.05859,129.01568,60,,도시근린공원 · 오렌지라인 시티투어 경유지,,,,N,N,N,,Y,N,Y,,,,,,http://place.map.kakao.com/8497179,부산 서구 암남동 산 193-4 · 전국시티투어 경유지 · 카카오 좌표,
ctt4,nation,전국,부산,Busan,,동아대학교 석당박물관,Dongadaehakgyo Seokdangbakmulgwan,,,herit,문화유산·전통체험,35.10485,129.01946,60,,박물관 · 오렌지라인 시티투어 경유지,,,,N,N,N,,Y,N,Y,,,,,,http://place.map.kakao.com/11970192,부산 서구 구덕로 225 · 전국시티투어 경유지 · 카카오 좌표,
ctt5,nation,전국,부산,Busan,,천마산하늘전망대,Cheonmasanhaneuljeonmangdae,,,activity,테마파크·액티비티,35.09357,129.01733,90,,전망대 · 그린라인 시티투어 경유지,,,,N,N,N,,Y,N,Y,,,,,,http://place.map.kakao.com/1796289156,부산 서구 해돋이로183번길 17-4 · 전국시티투어 경유지 · 카카오 좌표,
ctt6,nation,전국,부산,Busan,,평화공원,Pyeonghwagongwon,,,heal,힐링·생태·체험,35.1258,129.10031,60,,"도시근린공원 · 그린라인, 레드라인 시티투어 경유지",,,,N,N,N,,Y,N,Y,,,,,,http://place.map.kakao.com/10094213,부산 남구 대연동 706-5 · 전국시티투어 경유지 · 카카오 좌표,
ctt7,nation,전국,부산,Busan,,BIFF광장,BIFF Square,BIFF广场,BIFF広場,food,로컬상권·먹거리,35.09887,129.02905,50,,테마거리 · 그린라인 시티투어 경유지,,,,N,N,N,,Y,N,Y,,,,,,http://place.map.kakao.com/9650856,부산 중구 남포동3가 15-1 · 전국시티투어 경유지 · 카카오 좌표,
ctt8,nation,전국,부산,Busan,,UN기념공원 안내소,UNginyeomgongwon Annaeso,,,heal,힐링·생태·체험,35.1268,129.09596,60,,관광안내소 · 레드라인 시티투어 경유지,,,,N,N,N,,Y,N,Y,,,,,,http://place.map.kakao.com/10966265,부산 남구 유엔평화로 93 · 전국시티투어 경유지 · 카카오 좌표,
ctt9,nation,전국,대구,Daegu,,군위한밤마을 돌담길,Hanbam Village,大栗村,ハンバム村,food,로컬상권·먹거리,36.05926,128.655,50,,테마거리 · 테마-전통5일장-군위전통시장 시티투어 경유지,,,,N,N,N,,Y,N,Y,,,,,,http://place.map.kakao.com/18365414,대구 군위군 부계면 한티로 2137-3 · 전국시티투어 경유지 · 카카오 좌표,
ctt10,nation,전국,대구,Daegu,,삼국유사테마파크,Samgukyusatemapakeu,,,activity,테마파크·액티비티,36.16423,128.69612,90,,테마파크 · 테마-전통5일장-군위전통시장 시티투어 경유지,,,,N,N,N,,Y,N,Y,,,,,,http://place.map.kakao.com/594914963,대구 군위군 의흥면 일연테마로 100 · 전국시티투어 경유지 · 카카오 좌표,
ctt11,nation,전국,대구,Daegu,,사라온이야기마을,Saraoniyagimaeul,,,activity,테마파크·액티비티,36.23623,128.56742,90,,체험여행 · 테마-전통5일장-군위전통시장 시티투어 경유지,,,,N,N,N,,Y,N,Y,,,,,,http://place.map.kakao.com/26808671,대구 군위군 군위읍 동서길 49 · 전국시티투어 경유지 · 카카오 좌표,
ctt12,nation,전국,대구,Daegu,,영화 리틀포레스트 촬영지,Yeonghwa Riteulporeseuteu Chwalyeongji,,,heal,힐링·생태·체험,36.17973,128.66452,60,,촬영지 · 테마-전통5일장-군위전통시장 시티투어 경유지,,,,N,N,N,,Y,N,Y,,,,,,http://place.map.kakao.com/32663188,대구 군위군 우보면 미성5길 58-1 · 전국시티투어 경유지 · 카카오 좌표,
ctt13,nation,전국,대구,Daegu,,도동서원,Dodongseowon Confucian Academy,道东书院,道東書院,herit,문화유산·전통체험,35.70102,128.37193,60,,"서원 · 테마-전통5일장-현풍백년도깨비시장, 도동코스 외 1개 시티투어 경유지",,,,N,N,N,,Y,N,Y,,,,,,http://place.map.kakao.com/7834487,대구 달성군 구지면 도동서원로 1 · 전국시티투어 경유지 · 카카오 좌표,
ctt14,nation,전국,대구,Daegu,,송해공원,Songhaegongwon,,,heal,힐링·생태·체험,35.76858,128.4874,60,,"공원 · 테마-전통5일장-현풍백년도깨비시장, 송해코스 시티투어 경유지",,,,N,N,N,,Y,N,Y,,,,,,http://place.map.kakao.com/27587148,대구 달성군 옥포읍 기세리 969-44 · 전국시티투어 경유지 · 카카오 좌표,
ctt15,nation,전국,대구,Daegu,,비슬산자연휴양림,Biseulsan Recreational Forest,,,heal,힐링·생태·체험,35.68963,128.51362,60,,"자연휴양림 · 테마-전통5일장-현풍백년도깨비시장, 송해코스 시티투어 경유지",,,,N,N,N,,Y,N,Y,,,,,,http://place.map.kakao.com/9061551,대구 달성군 유가읍 일연선사길 99 · 전국시티투어 경유지 · 카카오 좌표,
ctt16,nation,전국,대구,Daegu,,대구수목원,Daegu Arboretum,大邱树木园,大邱樹木園,heal,힐링·생태·체험,35.79972,128.52202,60,,"수목원,식물원 · 테마-방방곡곡(사시사철) 시티투어 경유지",,,,N,N,N,,Y,N,Y,,,,,,http://place.map.kakao.com/10260939,대구 달서구 화암로 342 · 전국시티투어 경유지 · 카카오 좌표,
ctt17,nation,전국,대구,Daegu,,마비정벽화마을,Mabijeongbyeokhwamaeul,,,herit,문화유산·전통체험,35.77877,128.54161,60,,"그림,벽화 · 테마-방방곡곡(사시사철), 송해코스 시티투어 경유지",,,,N,N,N,,Y,N,Y,,,,,,http://place.map.kakao.com/18281173,대구 달성군 화원읍 마비정길 262-5 · 전국시티투어 경유지 · 카카오 좌표,
ctt18,nation,전국,대구,Daegu,,화원자연휴양림,Hwawonjayeonhyuyangrim,,,heal,힐링·생태·체험,35.77223,128.53561,60,,자연휴양림 · 테마-방방곡곡(사시사철) 시티투어 경유지,,,,N,N,N,,Y,N,Y,,,,,,http://place.map.kakao.com/12371311,대구 달성군 화원읍 화원휴양림길 126 · 전국시티투어 경유지 · 카카오 좌표,
ctt19,nation,전국,대구,Daegu,,대명유수지,Daemyeong Reservoir,大明蓄水池,大明遊水地,heal,힐링·생태·체험,35.82237,128.49105,60,,공원 · 테마-방방곡곡(사시사철) 시티투어 경유지,,,,N,N,N,,Y,N,Y,,,,,,http://place.map.kakao.com/11003335,대구 달서구 대천동 816 · 전국시티투어 경유지 · 카카오 좌표,
ctt20,nation,전국,대구,Daegu,,삼존석굴모전석탑,Samjonseokgulmojeonseoktap,,,herit,문화유산·전통체험,36.04872,128.64091,60,,"탑,비석 · 테마-방방곡곡(군위군 돋보기) 시티투어 경유지",,,,N,N,N,,Y,N,Y,,,,,,http://place.map.kakao.com/12753117,대구 군위군 부계면 남산4길 24 · 전국시티투어 경유지 · 카카오 좌표,
ctt21,nation,전국,대구,Daegu,,김수환추기경사랑과나눔공원,Gimsuhwanchugigyeongsaranggwananumgongwon,,,heal,힐링·생태·체험,36.23237,128.59964,60,,공원 · 테마-방방곡곡(군위군 돋보기) 시티투어 경유지,,,,N,N,N,,Y,N,Y,,,,,,http://place.map.kakao.com/1572959727,대구 군위군 군위읍 군위금성로 270 · 전국시티투어 경유지 · 카카오 좌표,
ctt22,nation,전국,대구,Daegu,,엄마아빠어렸을적에,Eommaappaeoryeoteuljeoke,,,activity,테마파크·액티비티,36.1278,128.69667,90,,체험여행 · 테마-방방곡곡(군위군 돋보기) 시티투어 경유지,,,,N,N,N,,Y,N,Y,,,,,,http://place.map.kakao.com/24266557,대구 군위군 산성면 산성가음로 722 · 전국시티투어 경유지 · 카카오 좌표,
ctt23,nation,전국,대구,Daegu,,화원유원지,Hwawonyuwonji,,,heal,힐링·생태·체험,35.81306,128.48236,60,,유원지 · 테마-방방곡곡(낙동강) 시티투어 경유지,,,,N,N,N,,Y,N,Y,,,,,,http://place.map.kakao.com/8166324,대구 달성군 화원읍 사문진로1길 40-14 · 전국시티투어 경유지 · 카카오 좌표,
ctt24,nation,전국,대구,Daegu,,달성습지,Dalseongseupji,,,heal,힐링·생태·체험,35.82333,128.4834,60,,"생태보존,서식지 · 테마-방방곡곡(낙동강) 시티투어 경유지",,,,N,N,N,,Y,N,Y,,,,,,http://place.map.kakao.com/19154003,대구 달성군 화원읍 구라리 1769 · 전국시티투어 경유지 · 카카오 좌표,
ctt25,nation,전국,대구,Daegu,,디아크문화관,Diakeumunhwagwan,,,heal,힐링·생태·체험,35.83885,128.46807,60,,문화시설 · 테마-방방곡곡(낙동강) 시티투어 경유지,,,,N,N,N,,Y,N,Y,,,,,,http://place.map.kakao.com/18467818,대구 달성군 다사읍 강정본길 57 · 전국시티투어 경유지 · 카카오 좌표,
ctt26,nation,전국,대구,Daegu,,봉무공원,Bongmugongwon,,,heal,힐링·생태·체험,35.9194,128.65018,60,,공원 · 테마-방방곡곡(팔공산) 시티투어 경유지,,,,N,N,N,,Y,N,Y,,,,,,http://place.map.kakao.com/10376173,대구 동구 팔공로50길 66 · 전국시티투어 경유지 · 카카오 좌표,
ctt27,nation,전국,대구,Daegu,,갓바위 자생식물원,Gatbawi Jasaengsikmulwon,,,heal,힐링·생태·체험,35.97083,128.72554,60,,"수목원,식물원 · 테마-방방곡곡(팔공산) 시티투어 경유지",,,,N,N,N,,Y,N,Y,,,,,,http://place.map.kakao.com/1179055331,대구 동구 갓바위로 223-7 · 전국시티투어 경유지 · 카카오 좌표,
ctt28,nation,전국,대구,Daegu,,대구방짜유기박물관,Daegubangjjayugibakmulgwan,,大邱パンチャ鍮器博物館,herit,문화유산·전통체험,35.96561,128.70127,60,,박물관 · 테마-방방곡곡(팔공산) 시티투어 경유지,,,,N,N,N,,Y,N,Y,,,,,,http://place.map.kakao.com/10255561,대구 동구 도장길 29 · 전국시티투어 경유지 · 카카오 좌표,
ctt29,nation,전국,대구,Daegu,,대구중구골목투어 근대문화골목(2코스),Daegujunggugolmoktueo Geundaemunhwagolmok(2koseu),,,heal,힐링·생태·체험,35.86787,128.5903,60,,도보여행 · 도심순환코스(12개 정류장) 시티투어 경유지,,,,N,N,N,,Y,N,Y,,,,,,http://place.map.kakao.com/1645121358,대구 중구 장관동 55-1 · 전국시티투어 경유지 · 카카오 좌표,
ctt30,nation,전국,대구,Daegu,,두류공원,Daegu Duryu Park,大邱头流公园,大邱頭流公園,heal,힐링·생태·체험,35.84863,128.55903,60,,도시근린공원 · 도심순환코스(12개 정류장) 시티투어 경유지,,,,N,N,N,,Y,N,Y,,,,,,http://place.map.kakao.com/11347997,대구 달서구 두류동 산 310-9 · 전국시티투어 경유지 · 카카오 좌표,
ctt31,nation,전국,대구,Daegu,,앞산해넘이전망대,Apsan Mountain Haeneomi Observatory,前山日落观景台,アプ山ヘノミ展望台,activity,테마파크·액티비티,35.83181,128.5657,90,,전망대 · 도심순환코스(12개 정류장) 시티투어 경유지,,,,N,N,N,,Y,N,Y,,,,,,http://place.map.kakao.com/442915195,대구 남구 대명동 산 218-15 · 전국시티투어 경유지 · 카카오 좌표,
ctt32,nation,전국,대구,Daegu,,대구앞산공원,Daegu Apsan Park,大邱前山公园,大邱アプ山公園,heal,힐링·생태·체험,35.82722,128.58766,60,,도시근린공원 · 도심순환코스(12개 정류장) 시티투어 경유지,,,,N,N,N,,Y,N,Y,,,,,,http://place.map.kakao.com/15174531,대구 남구 대명동 산 227-5 · 전국시티투어 경유지 · 카카오 좌표,
ctt33,nation,전국,대구,Daegu,,고산골공룡공원,Dinosaur Park,恐龙公园,恐竜公園,activity,테마파크·액티비티,35.83004,128.60345,90,,테마파크 · 도심순환코스(12개 정류장) 시티투어 경유지,,,,N,N,N,,Y,N,Y,,,,,,http://place.map.kakao.com/910529097,대구 남구 용두2길 43 · 전국시티투어 경유지 · 카카오 좌표,
ctt34,nation,전국,대구,Daegu,,메타세콰이어길,Metasekwaieogil,,,heal,힐링·생태·체험,35.84998,128.48,60,,"관광,명소 · 도심순환코스(12개 정류장) 시티투어 경유지",,,,N,N,N,,Y,N,Y,,,,,,http://place.map.kakao.com/26961215,대구 달서구 호산로 126 · 전국시티투어 경유지 · 카카오 좌표,
ctt35,nation,전국,대구,Daegu,,동촌유원지,Dongchonyuwonji,,,heal,힐링·생태·체험,35.88262,128.65047,60,,유원지 · 도심순환코스(12개 정류장) 시티투어 경유지,,,,N,N,N,,Y,N,Y,,,,,,http://place.map.kakao.com/7844701,대구 동구 효동로6길 73 · 전국시티투어 경유지 · 카카오 좌표,
ctt36,nation,전국,광양,Gwangyang,,광양김시식지,Gwangyanggimsisikji,,,herit,문화유산·전통체험,34.94686,127.75171,60,,문화유적 · 광양역사코스 시티투어 경유지,,,,N,N,N,,Y,N,Y,,,,,,http://place.map.kakao.com/8707918,전남광주통합특별시 광양시 김시식지1길 57-6 · 전국시티투어 경유지 · 카카오 좌표,
ctt37,nation,전국,광양,Gwangyang,,섬진강망덕포구먹거리타운,Seomjingangmangdeokpogumeokgeoritaun,,,food,로컬상권·먹거리,34.97072,127.75931,50,,테마거리 · 광양역사코스 시티투어 경유지,,,,N,N,N,,Y,N,Y,,,,,,http://place.map.kakao.com/1045578097,전남광주통합특별시 광양시 진월면 망덕리 845-82 · 전국시티투어 경유지 · 카카오 좌표,
ctt38,nation,전국,광양,Gwangyang,,조선수군지 선소기념관,Joseonsugunji Seonsoginyeomgwan,,,herit,문화유산·전통체험,34.97867,127.7584,60,,기념관 · 광양역사코스 시티투어 경유지,,,,N,N,N,,Y,N,Y,,,,,,http://place.map.kakao.com/750934754,전남광주통합특별시 광양시 진월면 선소중앙길 31 · 전국시티투어 경유지 · 카카오 좌표,
ctt39,nation,전국,광양,Gwangyang,,백운산자연휴양림,Baekunsanjayeonhyuyangrim,,白雲山自然休養林,heal,힐링·생태·체험,35.05372,127.59743,60,,자연휴양림 · 광양힐링코스 시티투어 경유지,,,,N,N,N,,Y,N,Y,,,,,,http://place.map.kakao.com/10389515,전남광주통합특별시 광양시 옥룡면 백계로 337 · 전국시티투어 경유지 · 카카오 좌표,
ctt40,nation,전국,광양,Gwangyang,,백운산산림박물관,Baekunsansanrimbakmulgwan,,,herit,문화유산·전통체험,35.05314,127.5974,60,,박물관 · 광양힐링코스 시티투어 경유지,,,,N,N,N,,Y,N,Y,,,,,,http://place.map.kakao.com/560804384,전남광주통합특별시 광양시 옥룡면 백계로 337-1 · 전국시티투어 경유지 · 카카오 좌표,
ctt41,nation,전국,광양,Gwangyang,,광양불고기특화거리,Gwangyangbulgogiteukhwageori,,,food,로컬상권·먹거리,34.96946,127.57905,50,,먹자골목 · 광양힐링코스 시티투어 경유지,,,,N,N,N,,Y,N,Y,,,,,,http://place.map.kakao.com/1775862702,전남광주통합특별시 광양시 광양읍 칠성리 · 전국시티투어 경유지 · 카카오 좌표,
ctt42,nation,전국,광양,Gwangyang,,광양시관광안내소,Gwangyangsigwangwangannaeso,,,heal,힐링·생태·체험,34.93646,127.69846,60,,관광안내소 · 야경코스 시티투어 경유지,,,,N,N,N,,Y,N,Y,,,,,,http://place.map.kakao.com/26191076,전남광주통합특별시 광양시 중마중앙로 70 · 전국시티투어 경유지 · 카카오 좌표,
ctt43,nation,전국,광양,Gwangyang,,이순신대교 먹거리타운,Isunsindaegyo Meokgeoritaun,,,food,로컬상권·먹거리,34.93427,127.69997,50,,먹자골목 · 야경코스 시티투어 경유지,,,,N,N,N,,Y,N,Y,,,,,,http://place.map.kakao.com/1165125369,전남광주통합특별시 광양시 중동 1800 · 전국시티투어 경유지 · 카카오 좌표,
ctt44,nation,전국,여수,Yeosu,,소호동동다리,Soho Dongdong Bridge,苏湖动动桥,蘇湖ドンドン橋,heal,힐링·생태·체험,34.74088,127.65075,60,,"관광,명소 · 야간테마코스(시간을달리는버스커), 2층야간코스 외 1개 시티투어 경유지",,,,N,N,N,,Y,N,Y,,,,,,http://place.map.kakao.com/530749902,전남광주통합특별시 여수시 소호동 498-1 · 전국시티투어 경유지 · 카카오 좌표,
ctt45,nation,전국,여수,Yeosu,,여수선소유적,Yeosuseonsoyujeok,,,herit,문화유산·전통체험,34.75501,127.66322,60,,"유적지 · 야간테마코스(시간을달리는버스커), 이순신문화유적코스 시티투어 경유지",,,,N,N,N,,Y,N,Y,,,,,,http://place.map.kakao.com/11104435,전남광주통합특별시 여수시 시전동 708 · 전국시티투어 경유지 · 카카오 좌표,
ctt46,nation,전국,여수,Yeosu,,하멜전시관,Hameljeonsigwan,,,activity,테마파크·액티비티,34.7367,127.74854,90,,전시관 · 2층주간코스 시티투어 경유지,,,,N,N,N,,Y,N,Y,,,,,,http://place.map.kakao.com/20673239,전남광주통합특별시 여수시 하멜로 96 · 전국시티투어 경유지 · 카카오 좌표,
ctt47,nation,전국,여수,Yeosu,,여수국가산업단지전망대,Yeosugukgasaneopdanjijeonmangdae,,,activity,테마파크·액티비티,34.80127,127.64843,90,,전망대 · 야경코스 시티투어 경유지,,,,N,N,N,,Y,N,Y,,,,,,http://place.map.kakao.com/25497374,전남광주통합특별시 여수시 화치동 산 183-1 · 전국시티투어 경유지 · 카카오 좌표,
ctt48,nation,전국,여수,Yeosu,,여수충민사,Yeosuchungminsa,丽水忠愍祠,麗水 忠愍祠,herit,문화유산·전통체험,34.75858,127.73482,60,,"사당,제단 · 이순신문화유적코스 시티투어 경유지",,,,N,N,N,,Y,N,Y,,,,,,http://place.map.kakao.com/8000777,전남광주통합특별시 여수시 충민사길 52-23 · 전국시티투어 경유지 · 카카오 좌표,
ctt49,nation,전국,여수,Yeosu,,고소대,Gosodae,,,herit,문화유산·전통체험,34.74011,127.73872,60,,유적지 · 이순신문화유적코스 시티투어 경유지,,,,N,N,N,,Y,N,Y,,,,,,http://place.map.kakao.com/11026310,전남광주통합특별시 여수시 고소3길 13 · 전국시티투어 경유지 · 카카오 좌표,
ctt50,nation,전국,여수,Yeosu,,이충무공 어머니 사시던 곳,Ichungmugong Eomeoni Sasideon Got,,,herit,문화유산·전통체험,34.74188,127.68483,60,,문화유적 · 이순신문화유적코스 시티투어 경유지,,,,N,N,N,,Y,N,Y,,,,,,http://place.map.kakao.com/8051405,전남광주통합특별시 여수시 신월로 195 · 전국시티투어 경유지 · 카카오 좌표,
ctt51,nation,전국,여수,Yeosu,,여순사건 기념관,Yeosunsageon Ginyeomgwan,,,herit,문화유산·전통체험,34.74542,127.76606,60,,기념관 · 다크투어리즘코스 시티투어 경유지,,,,N,N,N,,Y,N,Y,,,,,,http://place.map.kakao.com/198118963,전남광주통합특별시 여수시 오동도로 242 · 전국시티투어 경유지 · 카카오 좌표,
ctt52,nation,전국,여수,Yeosu,,낭도,Nangdo,,,sea,해양·자연경관,34.60745,127.547,40,,섬 · 제2코스 시티투어 경유지,,,,N,N,N,,Y,N,Y,,,,,,http://place.map.kakao.com/18376849,전남광주통합특별시 여수시 화정면 낭도리 산 197 · 전국시티투어 경유지 · 카카오 좌표,
ctt53,nation,전국,여수,Yeosu,,적금도,Jeokgeumdo,,,sea,해양·자연경관,34.62887,127.51411,40,,섬 · 제2코스 시티투어 경유지,,,,N,N,N,,Y,N,Y,,,,,,http://place.map.kakao.com/8068885,전남광주통합특별시 여수시 화정면 적금리 378 · 전국시티투어 경유지 · 카카오 좌표,
ctt54,nation,전국,여수,Yeosu,,적금도전망공원,Jeokgeumdojeonmanggongwon,,,heal,힐링·생태·체험,34.62335,127.51526,60,,공원 · 제2코스 시티투어 경유지,,,,N,N,N,,Y,N,Y,,,,,,http://place.map.kakao.com/1127751048,전남광주통합특별시 여수시 화정면 적금리 158 · 전국시티투어 경유지 · 카카오 좌표,
ctt55,nation,전국,여수,Yeosu,,가사리생태공원,Yeosu Gasari Ecology Park,丽水佳沙里生态公园,麗水加沙里生態学習公園,heal,힐링·생태·체험,34.74739,127.59619,60,,공원 · 제2코스 시티투어 경유지,,,,N,N,N,,Y,N,Y,,,,,,http://place.map.kakao.com/800397940,전남광주통합특별시 여수시 소라면 현천리 1038-2 · 전국시티투어 경유지 · 카카오 좌표,
ctt56,nation,전국,여수,Yeosu,,전남광주통합특별시해양수산과학관,Jeonnamgwangjutonghapteukbyeolsihaeyangsusangwahakgwan,,全南光州統合特別市海洋水産科学館,heal,힐링·생태·체험,34.68375,127.77598,60,,과학관 · 제1코스 시티투어 경유지,,,,N,N,N,,Y,N,Y,,,,,,http://place.map.kakao.com/12494918,전남광주통합특별시 여수시 돌산읍 돌산로 2876 · 전국시티투어 경유지 · 카카오 좌표,
ctt57,nation,전국,목포,Mokpo,,유달유원지,Yudal Recreation Area,儒达游园区,儒達遊園地,heal,힐링·생태·체험,34.78745,126.36745,60,,유원지 · 별빛물결시티투어 시티투어 경유지,,,,N,N,N,,Y,N,Y,,,,,,http://place.map.kakao.com/8040367,전남광주통합특별시 목포시 죽교동 465-142 · 전국시티투어 경유지 · 카카오 좌표,
ctt58,nation,전국,목포,Mokpo,,목포스카이워크,Mokpo Skywalk,木浦天空步道,木浦スカイウォーク,heal,힐링·생태·체험,34.78773,126.36728,60,,"관광,명소 · 목포랑시티투어 시티투어 경유지",,,,N,N,N,,Y,N,Y,,,,,,http://place.map.kakao.com/1154381465,전남광주통합특별시 목포시 해양대학로 59 · 전국시티투어 경유지 · 카카오 좌표,
ctt59,nation,전국,목포,Mokpo,,가톨릭목포성지 역사박물관,Catholic Mokpo Shrine,天主教木浦圣地,カトリック木浦聖地,herit,문화유산·전통체험,34.79956,126.386,60,,박물관 · 목포랑시티투어 시티투어 경유지,,,,N,N,N,,Y,N,Y,,,,,,http://place.map.kakao.com/2098483361,전남광주통합특별시 목포시 노송길 35 · 전국시티투어 경유지 · 카카오 좌표,
ctt60,nation,전국,목포,Mokpo,,김대중노벨평화상기념관,Gimdaejungnobelpyeonghwasangginyeomgwan,,,herit,문화유산·전통체험,34.78291,126.39219,60,,기념관 · 목포랑시티투어 시티투어 경유지,,,,N,N,N,,Y,N,Y,,,,,,http://place.map.kakao.com/19963793,전남광주통합특별시 목포시 삼학로92번길 68 · 전국시티투어 경유지 · 카카오 좌표,
ctt61,nation,전국,목포,Mokpo,,목포자연사박물관,Mokpo Natural History Museum,,木浦自然史博物館,herit,문화유산·전통체험,34.79373,126.42107,60,,박물관 · 목포랑시티투어 시티투어 경유지,,,,N,N,N,,Y,N,Y,,,,,,http://place.map.kakao.com/7876112,전남광주통합특별시 목포시 남농로 135 · 전국시티투어 경유지 · 카카오 좌표,
ctt62,nation,전국,화성,Hwaseong,,화성요트,Hwaseong Yacht,华城游艇,華城ヨット,activity,테마파크·액티비티,37.1856,126.65105,90,,수상스포츠 · 테마와 하루(해양생태 체험) 시티투어 경유지,,,,N,N,N,,Y,N,Y,,,,,,http://place.map.kakao.com/546944973,경기 화성시 만세구 서신면 전곡항로 5 · 전국시티투어 경유지 · 카카오 좌표,
ctt63,nation,전국,화성,Hwaseong,,화성시공예문화관,Hwaseongsigongyemunhwagwan,,,heal,힐링·생태·체험,37.04313,126.75413,60,,문화시설 · 테마와 하루(문화예술 체험) 시티투어 경유지,,,,N,N,N,,Y,N,Y,,,,,,http://place.map.kakao.com/1533961171,경기 화성시 만세구 우정읍 고온리안길 24-9 · 전국시티투어 경유지 · 카카오 좌표,
ctt64,nation,전국,화성,Hwaseong,,예랑도예원,Yerangdoyewon,,,heal,힐링·생태·체험,37.21649,126.93479,60,,"도자기,도예촌 · 테마와 하루(문화예술 체험) 시티투어 경유지",,,,N,N,N,,Y,N,Y,,,,,,http://place.map.kakao.com/11188984,경기 화성시 효행구 봉담읍 삼봉길 100-11 · 전국시티투어 경유지 · 카카오 좌표,
ctt65,nation,전국,화성,Hwaseong,,소다미술관,Hwaseong SODA Art Museum,华城Soda美术馆,華城 Soda美術館,activity,테마파크·액티비티,37.2016,127.00615,90,,미술관 · 테마와 하루(문화예술 체험) 시티투어 경유지,,,,N,N,N,,Y,N,Y,,,,,,http://place.map.kakao.com/26466915,경기 화성시 병점구 효행로707번길 30 · 전국시티투어 경유지 · 카카오 좌표,
ctt66,nation,전국,화성,Hwaseong,,진주목장,Jinjumokjang,,,heal,힐링·생태·체험,37.24127,126.87933,60,,관광농원 · 테마와 하루(목장 체험) 시티투어 경유지,,,,N,N,N,,Y,N,Y,,,,,,http://place.map.kakao.com/16485865,경기 화성시 효행구 비봉면 일묵동길 24 · 전국시티투어 경유지 · 카카오 좌표,
ctt67,nation,전국,화성,Hwaseong,,라바팜스토리,Rabapamseutori,,,activity,테마파크·액티비티,37.16821,126.81752,90,,체험학습장 · 테마와 하루(목장 체험) 시티투어 경유지,,,,N,N,N,,Y,N,Y,,,,,,http://place.map.kakao.com/1147566646,경기 화성시 만세구 남양읍 남양로368번길 127 · 전국시티투어 경유지 · 카카오 좌표,
ctt68,nation,전국,화성,Hwaseong,,백미리어촌체험휴양마을,Baekmirieochoncheheomhyuyangmaeul,,,activity,테마파크·액티비티,37.14346,126.68014,90,,"정보화,체험마을 · 테마와 하루(농어촌 체험), 소소한 하루 시티투어 경유지",,,,N,N,N,,Y,N,Y,,,,,,http://place.map.kakao.com/1589898998,경기 화성시 만세구 서신면 백미길 210-35 · 전국시티투어 경유지 · 카카오 좌표,
ctt69,nation,전국,화성,Hwaseong,,제부마리나 클럽하우스,Jebumarina Keulreophauseu,,,heal,힐링·생태·체험,37.17549,126.62798,60,,관광지부속시설 · 바다와 하루 시티투어 경유지,,,,N,N,N,,Y,N,Y,,,,,,http://place.map.kakao.com/687436457,경기 화성시 만세구 서신면 해안길 467 · 전국시티투어 경유지 · 카카오 좌표,
ctt70,nation,전국,화성,Hwaseong,,궁평관광지,Gungpyeonggwangwangji,,,heal,힐링·생태·체험,37.12844,126.68324,60,,"관광,명소 · 바다와 하루 시티투어 경유지",,,,N,N,N,,Y,N,Y,,,,,,http://place.map.kakao.com/17384591,경기 화성시 만세구 서신면 궁평리 513-9 · 전국시티투어 경유지 · 카카오 좌표,
ctt71,nation,전국,화성,Hwaseong,,전곡항 층상 응회암,Jeongok Port,前谷港,前谷港,heal,힐링·생태·체험,37.1829,126.6513,60,,"관광,명소 · 바다와 하루, 열차와 하루 시티투어 경유지",,,,N,N,N,,Y,N,Y,,,,,,http://place.map.kakao.com/165482034,경기 화성시 만세구 서신면 장외리 · 전국시티투어 경유지 · 카카오 좌표,
ctt72,nation,전국,화성,Hwaseong,,화성황금해안길 3구간 궁평관광길,Hwaseonghwanggeumhaeangil 3gugan Gungpyeonggwangwanggil,,,heal,힐링·생태·체험,37.14066,126.6795,60,,도보여행 · 바다와 하루 시티투어 경유지,,,,N,N,N,,Y,N,Y,,,,,,http://place.map.kakao.com/457520970,경기 화성시 만세구 서신면 백미리 352-5 · 전국시티투어 경유지 · 카카오 좌표,
ctt73,nation,전국,화성,Hwaseong,,화성융릉과건릉,Hwaseongyungreunggwageonreung,,,herit,문화유산·전통체험,37.21172,126.99097,60,,"릉,묘,총 · 열차와 하루, 모두와 하루(무장애 여행) 시티투어 경유지",,,,N,N,N,,Y,N,Y,,,,,,http://place.map.kakao.com/8037586,경기 화성시 병점구 효행로481번길 21 · 전국시티투어 경유지 · 카카오 좌표,
ctt74,nation,전국,화성,Hwaseong,,제부도,Jebudo,济扶岛摩西路,,sea,해양·자연경관,37.17221,126.62402,40,,섬 · 열차와 하루 시티투어 경유지,,,,N,N,N,,Y,N,Y,,,,,,http://place.map.kakao.com/8069124,경기 화성시 만세구 서신면 제부리 · 전국시티투어 경유지 · 카카오 좌표,
ctt75,nation,전국,화성,Hwaseong,,공룡알화석산지 방문자센터,Gongryongalhwaseoksanji Bangmunjasenteo,,,heal,힐링·생태·체험,37.26235,126.74706,60,,과학관 · 열차와 하루 시티투어 경유지,,,,N,N,N,,Y,N,Y,,,,,,http://place.map.kakao.com/17382344,경기 화성시 만세구 송산면 공룡로 659 · 전국시티투어 경유지 · 카카오 좌표,
ctt76,nation,전국,화성,Hwaseong,,제부도해상케이블카 서해랑 전곡정류장,Jebudohaesangkeibeulka Seohaerang Jeongokjeongryujang,,,activity,테마파크·액티비티,37.18391,126.65009,90,,케이블카 · 모두와 하루(무장애 여행) 시티투어 경유지,,,,N,N,N,,Y,N,Y,,,,,,http://place.map.kakao.com/2065421924,경기 화성시 만세구 서신면 전곡항로 1-10 · 전국시티투어 경유지 · 카카오 좌표,
ctt77,nation,전국,화성,Hwaseong,,화성시우리꽃식물원,Hwaseong City Botanic Garden,华城市我们的花植物园,華城市ウリ花植物園,heal,힐링·생태·체험,37.11543,126.88287,60,,"수목원,식물원 · 모두와 하루(무장애 여행), 자연과 하루 시티투어 경유지",,,,N,N,N,,Y,N,Y,,,,,,http://place.map.kakao.com/11487287,경기 화성시 만세구 팔탄면 3.1만세로 777-17 · 전국시티투어 경유지 · 카카오 좌표,
ctt78,nation,전국,화성,Hwaseong,,서해랑길 87코스,Seohaeranggil 87koseu,,,heal,힐링·생태·체험,37.05855,126.75314,60,,서해랑길 · 역사와 하루2 시티투어 경유지,,,,N,N,N,,Y,N,Y,,,,,,http://place.map.kakao.com/1683914525,경기 화성시 만세구 우정읍 매향리 976 · 전국시티투어 경유지 · 카카오 좌표,
ctt79,nation,전국,화성,Hwaseong,,남양성모성지,Namyangseongmoseongji,南阳圣母圣地,南陽聖母聖地,herit,문화유산·전통체험,37.20504,126.81676,60,,종교유적지 · 역사와 하루2 시티투어 경유지,,,,N,N,N,,Y,N,Y,,,,,,http://place.map.kakao.com/10186752,경기 화성시 만세구 남양읍 남양성지로 112 · 전국시티투어 경유지 · 카카오 좌표,
ctt80,nation,전국,화성,Hwaseong,,용주사,Hwaseong Yongjusa Temple,龙珠寺(华城),龍珠寺（華城）,herit,문화유산·전통체험,37.21217,127.00508,60,,"절,사찰 · 역사와 하루1 시티투어 경유지",,,,N,N,N,,Y,N,Y,,,,,,http://place.map.kakao.com/11405128,경기 화성시 병점구 용주로 136 · 전국시티투어 경유지 · 카카오 좌표,
ctt81,nation,전국,화성,Hwaseong,,화성시독립운동기념관,Hwaseongsidokripundongginyeomgwan,,,herit,문화유산·전통체험,37.125,126.89032,60,,기념관 · 역사와 하루1 시티투어 경유지,,,,N,N,N,,Y,N,Y,,,,,,http://place.map.kakao.com/10714405,경기 화성시 만세구 향남읍 제암고주로 34 · 전국시티투어 경유지 · 카카오 좌표,
ctt82,nation,전국,화성,Hwaseong,,정조효공원,Jeongjohyogongwon,,,heal,힐링·생태·체험,37.20623,126.99651,60,,도시근린공원 · 테마와 하루(지역축제 체험) 시티투어 경유지,,,,N,N,N,,Y,N,Y,,,,,,http://place.map.kakao.com/74495566,경기 화성시 병점구 안녕동 228 · 전국시티투어 경유지 · 카카오 좌표,
ctt83,nation,전국,합천,Hapcheon,,핫들생태공원,Hatdeulsaengtaegongwon,,,heal,힐링·생태·체험,35.57494,128.16933,60,,공원 · 합천광역시티투어 누비고 시티투어 경유지,,,,N,N,N,,Y,N,Y,,,,,,http://place.map.kakao.com/2141658216,경남 합천군 율곡면 임북리 810-1 · 전국시티투어 경유지 · 카카오 좌표,
ctt84,nation,전국,밀양,Miryang,,만어사,Maneosa Temple,万鱼寺,万魚寺,herit,문화유산·전통체험,35.45489,128.84607,60,,"절,사찰 · 삼랑진권 투어 시티투어 경유지",,,,N,N,N,,Y,N,Y,,,,,,http://place.map.kakao.com/14974317,경남 밀양시 삼랑진읍 만어로 776 · 전국시티투어 경유지 · 카카오 좌표,
ctt85,nation,전국,밀양,Miryang,,수산제역사공원,Susanjeyeoksagongwon,,,heal,힐링·생태·체험,35.38195,128.71698,60,,공원 · 삼랑진권 투어 시티투어 경유지,,,,N,N,N,,Y,N,Y,,,,,,http://place.map.kakao.com/1363075931,경남 밀양시 하남읍 양동리 671 · 전국시티투어 경유지 · 카카오 좌표,
ctt86,nation,전국,밀양,Miryang,,밀양아리랑 우주천문대,Milyangarirang Ujucheonmundae,,,heal,힐링·생태·체험,35.50258,128.76108,60,,천문대 · 시내권 투어 1 시티투어 경유지,,,,N,N,N,,Y,N,Y,,,,,,http://place.map.kakao.com/1908468203,경남 밀양시 밀양대공원로 86 · 전국시티투어 경유지 · 카카오 좌표,
ctt87,nation,전국,밀양,Miryang,,밀양향교,Milyanghyanggyo,,,herit,문화유산·전통체험,35.50654,128.75475,60,,"향교,서당 · 시내권 투어 1 시티투어 경유지",,,,N,N,N,,Y,N,Y,,,,,,http://place.map.kakao.com/7888281,경남 밀양시 밀양향교3길 19 · 전국시티투어 경유지 · 카카오 좌표,
ctt88,nation,전국,밀양,Miryang,,밀양아리랑아트센터,Milyangarirangateusenteo,,,activity,테마파크·액티비티,35.50436,128.75838,90,,"공연장,연극극장 · 시내권 투어 1 시티투어 경유지",,,,N,N,N,,Y,N,Y,,,,,,http://place.map.kakao.com/27504016,경남 밀양시 밀양대공원로 112 · 전국시티투어 경유지 · 카카오 좌표,
ctt89,nation,전국,사천,Sacheon,,사천시 우주항공청 홍보관,Sacheonsi Ujuhanggongcheong Hongbogwan,,,activity,테마파크·액티비티,35.00372,128.06421,90,,"전시관 · 우주항공산업투어, 별빛투어 시티투어 경유지",,,,N,N,N,,Y,N,Y,,,,,,http://place.map.kakao.com/1852012604,경남 사천시 용현면 시청로 77 · 전국시티투어 경유지 · 카카오 좌표,
ctt90,nation,전국,사천,Sacheon,,무지갯빛해안도로,Mujigaetbithaeandoro,,,heal,힐링·생태·체험,35.00946,128.04704,60,,"드라이브코스 · 우주항공산업투어, 이순신승전길투어 외 2개 시티투어 경유지",,,,N,N,N,,Y,N,Y,,,,,,http://place.map.kakao.com/2060914594,경남 사천시 용현면 금문리 212-3 · 전국시티투어 경유지 · 카카오 좌표,
ctt91,nation,전국,사천,Sacheon,,다솔사 봉일암,Dasolsa Temple,,,herit,문화유산·전통체험,35.0846,127.91956,60,,"절,사찰 · 오감체험투어 시티투어 경유지",,,,N,N,N,,Y,N,Y,,,,,,http://place.map.kakao.com/12887866,경남 사천시 곤명면 다솔사길 424 · 전국시티투어 경유지 · 카카오 좌표,
ctt92,nation,전국,사천,Sacheon,,사천조명군총,Sacheonjomyeonggunchong,,,herit,문화유산·전통체험,35.04147,128.04777,60,,"릉,묘,총 · 이순신승전길투어 시티투어 경유지",,,,N,N,N,,Y,N,Y,,,,,,http://place.map.kakao.com/12711164,경남 사천시 용현면 선진리 402 · 전국시티투어 경유지 · 카카오 좌표,
ctt93,nation,전국,사천,Sacheon,,모충공원,Mochunggongwon,,,heal,힐링·생태·체험,34.9685,128.0479,60,,"도시근린공원 · 이순신승전길투어, 바다투어 시티투어 경유지",,,,N,N,N,,Y,N,Y,,,,,,http://place.map.kakao.com/10329799,경남 사천시 송포동 산 161-5 · 전국시티투어 경유지 · 카카오 좌표,
ctt94,nation,전국,사천,Sacheon,,사천케이블카자연휴양림,Sacheonkeibeulkajayeonhyuyangrim,,,heal,힐링·생태·체험,34.95017,128.05761,60,,자연휴양림 · 바다투어 시티투어 경유지,,,,N,N,N,,Y,N,Y,,,,,,http://place.map.kakao.com/225867771,경남 사천시 실안길 242-45 · 전국시티투어 경유지 · 카카오 좌표,
ctt95,nation,전국,영주,Yeongju,,영주금성대군신단,Yeongjugeumseongdaegunsindan,,,herit,문화유산·전통체험,36.92729,128.57854,60,,"사당,제단 · 선비 코스 시티투어 경유지",,,,N,N,N,,Y,N,Y,,,,,,http://place.map.kakao.com/12735916,경북 영주시 순흥면 소백로2767번길 5 · 전국시티투어 경유지 · 카카오 좌표,
ctt96,nation,전국,영주,Yeongju,,관사골 부용대,Gwansagol Buyongdae,,,heal,힐링·생태·체험,36.83011,128.6177,60,,"관광,명소 · 물돌이 코스 시티투어 경유지",,,,N,N,N,,Y,N,Y,,,,,,http://place.map.kakao.com/738093880,경북 영주시 영주동 150-11 · 전국시티투어 경유지 · 카카오 좌표,
ctt97,nation,전국,영주,Yeongju,,영주댐전망대,Yeongjudaemjeonmangdae,,,activity,테마파크·액티비티,36.73205,128.67451,90,,전망대 · 물돌이 코스 시티투어 경유지,,,,N,N,N,,Y,N,Y,,,,,,http://place.map.kakao.com/144142487,경북 영주시 평은면 수변로 50-61 · 전국시티투어 경유지 · 카카오 좌표,
ctt98,nation,전국,영주,Yeongju,,용마루2공원,Yongmaru2gongwon,,,heal,힐링·생태·체험,36.72939,128.67321,60,,공원 · 물돌이 코스 시티투어 경유지,,,,N,N,N,,Y,N,Y,,,,,,http://place.map.kakao.com/1727127381,경북 영주시 평은면 금광리 1401 · 전국시티투어 경유지 · 카카오 좌표,
ctt99,nation,전국,익산,Iksan,,무왕릉,Muwangreung,,,herit,문화유산·전통체험,35.98,127.03325,60,,"릉,묘,총 · 세계유산코스 시티투어 경유지",,,,N,N,N,,Y,N,Y,,,,,,http://place.map.kakao.com/11174498,전북특별자치도 익산시 석왕동 산 55 · 전국시티투어 경유지 · 카카오 좌표,
ctt100,nation,전국,익산,Iksan,,나바위성지 성당,Nabawiseongji Seongdang,,,herit,문화유산·전통체험,36.13826,126.99944,60,,성당 · 익산숨은보석찾기코스 시티투어 경유지,,,,N,N,N,,Y,N,Y,,,,,,http://place.map.kakao.com/8229227,전북특별자치도 익산시 망성면 나바위1길 146 · 전국시티투어 경유지 · 카카오 좌표,
ctt101,nation,전국,익산,Iksan,,익산문화예술의거리,Iksanmunhwayesuluigeori,,,food,로컬상권·먹거리,35.93912,126.94806,50,,테마거리 · 익산숨은보석찾기코스 시티투어 경유지,,,,N,N,N,,Y,N,Y,,,,,,http://place.map.kakao.com/26947862,전북특별자치도 익산시 중앙동1가 · 전국시티투어 경유지 · 카카오 좌표,
ctt102,nation,전국,홍성,Hongseong,,광천토굴새우젓 홍보전시관,Gwangcheontogulsaeujeot Hongbojeonsigwan,,,activity,테마파크·액티비티,36.4873,126.61644,90,,"전시관 · 전통시장코스(광천) 4,9일 운영 시티투어 경유지",,,,N,N,N,,Y,N,Y,,,,,,http://place.map.kakao.com/26187580,충남 홍성군 광천읍 광천로 119 · 전국시티투어 경유지 · 카카오 좌표,
ctt103,nation,전국,홍성,Hongseong,,광천 새우젓토굴 테마공원,Gwangcheon Saeujeottogul Temagongwon,,,heal,힐링·생태·체험,36.48763,126.61759,60,,"공원 · 전통시장코스(광천) 4,9일 운영 시티투어 경유지",,,,N,N,N,,Y,N,Y,,,,,,http://place.map.kakao.com/944194535,충남 홍성군 광천읍 옹암리 475 · 전국시티투어 경유지 · 카카오 좌표,
ctt104,nation,전국,홍성,Hongseong,,그림같은수목원,Picturesque Arboretum (Gallery in the Garden),如画树木园（有画园林）,絵のような樹木園（絵のある庭園）,heal,힐링·생태·체험,36.5195,126.6279,60,,"수목원,식물원 · 전통시장코스(광천) 4,9일 운영 시티투어 경유지",,,,N,N,N,,Y,N,Y,,,,,,http://place.map.kakao.com/8205487,충남 홍성군 광천읍 충서로400번길 102-36 · 전국시티투어 경유지 · 카카오 좌표,
ctt105,nation,전국,홍성,Hongseong,,남당노을전망대,Namdangnoeuljeonmangdae,,,activity,테마파크·액티비티,36.54434,126.46558,90,,전망대 · 남당항 코스 시티투어 경유지,,,,N,N,N,,Y,N,Y,,,,,,http://place.map.kakao.com/1302217839,충남 홍성군 서부면 남당리 767-18 · 전국시티투어 경유지 · 카카오 좌표,
ctt106,nation,전국,홍성,Hongseong,,어사리 노을공원,Eosari Noeulgongwon,,,heal,힐링·생태·체험,36.5557,126.4685,60,,공원 · 남당항 코스 시티투어 경유지,,,,N,N,N,,Y,N,Y,,,,,,http://place.map.kakao.com/1449377762,충남 홍성군 서부면 어사리 490-1 · 전국시티투어 경유지 · 카카오 좌표,
ctt107,nation,전국,홍성,Hongseong,,이응노의집,Ieungnouijip,,,herit,문화유산·전통체험,36.62248,126.63176,60,,기념관 · 역사·문화 코스 시티투어 경유지,,,,N,N,N,,Y,N,Y,,,,,,http://place.map.kakao.com/15238223,충남 홍성군 홍북읍 이응노로 61-7 · 전국시티투어 경유지 · 카카오 좌표,
ctt108,nation,전국,서산,Seosan,,서산버드랜드,Seosanbeodeuraendeu,,,heal,힐링·생태·체험,36.6311,126.3784,60,,"관광,명소 · C코스 시티투어 경유지",,,,N,N,N,,Y,N,Y,,,,,,http://place.map.kakao.com/15104619,충남 서산시 부석면 천수만로 655-73 · 전국시티투어 경유지 · 카카오 좌표,
ctt109,nation,전국,서산,Seosan,,천수만,Cheonsuman,,,heal,힐링·생태·체험,36.59108,126.41393,60,,"생태보존,서식지 · C코스 시티투어 경유지",,,,N,N,N,,Y,N,Y,,,,,,http://place.map.kakao.com/11642515,충남 서산시 부석면 간월도리 · 전국시티투어 경유지 · 카카오 좌표,
ctt110,nation,전국,서산,Seosan,,서산시광역자원회수시설 전망대,Seosansigwangyeokjawonhoesusiseol Jeonmangdae,,,activity,테마파크·액티비티,36.72282,126.45596,90,,"전망대 · C코스, B코스 시티투어 경유지",,,,N,N,N,,Y,N,Y,,,,,,http://place.map.kakao.com/1397793149,충남 서산시 양대11로 34 · 전국시티투어 경유지 · 카카오 좌표,
ctt111,nation,전국,서산,Seosan,,서산동부전통시장 쌈지공원,Seosandongbujeontongsijang Ssamjigongwon,,,heal,힐링·생태·체험,36.78274,126.45536,60,,"광장 · C코스, B코스 시티투어 경유지",,,,N,N,N,,Y,N,Y,,,,,,http://place.map.kakao.com/1970673930,충남 서산시 동문동 900 · 전국시티투어 경유지 · 카카오 좌표,
ctt112,nation,전국,서산,Seosan,,황금산,Hwanggeumsan,,,heal,힐링·생태·체험,36.99016,126.33062,60,,산 · B코스 시티투어 경유지,,,,N,N,N,,Y,N,Y,,,,,,http://place.map.kakao.com/25398443,충남 서산시 대산읍 독곶리 산 230-2 · 전국시티투어 경유지 · 카카오 좌표,
ctt113,nation,전국,서산,Seosan,,안견기념관,Angyeonginyeomgwan,,,herit,문화유산·전통체험,36.86403,126.43854,60,,기념관 · B코스 시티투어 경유지,,,,N,N,N,,Y,N,Y,,,,,,http://place.map.kakao.com/12467130,충남 서산시 지곡면 안견관길 15-17 · 전국시티투어 경유지 · 카카오 좌표,
ctt114,nation,전국,서산,Seosan,,해미 국제성지,International Shrine of Haemi Martyrs,,海美国際聖地,herit,문화유산·전통체험,36.71287,126.53775,60,,종교유적지 · A코스 시티투어 경유지,,,,N,N,N,,Y,N,Y,,,,,,http://place.map.kakao.com/8666526,충남 서산시 해미면 성지1로 13 · 전국시티투어 경유지 · 카카오 좌표,
ctt115,nation,전국,천안,Cheonan,,충청남도안전체험관,Chungcheongnamdoanjeoncheheomgwan,,,activity,테마파크·액티비티,36.82172,127.1916,90,,"체험학습장 · 일요일, 화요일 시티투어 경유지",,,,N,N,N,,Y,N,Y,,,,,,http://place.map.kakao.com/27177847,충남 천안시 동남구 태조산길 267-17 · 전국시티투어 경유지 · 카카오 좌표,
ctt116,nation,전국,천안,Cheonan,,태조산공원,Taejosangongwon,,,heal,힐링·생태·체험,36.8237,127.1913,60,,공원 · 토요일 시티투어 경유지,,,,N,N,N,,Y,N,Y,,,,,,http://place.map.kakao.com/8571684,충남 천안시 동남구 태조산길 261 · 전국시티투어 경유지 · 카카오 좌표,
ctt117,nation,전국,천안,Cheonan,,유관순열사사적지,Yugwansunyeolsasajeokji,,,herit,문화유산·전통체험,36.75966,127.30782,60,,유적지 · 목요일 시티투어 경유지,,,,N,N,N,,Y,N,Y,,,,,,http://place.map.kakao.com/8036607,충남 천안시 동남구 병천면 유관순길 38 · 전국시티투어 경유지 · 카카오 좌표,
ctt118,nation,전국,충주,Chungju,,중원문화길 1코스(생태탐방길),Jungwonmunhwagil 1koseu(saengtaetambanggil),,,heal,힐링·생태·체험,37.01578,127.91822,60,,도보여행 · 충주시티투어 시티투어 경유지,,,,N,N,N,,Y,N,Y,,,,,,http://place.map.kakao.com/26558716,충북 충주시 목행동 · 전국시티투어 경유지 · 카카오 좌표,
ctt119,nation,전국,충주,Chungju,,비내길 2코스,Binaegil 2koseu,,,heal,힐링·생태·체험,37.09961,127.81594,60,,도보여행 · 충주시티투어 시티투어 경유지,,,,N,N,N,,Y,N,Y,,,,,,http://place.map.kakao.com/26564540,충북 충주시 앙성면 조천리 산 40 · 전국시티투어 경유지 · 카카오 좌표,
ctt120,nation,전국,태백,Taebaek,,철암탄광역사촌,Cheolamtangwangyeoksachon,,,heal,힐링·생태·체험,37.11415,129.03715,60,,"관광,명소 · 통리장 코스, 황지자유시장 코스 시티투어 경유지",,,,N,N,N,,Y,N,Y,,,,,,http://place.map.kakao.com/25411516,강원특별자치도 태백시 동태백로 402 · 전국시티투어 경유지 · 카카오 좌표,
ctt121,nation,전국,원주,Wonju,,빙하미술관,Binghamisulgwan,,氷河美術館,activity,테마파크·액티비티,37.39361,127.78905,90,,미술관 · 원주시티투어(순환형) 시티투어 경유지,,,,N,N,N,,Y,N,Y,,,,,,http://place.map.kakao.com/385202145,강원특별자치도 원주시 지정면 구재로 66 · 전국시티투어 경유지 · 카카오 좌표,
ctt122,nation,전국,연천,Yeoncheon,,숭의전,Sunguijeon,,,herit,문화유산·전통체험,38.02372,126.97307,60,,"사당,제단 · 연천명소코스 시티투어 경유지",,,,N,N,N,,Y,N,Y,,,,,,http://place.map.kakao.com/7963099,경기 연천군 미산면 숭의전로 382-27 · 전국시티투어 경유지 · 카카오 좌표,
ctt123,nation,전국,연천,Yeoncheon,,은대리문화벽돌공장,Eundaerimunhwabyeokdolgongjang,,,heal,힐링·생태·체험,38.05119,127.07134,60,,문화시설 · 연천명소코스 시티투어 경유지,,,,N,N,N,,Y,N,Y,,,,,,http://place.map.kakao.com/806364445,경기 연천군 전곡읍 평화로940번길 72-27 · 전국시티투어 경유지 · 카카오 좌표,
ctt124,nation,전국,연천,Yeoncheon,,재인폭포,Jaeinpokpo,,,heal,힐링·생태·체험,38.07693,127.14337,60,,"폭포 · 연천명소코스, 안보자연코스 시티투어 경유지",,,,N,N,N,,Y,N,Y,,,,,,http://place.map.kakao.com/8062094,경기 연천군 연천읍 부곡리 산 235 · 전국시티투어 경유지 · 카카오 좌표,
ctt125,nation,전국,연천,Yeoncheon,,태풍전망대,Taepungjeonmangdae,,,activity,테마파크·액티비티,38.12595,126.97302,90,,전망대 · 안보자연코스 시티투어 경유지,,,,N,N,N,,Y,N,Y,,,,,,http://place.map.kakao.com/8619464,경기 연천군 중면 횡산리 산 108-1 · 전국시티투어 경유지 · 카카오 좌표,
ctt126,nation,전국,연천,Yeoncheon,,한탄강 베개용암 출렁다리,Hantangang Begaeyongam Chulreongdari,,,heal,힐링·생태·체험,38.03965,127.11367,60,,"관광,명소 · 안보자연코스 시티투어 경유지",,,,N,N,N,,Y,N,Y,,,,,,http://place.map.kakao.com/476821833,경기 연천군 전곡읍 신답리 산 98 · 전국시티투어 경유지 · 카카오 좌표,
ctt127,nation,전국,연천,Yeoncheon,,임진강자연센터,Imjingangjayeonsenteo,,,heal,힐링·생태·체험,38.01903,127.01421,60,,문화시설 · 역사자연코스 시티투어 경유지,,,,N,N,N,,Y,N,Y,,,,,,http://place.map.kakao.com/168802495,경기 연천군 미산면 마동로196번길 226-23 · 전국시티투어 경유지 · 카카오 좌표,
ctt128,nation,전국,연천,Yeoncheon,,연천 경순왕릉,Yeoncheon Gyeongsunwangreung,,,herit,문화유산·전통체험,37.99069,126.84361,60,,"릉,묘,총 · 역사자연코스 시티투어 경유지",,,,N,N,N,,Y,N,Y,,,,,,http://place.map.kakao.com/18800475,경기 연천군 장남면 장남로 288 · 전국시티투어 경유지 · 카카오 좌표,
ctt129,nation,전국,연천,Yeoncheon,,고랑포구역사공원,Gorangpoguyeoksagongwon,,,heal,힐링·생태·체험,37.98762,126.84684,60,,도시근린공원 · 역사자연코스 시티투어 경유지,,,,N,N,N,,Y,N,Y,,,,,,http://place.map.kakao.com/27081432,경기 연천군 장남면 고랑포리 209-2 · 전국시티투어 경유지 · 카카오 좌표,
ctt130,nation,전국,연천,Yeoncheon,,연천호로고루,Yeoncheonhorogoru,涟川瓠芦古垒,漣川瓠蘆古塁,herit,문화유산·전통체험,37.98619,126.85856,60,,"산성,성곽 · 역사자연코스 시티투어 경유지",,,,N,N,N,,Y,N,Y,,,,,,http://place.map.kakao.com/8007509,경기 연천군 장남면 원당리 1257-1 · 전국시티투어 경유지 · 카카오 좌표,
ctt131,nation,전국,이천,Icheon,,도예촌쌀밥거리,Doyechonssalbapgeori,,,food,로컬상권·먹거리,37.3111,127.40103,50,,먹자골목 · 승마체험코스 시티투어 경유지,,,,N,N,N,,Y,N,Y,,,,,,http://place.map.kakao.com/12706543,경기 이천시 신둔면 수광리 · 전국시티투어 경유지 · 카카오 좌표,
ctt132,nation,전국,이천,Icheon,,이천산수유마을,Icheon Sansuyu Village,,利川山茱萸村,heal,힐링·생태·체험,37.34078,127.4623,60,,"관광,명소 · 승마체험코스, 농촌체험코스(북부) 외 2개 시티투어 경유지",,,,N,N,N,,Y,N,Y,,,,,,http://place.map.kakao.com/21877191,경기 이천시 백사면 원적로775번길 17 · 전국시티투어 경유지 · 카카오 좌표,
ctt133,nation,전국,이천,Icheon,,서경들마을,Seogyeongdeulmaeul,,,activity,테마파크·액티비티,37.1619,127.4811,90,,"정보화,체험마을 · 농촌체험코스(중부) 시티투어 경유지",,,,N,N,N,,Y,N,Y,,,,,,http://place.map.kakao.com/17944593,경기 이천시 모가면 진상미로1178번길 13 · 전국시티투어 경유지 · 카카오 좌표,
ctt134,nation,전국,이천,Icheon,,자채방아마을,Jachaebangamaeul,,,activity,테마파크·액티비티,37.19115,127.50704,90,,"정보화,체험마을 · 농촌체험코스(중부) 시티투어 경유지",,,,N,N,N,,Y,N,Y,,,,,,http://place.map.kakao.com/21306414,경기 이천시 대월면 대월로358번길 168-24 · 전국시티투어 경유지 · 카카오 좌표,
ctt135,nation,전국,평택,Pyeongtaek,,진위향교,Jinwihyanggyo,,,herit,문화유산·전통체험,37.09933,127.09481,60,,"향교,서당 · 문화유산코스 /관광코스 ※무장애코스 월2회 정기운영(3~6월,9~11월) 시티투어 경유지",,,,N,N,N,,Y,N,Y,,,,,,http://place.map.kakao.com/10913753,경기 평택시 진위면 진위로 49 · 전국시티투어 경유지 · 카카오 좌표,
ctt136,nation,전국,평택,Pyeongtaek,,원릉군기념관,Wonreunggunginyeomgwan,,,herit,문화유산·전통체험,37.05484,127.10675,60,,"기념관 · 문화유산코스 /관광코스 ※무장애코스 월2회 정기운영(3~6월,9~11월) 시티투어 경유지",,,,N,N,N,,Y,N,Y,,,,,,http://place.map.kakao.com/1568911690,경기 평택시 원릉군길 96-5 · 전국시티투어 경유지 · 카카오 좌표,
ctt137,nation,전국,평택,Pyeongtaek,,정도전사당,Jeongdojeonsadang,,,herit,문화유산·전통체험,37.08001,127.12252,60,,"사당,제단 · 문화유산코스 /관광코스 ※무장애코스 월2회 정기운영(3~6월,9~11월) 시티투어 경유지",,,,N,N,N,,Y,N,Y,,,,,,http://place.map.kakao.com/10715042,경기 평택시 진위면 은산길 80-15 · 전국시티투어 경유지 · 카카오 좌표,
ctt138,nation,전국,평택,Pyeongtaek,,만기사,Mangisa,,,herit,문화유산·전통체험,37.10806,127.10065,60,,"절,사찰 · 문화유산코스 /관광코스 ※무장애코스 월2회 정기운영(3~6월,9~11월) 시티투어 경유지",,,,N,N,N,,Y,N,Y,,,,,,http://place.map.kakao.com/7870823,경기 평택시 진위면 진위로 181-82 · 전국시티투어 경유지 · 카카오 좌표,
ctt139,nation,전국,평택,Pyeongtaek,,평택향교,Pyeongtaekhyanggyo,,,herit,문화유산·전통체험,36.96548,127.05604,60,,"향교,서당 · 문화유산코스 /관광코스 ※무장애코스 월2회 정기운영(3~6월,9~11월) 시티투어 경유지",,,,N,N,N,,Y,N,Y,,,,,,http://place.map.kakao.com/8613248,경기 평택시 팽성읍 부용로17번길 40 · 전국시티투어 경유지 · 카카오 좌표,
ctt140,nation,전국,평택,Pyeongtaek,,농성,Nongseong,,,herit,문화유산·전통체험,36.96519,127.04476,60,,"산성,성곽 · 문화유산코스 /관광코스 ※무장애코스 월2회 정기운영(3~6월,9~11월) 시티투어 경유지",,,,N,N,N,,Y,N,Y,,,,,,http://place.map.kakao.com/127729740,경기 평택시 팽성읍 안정리 78-30 · 전국시티투어 경유지 · 카카오 좌표,
ctt141,nation,전국,평택,Pyeongtaek,,수도사,Sudosa,,,herit,문화유산·전통체험,37.00262,126.82171,60,,"절,사찰 · 문화유산코스 /관광코스 ※무장애코스 월2회 정기운영(3~6월,9~11월) 시티투어 경유지",,,,N,N,N,,Y,N,Y,,,,,,http://place.map.kakao.com/7965501,경기 평택시 포승읍 호암길 58 · 전국시티투어 경유지 · 카카오 좌표,
ctt142,nation,전국,평택,Pyeongtaek,,심복사,Simboksa,,,herit,문화유산·전통체험,36.95048,126.9654,60,,"절,사찰 · 문화유산코스 /관광코스 ※무장애코스 월2회 정기운영(3~6월,9~11월) 시티투어 경유지",,,,N,N,N,,Y,N,Y,,,,,,http://place.map.kakao.com/8473119,경기 평택시 현덕면 심복사길 22 · 전국시티투어 경유지 · 카카오 좌표,
ctt143,nation,전국,평택,Pyeongtaek,,이대원장군묘및신도비,Idaewonjanggunmyomitsindobi,,,herit,문화유산·전통체험,36.96919,126.87466,60,,"릉,묘,총 · 문화유산코스 /관광코스 ※무장애코스 월2회 정기운영(3~6월,9~11월) 시티투어 경유지",,,,N,N,N,,Y,N,Y,,,,,,http://place.map.kakao.com/12711130,경기 평택시 포승읍 희곡리 산 83-6 · 전국시티투어 경유지 · 카카오 좌표,
ctt144,nation,전국,평택,Pyeongtaek,,오썸플랙스,Osseompeulraekseu,,,activity,테마파크·액티비티,37.02946,127.01459,90,,"스포츠센터 · 문화유산코스 /관광코스 ※무장애코스 월2회 정기운영(3~6월,9~11월) 시티투어 경유지",,,,N,N,N,,Y,N,Y,,,,,,http://place.map.kakao.com/1028313736,경기 평택시 고덕면 도시지원1길 91 · 전국시티투어 경유지 · 카카오 좌표,
ctt145,nation,전국,평택,Pyeongtaek,,신당근린공원 평택항홍보관,Sindanggeunringongwon Pyeongtaekhanghongbogwan,,,activity,테마파크·액티비티,36.97009,126.84742,90,,"전시관 · 문화유산코스 /관광코스 ※무장애코스 월2회 정기운영(3~6월,9~11월) 시티투어 경유지",,,,N,N,N,,Y,N,Y,,,,,,http://place.map.kakao.com/17558783,경기 평택시 포승읍 평택항로 98 · 전국시티투어 경유지 · 카카오 좌표,
ctt146,nation,전국,평택,Pyeongtaek,,평택문화원 웃다리문화촌,Pyeongtaekmunhwawon Utdarimunhwachon,,,heal,힐링·생태·체험,37.06879,127.00822,60,,"문화원 · 문화유산코스 /관광코스 ※무장애코스 월2회 정기운영(3~6월,9~11월) 시티투어 경유지",,,,N,N,N,,Y,N,Y,,,,,,http://place.map.kakao.com/9998751,경기 평택시 서탄면 용소금각로 438-14 · 전국시티투어 경유지 · 카카오 좌표,
ctt147,nation,전국,평택,Pyeongtaek,,팽성생활사박물관,Paengseongsaenghwalsabakmulgwan,,,herit,문화유산·전통체험,36.96061,127.04728,60,,"박물관 · 문화유산코스 /관광코스 ※무장애코스 월2회 정기운영(3~6월,9~11월) 시티투어 경유지",,,,N,N,N,,Y,N,Y,,,,,,http://place.map.kakao.com/1144019317,경기 평택시 팽성읍 안정로39번길 21 · 전국시티투어 경유지 · 카카오 좌표,
ctt148,nation,전국,평택,Pyeongtaek,,원평나루,Wonpyeongnaru,,,heal,힐링·생태·체험,36.98487,127.08037,60,,"관광,명소 · 문화유산코스 /관광코스 ※무장애코스 월2회 정기운영(3~6월,9~11월) 시티투어 경유지",,,,N,N,N,,Y,N,Y,,,,,,http://place.map.kakao.com/26300444,경기 평택시 평택동 · 전국시티투어 경유지 · 카카오 좌표,
ctt149,nation,전국,평택,Pyeongtaek,,내리문화공원,Naerimunhwagongwon,,,heal,힐링·생태·체험,36.97493,127.03098,60,,"도시근린공원 · 문화유산코스 /관광코스 ※무장애코스 월2회 정기운영(3~6월,9~11월) 시티투어 경유지",,,,N,N,N,,Y,N,Y,,,,,,http://place.map.kakao.com/27071519,경기 평택시 팽성읍 내리 260 · 전국시티투어 경유지 · 카카오 좌표,
ctt150,nation,전국,평택,Pyeongtaek,,안정리예술인광장,Anjeongriyesulingwangjang,,,heal,힐링·생태·체험,36.95956,127.04399,60,,"문화시설 · 문화유산코스 /관광코스 ※무장애코스 월2회 정기운영(3~6월,9~11월) 시티투어 경유지",,,,N,N,N,,Y,N,Y,,,,,,http://place.map.kakao.com/1642446381,경기 평택시 팽성읍 안정쇼핑로 11 · 전국시티투어 경유지 · 카카오 좌표,
ctt151,nation,전국,평택,Pyeongtaek,,평택시농업생태원,Pyeongtaeksinongeopsaengtaewon,,,activity,테마파크·액티비티,37.01313,126.98365,90,,"체험학습장 · 문화유산코스 /관광코스 ※무장애코스 월2회 정기운영(3~6월,9~11월) 시티투어 경유지",,,,N,N,N,,Y,N,Y,,,,,,http://place.map.kakao.com/42512498,경기 평택시 오성면 청오로 33-34 · 전국시티투어 경유지 · 카카오 좌표,
ctt152,nation,전국,평택,Pyeongtaek,,평택호관광단지,Pyeongtaekhogwangwangdanji,,,heal,힐링·생태·체험,36.92144,126.92223,60,,"관광단지 · 문화유산코스 /관광코스 ※무장애코스 월2회 정기운영(3~6월,9~11월) 시티투어 경유지",,,,N,N,N,,Y,N,Y,,,,,,http://place.map.kakao.com/9534403,경기 평택시 현덕면 평택호길 159 · 전국시티투어 경유지 · 카카오 좌표,
ctt153,nation,전국,청주,Cheongju,,청주체육관,Cheongjucheyukgwan,,,activity,테마파크·액티비티,36.63657,127.47345,90,,"체육관 · 청주시티투어_정기투어_트레킹 투어(토), 청주시티투어_정기투어_힐링로드 투어(토) 외 2개 시티투어 경유지",,,,N,N,N,,Y,N,Y,,,,,,http://place.map.kakao.com/9451657,충북 청주시 서원구 사직대로 229 · 전국시티투어 경유지 · 카카오 좌표,
ctt154,nation,전국,청주,Cheongju,,옥화9경 제1경 청석굴,Okhwa9gyeong Je1gyeong Cheongseokgul,,,heal,힐링·생태·체험,36.61374,127.68571,60,,동굴 · 청주시티투어_정기투어_트레킹 투어(토) 시티투어 경유지,,,,N,N,N,,Y,N,Y,,,,,,http://place.map.kakao.com/8109844,충북 청주시 상당구 미원면 운암리 산 22 · 전국시티투어 경유지 · 카카오 좌표,
ctt155,nation,전국,청주,Cheongju,,성안길,ARTBOX Cheongju Seongan-gil Branch,ArtBox清州城内路店,ARTBOX（アートボックス）・チョンジュソンアンギル（淸州城内道）店,food,로컬상권·먹거리,36.63585,127.48901,50,,"테마거리 · 청주시티투어_정기투어_힐링로드 투어(토), 청주시티투어_정기투어_초정힐링 투어(토) 외 1개 시티투어 경유지",,,,N,N,N,,Y,N,Y,,,,,,http://place.map.kakao.com/19357172,충북 청주시 상당구 북문로1가 210-1 · 전국시티투어 경유지 · 카카오 좌표,
ctt156,nation,전국,여주,Yeoju,,대신섬,Daesinseom,,,sea,해양·자연경관,37.39505,127.54257,40,,섬(내륙) · 꽃섬투어 시티투어 경유지,,,,N,N,N,,Y,N,Y,,,,,,http://place.map.kakao.com/18095904,경기 여주시 대신면 천서리 545-5 · 전국시티투어 경유지 · 카카오 좌표,
ctt157,nation,전국,여주,Yeoju,,이포보전망대,Ipobojeonmangdae,,,activity,테마파크·액티비티,37.40538,127.54374,90,,전망대 · 꽃섬투어 시티투어 경유지,,,,N,N,N,,Y,N,Y,,,,,,http://place.map.kakao.com/25049055,경기 여주시 대신면 여양로 2001 · 전국시티투어 경유지 · 카카오 좌표,
ctt158,nation,전국,여주,Yeoju,,파사성,Pasaseong,,驪州 婆娑城,herit,문화유산·전통체험,37.41122,127.54931,60,,"산성,성곽 · 꽃섬투어 시티투어 경유지",,,,N,N,N,,Y,N,Y,,,,,,http://place.map.kakao.com/8115868,경기 여주시 대신면 천서리 산 9 · 전국시티투어 경유지 · 카카오 좌표,
ctt159,nation,전국,여주,Yeoju,,대로사,Daerosa,,,herit,문화유산·전통체험,37.29929,127.63313,60,,"사당,제단 · 시티투어 시티투어 경유지",,,,N,N,N,,Y,N,Y,,,,,,http://place.map.kakao.com/7817931,경기 여주시 청심로 113 · 전국시티투어 경유지 · 카카오 좌표,
ctt160,nation,전국,여주,Yeoju,,금은모래캠핑장 어린이물놀이장,Geumeunmoraekaempingjang Eorinimulnolijang,,,activity,테마파크·액티비티,37.29392,127.66733,90,,어린이수영장 · 시티투어 시티투어 경유지,,,,N,N,N,,Y,N,Y,,,,,,http://place.map.kakao.com/1525701183,경기 여주시 강변유원지길 105 · 전국시티투어 경유지 · 카카오 좌표,
ctt161,nation,전국,양산,Yangsan,,창기마을체험휴양관,Changgimaeulcheheomhyuyanggwan,,,activity,테마파크·액티비티,35.33486,129.12025,90,,"정보화,체험마을 · 2025 6월 시티투어 시티투어 경유지",,,,N,N,N,,Y,N,Y,,,,,,http://place.map.kakao.com/1088472259,경남 양산시 동면 창기1길 15-5 · 전국시티투어 경유지 · 카카오 좌표,
ctt162,nation,전국,양산,Yangsan,,한국궁중꽃박물관,Hangukgungjungkkotbakmulgwan,,,herit,문화유산·전통체험,35.36667,129.1758,60,,박물관 · 2025 6월 시티투어 시티투어 경유지,,,,N,N,N,,Y,N,Y,,,,,,http://place.map.kakao.com/1675855084,경남 양산시 매곡외산로 232 · 전국시티투어 경유지 · 카카오 좌표,
ctt163,nation,전국,양산,Yangsan,,법기수원지,Beopgisuwonji,,,heal,힐링·생태·체험,35.34797,129.1063,60,,"관광,명소 · 2025 6월 시티투어 시티투어 경유지",,,,N,N,N,,Y,N,Y,,,,,,http://place.map.kakao.com/11065597,경남 양산시 동면 법기로 198-13 · 전국시티투어 경유지 · 카카오 좌표,
ctt164,nation,전국,봉화,Bonghwa,,가평리계서당,Gapyeongrigyeseodang,,,herit,문화유산·전통체험,36.94975,128.73346,60,,"생가,고택 · 송이축제 문화유적탐방버스, 은어축제 문화유적탐방버스 시티투어 경유지",,,,N,N,N,,Y,N,Y,,,,,,http://place.map.kakao.com/8636154,경북 봉화군 물야면 계서당길 34-1 · 전국시티투어 경유지 · 카카오 좌표,
ctt165,nation,전국,봉화,Bonghwa,,봉화닭실마을,Bonghwadaksilmaeul,,奉化タクシル村,activity,테마파크·액티비티,36.90483,128.74282,90,,"정보화,체험마을 · 송이축제 문화유적탐방버스, 은어축제 문화유적탐방버스 시티투어 경유지",,,,N,N,N,,Y,N,Y,,,,,,http://place.map.kakao.com/25039998,경북 봉화군 봉화읍 충재길 42 · 전국시티투어 경유지 · 카카오 좌표,
ctt166,nation,전국,봉화,Bonghwa,,봉화목재문화체험장,Bonghwamokjaemunhwacheheomjang,,,activity,테마파크·액티비티,36.9042,128.79951,90,,"체험학습장 · 송이축제 문화유적탐방버스, 은어축제 문화유적탐방버스 시티투어 경유지",,,,N,N,N,,Y,N,Y,,,,,,http://place.map.kakao.com/18759277,경북 봉화군 봉성면 구절로 151 · 전국시티투어 경유지 · 카카오 좌표,
ctt167,nation,전국,봉화,Bonghwa,,오전약수탕,Ojeonyaksutang,,,heal,힐링·생태·체험,37.0134,128.75016,60,,"샘터,약수터 · 송이축제 문화유적탐방버스, 은어축제 문화유적탐방버스 시티투어 경유지",,,,N,N,N,,Y,N,Y,,,,,,http://place.map.kakao.com/8017118,경북 봉화군 물야면 문수로 1601 · 전국시티투어 경유지 · 카카오 좌표,
ctt168,nation,전국,청도,Cheongdo,,새마을운동발상지 기념관,Saemaeulundongbalsangji Ginyeomgwan,,,herit,문화유산·전통체험,35.60021,128.76616,60,,기념관 · 시티투어 시티투어 경유지,,,,N,N,N,,Y,N,Y,,,,,,http://place.map.kakao.com/11666752,경북 청도군 청도읍 새마을1길 34 · 전국시티투어 경유지 · 카카오 좌표,
ctt169,nation,전국,청도,Cheongdo,,청도소싸움미디어체험관,Cheongdosossaummidieocheheomgwan,,,activity,테마파크·액티비티,35.68521,128.72419,90,,전시관 · 시티투어 시티투어 경유지,,,,N,N,N,,Y,N,Y,,,,,,http://place.map.kakao.com/17422320,경북 청도군 화양읍 남성현로 346 · 전국시티투어 경유지 · 카카오 좌표,
ctt170,nation,전국,청도,Cheongdo,,와인터널,Wainteoneol,,,heal,힐링·생태·체험,35.71439,128.72028,60,,"관광,명소 · 시티투어 시티투어 경유지",,,,N,N,N,,Y,N,Y,,,,,,http://place.map.kakao.com/573360047,경북 청도군 화양읍 송금리 907-1 · 전국시티투어 경유지 · 카카오 좌표,
ctt171,nation,전국,안동,Andong,,하회세계탈박물관 하회장터,Hahoe Mask Museum,,河回世界仮面博物館,heal,힐링·생태·체험,36.54951,128.52762,60,,문화시설 · 하회마을테마 시티투어 경유지,,,,N,N,N,,Y,N,Y,,,,,,http://place.map.kakao.com/17570153,경북 안동시 풍천면 전서로 214-6 · 전국시티투어 경유지 · 카카오 좌표,
ctt172,nation,전국,안동,Andong,,탈놀이전수관,Talnolijeonsugwan,,,activity,테마파크·액티비티,36.54092,128.52433,90,,"공연장,연극극장 · 하회마을테마 시티투어 경유지",,,,N,N,N,,Y,N,Y,,,,,,http://place.map.kakao.com/17385182,경북 안동시 풍천면 하회종가길 3-15 · 전국시티투어 경유지 · 카카오 좌표,
ctt173,nation,전국,안동,Andong,,영호루,Yeonghoru,,,herit,문화유산·전통체험,36.55269,128.72195,60,,문화유적 · 야간도심테마 시티투어 경유지,,,,N,N,N,,Y,N,Y,,,,,,http://place.map.kakao.com/10649399,경북 안동시 강남로 187-5 · 전국시티투어 경유지 · 카카오 좌표,
ctt174,nation,전국,안동,Andong,,웅부공원,Ungbugongwon,,,heal,힐링·생태·체험,36.5662,128.73321,60,,"도시근린공원 · 야간도심테마, 주간도심테마 시티투어 경유지",,,,N,N,N,,Y,N,Y,,,,,,http://place.map.kakao.com/8027299,경북 안동시 서동문로 193 · 전국시티투어 경유지 · 카카오 좌표,
ctt175,nation,전국,예산,Yesan,,덕산 메타세쿼이아길,Deoksan Metasekwoiagil,,,food,로컬상권·먹거리,36.68705,126.65962,50,,테마거리 · 예산군 버스투어 시티투어 경유지,,,,N,N,N,,Y,N,Y,,,,,,http://place.map.kakao.com/267369442,충남 예산군 덕산면 시량리 27-31 · 전국시티투어 경유지 · 카카오 좌표,
ctt176,nation,전국,예산,Yesan,,덕산온천족욕장,Deoksanoncheonjokyokjang,,,heal,힐링·생태·체험,36.69076,126.65937,60,,"관광,명소 · 예산군 버스투어 시티투어 경유지",,,,N,N,N,,Y,N,Y,,,,,,http://place.map.kakao.com/1614628062,충남 예산군 덕산면 온천단지2로 11 · 전국시티투어 경유지 · 카카오 좌표,
ctt177,nation,전국,부여,Buyeo,,사비수체육공원 축구장6,Sabisucheyukgongwon Chukgujang6,,,activity,테마파크·액티비티,36.27705,126.89677,90,,축구장 · 부여테마여행 시티투어 경유지,,,,N,N,N,,Y,N,Y,,,,,,http://place.map.kakao.com/1273678811,충남 부여군 부여읍 구교리 281 · 전국시티투어 경유지 · 카카오 좌표,
ctt178,nation,전국,부여,Buyeo,,충남종합관광안내소,Chungnamjonghapgwangwangannaeso,,,heal,힐링·생태·체험,36.28405,126.91453,60,,"관광안내소 · 부여테마여행, 롯데리조트부여와 함께하는 부여 감성야행 시티투어 경유지",,,,N,N,N,,Y,N,Y,,,,,,http://place.map.kakao.com/26393133,충남 부여군 부여읍 성왕로 247-9 · 전국시티투어 경유지 · 카카오 좌표,
ctt179,nation,전국,부여,Buyeo,,신동엽문학관,Sindongyeopmunhakgwan,,,activity,테마파크·액티비티,36.27767,126.90936,90,,"전시관 · 부여테마여행, 롯데리조트부여와 함께하는 부여 감성야행 시티투어 경유지",,,,N,N,N,,Y,N,Y,,,,,,http://place.map.kakao.com/19679450,충남 부여군 부여읍 신동엽길 12 · 전국시티투어 경유지 · 카카오 좌표,
ctt180,nation,전국,부여,Buyeo,,백강문화관,Baekgangmunhwagwan,,,heal,힐링·생태·체험,36.28084,126.91018,60,,"문화시설 · 부여테마여행, 롯데리조트부여와 함께하는 부여 감성야행 시티투어 경유지",,,,N,N,N,,Y,N,Y,,,,,,http://place.map.kakao.com/212754969,충남 부여군 부여읍 사비로 91 · 전국시티투어 경유지 · 카카오 좌표,
ctt181,nation,전국,정선,Jeongseon,,정선아리랑 창작센터,Jeongseonarirang Changjaksenteo,,,activity,테마파크·액티비티,37.3629,128.60159,90,,"공연장,연극극장 · 아리랑열차 연계형 시티투어2, 와와정선 2층 투어버스 시티투어 경유지",,,,N,N,N,,Y,N,Y,,,,,,http://place.map.kakao.com/10715895,강원특별자치도 정선군 정선읍 정선로 411 · 전국시티투어 경유지 · 카카오 좌표,
ctt182,nation,전국,정선,Jeongseon,,정선아라리촌,Jeongseonararichon,,,heal,힐링·생태·체험,37.3746,128.67191,60,,"관광,명소 · 아리랑열차 연계형 시티투어2, 와와정선 2층 투어버스 시티투어 경유지",,,,N,N,N,,Y,N,Y,,,,,,http://place.map.kakao.com/11728631,강원특별자치도 정선군 정선읍 애산로 37 · 전국시티투어 경유지 · 카카오 좌표,
ctt183,nation,전국,정선,Jeongseon,,정선가리왕산케이블카 숙암역,Jeongseongariwangsankeibeulka Sukamyeok,,,activity,테마파크·액티비티,37.47413,128.60982,90,,케이블카 · 와와정선 2층 투어버스 시티투어 경유지,,,,N,N,N,,Y,N,Y,,,,,,http://place.map.kakao.com/1476728073,강원특별자치도 정선군 북평면 중봉길 41-35 · 전국시티투어 경유지 · 카카오 좌표,
ctt184,nation,전국,가평,Gapyeong,,가평레일파크,Gapyeongreilpakeu,,,activity,테마파크·액티비티,37.82897,127.51584,90,,테마파크 · 가평순환버스A코스 시티투어 경유지,,,,N,N,N,,Y,N,Y,,,,,,http://place.map.kakao.com/27092396,경기 가평군 가평읍 장터길 14 · 전국시티투어 경유지 · 카카오 좌표,
ctt185,nation,전국,가평,Gapyeong,,가평빠지아토믹워터파크,Gapyeongppajiatomikwoteopakeu,,,activity,테마파크·액티비티,37.7998,127.52328,90,,워터테마파크 · 가평순환버스A코스 시티투어 경유지,,,,N,N,N,,Y,N,Y,,,,,,http://place.map.kakao.com/24874932,경기 가평군 가평읍 북한강변로 970-9 · 전국시티투어 경유지 · 카카오 좌표,
ctt186,nation,전국,가평,Gapyeong,,신비동물원,Sinbidongmulwon,,,activity,테마파크·액티비티,37.68814,127.51315,90,,실내동물원 · 가평순환버스A코스 시티투어 경유지,,,,N,N,N,,Y,N,Y,,,,,,http://place.map.kakao.com/388376161,경기 가평군 설악면 미사리로 189 · 전국시티투어 경유지 · 카카오 좌표,
ctt187,nation,전국,파주,Paju,,DMZ 평화의 길 5코스,DMZ Pyeonghwaui Gil 5koseu,,,heal,힐링·생태·체험,37.72113,126.68775,60,,"DMZ평화의길 · 2026 파주시티투어 1박2일코스(토요일~일요일), 2026 파주시티투어 당일코스(금요일) 시티투어 경유지",,,,N,N,N,,Y,N,Y,,,,,,http://place.map.kakao.com/36689730,경기 파주시 문발동 211-5 · 전국시티투어 경유지 · 카카오 좌표,
ctt188,nation,전국,파주,Paju,,파주혜음원지,Pajuhyeeumwonji,,,herit,문화유산·전통체험,37.73538,126.89189,60,,문화유적 · 2026 파주시티투어 당일코스(일요일) 시티투어 경유지,,,,N,N,N,,Y,N,Y,,,,,,http://place.map.kakao.com/12740919,경기 파주시 광탄면 용미리 234-1 · 전국시티투어 경유지 · 카카오 좌표,
ctt189,nation,전국,파주,Paju,,국립민속박물관 파주,Gukripminsokbakmulgwan Paju,,,herit,문화유산·전통체험,37.78664,126.6939,60,,박물관 · 2026 파주시티투어 당일코스(토요일) 시티투어 경유지,,,,N,N,N,,Y,N,Y,,,,,,http://place.map.kakao.com/2028606569,경기 파주시 탄현면 헤이리로 30 · 전국시티투어 경유지 · 카카오 좌표,
ctt190,nation,전국,파주,Paju,,파주장단콩웰빙마루,Pajujangdankongwelbingmaru,,,activity,테마파크·액티비티,37.77723,126.68448,90,,체험여행 · 2026 파주시티투어 당일코스(토요일) 시티투어 경유지,,,,N,N,N,,Y,N,Y,,,,,,http://place.map.kakao.com/1428038156,경기 파주시 탄현면 필승로 396 · 전국시티투어 경유지 · 카카오 좌표,
ctt191,nation,전국,파주,Paju,,파주임진각평화곤돌라,Paju Imjingak Peace Gondola (DMZ Peace Gondola),坡州临津阁和平缆车（坡州DMZ缆车）,坡州 臨津閣平和ゴンドラ（坡州DMZゴンドラ）,activity,테마파크·액티비티,37.89146,126.74029,90,,케이블카 · 2026 파주시티투어 당일코스(금요일) 시티투어 경유지,,,,N,N,N,,Y,N,Y,,,,,,http://place.map.kakao.com/2089642444,경기 파주시 문산읍 임진각로 148-73 · 전국시티투어 경유지 · 카카오 좌표,
ctt192,nation,전국,파주,Paju,,임진각관광지,Imjingakgwangwangji,,,activity,테마파크·액티비티,37.89002,126.74054,90,,전망대 · 2026 파주시티투어 당일코스(금요일) 시티투어 경유지,,,,N,N,N,,Y,N,Y,,,,,,http://place.map.kakao.com/8055098,경기 파주시 문산읍 마정리 1325-2 · 전국시티투어 경유지 · 카카오 좌표,
ctt193,nation,전국,파주,Paju,,황희선생유적지,Hwanghuiseonsaengyujeokji,,,herit,문화유산·전통체험,37.86745,126.75317,60,,문화유적 · 2026 파주시티투어 당일코스(목요일) 시티투어 경유지,,,,N,N,N,,Y,N,Y,,,,,,http://place.map.kakao.com/17930298,경기 파주시 문산읍 반구정로85번길 3 · 전국시티투어 경유지 · 카카오 좌표,
ctt194,nation,전국,파주,Paju,,황포돛배,Imjingang Hwangpo Sailboat,临津江黄布帆船,臨津江黄布帆船,heal,힐링·생태·체험,37.965,126.88968,60,,"관광,명소 · 2026 파주시티투어 당일코스(목요일) 시티투어 경유지",,,,N,N,N,,Y,N,Y,,,,,,http://place.map.kakao.com/13718241,경기 파주시 적성면 율곡로 1857 · 전국시티투어 경유지 · 카카오 좌표,
ctt195,nation,전국,파주,Paju,,국립극장 무대예술지원센터,Gukripgeukjang Mudaeyesuljiwonsenteo,,,heal,힐링·생태·체험,37.78333,126.69451,60,,문화시설 · 2026 파주시티투어 당일코스(화요일) 시티투어 경유지,,,,N,N,N,,Y,N,Y,,,,,,http://place.map.kakao.com/87212902,경기 파주시 탄현면 헤이리로 16 · 전국시티투어 경유지 · 카카오 좌표,
ctt196,nation,전국,시흥,Siheung,,관곡지,Gwangokji,,,heal,힐링·생태·체험,37.40237,126.80443,60,,"호수 · 테마형 수시코스, 테마형 정기코스 시티투어 경유지",,,,N,N,N,,Y,N,Y,,,,,,http://place.map.kakao.com/8202972,경기 시흥시 하중동 208 · 전국시티투어 경유지 · 카카오 좌표,
ctt197,nation,전국,시흥,Siheung,,물왕호수,Murwanghosu Lake,物旺湖,物旺湖,heal,힐링·생태·체험,37.38118,126.83673,60,,"호수 · 테마형 수시코스, 테마형 정기코스 시티투어 경유지",,,,N,N,N,,Y,N,Y,,,,,,http://place.map.kakao.com/1338911955,경기 시흥시 산현동 188 · 전국시티투어 경유지 · 카카오 좌표,
ctt198,nation,전국,시흥,Siheung,,거북섬,Geobukseom Island,龟岛,コブク島,sea,해양·자연경관,37.32081,126.67881,40,,"섬 · 테마형 수시코스, 테마형 정기코스 시티투어 경유지",,,,N,N,N,,Y,N,Y,,,,,,http://place.map.kakao.com/418581952,경기 시흥시 거북섬로 120 · 전국시티투어 경유지 · 카카오 좌표,
ctt199,nation,전국,시흥,Siheung,,패밀리테마파크,Paemilritemapakeu,,,activity,테마파크·액티비티,37.35422,126.7013,90,,"테마파크 · 테마형 수시코스, 테마형 정기코스 시티투어 경유지",,,,N,N,N,,Y,N,Y,,,,,,http://place.map.kakao.com/477164316,경기 시흥시 해송십리로 61 · 전국시티투어 경유지 · 카카오 좌표,
ctt200,nation,전국,시흥,Siheung,,거북섬홍보관,Geobukseom Island,龟岛,コブク島,heal,힐링·생태·체험,37.32363,126.68204,60,,문화시설 · 순환형 2층버스 시티투어 경유지,,,,N,N,N,,Y,N,Y,,,,,,http://place.map.kakao.com/1662020335,경기 시흥시 거북섬4길 2 · 전국시티투어 경유지 · 카카오 좌표,
ctt201,nation,전국,시흥,Siheung,,해양생태과학관,Haeyangsaengtaegwahakgwan,,,heal,힐링·생태·체험,37.32958,126.67727,60,,과학관 · 순환형 2층버스 시티투어 경유지,,,,N,N,N,,Y,N,Y,,,,,,http://place.map.kakao.com/2103386721,경기 시흥시 거북섬서로 35 · 전국시티투어 경유지 · 카카오 좌표,
ctt202,nation,전국,시흥,Siheung,,시흥오이도박물관,Siheung Oido Museum,始兴乌耳岛博物馆,始興烏耳島博物館,herit,문화유산·전통체험,37.33554,126.69091,60,,박물관 · 순환형 2층버스 시티투어 경유지,,,,N,N,N,,Y,N,Y,,,,,,http://place.map.kakao.com/810175985,경기 시흥시 정왕동 2202-6 · 전국시티투어 경유지 · 카카오 좌표,
ctt203,nation,전국,대구,Daegu,,비슬산 유가사,Biseulsan Yugasa,,,herit,문화유산·전통체험,35.71472,128.50736,60,,"절,사찰 · 도동코스 시티투어 경유지",,,,N,N,N,,Y,N,Y,,,,,,http://place.map.kakao.com/11304190,대구 달성군 유가읍 유가사길 161 · 전국시티투어 경유지 · 카카오 좌표,
ctt204,nation,전국,대구,Daegu,,달성화석박물관,Dalseonghwaseokbakmulgwan,,,herit,문화유산·전통체험,35.6844,128.46455,60,,박물관 · 송해코스 시티투어 경유지,,,,N,N,N,,Y,N,Y,,,,,,http://place.map.kakao.com/641880800,대구 달성군 유가읍 테크노대로6길 66 · 전국시티투어 경유지 · 카카오 좌표,
ctt205,nation,전국,대구,Daegu,,달성현풍 석빙고,Dalseonghyeonpung Seokbinggo,,,herit,문화유산·전통체험,35.69757,128.45162,60,,문화유적 · 현풍코스 시티투어 경유지,,,,N,N,N,,Y,N,Y,,,,,,http://place.map.kakao.com/8157123,대구 달성군 현풍읍 현풍동로 92 · 전국시티투어 경유지 · 카카오 좌표,
ctt206,nation,전국,대구,Daegu,,현풍향교,Hyeonpunghyanggyo,,,herit,문화유산·전통체험,35.70149,128.4518,60,,"향교,서당 · 현풍코스 시티투어 경유지",,,,N,N,N,,Y,N,Y,,,,,,http://place.map.kakao.com/8157128,대구 달성군 현풍읍 현풍동로20길 27-8 · 전국시티투어 경유지 · 카카오 좌표,
ctt207,nation,전국,군산,Gunsan,,동국사,Gunsan Dongguksa Temple,东国寺(群山),東国寺（群山）,herit,문화유산·전통체험,35.98277,126.70743,60,,"절,사찰 · (익산역 출발) 고군산시간여행코스 시티투어 경유지",,,,N,N,N,,Y,N,Y,,,,,,http://place.map.kakao.com/8273888,전북특별자치도 군산시 동국사길 16 · 전국시티투어 경유지 · 카카오 좌표,
ctt208,nation,전국,군산,Gunsan,,신흥동일본식가옥,Japanese-style House in Sinheung-dong (Hirotsu House),群山市新兴洞日式屋舍（广津屋舍）,群山新興洞日本式家屋（広津家屋）,heal,힐링·생태·체험,35.98617,126.70606,60,,문화시설 · (익산역 출발) 고군산시간여행코스 시티투어 경유지,,,,N,N,N,,Y,N,Y,,,,,,http://place.map.kakao.com/26381326,전북특별자치도 군산시 구영1길 17 · 전국시티투어 경유지 · 카카오 좌표,
ctt209,nation,전국,동해,Donghae,,관동팔경녹색경관길 동해2코스(묵호역~옥계시장),Gwandongpalgyeongnoksaekgyeonggwangil Donghae2koseu(mukhoyeok~okgyesijang),,,heal,힐링·생태·체험,37.58106,129.08114,60,,도보여행 · 관광문화코스 시티투어 경유지,,,,N,N,N,,Y,N,Y,,,,,,http://place.map.kakao.com/26558524,강원특별자치도 동해시 망상동 · 전국시티투어 경유지 · 카카오 좌표,
ctt210,nation,전국,안산,Ansan,,안산갈대습지,Ansangaldaeseupji,,,heal,힐링·생태·체험,37.27372,126.83974,60,,"관광,명소 · 안산 시내권코스(토요일), 안산 시내권코스(목요일) 외 2개 시티투어 경유지",,,,N,N,N,,Y,N,Y,,,,,,http://place.map.kakao.com/11336195,경기 안산시 상록구 갈대습지로 76 · 전국시티투어 경유지 · 카카오 좌표,
ctt211,nation,전국,안산,Ansan,,안산산업역사박물관,Ansansaneopyeoksabakmulgwan,,,herit,문화유산·전통체험,37.32293,126.81719,60,,"박물관 · 안산 시내권코스(토요일), 안산 시내권코스(목요일) 시티투어 경유지",,,,N,N,N,,Y,N,Y,,,,,,http://place.map.kakao.com/39606014,경기 안산시 단원구 화랑로 265 · 전국시티투어 경유지 · 카카오 좌표,
ctt212,nation,전국,안산,Ansan,,안산식물원,Ansansikmulwon,,,heal,힐링·생태·체험,37.31375,126.86107,60,,"수목원,식물원 · 안산 시내권코스(토요일), 안산 시내권코스(목요일) 시티투어 경유지",,,,N,N,N,,Y,N,Y,,,,,,http://place.map.kakao.com/17808973,경기 안산시 상록구 성호로 113 · 전국시티투어 경유지 · 카카오 좌표,
ctt213,nation,전국,안산,Ansan,,안산다문화거리,Ansandamunhwageori,,,food,로컬상권·먹거리,37.32963,126.79054,50,,테마거리 · 안산 시내권코스(목요일) 시티투어 경유지,,,,N,N,N,,Y,N,Y,,,,,,http://place.map.kakao.com/19224278,경기 안산시 단원구 다문화길 16 · 전국시티투어 경유지 · 카카오 좌표,
ctt214,nation,전국,안산,Ansan,,시화조력문화관,Sihwajoryeokmunhwagwan,,,activity,테마파크·액티비티,37.31279,126.60962,90,,"전시관 · 대부도 해변코스(체험형 1코스), 대부도 해변코스(일반형 1코스) 외 2개 시티투어 경유지",,,,N,N,N,,Y,N,Y,,,,,,http://place.map.kakao.com/25701959,경기 안산시 단원구 대부황금로 1927 · 전국시티투어 경유지 · 카카오 좌표,
ctt215,nation,전국,안산,Ansan,,종이미술관,Jongimisulgwan,,,activity,테마파크·액티비티,37.22451,126.57599,90,,"미술관 · 대부도 해변코스(체험형 1코스), 대부도 뱃길코스(체험형 2코스) 시티투어 경유지",,,,N,N,N,,Y,N,Y,,,,,,http://place.map.kakao.com/26338262,경기 안산시 단원구 대남로 233 · 전국시티투어 경유지 · 카카오 좌표,
ctt216,nation,전국,안산,Ansan,,유리섬,Glass Island Museum,玻璃岛博物馆,ガラス島博物館,activity,테마파크·액티비티,37.21971,126.60237,90,,"미술관 · 대부도 해변코스(체험형 1코스), 대부도 뱃길코스(체험형 2코스) 시티투어 경유지",,,,N,N,N,,Y,N,Y,,,,,,http://place.map.kakao.com/19174877,경기 안산시 단원구 부흥로 254 · 전국시티투어 경유지 · 카카오 좌표,
ctt217,nation,전국,안산,Ansan,,바다향기수목원,Badahyanggisumokwon,,,heal,힐링·생태·체험,37.22502,126.64653,60,,"수목원,식물원 · 대부도 해변코스(일반형 2코스), 대부도 해변코스(일반형 1코스) 시티투어 경유지",,,,N,N,N,,Y,N,Y,,,,,,http://place.map.kakao.com/18538964,경기 안산시 단원구 대부황금로 399 · 전국시티투어 경유지 · 카카오 좌표,
ctt218,nation,전국,안산,Ansan,,안산대부광산 퇴적암층,Ansandaebugwangsan Toejeokamcheung,,,heal,힐링·생태·체험,37.1987,126.64847,60,,"관광,명소 · 대부도 해변코스(일반형 2코스) 시티투어 경유지",,,,N,N,N,,Y,N,Y,,,,,,http://place.map.kakao.com/25118906,경기 안산시 단원구 선감동 산 147-1 · 전국시티투어 경유지 · 카카오 좌표,
ctt219,nation,전국,안산,Ansan,,방아머리해변,Bangameorihaebyeon,,,sea,해양·자연경관,37.28915,126.57677,40,,"해수욕장,해변 · 대부도 해변코스(일반형 1코스), 대부도 뱃길코스(체험형 2코스) 외 3개 시티투어 경유지",,,,N,N,N,,Y,N,Y,,,,,,http://place.map.kakao.com/19400370,경기 안산시 단원구 대부북동 · 전국시티투어 경유지 · 카카오 좌표,
ctt220,nation,전국,안산,Ansan,,반달섬,Bandalseom,,,sea,해양·자연경관,37.30079,126.73685,40,,"섬 · 대부도 뱃길코스(체험형 2코스), 대부도 뱃길코스(체험형 1코스) 외 2개 시티투어 경유지",,,,N,N,N,,Y,N,Y,,,,,,http://place.map.kakao.com/2004176703,경기 안산시 단원구 시화벤처로 704 · 전국시티투어 경유지 · 카카오 좌표,
ctt221,nation,전국,세종,Sejong,,도시상징광장,Dosisangjinggwangjang,,,heal,힐링·생태·체험,36.48606,127.26395,60,,"광장 · 야경투어, 정원투어 외 1개 시티투어 경유지",,,,N,N,N,,Y,N,Y,,,,,,http://place.map.kakao.com/1949240200,세종특별자치시 나성동 697-4 · 전국시티투어 경유지 · 카카오 좌표,
ctt222,nation,전국,세종,Sejong,,방축천 음악분수,Bangchukcheon Eumakbunsu,,,heal,힐링·생태·체험,36.49945,127.25712,60,,공원시설물 · 야경투어 시티투어 경유지,,,,N,N,N,,Y,N,Y,,,,,,http://place.map.kakao.com/26992015,세종특별자치시 어진동 761 · 전국시티투어 경유지 · 카카오 좌표,
ctt223,nation,전국,세종,Sejong,,초려역사공원,Choryeoyeoksagongwon,,,heal,힐링·생태·체험,36.50201,127.25453,60,,공원 · 역사산책투어 시티투어 경유지,,,,N,N,N,,Y,N,Y,,,,,,http://place.map.kakao.com/27233575,세종특별자치시 도움1로 40 · 전국시티투어 경유지 · 카카오 좌표,
ctt224,nation,전국,세종,Sejong,,아침뜰근린공원 역사공원,Achimtteulgeunringongwon Yeoksagongwon,,,heal,힐링·생태·체험,36.47848,127.25445,60,,공원시설물 · 역사산책투어 시티투어 경유지,,,,N,N,N,,Y,N,Y,,,,,,http://place.map.kakao.com/299897743,세종특별자치시 한솔동 1247 · 전국시티투어 경유지 · 카카오 좌표,
ctt225,nation,전국,세종,Sejong,,세종전통문화체험관,Sejong Cultrual Center of Korean Tradition,世宗传统文化体验馆,世宗伝統文化体験館,heal,힐링·생태·체험,36.50684,127.29185,60,,문화시설 · 행복투어A 시티투어 경유지,,,,N,N,N,,Y,N,Y,,,,,,http://place.map.kakao.com/1321109539,세종특별자치시 모롱지로 94 · 전국시티투어 경유지 · 카카오 좌표,
ctt226,nation,전국,세종,Sejong,,미래엔교과서박물관,Miraeengyogwaseobakmulgwan,,,herit,문화유산·전통체험,36.54846,127.33748,60,,박물관 · 역사문화투어 시티투어 경유지,,,,N,N,N,,Y,N,Y,,,,,,http://place.map.kakao.com/12664946,세종특별자치시 연동면 청연로 492-14 · 전국시티투어 경유지 · 카카오 좌표,
ctt227,nation,전국,세종,Sejong,,세종홍판서댁,Sejonghongpanseodaek,,,herit,문화유산·전통체험,36.53406,127.3652,60,,"생가,고택 · 역사문화투어 시티투어 경유지",,,,N,N,N,,Y,N,Y,,,,,,http://place.map.kakao.com/12760648,세종특별자치시 부강면 용포동촌길 43-19 · 전국시티투어 경유지 · 카카오 좌표,
ctt228,nation,전국,세종,Sejong,,숭모각,Sungmogak,,,herit,문화유산·전통체험,36.5045,127.29185,60,,문화유적 · 역사문화투어 시티투어 경유지,,,,N,N,N,,Y,N,Y,,,,,,http://place.map.kakao.com/26156965,세종특별자치시 세종동 88-4 · 전국시티투어 경유지 · 카카오 좌표,
ctt229,nation,전국,세종,Sejong,,조천변벚꽃길,Jocheonbyeonbeotkkotgil,,,food,로컬상권·먹거리,36.60489,127.30343,50,,"테마거리 · 봄꽃파닭B투어, 봄꽃파닭A투어 시티투어 경유지",,,,N,N,N,,Y,N,Y,,,,,,http://place.map.kakao.com/740737371,세종특별자치시 조치원읍 평리 120 · 전국시티투어 경유지 · 카카오 좌표,
ctt230,nation,전국,화순,Hwasun,,세량제,Seryangje,,,heal,힐링·생태·체험,35.07864,126.91998,60,,저수지 · 화순적벽 버스투어(적벽투어) 시티투어 경유지,,,,N,N,N,,Y,N,Y,,,,,,http://place.map.kakao.com/25046703,전남광주통합특별시 화순군 화순읍 세량리 98 · 전국시티투어 경유지 · 카카오 좌표,
ctt231,nation,전국,태안,Taean,,유류피해극복기념관,Yuryupihaegeukbokginyeomgwan,,,herit,문화유산·전통체험,36.79267,126.14834,60,,기념관 · 광역코스 시티투어 경유지,,,,N,N,N,,Y,N,Y,,,,,,http://place.map.kakao.com/1058495325,충남 태안군 소원면 천리포1길 120 · 전국시티투어 경유지 · 카카오 좌표,
ctt232,nation,전국,태안,Taean,,팜카밀레허브농원,Pamkamilreheobeunongwon,泰安Farm Kamille,泰安ファームカモミール,heal,힐링·생태·체험,36.68669,126.28288,60,,"관광농원 · 광역코스, 남부코스 시티투어 경유지",,,,N,N,N,,Y,N,Y,,,,,,http://place.map.kakao.com/8636540,충남 태안군 남면 우운길 56-19 · 전국시티투어 경유지 · 카카오 좌표,
ctt233,nation,전국,태안,Taean,,안면도수목원,Anmyeondosumokwon,,,heal,힐링·생태·체험,36.49689,126.35498,60,,"수목원,식물원 · 남부코스 시티투어 경유지",,,,N,N,N,,Y,N,Y,,,,,,http://place.map.kakao.com/25037273,충남 태안군 안면읍 안면대로 3195-6 · 전국시티투어 경유지 · 카카오 좌표,
ctt234,nation,전국,태안,Taean,,태안해양유물전시관,Taeanhaeyangyumuljeonsigwan,,,activity,테마파크·액티비티,36.6772,126.15141,90,,전시관 · 북부코스 시티투어 경유지,,,,N,N,N,,Y,N,Y,,,,,,http://place.map.kakao.com/1045002102,충남 태안군 근흥면 신진대교길 94-33 · 전국시티투어 경유지 · 카카오 좌표,
ctt235,nation,전국,춘천,Chuncheon,,공지천,Gongjicheon Recreation Area,孔之川游园区,孔之川遊園地,heal,힐링·생태·체험,37.87502,127.70787,60,,"하천 · 일요일, 토요일 외 2개 시티투어 경유지",,,,N,N,N,,Y,N,Y,,,,,,http://place.map.kakao.com/8204553,강원특별자치도 춘천시 근화동 · 전국시티투어 경유지 · 카카오 좌표,
ctt236,nation,전국,춘천,Chuncheon,,춘천삼악산호수케이블카,Chuncheon Samaksan Mountain Lake Cable Car,春川三岳山湖水缆车,春川三岳山湖水ケーブルカー,activity,테마파크·액티비티,37.86433,127.69129,90,,"케이블카 · 일요일, 토요일 외 2개 시티투어 경유지",,,,N,N,N,,Y,N,Y,,,,,,http://place.map.kakao.com/1147568611,강원특별자치도 춘천시 스포츠타운길 245 · 전국시티투어 경유지 · 카카오 좌표,
ctt237,nation,전국,춘천,Chuncheon,,강원특별자치도립화목원,Gangwonteukbyeoljachidoriphwamokwon,,,heal,힐링·생태·체험,37.92303,127.72569,60,,"수목원,식물원 · 일요일, 토요일 시티투어 경유지",,,,N,N,N,,Y,N,Y,,,,,,http://place.map.kakao.com/11046971,강원특별자치도 춘천시 화목원길 24 · 전국시티투어 경유지 · 카카오 좌표,
ctt238,nation,전국,춘천,Chuncheon,,K-water 소양강댐물문화관,Soyang Dam,昭阳大坝,昭陽江ダム,activity,테마파크·액티비티,37.94879,127.81507,90,,"전시관 · 일요일, 토요일 외 1개 시티투어 경유지",,,,N,N,N,,Y,N,Y,,,,,,http://place.map.kakao.com/25046309,강원특별자치도 춘천시 신북읍 신샘밭로 1128 · 전국시티투어 경유지 · 카카오 좌표,
ctt239,nation,전국,춘천,Chuncheon,,책과인쇄박물관,Chaekgwainswaebakmulgwan,,,herit,문화유산·전통체험,37.8194,127.72484,60,,박물관 · 수요일 시티투어 경유지,,,,N,N,N,,Y,N,Y,,,,,,http://place.map.kakao.com/27224238,강원특별자치도 춘천시 신동면 풍류1길 156 · 전국시티투어 경유지 · 카카오 좌표,
ctt240,nation,전국,춘천,Chuncheon,,춘천사이로248,Chuncheonsairo248,,,heal,힐링·생태·체험,37.87449,127.70709,60,,"관광,명소 · 화요일 시티투어 경유지",,,,N,N,N,,Y,N,Y,,,,,,http://place.map.kakao.com/1674634935,강원특별자치도 춘천시 수변공원길 18 · 전국시티투어 경유지 · 카카오 좌표,
ctt241,nation,전국,춘천,Chuncheon,,구봉산전망대카페거리,Gubongsan Observatory Café Street,九峰山观景台咖啡街,九峰山展望台カフェ通り,food,로컬상권·먹거리,37.89264,127.77704,50,,카페거리 · 월요일 시티투어 경유지,,,,N,N,N,,Y,N,Y,,,,,,http://place.map.kakao.com/842105317,강원특별자치도 춘천시 동면 장학리 · 전국시티투어 경유지 · 카카오 좌표,
ctt242,nation,전국,창원,Changwon,,창원스포츠파크 만남의광장,Changwonseupocheupakeu Mannamuigwangjang,,,heal,힐링·생태·체험,35.23363,128.66698,60,,광장 · 창원시티투어 시티투어 경유지,,,,N,N,N,,Y,N,Y,,,,,,http://place.map.kakao.com/11455850,경남 창원시 성산구 원이대로 450 · 전국시티투어 경유지 · 카카오 좌표,
ctt243,nation,전국,창원,Changwon,,창원가로수길,Changwongarosugil,,,food,로컬상권·먹거리,35.23768,128.68188,50,,테마거리 · 창원시티투어 시티투어 경유지,,,,N,N,N,,Y,N,Y,,,,,,http://place.map.kakao.com/636498014,경남 창원시 성산구 용호동 · 전국시티투어 경유지 · 카카오 좌표,
ctt244,nation,전국,창원,Changwon,,창원의집,The House of Changwon,,,herit,문화유산·전통체험,35.24446,128.68158,60,,문화유적 · 창원시티투어 시티투어 경유지,,,,N,N,N,,Y,N,Y,,,,,,http://place.map.kakao.com/12489343,경남 창원시 의창구 사림로16번길 59 · 전국시티투어 경유지 · 카카오 좌표,
ctt245,nation,전국,창원,Changwon,,상상길,Sangsanggil,,,food,로컬상권·먹거리,35.20658,128.57628,50,,테마거리 · 창원시티투어 시티투어 경유지,,,,N,N,N,,Y,N,Y,,,,,,http://place.map.kakao.com/27482111,경남 창원시 마산합포구 중성동 169-4 · 전국시티투어 경유지 · 카카오 좌표,
ctt246,nation,전국,창원,Changwon,,장복산,Jangboksan,,,heal,힐링·생태·체험,35.17984,128.65993,60,,산 · 창원시티투어 시티투어 경유지,,,,N,N,N,,Y,N,Y,,,,,,http://place.map.kakao.com/8544661,경남 창원시 진해구 태백동 산 52-1 · 전국시티투어 경유지 · 카카오 좌표,
ctt247,nation,전국,경기광주,Gwangju-gg,,영은미술관,Youngeun Museum of Contemporary Art,,,activity,테마파크·액티비티,37.41305,127.26901,90,,미술관 · 광주시티투어 시티투어 경유지,,,,N,N,N,,Y,N,Y,,,,,,http://place.map.kakao.com/8010673,경기 광주시 청석로 300 · 전국시티투어 경유지 · 카카오 좌표,
ctt248,nation,전국,경기광주,Gwangju-gg,,신익희 생가,Sinikhui Saengga,,,herit,문화유산·전통체험,37.43244,127.30699,60,,"생가,고택 · 광주시티투어 시티투어 경유지",,,,N,N,N,,Y,N,Y,,,,,,http://place.map.kakao.com/7978850,경기 광주시 초월읍 서하길 6-25 · 전국시티투어 경유지 · 카카오 좌표,
ctt249,nation,전국,김해,Gimhae,,김해탄소중립체험관,Gimhaetansojungripcheheomgwan,,,activity,테마파크·액티비티,35.20729,128.79629,90,,체험학습장 · 문화에반해 시티투어 경유지,,,,N,N,N,,Y,N,Y,,,,,,http://place.map.kakao.com/773005236,경남 김해시 부곡로 33 · 전국시티투어 경유지 · 카카오 좌표,
ctt250,nation,전국,김해,Gimhae,,김해목재문화박물관,Gimhaemokjaemunhwabakmulgwan,,,herit,문화유산·전통체험,35.18006,128.80813,60,,박물관 · 문화에반해 시티투어 경유지,,,,N,N,N,,Y,N,Y,,,,,,http://place.map.kakao.com/26903342,경남 김해시 관동로27번길 5-49 · 전국시티투어 경유지 · 카카오 좌표,
ctt251,nation,전국,김해,Gimhae,,율하유적전시관,Yulhayujeokjeonsigwan,,,activity,테마파크·액티비티,35.17571,128.81128,90,,전시관 · 문화에반해 시티투어 경유지,,,,N,N,N,,Y,N,Y,,,,,,http://place.map.kakao.com/14758093,경남 김해시 율하1로 63 · 전국시티투어 경유지 · 카카오 좌표,
ctt252,nation,전국,김해,Gimhae,,수로왕비릉,Surowangbireung,,金海 首露王妃陵,herit,문화유산·전통체험,35.24326,128.87762,60,,"릉,묘,총 · 역사에반해, 김해에반해 시티투어 경유지",,,,N,N,N,,Y,N,Y,,,,,,http://place.map.kakao.com/7966170,경남 김해시 가락로190번길 1 · 전국시티투어 경유지 · 카카오 좌표,
ctt253,nation,전국,김해,Gimhae,,김해구지봉,Gimhaegujibong,,,herit,문화유산·전통체험,35.24304,128.87609,60,,"유적지 · 역사에반해, 김해에반해 시티투어 경유지",,,,N,N,N,,Y,N,Y,,,,,,http://place.map.kakao.com/12692097,경남 김해시 구산동 산 81-2 · 전국시티투어 경유지 · 카카오 좌표,
ctt254,nation,전국,김해,Gimhae,,진영역사공원,Jinyeongyeoksagongwon,,,heal,힐링·생태·체험,35.30385,128.73028,60,,도시근린공원 · 자연에반해 시티투어 경유지,,,,N,N,N,,Y,N,Y,,,,,,http://place.map.kakao.com/2102752258,경남 김해시 진영읍 진영리 275-94 · 전국시티투어 경유지 · 카카오 좌표,
ctt255,nation,전국,김해,Gimhae,,화포천습지 과학관,Hwapocheonseupji Gwahakgwan,,,heal,힐링·생태·체험,35.3081,128.77792,60,,과학관 · 자연에반해 시티투어 경유지,,,,N,N,N,,Y,N,Y,,,,,,http://place.map.kakao.com/1866706846,경남 김해시 진영읍 진영로265번길 330 · 전국시티투어 경유지 · 카카오 좌표,
ctt256,nation,전국,김해,Gimhae,,김해시 수도박물관,Gimhaesi Sudobakmulgwan,,,herit,문화유산·전통체험,35.28475,128.82259,60,,박물관 · 자연에반해 시티투어 경유지,,,,N,N,N,,Y,N,Y,,,,,,http://place.map.kakao.com/2125975967,경남 김해시 한림면 김해대로 1347 · 전국시티투어 경유지 · 카카오 좌표,
ctt257,nation,전국,서천,Seocheon,,장항6080음식골목 맛나로,Janghang6080eumsikgolmok Matnaro,,,food,로컬상권·먹거리,36.01059,126.69615,50,,"테마거리 · 동백코스(익산-군산 광역), 보랏빛코스 외 3개 시티투어 경유지",,,,N,N,N,,Y,N,Y,,,,,,http://place.map.kakao.com/186391251,충남 서천군 장항읍 창선1리 165 · 전국시티투어 경유지 · 카카오 좌표,
ctt258,nation,전국,서천,Seocheon,,장항 송림 자연휴양림,Janghang Songrim Jayeonhyuyangrim,,,heal,힐링·생태·체험,36.01844,126.66556,60,,"자연휴양림 · 동백코스(익산-군산 광역), 보랏빛코스 시티투어 경유지",,,,N,N,N,,Y,N,Y,,,,,,http://place.map.kakao.com/14586050,충남 서천군 장항읍 장항산단로34번길 122-16 · 전국시티투어 경유지 · 카카오 좌표,
ctt259,nation,전국,서천,Seocheon,,조류생태전시관,Joryusaengtaejeonsigwan,,,activity,테마파크·액티비티,36.02281,126.74268,90,,"전시관 · 동백코스(익산-군산 광역), 보랏빛코스 시티투어 경유지",,,,N,N,N,,Y,N,Y,,,,,,http://place.map.kakao.com/10845881,충남 서천군 마서면 장산로 916 · 전국시티투어 경유지 · 카카오 좌표,
ctt260,nation,전국,서천,Seocheon,,금강하구둑관광지,Geumganghagudukgwangwangji,,,heal,힐링·생태·체험,36.01977,126.7364,60,,"관광,명소 · 동백코스(익산-군산 광역) 시티투어 경유지",,,,N,N,N,,Y,N,Y,,,,,,http://place.map.kakao.com/8223829,충남 서천군 마서면 장산로855번길 56-2 · 전국시티투어 경유지 · 카카오 좌표,
ctt261,nation,전국,서천,Seocheon,,문헌서원,Munheonseowon Confucian Academy,文献书院,文献書院,herit,문화유산·전통체험,36.0917,126.78556,60,,"서원 · 금빛코스, 문화코스 시티투어 경유지",,,,N,N,N,,Y,N,Y,,,,,,http://place.map.kakao.com/9773316,충남 서천군 기산면 서원로172번길 66 · 전국시티투어 경유지 · 카카오 좌표,
ctt262,nation,전국,서천,Seocheon,,봉선저수지,Bongseonjeosuji,,,heal,힐링·생태·체험,36.13872,126.77771,60,,저수지 · 금빛코스 시티투어 경유지,,,,N,N,N,,Y,N,Y,,,,,,http://place.map.kakao.com/15147565,충남 서천군 시초면 후암리 33-1 · 전국시티투어 경유지 · 카카오 좌표,
ctt263,nation,전국,서천,Seocheon,,이상재선생 생가,Isangjaeseonsaeng Saengga,,,herit,문화유산·전통체험,36.09984,126.80619,60,,"생가,고택 · 금빛코스 시티투어 경유지",,,,N,N,N,,Y,N,Y,,,,,,http://place.map.kakao.com/8039411,충남 서천군 한산면 종단길 71 · 전국시티투어 경유지 · 카카오 좌표,
ctt264,nation,전국,서천,Seocheon,,한산모시관,Hansanmosigwan,,,activity,테마파크·액티비티,36.08034,126.79913,90,,"전시관 · 금빛코스, 전라권코스 시티투어 경유지",,,,N,N,N,,Y,N,Y,,,,,,http://place.map.kakao.com/8141234,충남 서천군 한산면 충절로 1089 · 전국시티투어 경유지 · 카카오 좌표,
ctt265,nation,전국,서천,Seocheon,,이하복고택전시관,Ihabokgotaekjeonsigwan,,,activity,테마파크·액티비티,36.08087,126.75965,90,,전시관 · 금빛코스 시티투어 경유지,,,,N,N,N,,Y,N,Y,,,,,,http://place.map.kakao.com/511513222,충남 서천군 기산면 신막로57번길 지하 32-11 · 전국시티투어 경유지 · 카카오 좌표,
ctt266,nation,전국,서천,Seocheon,,성경전래지기념관,Seonggyeongjeonraejiginyeomgwan,,,herit,문화유산·전통체험,36.13145,126.50046,60,,"기념관 · 푸른빛코스, 힐링코스 시티투어 경유지",,,,N,N,N,,Y,N,Y,,,,,,http://place.map.kakao.com/2109168840,충남 서천군 서면 서인로 89-16 · 전국시티투어 경유지 · 카카오 좌표,
ctt267,nation,전국,서천,Seocheon,,서천치유의숲 치유센터,Seocheonchiyuuisup Chiyusenteo,,,heal,힐링·생태·체험,36.11491,126.65995,60,,자연휴양림 · 푸른빛코스 시티투어 경유지,,,,N,N,N,,Y,N,Y,,,,,,http://place.map.kakao.com/1066136592,충남 서천군 종천면 충서로302번길 88-81 · 전국시티투어 경유지 · 카카오 좌표,
ctt268,nation,전국,서천,Seocheon,,국립해양생물자원관,Gukriphaeyangsaengmuljawongwan,,,activity,테마파크·액티비티,36.01798,126.67009,90,,"전시관 · 보랏빛코스, 광역코스 외 1개 시티투어 경유지",,,,N,N,N,,Y,N,Y,,,,,,http://place.map.kakao.com/23660852,충남 서천군 장항읍 장산로101번길 75 · 전국시티투어 경유지 · 카카오 좌표,
ctt269,nation,전국,영광,Yeonggwang,,백수해안도로,Baeksu Coastal Road,白岫海岸道路,白岫海岸道路,heal,힐링·생태·체험,35.36356,126.39595,60,,"드라이브코스 · 영광쉼,투어 시티투어 경유지",,,,N,N,N,,Y,N,Y,,,,,,http://place.map.kakao.com/8435660,전남광주통합특별시 영광군 백수읍 대신리 산 234-11 · 전국시티투어 경유지 · 카카오 좌표,
ctt270,nation,전국,영광,Yeonggwang,,원불교 영산성지,Wonbulgyo Yeongsanseongji,,,herit,문화유산·전통체험,35.32741,126.44326,60,,"종교유적지 · 영광쉼,투어 시티투어 경유지",,,,N,N,N,,Y,N,Y,,,,,,http://place.map.kakao.com/17807554,전남광주통합특별시 영광군 백수읍 성지로 1345 · 전국시티투어 경유지 · 카카오 좌표,
ctt271,nation,전국,영광,Yeonggwang,,매간당,Maegandang,,,herit,문화유산·전통체험,35.24108,126.474,60,,"생가,고택 · 영광쉼,투어 시티투어 경유지",,,,N,N,N,,Y,N,Y,,,,,,http://place.map.kakao.com/515582845,전남광주통합특별시 영광군 군남면 동간길2길 83-1 · 전국시티투어 경유지 · 카카오 좌표,
ctt272,nation,전국,영광,Yeonggwang,,불갑사,Yeonggwang Bulgapsa Temple,佛甲寺（灵光）,仏甲寺（霊光）,herit,문화유산·전통체험,35.20068,126.54972,60,,"절,사찰 · 영광쉼,투어 시티투어 경유지",,,,N,N,N,,Y,N,Y,,,,,,http://place.map.kakao.com/7906518,전남광주통합특별시 영광군 불갑면 불갑사로 450 · 전국시티투어 경유지 · 카카오 좌표,
ctt273,nation,전국,평창,Pyeongchang,,평창돌문화체험관,Pyeongchangdolmunhwacheheomgwan,,,activity,테마파크·액티비티,37.3766,128.4095,90,,체험학습장 · 남부권 코스 시티투어 경유지,,,,N,N,N,,Y,N,Y,,,,,,http://place.map.kakao.com/1145151920,강원특별자치도 평창군 평창읍 바위공원길 111 · 전국시티투어 경유지 · 카카오 좌표,
ctt274,nation,전국,삼척,Samcheok,,삼척해양레일바이크 용화정거장,Samcheokhaeyangreilbaikeu Yonghwajeonggeojang,,,heal,힐링·생태·체험,37.28966,129.30434,60,,자전거여행 · 종일코스 시티투어 경유지,,,,N,N,N,,Y,N,Y,,,,,,http://place.map.kakao.com/18642706,강원특별자치도 삼척시 근덕면 용화해변길 23 · 전국시티투어 경유지 · 카카오 좌표,
ctt275,nation,전국,삼척,Samcheok,,삼척해상케이블카 용화역,Samcheokhaesangkeibeulka Yonghwayeok,,三陟海上ケーブルカー,activity,테마파크·액티비티,37.28912,129.30826,90,,케이블카 · 종일코스 시티투어 경유지,,,,N,N,N,,Y,N,Y,,,,,,http://place.map.kakao.com/1832162456,강원특별자치도 삼척시 근덕면 삼척로 2154-31 · 전국시티투어 경유지 · 카카오 좌표,
ctt276,nation,전국,삼척,Samcheok,,삼척활기치유의숲,Samcheok Hwalgi Healing Forest,三陟活力治愈林,サムチョク(三陟)活気癒しの森,heal,힐링·생태·체험,37.38523,129.05401,60,,자연휴양림 · 종일코스 시티투어 경유지,,,,N,N,N,,Y,N,Y,,,,,,http://place.map.kakao.com/1326598052,강원특별자치도 삼척시 미로면 준경길 651-230 · 전국시티투어 경유지 · 카카오 좌표,
ctt277,nation,전국,완주,Wanju,,오성제저수지,Oseongjejeosuji,五城堤水库,オソン堤貯水池,heal,힐링·생태·체험,35.90453,127.23888,60,,"저수지 · 완주힐링로드 시티투어(코레일연계 익산역), 완주힐링로드 시티투어(서울권역) 외 1개 시티투어 경유지",,,,N,N,N,,Y,N,Y,,,,,,http://place.map.kakao.com/15149575,전북특별자치도 완주군 소양면 대흥리 412 · 전국시티투어 경유지 · 카카오 좌표,
ctt278,nation,전국,완주,Wanju,,아원고택,Awon Museum & Hotel,我园古宅,アウォン(我園)古宅,herit,문화유산·전통체험,35.90352,127.24462,60,,"생가,고택 · 완주힐링로드 시티투어(코레일연계 익산역), 완주힐링로드 시티투어(서울권역) 외 1개 시티투어 경유지",,,,N,N,N,,Y,N,Y,,,,,,http://place.map.kakao.com/103288568,전북특별자치도 완주군 소양면 송광수만로 516-7 · 전국시티투어 경유지 · 카카오 좌표,
ctt279,nation,전국,완주,Wanju,,위봉산성,Wibongsanseong County Park,威凤山城,威鳳山城,herit,문화유산·전통체험,35.90527,127.25221,60,,"산성,성곽 · 완주힐링로드 시티투어(코레일연계 익산역), 완주힐링로드 시티투어(서울권역) 시티투어 경유지",,,,N,N,N,,Y,N,Y,,,,,,http://place.map.kakao.com/8470866,전북특별자치도 완주군 소양면 대흥리 1-32 · 전국시티투어 경유지 · 카카오 좌표,
ctt280,nation,전국,완주,Wanju,,위봉폭포,Wibongpokpo,,,heal,힐링·생태·체험,35.90964,127.26201,60,,"폭포 · 완주힐링로드 시티투어(코레일연계 익산역), 완주힐링로드 시티투어(서울권역) 시티투어 경유지",,,,N,N,N,,Y,N,Y,,,,,,http://place.map.kakao.com/26979507,전북특별자치도 완주군 소양면 대흥리 산 1-32 · 전국시티투어 경유지 · 카카오 좌표,
ctt281,nation,전국,완주,Wanju,,공기마을 편백나무숲,Gonggimaeul Pyeonbaeknamusup,,,heal,힐링·생태·체험,35.73357,127.19335,60,,숲 · 완주힐링로드시티투어 2코스 시티투어 경유지,,,,N,N,N,,Y,N,Y,,,,,,http://place.map.kakao.com/21946763,전북특별자치도 완주군 상관면 죽림리 산 214-1 · 전국시티투어 경유지 · 카카오 좌표,
ctt282,nation,전국,완주,Wanju,,대한민국 술테마박물관,Daehanminguk Sultemabakmulgwan,,,herit,문화유산·전통체험,35.72617,127.13623,60,,박물관 · 완주힐링로드시티투어 2코스 시티투어 경유지,,,,N,N,N,,Y,N,Y,,,,,,http://place.map.kakao.com/26535232,전북특별자치도 완주군 구이면 덕천전원길 232-58 · 전국시티투어 경유지 · 카카오 좌표,
ctt283,nation,전국,평창,Pyeongchang,,2018평창동계올림픽대회 및 동계패럴림픽대회기념관,2018pyeongchangdonggyeolrimpikdaehoe Mit Donggyepaereolrimpikdaehoeginyeomgwan,,,herit,문화유산·전통체험,37.66684,128.70672,60,,기념관 · 북부권 코스 시티투어 경유지,,,,N,N,N,,Y,N,Y,,,,,,http://place.map.kakao.com/581024580,강원특별자치도 평창군 대관령면 올림픽로 220 · 전국시티투어 경유지 · 카카오 좌표,
ctt284,nation,전국,완도,Wando,,장보고기념관,Jangbogoginyeomgwan,张保皋纪念馆,張保皐記念館,herit,문화유산·전통체험,34.35512,126.73018,60,,기념관 · 해양치유시티투어 시티투어 경유지,,,,N,N,N,,Y,N,Y,,,,,,http://place.map.kakao.com/9373489,전남광주통합특별시 완도군 완도읍 청해진로 1455 · 전국시티투어 경유지 · 카카오 좌표,
ctt285,nation,전국,진도,Jindo,,진도개테마파크,Jindogaetemapakeu,,,activity,테마파크·액티비티,34.4828,126.27992,90,,테마파크 · 진도시티투어 시티투어 경유지,,,,N,N,N,,Y,N,Y,,,,,,http://place.map.kakao.com/26202638,전남광주통합특별시 진도군 진도읍 성죽골길 37 · 전국시티투어 경유지 · 카카오 좌표,
ctt286,nation,전국,진도,Jindo,,운림산방,Ullimsanbang House,云林山房,珍島 雲林山房,herit,문화유산·전통체험,34.46637,126.30853,60,,유적지 · 진도시티투어 시티투어 경유지,,,,N,N,N,,Y,N,Y,,,,,,http://place.map.kakao.com/11171520,전남광주통합특별시 진도군 의신면 운림산방로 315 · 전국시티투어 경유지 · 카카오 좌표,
ctt287,nation,전국,진도,Jindo,,진도타워,Jindo Tower,珍岛塔,珍島タワー,activity,테마파크·액티비티,34.56602,126.30242,90,,전망대 · 진도시티투어 시티투어 경유지,,,,N,N,N,,Y,N,Y,,,,,,http://place.map.kakao.com/22510969,전남광주통합특별시 진도군 군내면 만금길 112-41 · 전국시티투어 경유지 · 카카오 좌표,
ctt288,nation,전국,진도,Jindo,,명량해상케이블카 진도스테이션,Myeongryanghaesangkeibeulka Jindoseuteisyeon,,,activity,테마파크·액티비티,34.56653,126.30255,90,,케이블카 · 진도시티투어 시티투어 경유지,,,,N,N,N,,Y,N,Y,,,,,,http://place.map.kakao.com/1165122903,전남광주통합특별시 진도군 군내면 만금길 112-31 · 전국시티투어 경유지 · 카카오 좌표,
ctt289,nation,전국,진도,Jindo,,진도 용장성,Jindo Yongjangseong Fortress,珍岛龙长城,珍島龍蔵城,herit,문화유산·전통체험,34.51419,126.33748,60,,"산성,성곽 · 진도시티투어 시티투어 경유지",,,,N,N,N,,Y,N,Y,,,,,,http://place.map.kakao.com/25044950,전남광주통합특별시 진도군 군내면 용장리 101 · 전국시티투어 경유지 · 카카오 좌표,
ctt290,nation,전국,양주,Yangju,,양주초록지기마을,Yangjuchorokjigimaeul,,,activity,테마파크·액티비티,37.92277,126.99745,90,,"정보화,체험마을 · 자연친화코스1 시티투어 경유지",,,,N,N,N,,Y,N,Y,,,,,,http://place.map.kakao.com/8097791,경기 양주시 남면 양연로173번길 26 · 전국시티투어 경유지 · 카카오 좌표,
ctt291,nation,전국,양주,Yangju,,조명박물관,Jomyeongbakmulgwan,,照明博物館,herit,문화유산·전통체험,37.83614,126.96755,60,,"박물관 · 서울우유견학코스, 박물관투어 외 4개 시티투어 경유지",,,,N,N,N,,Y,N,Y,,,,,,http://place.map.kakao.com/10864616,경기 양주시 광적면 광적로 235-48 · 전국시티투어 경유지 · 카카오 좌표,
ctt292,nation,전국,양주,Yangju,,온릉,Yangju Olleung Royal Tomb,,,herit,문화유산·전통체험,37.72017,126.95098,60,,"릉,묘,총 · 역사투어, 기본코스 시티투어 경유지",,,,N,N,N,,Y,N,Y,,,,,,http://place.map.kakao.com/10625958,경기 양주시 장흥면 호국로 255-41 · 전국시티투어 경유지 · 카카오 좌표,
ctt293,nation,전국,양구,Yanggu,,DMZ펀치볼둘레길,DMZpeonchiboldulregil,,,heal,힐링·생태·체험,38.29013,128.14542,60,,둘레길 · 해안DMZ트래킹 코스 시티투어 경유지,,,,N,N,N,,Y,N,Y,,,,,,http://place.map.kakao.com/26847659,강원특별자치도 양구군 해안면 해안서화로 35 · 전국시티투어 경유지 · 카카오 좌표,
ctt294,nation,전국,양구,Yanggu,,을지전망대,Euljijeonmangdae,,,activity,테마파크·액티비티,38.32913,128.12674,90,,전망대 · 해안DMZ트래킹 코스 시티투어 경유지,,,,N,N,N,,Y,N,Y,,,,,,http://place.map.kakao.com/10669533,강원특별자치도 양구군 해안면 이현리 · 전국시티투어 경유지 · 카카오 좌표,
ctt295,nation,전국,양구,Yanggu,,한반도섬,Hanbandoseom,,,sea,해양·자연경관,38.13061,127.98276,40,,"섬(내륙) · 힐링산책코스, 방산나들이코스 시티투어 경유지",,,,N,N,N,,Y,N,Y,,,,,,http://place.map.kakao.com/8599511,강원특별자치도 양구군 양구읍 한반도섬길 76 · 전국시티투어 경유지 · 카카오 좌표,
ctt296,nation,전국,양구,Yanggu,,양구수목원,Yanggusumokwon,,,heal,힐링·생태·체험,38.18996,128.07403,60,,"수목원,식물원 · 힐링산책코스 시티투어 경유지",,,,N,N,N,,Y,N,Y,,,,,,http://place.map.kakao.com/1571224337,강원특별자치도 양구군 동면 숨골로310번길 131 · 전국시티투어 경유지 · 카카오 좌표,
ctt297,nation,전국,양구,Yanggu,,두타연,Dutayeon,,,heal,힐링·생태·체험,38.23276,127.98194,60,,계곡 · 방산나들이코스 시티투어 경유지,,,,N,N,N,,Y,N,Y,,,,,,http://place.map.kakao.com/17358634,강원특별자치도 양구군 방산면 고방산리 391 · 전국시티투어 경유지 · 카카오 좌표,
ctt298,nation,전국,양구,Yanggu,,양구백자박물관,Yanggu Porcelain Museum,,楊口白磁博物館,herit,문화유산·전통체험,38.20746,127.95168,60,,박물관 · 방산나들이코스 시티투어 경유지,,,,N,N,N,,Y,N,Y,,,,,,http://place.map.kakao.com/20126918,강원특별자치도 양구군 방산면 평화로 5182 · 전국시티투어 경유지 · 카카오 좌표,
ctt299,nation,전국,곡성,Gokseong,,곡성섬진강기차마을,Seomjingang Train Village,蟾津江火车村,蟾津江汽車村,heal,힐링·생태·체험,35.27956,127.30787,60,,"관광,명소 · 압록권역 순환버스, 읍권 순환버스 시티투어 경유지",,,,N,N,N,,Y,N,Y,,,,,,http://place.map.kakao.com/25037925,전남광주통합특별시 곡성군 오곡면 오지리 770-5 · 전국시티투어 경유지 · 카카오 좌표,
ctt300,nation,전국,곡성,Gokseong,,섬진강레일바이크,Seomjingangreilbaikeu,,,activity,테마파크·액티비티,35.23018,127.3682,90,,체험여행 · 압록권역 순환버스 시티투어 경유지,,,,N,N,N,,Y,N,Y,,,,,,http://place.map.kakao.com/12435007,전남광주통합특별시 곡성군 오곡면 섬진강로 1465 · 전국시티투어 경유지 · 카카오 좌표,
ctt301,nation,전국,곡성,Gokseong,,6070청춘공작소,6070cheongchungongjakso,,,heal,힐링·생태·체험,35.28253,127.3018,60,,문화시설 · 읍권 순환버스 시티투어 경유지,,,,N,N,N,,Y,N,Y,,,,,,http://place.map.kakao.com/2047386425,전남광주통합특별시 곡성군 곡성읍 낙동원로 8-1 · 전국시티투어 경유지 · 카카오 좌표,
ctt302,nation,전국,곡성,Gokseong,,스트리트갤러리 107,Seuteuriteugaelreori 107,,,activity,테마파크·액티비티,35.28097,127.29449,90,,전시관 · 읍권 순환버스 시티투어 경유지,,,,N,N,N,,Y,N,Y,,,,,,http://place.map.kakao.com/1749151585,전남광주통합특별시 곡성군 곡성읍 중앙로 107-1 · 전국시티투어 경유지 · 카카오 좌표,
ctt303,nation,전국,곡성,Gokseong,,곡성성당,Gokseongseongdang,,,herit,문화유산·전통체험,35.28237,127.29296,60,,성당 · 읍권 순환버스 시티투어 경유지,,,,N,N,N,,Y,N,Y,,,,,,http://place.map.kakao.com/12819723,전남광주통합특별시 곡성군 곡성읍 읍내11길 20 · 전국시티투어 경유지 · 카카오 좌표,
ctt304,nation,전국,곡성,Gokseong,,기차당뚝방마켓,Gichadangttukbangmaket,,,heal,힐링·생태·체험,35.2814,127.30127,60,,문화시설 · 읍권 순환버스 시티투어 경유지,,,,N,N,N,,Y,N,Y,,,,,,http://place.map.kakao.com/1840359490,전남광주통합특별시 곡성군 곡성읍 곡성로 898 · 전국시티투어 경유지 · 카카오 좌표,
ctt305,nation,전국,대전,Daejeon,,대동하늘공원,Daedong Sky Park,大洞天空公园,大洞ハヌル公園,heal,힐링·생태·체험,36.33198,127.4521,60,,"도시근린공원 · 야경, 힐링(만인산) 시티투어 경유지",,,,N,N,N,,Y,N,Y,,,,,,http://place.map.kakao.com/26787414,대전 동구 용운동 산 40-1 · 전국시티투어 경유지 · 카카오 좌표,
ctt306,nation,전국,대전,Daejeon,,만인산자연휴양림,Maninsan Recreational Forest,万仞山自然休养林,万仞山自然休養林,heal,힐링·생태·체험,36.20218,127.45511,60,,"자연휴양림 · 힐링(만인산), 광역투어(셋째주, 토) 외 1개 시티투어 경유지",,,,N,N,N,,Y,N,Y,,,,,,http://place.map.kakao.com/26101775,대전 동구 산내로 106 · 전국시티투어 경유지 · 카카오 좌표,
ctt307,nation,전국,대전,Daejeon,,우암사적공원,Uam Historical Park,尤庵史迹公园,尤菴史蹟公園,heal,힐링·생태·체험,36.34786,127.45824,60,,"도시근린공원 · 역사문화(동춘당), 광역투어(첫주, 일) 외 1개 시티투어 경유지",,,,N,N,N,,Y,N,Y,,,,,,http://place.map.kakao.com/8027006,대전 동구 충정로 53 · 전국시티투어 경유지 · 카카오 좌표,
ctt308,nation,전국,대전,Daejeon,,뿌리공원 한국족보박물관,Ppurigongwon Hangukjokbobakmulgwan,,,herit,문화유산·전통체험,36.28402,127.38689,60,,박물관 · 역사문화(효월드) 시티투어 경유지,,,,N,N,N,,Y,N,Y,,,,,,http://place.map.kakao.com/17562738,대전 중구 뿌리공원로 79 · 전국시티투어 경유지 · 카카오 좌표,
ctt309,nation,전국,대전,Daejeon,,한국지질자원연구원 지질박물관,Geological Museum,,地質博物館,herit,문화유산·전통체험,36.37755,127.36228,60,,박물관 · 대덕특구탐방 시티투어 경유지,,,,N,N,N,,Y,N,Y,,,,,,http://place.map.kakao.com/10952786,대전 유성구 과학로 124 · 전국시티투어 경유지 · 카카오 좌표,
ctt310,nation,전국,대전,Daejeon,,대전시민천문대,Daejeonsimincheonmundae,,,heal,힐링·생태·체험,36.3816,127.35367,60,,천문대 · 대덕특구탐방 시티투어 경유지,,,,N,N,N,,Y,N,Y,,,,,,http://place.map.kakao.com/8263441,대전 유성구 과학로 213-48 · 전국시티투어 경유지 · 카카오 좌표,
ctt311,nation,전국,대전,Daejeon,,대청호자연생태관,Daecheonghojayeonsaengtaegwan,,,herit,문화유산·전통체험,36.37335,127.47078,60,,"박물관 · 생태교육, 광역투어(다섯째주, 토) 시티투어 경유지",,,,N,N,N,,Y,N,Y,,,,,,http://place.map.kakao.com/10316769,대전 동구 천개동로 41 · 전국시티투어 경유지 · 카카오 좌표,
ctt312,nation,전국,대전,Daejeon,,구대전형무소망루,Gudaejeonhyeongmusomangru,,,herit,문화유산·전통체험,36.33668,127.4107,60,,문화유적 · 다크투어 시티투어 경유지,,,,N,N,N,,Y,N,Y,,,,,,http://place.map.kakao.com/867814803,대전 중구 중촌동 16-11 · 전국시티투어 경유지 · 카카오 좌표,
ctt313,nation,전국,대전,Daejeon,,목동성당,Mokdongseongdang,,,herit,문화유산·전통체험,36.33169,127.40802,60,,성당 · 다크투어 시티투어 경유지,,,,N,N,N,,Y,N,Y,,,,,,http://place.map.kakao.com/11554404,대전 중구 동서대로1365번길 19 · 전국시티투어 경유지 · 카카오 좌표,
ctt314,nation,전국,대전,Daejeon,,국립대전현충원 현충문,Gukripdaejeonhyeonchungwon Hyeonchungmun,,,herit,문화유산·전통체험,36.36906,127.29571,60,,"문 · 다크투어, 언택트세이프(A) 시티투어 경유지",,,,N,N,N,,Y,N,Y,,,,,,http://place.map.kakao.com/17808701,대전 유성구 현충원로 251 · 전국시티투어 경유지 · 카카오 좌표,
ctt315,nation,전국,아산,Asan,,피나클랜드 수목원,Pinakeulraendeu Sumokwon,,,heal,힐링·생태·체험,36.87371,126.92728,60,,"수목원,식물원 · 인생네컷 코스 시티투어 경유지",,,,N,N,N,,Y,N,Y,,,,,,http://place.map.kakao.com/13302536,충남 아산시 영인면 월선길 20-42 · 전국시티투어 경유지 · 카카오 좌표,
ctt316,nation,전국,아산,Asan,,영인산자연휴양림,Yeonginsan Recreational Forest,,,heal,힐링·생태·체험,36.84105,126.95014,60,,자연휴양림 · 인생네컷 코스 시티투어 경유지,,,,N,N,N,,Y,N,Y,,,,,,http://place.map.kakao.com/8010414,충남 아산시 영인면 아산온천로 16-26 · 전국시티투어 경유지 · 카카오 좌표,
ctt317,nation,전국,아산,Asan,,신정호지방정원,Sinjeonghojibangjeongwon,,,heal,힐링·생태·체험,36.77109,126.97977,60,,"관광,명소 · 休캉스 코스, 아산도심핫플코스 외 1개 시티투어 경유지",,,,N,N,N,,Y,N,Y,,,,,,http://place.map.kakao.com/1207596613,충남 아산시 방축동 459 · 전국시티투어 경유지 · 카카오 좌표,
ctt318,nation,전국,아산,Asan,,아산맹씨행단,Asanmaengssihaengdan,,,herit,문화유산·전통체험,36.74648,127.04175,60,,유적지 · 休캉스 코스 시티투어 경유지,,,,N,N,N,,Y,N,Y,,,,,,http://place.map.kakao.com/11922615,충남 아산시 배방읍 행단길 25 · 전국시티투어 경유지 · 카카오 좌표,
ctt319,nation,전국,아산,Asan,,온양민속박물관,Onyangminsokbakmulgwan,,温陽民俗博物館,herit,문화유산·전통체험,36.79204,127.0063,60,,"박물관 · 아산도심핫플코스, 역사기행 코스 시티투어 경유지",,,,N,N,N,,Y,N,Y,,,,,,http://place.map.kakao.com/15424981,충남 아산시 충무로 123 · 전국시티투어 경유지 · 카카오 좌표,
ctt320,nation,전국,대전,Daejeon,,유성온천공원 족욕체험장,Yuseongoncheongongwon Jokyokcheheomjang,,,activity,테마파크·액티비티,36.35478,127.34785,90,,"체험학습장 · 광역투어(셋째주, 일), 언택트세이프(B) 외 1개 시티투어 경유지",,,,N,N,N,,Y,N,Y,,,,,,http://place.map.kakao.com/17990921,대전 유성구 봉명동 574-6 · 전국시티투어 경유지 · 카카오 좌표,
ctt321,nation,전국,대전,Daejeon,,한밭교육박물관,Hanbatgyoyukbakmulgwan,,ハンバッ教育博物館,herit,문화유산·전통체험,36.33744,127.42885,60,,"박물관 · 광역투어(둘째주, 일) 시티투어 경유지",,,,N,N,N,,Y,N,Y,,,,,,http://place.map.kakao.com/10933384,대전 동구 우암로 96 · 전국시티투어 경유지 · 카카오 좌표,
ctt322,nation,전국,대전,Daejeon,,대청호반길 3-2코스(청남대조망길),Daecheonghobangil 3-2koseu(cheongnamdaejomanggil),,,heal,힐링·생태·체험,36.43006,127.48147,60,,"도보여행 · 광역투어(둘째주, 토) 시티투어 경유지",,,,N,N,N,,Y,N,Y,,,,,,http://place.map.kakao.com/26558723,대전 동구 직동 · 전국시티투어 경유지 · 카카오 좌표,
ctt323,nation,전국,대전,Daejeon,,테미오래,Temiorae,,,heal,힐링·생태·체험,36.3206,127.42309,60,,문화시설 · 남부코스 시티투어 경유지,,,,N,N,N,,Y,N,Y,,,,,,http://place.map.kakao.com/1045522385,대전 중구 보문로205번길 13 · 전국시티투어 경유지 · 카카오 좌표,
ctt324,nation,전국,대전,Daejeon,,대전아쿠아리움,Daejeonakuarium,,,activity,테마파크·액티비티,36.31011,127.42107,90,,아쿠아리움 · 남부코스 시티투어 경유지,,,,N,N,N,,Y,N,Y,,,,,,http://place.map.kakao.com/11750972,대전 중구 보문산공원로 469 · 전국시티투어 경유지 · 카카오 좌표,
ctt325,nation,전국,대전,Daejeon,,주교좌대흥동성당,Jugyojwadaeheungdongseongdang,,,herit,문화유산·전통체험,36.32657,127.42647,60,,성당 · 남부코스 시티투어 경유지,,,,N,N,N,,Y,N,Y,,,,,,http://place.map.kakao.com/17103001,대전 중구 대종로 471 · 전국시티투어 경유지 · 카카오 좌표,
ctt326,nation,전국,태안,Taean,,태안해양치유센터,Taean Thalassotherapy Center,泰安海洋治愈中心,泰安海洋治癒センター,heal,힐링·생태·체험,36.64785,126.29995,60,,문화시설 · 북부코스남부코스 시티투어 경유지,,,,N,N,N,,Y,N,Y,,,,,,http://place.map.kakao.com/459146932,충남 태안군 남면 달산포로 85-59 · 전국시티투어 경유지 · 카카오 좌표,
ctt327,nation,전국,서천,Seocheon,,이동백소리솔바람길,Idongbaeksorisolbaramgil,,,heal,힐링·생태·체험,36.1122,126.6767,60,,"도보여행 · 전라권코스, 광역코스 외 2개 시티투어 경유지",,,,N,N,N,,Y,N,Y,,,,,,http://place.map.kakao.com/26564578,충남 서천군 종천면 지석리 산 40-1 · 전국시티투어 경유지 · 카카오 좌표,
ctt328,nation,전국,서천,Seocheon,,마량리동백나무숲,Seocheon Maryang-ri Camellia Forest,,舒川 馬梁里ツバキの森,heal,힐링·생태·체험,36.1368,126.49394,60,,숲 · 힐링코스 시티투어 경유지,,,,N,N,N,,Y,N,Y,,,,,,http://place.map.kakao.com/10353978,충남 서천군 서면 마량리 313-4 · 전국시티투어 경유지 · 카카오 좌표,
ctt329,nation,전국,서천,Seocheon,,서천군문화예술창작공간,Seocheongunmunhwayesulchangjakgonggan,,,heal,힐링·생태·체험,36.00829,126.69589,60,,문화시설 · 힐링코스 시티투어 경유지,,,,N,N,N,,Y,N,Y,,,,,,http://place.map.kakao.com/26428887,충남 서천군 장항읍 장산로 323 · 전국시티투어 경유지 · 카카오 좌표,
ctt330,nation,전국,홍천,Hongcheon,,척야산문화수목원,Cheokyasanmunhwasumokwon,,,heal,힐링·생태·체험,37.78197,128.15838,60,,"수목원,식물원 · 홍천시티투어 시티투어 경유지",,,,N,N,N,,Y,N,Y,,,,,,http://place.map.kakao.com/27257731,강원특별자치도 홍천군 내촌면 동창로 282 · 전국시티투어 경유지 · 카카오 좌표,
ctt331,nation,전국,홍천,Hongcheon,,수타사농촌테마공원,Sutasanongchontemagongwon,,,heal,힐링·생태·체험,37.69485,127.9522,60,,도시근린공원 · 홍천시티투어 시티투어 경유지,,,,N,N,N,,Y,N,Y,,,,,,http://place.map.kakao.com/1205240657,강원특별자치도 홍천군 영귀미면 덕치리 614 · 전국시티투어 경유지 · 카카오 좌표,
ctt332,nation,전국,홍천,Hongcheon,,수타사,Sutasa,,寿陀寺,herit,문화유산·전통체험,37.6985,127.9591,60,,"절,사찰 · 홍천시티투어 시티투어 경유지",,,,N,N,N,,Y,N,Y,,,,,,http://place.map.kakao.com/10544634,강원특별자치도 홍천군 영귀미면 수타사로 473 · 전국시티투어 경유지 · 카카오 좌표,
ctt333,nation,전국,화천,Hwacheon,,산천어커피박물관,Sancheoneokeopibakmulgwan,,,herit,문화유산·전통체험,38.10598,127.70377,60,,박물관 · 화천시티투어(백암산케이블카) 시티투어 경유지,,,,N,N,N,,Y,N,Y,,,,,,http://place.map.kakao.com/27383477,강원특별자치도 화천군 화천읍 상승로2길 21 · 전국시티투어 경유지 · 카카오 좌표,
ctt334,nation,전국,화천,Hwacheon,,화천박물관,Hwacheonbakmulgwan,,,herit,문화유산·전통체험,38.09788,127.70416,60,,"박물관 · 화천시티투어(백암산케이블카), 화천시티투어(평화누리호) 시티투어 경유지",,,,N,N,N,,Y,N,Y,,,,,,http://place.map.kakao.com/8626127,강원특별자치도 화천군 하남면 춘화로 3337 · 전국시티투어 경유지 · 카카오 좌표,
ctt335,nation,전국,화천,Hwacheon,,K-water 평화의댐 물문화관,K-water Pyeonghwauidaem Mulmunhwagwan,,,activity,테마파크·액티비티,38.214,127.84636,90,,전시관 · 화천시티투어(평화누리호) 시티투어 경유지,,,,N,N,N,,Y,N,Y,,,,,,http://place.map.kakao.com/12728239,강원특별자치도 화천군 화천읍 동촌리 2922-2 · 전국시티투어 경유지 · 카카오 좌표,
ctt336,nation,전국,순천,Suncheon,,상사호,Sangsaho,,,heal,힐링·생태·체험,34.94401,127.41259,60,,호수 · (테마투어)산사투어 시티투어 경유지,,,,N,N,N,,Y,N,Y,,,,,,http://place.map.kakao.com/11136913,전남광주통합특별시 순천시 상사면 용계리 620 · 전국시티투어 경유지 · 카카오 좌표,
ctt337,nation,전국,순천,Suncheon,,순천전통야생차체험관,Suncheon Traditional Wild Tea House,,順天伝統野生茶体験館,activity,테마파크·액티비티,34.99471,127.33442,90,,체험학습장 · (테마투어)세계유산투어 시티투어 경유지,,,,N,N,N,,Y,N,Y,,,,,,http://place.map.kakao.com/17730125,전남광주통합특별시 순천시 승주읍 선암사길 450-1 · 전국시티투어 경유지 · 카카오 좌표,
ctt338,nation,전국,순천,Suncheon,,순천왜성,Suncheonwaeseong,,順天倭城,herit,문화유산·전통체험,34.90726,127.58116,60,,"산성,성곽 · (테마투어)성곽투어 시티투어 경유지",,,,N,N,N,,Y,N,Y,,,,,,http://place.map.kakao.com/7961966,전남광주통합특별시 순천시 해룡면 신성리 산 1 · 전국시티투어 경유지 · 카카오 좌표,
ctt339,nation,전국,순천,Suncheon,,순천만국가정원 스페이스브릿지,Suncheonmangukgajeongwon Seupeiseubeuritji,,,heal,힐링·생태·체험,34.92772,127.50338,60,,공원시설물 · (기획투어)나이트가든투어 시티투어 경유지,,,,N,N,N,,Y,N,Y,,,,,,http://place.map.kakao.com/19530552,전남광주통합특별시 순천시 풍덕동 610 · 전국시티투어 경유지 · 카카오 좌표,
ctt340,nation,전국,나주,Naju,,국립나주박물관,Naju National Museum,,国立羅州博物館,herit,문화유산·전통체험,34.91482,126.65905,60,,박물관 · 정기코스 시티투어 경유지,,,,N,N,N,,Y,N,Y,,,,,,http://place.map.kakao.com/22008733,전남광주통합특별시 나주시 반남면 고분로 747 · 전국시티투어 경유지 · 카카오 좌표,
ctt341,nation,전국,나주,Naju,,전남광주통합특별시산림연구원 토피어리,Jeonnamgwangjutonghapteukbyeolsisanrimyeonguwon Topieori,,,heal,힐링·생태·체험,35.00646,126.82509,60,,공원시설물 · 정기코스 시티투어 경유지,,,,N,N,N,,Y,N,Y,,,,,,http://place.map.kakao.com/26598933,전남광주통합특별시 나주시 산포면 다도로 7 · 전국시티투어 경유지 · 카카오 좌표,
ctt342,nation,전국,아산,Asan,,옹기발효음식 전시체험관,Onggibalhyoeumsik Jeonsicheheomgwan,,,activity,테마파크·액티비티,36.75485,126.88051,90,,전시관 · 예술맛집 코스 시티투어 경유지,,,,N,N,N,,Y,N,Y,,,,,,http://place.map.kakao.com/22578790,충남 아산시 도고면 도고산로 810 · 전국시티투어 경유지 · 카카오 좌표,
ctt343,nation,전국,아산,Asan,,도고아트홀,Dogoateuhol,,,activity,테마파크·액티비티,36.7587,126.86787,90,,"공연장,연극극장 · 예술맛집 코스 시티투어 경유지",,,,N,N,N,,Y,N,Y,,,,,,http://place.map.kakao.com/24252242,충남 아산시 도고면 아산만로 171 · 전국시티투어 경유지 · 카카오 좌표,
ctt344,nation,전국,아산,Asan,,세계꽃식물원,World Flower Botanical Garden,,世界花植物園,heal,힐링·생태·체험,36.74971,126.86058,60,,"수목원,식물원 · 예술맛집 코스 시티투어 경유지",,,,N,N,N,,Y,N,Y,,,,,,http://place.map.kakao.com/7947747,충남 아산시 도고면 아산만로 37-37 · 전국시티투어 경유지 · 카카오 좌표,
ctt345,nation,전국,대전,Daejeon,,유림공원,Yurim Park,儒林公园,裕林公園,heal,힐링·생태·체험,36.35997,127.35744,60,,도시근린공원 · 언택트세이프(A) 시티투어 경유지,,,,N,N,N,,Y,N,Y,,,,,,http://place.map.kakao.com/8478591,대전 유성구 어은로 27 · 전국시티투어 경유지 · 카카오 좌표,
ctt346,nation,전국,대전,Daejeon,,진잠향교,Jinjamhyanggyo,,,herit,문화유산·전통체험,36.3038,127.31529,60,,"향교,서당 · 광역투어(다섯째주, 일) 시티투어 경유지",,,,N,N,N,,Y,N,Y,,,,,,http://place.map.kakao.com/8083028,대전 유성구 교촌로 67 · 전국시티투어 경유지 · 카카오 좌표,
ctt347,nation,전국,안성,Anseong,,안성맞춤박물관,Anseongmatchumbakmulgwan,,安城マッチュム博物館,herit,문화유산·전통체험,37.01125,127.22835,60,,박물관 · 안성시티투어 시티투어 경유지,,,,N,N,N,,Y,N,Y,,,,,,http://place.map.kakao.com/9891555,경기 안성시 대덕면 서동대로 4726-15 · 전국시티투어 경유지 · 카카오 좌표,
ctt348,nation,전국,안성,Anseong,,농협안성팜랜드,Anseong Farmland,安城牧场,安城ファームランド,activity,테마파크·액티비티,36.99132,127.19352,90,,테마파크 · 안성시티투어 시티투어 경유지,,,,N,N,N,,Y,N,Y,,,,,,http://place.map.kakao.com/17202018,경기 안성시 공도읍 대신두길 28 · 전국시티투어 경유지 · 카카오 좌표,
ctt349,nation,전국,안성,Anseong,,안성맞춤랜드,Anseong Machum Land,安城乐园,安城マッチュムランド,activity,테마파크·액티비티,37.03305,127.31017,90,,테마파크 · 안성시티투어 시티투어 경유지,,,,N,N,N,,Y,N,Y,,,,,,http://place.map.kakao.com/21606099,경기 안성시 보개면 남사당로 198 · 전국시티투어 경유지 · 카카오 좌표,
ctt350,nation,전국,안성,Anseong,,청룡사,Cheongryongsa,,,herit,문화유산·전통체험,36.91371,127.28875,60,,"절,사찰 · 안성시티투어 시티투어 경유지",,,,N,N,N,,Y,N,Y,,,,,,http://place.map.kakao.com/8533294,경기 안성시 서운면 청룡길 140 · 전국시티투어 경유지 · 카카오 좌표,
ctt351,nation,전국,대전,Daejeon,,식장산문화공원,Sikjangsan Cultural Park (Sunrise Observatory),食藏山文化公园（日出观景台）,食蔵山文化公園（日の出展望台）,heal,힐링·생태·체험,36.30379,127.48355,60,,공원 · 언택트세이프? 시티투어 경유지,,,,N,N,N,,Y,N,Y,,,,,,http://place.map.kakao.com/1967272275,대전 동구 세천동 산 43-3 · 전국시티투어 경유지 · 카카오 좌표,
ctt352,nation,전국,경산,Gyeongsan,,임당동고분군,Imdangdonggobungun,,,herit,문화유산·전통체험,35.83983,128.74967,60,,"릉,묘,총 · 소원성취코스,삼성현명품투어코스 시티투어 경유지",,,,N,N,N,,Y,N,Y,,,,,,http://place.map.kakao.com/8199444,경북 경산시 임당동 676-1 · 전국시티투어 경유지 · 카카오 좌표,
ctt353,nation,전국,경산,Gyeongsan,,경산시립박물관,Gyeongsansiripbakmulgwan,,,herit,문화유산·전통체험,35.81406,128.76321,60,,"박물관 · 소원성취코스,삼성현명품투어코스 시티투어 경유지",,,,N,N,N,,Y,N,Y,,,,,,http://place.map.kakao.com/8199266,경북 경산시 박물관로 46 · 전국시티투어 경유지 · 카카오 좌표,
ctt354,nation,전국,경산,Gyeongsan,,삼성현역사문화공원,Samseonghyeonyeoksamunhwagongwon,,,heal,힐링·생태·체험,35.80159,128.79675,60,,"공원 · 소원성취코스,삼성현명품투어코스 시티투어 경유지",,,,N,N,N,,Y,N,Y,,,,,,http://place.map.kakao.com/20348385,경북 경산시 남산면 삼성현공원로 59 · 전국시티투어 경유지 · 카카오 좌표,
ctt355,nation,전국,경산,Gyeongsan,,경산동의한방촌,Gyeongsandonguihanbangchon,,,activity,테마파크·액티비티,35.79937,128.80015,90,,"체험학습장 · 소원성취코스,삼성현명품투어코스 시티투어 경유지",,,,N,N,N,,Y,N,Y,,,,,,http://place.map.kakao.com/152204069,경북 경산시 남산면 삼성현공원로 38 · 전국시티투어 경유지 · 카카오 좌표,
ctt356,nation,전국,경산,Gyeongsan,,반곡지,Bangokji,,,heal,힐링·생태·체험,35.78042,128.8066,60,,"저수지 · 소원성취코스,삼성현명품투어코스 시티투어 경유지",,,,N,N,N,,Y,N,Y,,,,,,http://place.map.kakao.com/10408839,경북 경산시 남산면 반곡리 246 · 전국시티투어 경유지 · 카카오 좌표,
ctt357,nation,전국,울산,Ulsan,,장생포고래박물관,Jangsaengpogoraebakmulgwan,,,herit,문화유산·전통체험,35.50277,129.38077,60,,박물관 · 장생포 대왕암 코스 시티투어 경유지,,,,N,N,N,,Y,N,Y,,,,,,http://place.map.kakao.com/8053416,울산 남구 장생포고래로 244 · 전국시티투어 경유지 · 카카오 좌표,
ctt358,nation,전국,울산,Ulsan,,태화강국가정원 태화강전망대,Taehwaganggukgajeongwon Taehwagangjeonmangdae,,,activity,테마파크·액티비티,35.54506,129.29385,90,,전망대 · 태화강 국가정원 코스 시티투어 경유지,,,,N,N,N,,Y,N,Y,,,,,,http://place.map.kakao.com/19237158,울산 남구 남산로 223 · 전국시티투어 경유지 · 카카오 좌표,
ctt359,nation,전국,울산,Ulsan,,울산문화예술회관,Ulsan Culture Art Center,蔚山文化艺术会馆,蔚山文化芸術会館,activity,테마파크·액티비티,35.54296,129.32734,90,,"공연장,연극극장 · 태화강 국가정원 코스 시티투어 경유지",,,,N,N,N,,Y,N,Y,,,,,,http://place.map.kakao.com/8036323,울산 남구 번영로 200 · 전국시티투어 경유지 · 카카오 좌표,
ctt360,nation,전국,공주,Gongju,,계룡도예,Gyeryongdoye,,,heal,힐링·생태·체험,36.37905,127.26083,60,,"도자기,도예촌 · 봄·여름·가을 코스 시티투어 경유지",,,,N,N,N,,Y,N,Y,,,,,,http://place.map.kakao.com/8645561,충남 공주시 반포면 온천사기소길 27-1 · 전국시티투어 경유지 · 카카오 좌표,
ctt361,nation,전국,공주,Gongju,,공주산림휴양마을 산림문화휴양관,Gongjusanrimhyuyangmaeul Sanrimmunhwahyuyanggwan,,,heal,힐링·생태·체험,36.42438,127.11943,60,,"관광지부속시설 · 가을코스, 봄코스 시티투어 경유지",,,,N,N,N,,Y,N,Y,,,,,,http://place.map.kakao.com/280691918,충남 공주시 수원지공원길 222 · 전국시티투어 경유지 · 카카오 좌표,
ctt362,nation,전국,공주,Gongju,,유구전통시장 광장,Yugujeontongsijang Gwangjang,,,heal,힐링·생태·체험,36.55306,126.95215,60,,광장 · 여름코스 시티투어 경유지,,,,N,N,N,,Y,N,Y,,,,,,http://place.map.kakao.com/340235989,충남 공주시 유구읍 석남리 279-3 · 전국시티투어 경유지 · 카카오 좌표,
ctt363,nation,전국,공주,Gongju,,충청남도역사박물관,Chungcheongnam-do Museum of History,忠清南道历史博物馆,忠清南道歴史博物館,herit,문화유산·전통체험,36.4537,127.12667,60,,박물관 · 봄코스 시티투어 경유지,,,,N,N,N,,Y,N,Y,,,,,,http://place.map.kakao.com/15180760,충남 공주시 국고개길 24 · 전국시티투어 경유지 · 카카오 좌표,
ctt364,nation,전국,공주,Gongju,,공주 반죽동 당간지주,Gongju Banjukdong Dangganjiju,,,herit,문화유산·전통체험,36.45171,127.12242,60,,문화유적 · 봄코스 시티투어 경유지,,,,N,N,N,,Y,N,Y,,,,,,http://place.map.kakao.com/12643646,충남 공주시 반죽동 300-2 · 전국시티투어 경유지 · 카카오 좌표,
ctt365,nation,전국,공주,Gongju,,백제오감체험관,Baekjeogamcheheomgwan,,,activity,테마파크·액티비티,36.46247,127.11119,90,,체험학습장 · 반일코스 시티투어 경유지,,,,N,N,N,,Y,N,Y,,,,,,http://place.map.kakao.com/712539709,충남 공주시 고마나루길 30 · 전국시티투어 경유지 · 카카오 좌표,
ctt366,nation,전국,서울,Seoul,,익스트림스포츠디엠지,Ikseuteurimseupocheudiemji,,,activity,테마파크·액티비티,37.57248,127.00393,90,,스포츠용품 · EG투어버스 A코스 시티투어 경유지,,,,N,N,N,,Y,N,Y,,,,,,http://place.map.kakao.com/375755865,서울 종로구 종로35길 28 · 전국시티투어 경유지 · 카카오 좌표,
ctt367,nation,전국,서울,Seoul,,JSA어패럴,JSAeopaereol,,,sea,해양·자연경관,37.53834,126.8262,40,,의류소품 · EG투어버스 A코스 시티투어 경유지,,,,N,N,N,,Y,N,Y,,,,,,http://place.map.kakao.com/19832890,서울 양천구 남부순환로 316 · 전국시티투어 경유지 · 카카오 좌표,
ro116,nation,전국,양평,Yangpyeong,,스타벅스 더양평DT점,스타벅스 더양평DT점,,,food,로컬상권·먹거리,37.49703,127.4817,50,,"카페·찻집 · 어비계곡, 유명산자연휴양림 등과 함께 많이 찾는 곳 (연관 21회)",,,,N,N,N,,N,Y,Y,,,,,,http://place.map.kakao.com/1976943632,경기 양평군 양평읍 양근로 76 · 한국관광공사 연관 관광지 · 카카오 좌표,
ro117,nation,전국,경주,Gyeongju,,분황사,Bunhwangsa Temple,芬皇寺,芬皇寺,herit,문화유산·전통체험,35.84057,129.23364,60,,"종교성지 · 감포항, 경주김유신장군묘 등과 함께 많이 찾는 곳 (연관 20회)",,,,N,N,N,,N,Y,Y,,,,,,http://place.map.kakao.com/25046596,경북 경주시 분황로 94-11 · 한국관광공사 연관 관광지 · 카카오 좌표,
ro366,nation,전국,양평,Yangpyeong,,사나사계곡,Sanasagyegok Valley,舍那寺溪谷,舍那寺渓谷,sea,해양·자연경관,37.53852,127.50632,40,,"자연경관(산) · 어비계곡, 유명산계곡 등과 함께 많이 찾는 곳 (연관 11회)",,,,N,N,N,,N,Y,Y,,,,,,http://place.map.kakao.com/7921547,경기 양평군 옥천면 사나사길 329 · 한국관광공사 연관 관광지 · 카카오 좌표,
ro419,nation,전국,아산,Asan,,궁평저수지 맨발황톳길,궁평저수지 맨발황톳길,,,activity,테마파크·액티비티,36.71412,126.99339,90,,"기타레저스포츠 · 천안삼거리공원, 당림미술관 등과 함께 많이 찾는 곳 (연관 10회)",,,,N,N,N,,N,Y,Y,,,,,,http://place.map.kakao.com/10546044,충남 아산시 송악면 궁평리 252 · 한국관광공사 연관 관광지 · 카카오 좌표,
ro500,nation,전국,김해,Gimhae,,장유사,장유사,,,herit,문화유산·전통체험,35.19586,128.75539,60,,"종교성지 · 불모산노을전망대, 삼밀사 등과 함께 많이 찾는 곳 (연관 9회)",,,,N,N,N,,N,Y,Y,,,,,,http://place.map.kakao.com/9407040,경남 김해시 대청계곡길 170-563 · 한국관광공사 연관 관광지 · 카카오 좌표,
ro570,nation,전국,창원,Changwon,,3.15해양누리공원,3.15해양누리공원,,,heal,힐링·생태·체험,35.18655,128.56403,60,,"도시공원 · 진해루해변공원, 진해해양공원 등과 함께 많이 찾는 곳 (연관 8회)",,,,N,N,N,,N,Y,Y,,,,,,http://place.map.kakao.com/568610790,경남 창원시 마산합포구 월남동1가 47-4 · 한국관광공사 연관 관광지 · 카카오 좌표,
ro813,nation,전국,천안,Cheonan,,천안 성성호수공원,천안 성성호수공원,,,heal,힐링·생태·체험,36.84761,127.12844,60,,"도시공원 · 승천사, 천안삼거리공원 등과 함께 많이 찾는 곳 (연관 5회)",,,,N,N,N,,N,Y,Y,,,,,,http://place.map.kakao.com/1205372701,충남 천안시 서북구 성성2길 95 · 한국관광공사 연관 관광지 · 카카오 좌표,
ro881,nation,전국,봉화,Bonghwa,,국립청옥산자연휴양림,Cheongoksan National Recreational Forest,,,heal,힐링·생태·체험,37.03872,128.99584,60,,"자연공원 · 권정생동화나라, 국립백두대간수목원 등과 함께 많이 찾는 곳 (연관 4회)",,,,N,N,N,,N,Y,Y,,,,,,http://place.map.kakao.com/8100019,경북 봉화군 석포면 청옥로 1552-163 · 한국관광공사 연관 관광지 · 카카오 좌표,
ro885,nation,전국,하동,Hadong,,하동 코리아짚와이어,하동 코리아짚와이어,,,activity,테마파크·액티비티,34.98246,127.89652,90,,"기타레저스포츠 · 이순신바다공원, 금오산전망대 등과 함께 많이 찾는 곳 (연관 4회)",,,,N,N,N,,N,Y,Y,,,,,,http://place.map.kakao.com/757860318,경남 하동군 금남면 경충로 493-5 · 한국관광공사 연관 관광지 · 카카오 좌표,
ro970,nation,전국,서울,Seoul,,유한양행 윌로우하우스,유한양행 윌로우하우스,,,herit,문화유산·전통체험,37.51298,126.93268,60,,"전시시설 · 종이나라박물관, 노량진수산시장 등과 함께 많이 찾는 곳 (연관 3회)",,,,N,N,N,,N,Y,Y,,,,,,http://place.map.kakao.com/205376613,서울 동작구 노량진로 74 · 한국관광공사 연관 관광지 · 카카오 좌표,
rs383,nation,전국,서울,Seoul,,힐튼가든인 서울강남,힐튼가든인 서울강남,,,stay,숙박,37.48593,127.03277,30,,"호텔 · 매헌윤봉길의사기념관, 예술의전당 등을 찾은 여행자들이 함께 많이 머문 곳 (연관 4회)",,,,N,N,N,,N,Y,Y,,,,,,http://place.map.kakao.com/31754855,서울 서초구 강남대로 253 · 한국관광공사 연관 관광지 · 카카오 좌표,
ro1,nation,전국,강릉,Gangneung,,주문진수산시장,주문진수산시장,,,food,로컬상권·먹거리,37.89111,128.82774,50,,"시장 · 해랑전망대, BTS버스정류장 등과 함께 많이 찾는 곳 (연관 66회)",,,,N,N,N,,N,Y,Y,,,,,,http://place.map.kakao.com/26985090,강원특별자치도 강릉시 주문진읍 시장길 38 · 한국관광공사 연관 관광지 · 카카오 좌표,
ro2,nation,전국,통영,Tongyeong,,통영중앙전통시장,통영중앙전통시장,,,food,로컬상권·먹거리,34.84522,128.42448,50,,"시장 · 가조도, 거제관광모노레일 등과 함께 많이 찾는 곳 (연관 66회)",,,,N,N,N,,N,Y,Y,,,,,,http://place.map.kakao.com/18468572,경남 통영시 중앙동 38-5 · 한국관광공사 연관 관광지 · 카카오 좌표,
ro3,nation,전국,속초,Sokcho,,청초수물회 속초본점,청초수물회 속초본점,,,food,로컬상권·먹거리,38.19215,128.59054,50,,"전문음식 · 동해무릉건강숲, The-K설악산가족호텔 등과 함께 많이 찾는 곳 (연관 66회)",,,,N,N,N,,N,Y,Y,,,,,,http://place.map.kakao.com/26602585,강원특별자치도 속초시 엑스포로 12-36 · 한국관광공사 연관 관광지 · 카카오 좌표,
ro4,nation,전국,부산,Busan,,광안리해수욕장,Gwangalli Beach,广安里海水浴场,広安里海水浴場,sea,해양·자연경관,35.15319,129.11898,40,,"자연경관(하천·해양) · KT&G상상마당/부산, 부산시민공원 등과 함께 많이 찾는 곳 (연관 58회)",,,,N,N,N,,N,Y,Y,,,,,,http://place.map.kakao.com/8202423,부산 수영구 광안해변로 219 · 한국관광공사 연관 관광지 · 카카오 좌표,
ro5,nation,전국,강릉,Gangneung,,안목해변,Anmokhaebyeon Beach,安木海边,安木海辺,sea,해양·자연경관,37.77226,128.94828,40,,"자연경관(하천·해양) · 망상해수욕장, 어달해변 등과 함께 많이 찾는 곳 (연관 54회)",,,,N,N,N,,N,Y,Y,,,,,,http://place.map.kakao.com/7987002,강원특별자치도 강릉시 창해로14번길 51-26 · 한국관광공사 연관 관광지 · 카카오 좌표,
ro6,nation,전국,고성(강원),Goseong-gw,,송지호해수욕장,Songjiho Beach,松池湖海水浴场,松池湖海水浴場,sea,해양·자연경관,38.33068,128.52792,40,,"자연경관(하천·해양) · 금호리조트/설악, 등대해변 등과 함께 많이 찾는 곳 (연관 53회)",,,,N,N,N,,N,Y,Y,,,,,,http://place.map.kakao.com/7954247,강원특별자치도 고성군 죽왕면 오호리 8 · 한국관광공사 연관 관광지 · 카카오 좌표,
ro7,nation,전국,양양,Yangyang,,낙산해수욕장,Naksan Beach,洛山海水浴场,洛山海水浴場,sea,해양·자연경관,38.11587,128.63576,40,,"자연경관(하천·해양) · 모래시계공원, 주문진해변 등과 함께 많이 찾는 곳 (연관 50회)",,,,N,N,N,,N,Y,Y,,,,,,http://place.map.kakao.com/8229967,강원특별자치도 양양군 강현면 전진리 · 한국관광공사 연관 관광지 · 카카오 좌표,
ro8,nation,전국,고성,Goseong,,바다정원펜션,바다정원펜션,,,food,로컬상권·먹거리,35.01331,128.4974,50,,"카페·찻집 · 국립산악박물관, 금호리조트/설악 등과 함께 많이 찾는 곳 (연관 49회)",,,,N,N,N,,N,Y,Y,,,,,,http://place.map.kakao.com/14560720,경남 고성군 동해면 용정1길 451-28 · 한국관광공사 연관 관광지 · 카카오 좌표,
ro9,nation,전국,속초,Sokcho,,동명항,동명항,,,sea,해양·자연경관,38.21112,128.60079,40,,"자연경관(하천·해양) · The-K설악산가족호텔, 금호리조트/설악 등과 함께 많이 찾는 곳 (연관 47회)",,,,N,N,N,,N,Y,Y,,,,,,http://place.map.kakao.com/7843350,강원특별자치도 속초시 동명동 1-249 · 한국관광공사 연관 관광지 · 카카오 좌표,
ro10,nation,전국,삼척,Samcheok,,맹방해수욕장,맹방해수욕장,,,sea,해양·자연경관,37.39018,129.23234,40,,"자연경관(하천·해양) · 노봉해변, 논골담길 등과 함께 많이 찾는 곳 (연관 42회)",,,,N,N,N,,N,Y,Y,,,,,,http://place.map.kakao.com/27086958,강원특별자치도 삼척시 근덕면 하맹방리 12-1 · 한국관광공사 연관 관광지 · 카카오 좌표,
ro11,nation,전국,삼척,Samcheok,,삼척해변,Samcheok Beach,三陟海边(三陟海水浴场),三陟海辺,sea,해양·자연경관,37.46792,129.16984,40,,"자연경관(하천·해양) · 동쪽바다중앙시장, 두타산성 등과 함께 많이 찾는 곳 (연관 41회)",,,,N,N,N,,N,Y,Y,,,,,,http://place.map.kakao.com/7935331,강원특별자치도 삼척시 갈천동 14-22 · 한국관광공사 연관 관광지 · 카카오 좌표,
ro12,nation,전국,인천,Incheon,,강화풍물시장,강화풍물시장,,,food,로컬상권·먹거리,37.74147,126.49272,50,,"시장 · 인천항연안여객터미널, 강화고려궁지 등과 함께 많이 찾는 곳 (연관 40회)",,,,N,N,N,,N,Y,Y,,,,,,http://place.map.kakao.com/18871394,인천 강화군 강화읍 중앙로 17-9 · 한국관광공사 연관 관광지 · 카카오 좌표,
ro13,nation,전국,인천,Incheon,,동막해변,Dongmak Beach,江华东幕海水浴场,江華 東幕海辺,sea,해양·자연경관,37.5929,126.45758,40,,"자연경관(하천·해양) · 강화고려궁지, 강화광성보 등과 함께 많이 찾는 곳 (연관 40회)",,,,N,N,N,,N,Y,Y,,,,,,http://place.map.kakao.com/7842020,인천 강화군 화도면 동막리 7-3 · 한국관광공사 연관 관광지 · 카카오 좌표,
ro14,nation,전국,삼척,Samcheok,,삼척중앙시장,NoBrand Samcheok Jungang Market Branch,NO BRAND三陟中央市场店,,food,로컬상권·먹거리,37.44209,129.16519,50,,"시장 · 동쪽바다중앙시장, 무릉계곡 등과 함께 많이 찾는 곳 (연관 40회)",,,,N,N,N,,N,Y,Y,,,,,,http://place.map.kakao.com/26882910,강원특별자치도 삼척시 진주로 12-21 · 한국관광공사 연관 관광지 · 카카오 좌표,
ro15,nation,전국,제주,Jeju,,서귀포매일올레시장,서귀포매일올레시장,,,food,로컬상권·먹거리,33.25015,126.56323,50,,"시장 · 9.81파크, 관덕정 등과 함께 많이 찾는 곳 (연관 39회)",,,,N,N,N,,N,Y,Y,,,,,,http://place.map.kakao.com/7938166,제주특별자치도 서귀포시 중앙로62번길 18 · 한국관광공사 연관 관광지 · 카카오 좌표,
ro16,nation,전국,인천,Incheon,,조양방직,조양방직,朝阳纺织,,food,로컬상권·먹거리,37.74695,126.48032,50,,"카페·찻집 · 갑곶돈대, 강화고려궁지 등과 함께 많이 찾는 곳 (연관 39회)",,,,N,N,N,,N,Y,Y,,,,,,http://place.map.kakao.com/685582193,인천 강화군 강화읍 향나무길5번길 12 · 한국관광공사 연관 관광지 · 카카오 좌표,
ro17,nation,전국,서울,Seoul,,코엑스,Convention and Exhibition Center (COEX),韩国综合贸易中心(COEX),韓国総合貿易センター（コエックス）,herit,문화유산·전통체험,37.51182,127.05916,60,,"전시시설 · 국회의사당/국회박물관, 영등포공원 등과 함께 많이 찾는 곳 (연관 38회)",,,,N,N,N,,N,Y,Y,,,,,,http://place.map.kakao.com/17573702,서울 강남구 영동대로 513 · 한국관광공사 연관 관광지 · 카카오 좌표,
ro18,nation,전국,태안,Taean,,안면도수산시장,안면도수산시장,,,food,로컬상권·먹거리,36.51657,126.34595,50,,"시장 · 고남패총박물관, 구매항 등과 함께 많이 찾는 곳 (연관 38회)",,,,N,N,N,,N,Y,Y,,,,,,http://place.map.kakao.com/18276453,충남 태안군 안면읍 장터로 104 · 한국관광공사 연관 관광지 · 카카오 좌표,
ro19,nation,전국,서울,Seoul,,반포한강공원,Banpo Hangang Park,盘浦汉江公园月光广场,盤浦漢江公園,heal,힐링·생태·체험,37.51082,126.99716,60,,"도시공원 · 국회의사당/국회박물관, 양화한강공원 등과 함께 많이 찾는 곳 (연관 38회)",,,,N,N,N,,N,Y,Y,,,,,,http://place.map.kakao.com/8142957,서울 서초구 반포동 115-5 · 한국관광공사 연관 관광지 · 카카오 좌표,
ro20,nation,전국,서울,Seoul,,북악스카이웨이,북악스카이웨이,,,activity,테마파크·액티비티,37.60085,126.97708,90,,"데이트코스 · 여의도한강공원, 뚝섬한강공원 등과 함께 많이 찾는 곳 (연관 38회)",,,,N,N,N,,N,Y,Y,,,,,,http://place.map.kakao.com/7904649,서울 종로구 평창동 산 6-94 · 한국관광공사 연관 관광지 · 카카오 좌표,
ro21,nation,전국,속초,Sokcho,,만석닭강정 시장1호점,만석닭강정 시장1호점,,,food,로컬상권·먹거리,38.20451,128.59004,50,,"간이음식 · 국립산악박물관, 금호리조트/설악 등과 함께 많이 찾는 곳 (연관 38회)",,,,N,N,N,,N,Y,Y,,,,,,http://place.map.kakao.com/25046636,강원특별자치도 속초시 중앙로147번길 16 · 한국관광공사 연관 관광지 · 카카오 좌표,
ro22,nation,전국,인천,Incheon,,교동대룡시장,교동대룡시장,,,food,로컬상권·먹거리,37.78215,126.27958,50,,"시장 · 월미짱랜드, 갑곶돈대 등과 함께 많이 찾는 곳 (연관 37회)",,,,N,N,N,,N,Y,Y,,,,,,http://place.map.kakao.com/1554511104,인천 강화군 교동면 대룡리 460-2 · 한국관광공사 연관 관광지 · 카카오 좌표,
ro23,nation,전국,태안,Taean,,백사장항,백사장항,,,sea,해양·자연경관,36.5864,126.31806,40,,"자연경관(하천·해양) · 천안박물관, 구매항 등과 함께 많이 찾는 곳 (연관 37회)",,,,N,N,N,,N,Y,Y,,,,,,http://place.map.kakao.com/7885207,충남 태안군 안면읍 창기리 2200 · 한국관광공사 연관 관광지 · 카카오 좌표,
ro24,nation,전국,강릉,Gangneung,,강릉카페거리,강릉카페거리,,,food,로컬상권·먹거리,37.77265,128.94724,50,,"음식점기타 · 통리탄탄파크, BTS버스정류장 등과 함께 많이 찾는 곳 (연관 36회)",,,,N,N,N,,N,Y,Y,,,,,,http://place.map.kakao.com/14862993,강원특별자치도 강릉시 창해로14번길 20 · 한국관광공사 연관 관광지 · 카카오 좌표,
ro25,nation,전국,영덕,Yeongdeok,,고래불해수욕장,고래불해수욕장,鲸鱼滩海水浴场,,sea,해양·자연경관,36.59867,129.41072,40,,"자연경관(하천·해양) · 대릉원, 안동시립박물관 등과 함께 많이 찾는 곳 (연관 35회)",,,,N,N,N,,N,Y,Y,,,,,,http://place.map.kakao.com/10159579,경북 영덕군 병곡면 병곡리 58-26 · 한국관광공사 연관 관광지 · 카카오 좌표,
ro26,nation,전국,태안,Taean,,몽산포해수욕장,Mongsanpo Beach,,夢山浦海水浴場,sea,해양·자연경관,36.66939,126.28662,40,,"자연경관(하천·해양) · 국립해양유산연구소/국립태안해양유물전시관, 기지포해수욕장 등과 함께 많이 찾는 곳 (연관 35회)",,,,N,N,N,,N,Y,Y,,,,,,http://place.map.kakao.com/24440898,충남 태안군 남면 신장리 353-59 · 한국관광공사 연관 관광지 · 카카오 좌표,
ro27,nation,전국,태안,Taean,,안면암,안면암,,,herit,문화유산·전통체험,36.55935,126.37506,60,,"종교성지 · 꽃지해수욕장, 꽃지해안공원 등과 함께 많이 찾는 곳 (연관 35회)",,,,N,N,N,,N,Y,Y,,,,,,http://place.map.kakao.com/8000214,충남 태안군 안면읍 여수해길 198-160 · 한국관광공사 연관 관광지 · 카카오 좌표,
ro28,nation,전국,서울,Seoul,,가락동 농수산물도매시장,가락동 농수산물도매시장,,,food,로컬상권·먹거리,37.49391,127.11095,50,,"시장 · 영화사, 중곡제일시장 등과 함께 많이 찾는 곳 (연관 34회)",,,,N,N,N,,N,Y,Y,,,,,,http://place.map.kakao.com/23899485,서울 송파구 양재대로 932 · 한국관광공사 연관 관광지 · 카카오 좌표,
ro29,nation,전국,양양,Yangyang,,하조대해수욕장,Hajodae Beach,,河趙台海水浴場,sea,해양·자연경관,38.02642,128.72028,40,,"자연경관(하천·해양) · 소돌해변, 연곡해변 등과 함께 많이 찾는 곳 (연관 33회)",,,,N,N,N,,N,Y,Y,,,,,,http://place.map.kakao.com/27079073,강원특별자치도 양양군 현북면 하광정리 80-2 · 한국관광공사 연관 관광지 · 카카오 좌표,
ro30,nation,전국,울진,Uljin,,후포항,후포항,蔚珍厚浦港,蔚珍 厚浦港,sea,해양·자연경관,36.67821,129.45795,40,,"자연경관(하천·해양) · 보경사, 포항여객선터미널 등과 함께 많이 찾는 곳 (연관 33회)",,,,N,N,N,,N,Y,Y,,,,,,http://place.map.kakao.com/8179637,경북 울진군 후포면 울진대게로 236-14 · 한국관광공사 연관 관광지 · 카카오 좌표,
ro31,nation,전국,평창,Pyeongchang,,월정사,Woljeongsa Temple & Needle Fir Forest,月精寺·月精寺沙松林,月精寺・月精寺モミ林,herit,문화유산·전통체험,37.73175,128.59212,60,,"종교성지 · 아우라지, 경포대 등과 함께 많이 찾는 곳 (연관 32회)",,,,N,N,N,,N,Y,Y,,,,,,http://place.map.kakao.com/8045048,강원특별자치도 평창군 진부면 오대산로 374-8 · 한국관광공사 연관 관광지 · 카카오 좌표,
ro32,nation,전국,강릉,Gangneung,,정동진 해변,Jeongdongjinhaebyeon Beach,正东津海边,正東津海辺,sea,해양·자연경관,37.68917,129.03626,40,,"자연경관(하천·해양) · 논골담길, 망상해수욕장 등과 함께 많이 찾는 곳 (연관 32회)",,,,N,N,N,,N,Y,Y,,,,,,http://place.map.kakao.com/11164998,강원특별자치도 강릉시 강동면 정동진리 64-3 · 한국관광공사 연관 관광지 · 카카오 좌표,
ro33,nation,전국,강릉,Gangneung,,주문진해변,Jumunjin Beach,注文津海边,注文津海岸,sea,해양·자연경관,37.91112,128.81878,40,,"자연경관(하천·해양) · 경포대, 경포해변 등과 함께 많이 찾는 곳 (연관 32회)",,,,N,N,N,,N,Y,Y,,,,,,http://place.map.kakao.com/8073114,강원특별자치도 강릉시 주문진읍 향호리 8-35 · 한국관광공사 연관 관광지 · 카카오 좌표,
ro34,nation,전국,고성(강원),Goseong-gw,,화진포해변,화진포해변,,,sea,해양·자연경관,38.47854,128.43937,40,,"자연경관(하천·해양) · 속초항, 김유정문학촌 등과 함께 많이 찾는 곳 (연관 32회)",,,,N,N,N,,N,Y,Y,,,,,,http://place.map.kakao.com/26952651,강원특별자치도 고성군 현내면 초도리 · 한국관광공사 연관 관광지 · 카카오 좌표,
ro35,nation,전국,인천,Incheon,,전등사,전등사,,江華 伝灯寺,herit,문화유산·전통체험,37.63215,126.48478,60,,"종교성지 · 자유공원, 강화고려궁지 등과 함께 많이 찾는 곳 (연관 32회)",,,,N,N,N,,N,Y,Y,,,,,,http://place.map.kakao.com/8063837,인천 강화군 길상면 전등사로 37-41 · 한국관광공사 연관 관광지 · 카카오 좌표,
ro36,nation,전국,춘천,Chuncheon,,통나무집닭갈비 본점,통나무집닭갈비 본점,,,food,로컬상권·먹거리,37.93313,127.79329,50,,"전문음식 · 노동당사, KT&G상상마당/춘천아트센터 등과 함께 많이 찾는 곳 (연관 32회)",,,,N,N,N,,N,Y,Y,,,,,,http://place.map.kakao.com/8107636,강원특별자치도 춘천시 신북읍 신샘밭로 763 · 한국관광공사 연관 관광지 · 카카오 좌표,
ro37,nation,전국,천안,Cheonan,,뚜쥬루 빵돌가마점,뚜쥬루 빵돌가마점,,,food,로컬상권·먹거리,36.77312,127.13965,50,,"간이음식 · 부여왕릉원, 각원사 등과 함께 많이 찾는 곳 (연관 32회)",,,,N,N,N,,N,Y,Y,,,,,,http://place.map.kakao.com/23578013,충남 천안시 동남구 풍세로 706 · 한국관광공사 연관 관광지 · 카카오 좌표,
ro38,nation,전국,서울,Seoul,,보문사,보문사,,,herit,문화유산·전통체험,37.58461,127.01647,60,,"종교성지 · 갑곶돈대, 강화광성보 등과 함께 많이 찾는 곳 (연관 31회)",,,,N,N,N,,N,Y,Y,,,,,,http://place.map.kakao.com/7891524,서울 성북구 보문사길 20 · 한국관광공사 연관 관광지 · 카카오 좌표,
ro39,nation,전국,보령,Boryeong,,원산도해수욕장,원산도해수욕장,,,sea,해양·자연경관,36.36342,126.42789,40,,"자연경관(하천·해양) · 꽃지해수욕장, 꽃지해안공원 등과 함께 많이 찾는 곳 (연관 31회)",,,,N,N,N,,N,Y,Y,,,,,,http://place.map.kakao.com/25023093,충남 보령시 오천면 원산도리 1860-6 · 한국관광공사 연관 관광지 · 카카오 좌표,
ro40,nation,전국,삼척,Samcheok,,용화해변,용화해변,,,sea,해양·자연경관,37.28968,129.30537,40,,"자연경관(하천·해양) · 추암해변, 갈남항 등과 함께 많이 찾는 곳 (연관 31회)",,,,N,N,N,,N,Y,Y,,,,,,http://place.map.kakao.com/10704292,강원특별자치도 삼척시 근덕면 용화리 14-5 · 한국관광공사 연관 관광지 · 카카오 좌표,
ro41,nation,전국,삼척,Samcheok,,삼척항,삼척항,,,sea,해양·자연경관,37.43558,129.19069,40,,"자연경관(하천·해양) · 묵호항, 묵호항수변공원 등과 함께 많이 찾는 곳 (연관 30회)",,,,N,N,N,,N,Y,Y,,,,,,http://place.map.kakao.com/8388351,강원특별자치도 삼척시 정상동 · 한국관광공사 연관 관광지 · 카카오 좌표,
ro42,nation,전국,인천,Incheon,,강화제적봉 평화전망대,강화제적봉 평화전망대,,,activity,테마파크·액티비티,37.82652,126.433,90,,"랜드마크관광 · 갑곶돈대, 강화고려궁지 등과 함께 많이 찾는 곳 (연관 30회)",,,,N,N,N,,N,Y,Y,,,,,,http://place.map.kakao.com/15539898,인천 강화군 양사면 전망대로 797 · 한국관광공사 연관 관광지 · 카카오 좌표,
ro43,nation,전국,태안,Taean,,삼봉해수욕장캠핑장,Sambong Beach,,三峰海水浴場,sea,해양·자연경관,36.56929,126.31688,40,,"자연경관(하천·해양) · 곰섬해변, 기지포해수욕장 등과 함께 많이 찾는 곳 (연관 30회)",,,,N,N,N,,N,Y,Y,,,,,,http://place.map.kakao.com/17600232,충남 태안군 안면읍 창기리 · 한국관광공사 연관 관광지 · 카카오 좌표,
ro44,nation,전국,영덕,Yeongdeok,,영덕해맞이공원,영덕해맞이공원,,,heal,힐링·생태·체험,36.42628,129.43484,60,,"도시공원 · 송도해수욕장, 월포해수욕장 등과 함께 많이 찾는 곳 (연관 30회)",,,,N,N,N,,N,Y,Y,,,,,,http://place.map.kakao.com/11337640,경북 영덕군 영덕읍 창포리 3 · 한국관광공사 연관 관광지 · 카카오 좌표,
ro45,nation,전국,당진,Dangjin,,한진포구,한진포구,,,sea,해양·자연경관,36.97081,126.78246,40,,"자연경관(하천·해양) · 천안삼거리공원, 만대항 등과 함께 많이 찾는 곳 (연관 30회)",,,,N,N,N,,N,Y,Y,,,,,,http://place.map.kakao.com/8153673,충남 당진시 송악읍 한진포구길 49 · 한국관광공사 연관 관광지 · 카카오 좌표,
ro46,nation,전국,강릉,Gangneung,,사근진해변,Sageunjinhaebyeon Beach,沙斤津海边(沙斤津海水浴场),沙斤津海辺（沙斤津海水浴場）,sea,해양·자연경관,37.81361,128.89756,40,,"자연경관(하천·해양) · 논골담길, BTS버스정류장 등과 함께 많이 찾는 곳 (연관 29회)",,,,N,N,N,,N,Y,Y,,,,,,http://place.map.kakao.com/8398420,강원특별자치도 강릉시 해안로604번길 14 · 한국관광공사 연관 관광지 · 카카오 좌표,
ro47,nation,전국,강릉,Gangneung,,강문해변,Gangmun Beach,江门海边,江門海岸,sea,해양·자연경관,37.79482,128.91918,40,,"자연경관(하천·해양) · 정선레일바이크, 강남축구공원 등과 함께 많이 찾는 곳 (연관 29회)",,,,N,N,N,,N,Y,Y,,,,,,http://place.map.kakao.com/8680336,강원특별자치도 강릉시 강문동 182-1 · 한국관광공사 연관 관광지 · 카카오 좌표,
ro48,nation,전국,영덕,Yeongdeok,,대진해수욕장,Daejin Beach,,大津海水浴場,sea,해양·자연경관,36.56498,129.42687,40,,"자연경관(하천·해양) · 안동학가산온천, 월포해수욕장 등과 함께 많이 찾는 곳 (연관 29회)",,,,N,N,N,영덕군 관광지 (2024 지정),N,Y,Y,,,,,,http://place.map.kakao.com/8293762,경북 영덕군 영해면 영덕대게로 2840 · 한국관광공사 연관 관광지 · 카카오 좌표,
ro49,nation,전국,서울,Seoul,,YTN서울타워,YTN서울타워,,,activity,테마파크·액티비티,37.55127,126.98821,90,,"랜드마크관광 · 대림중앙시장, 여의도한강공원 등과 함께 많이 찾는 곳 (연관 29회)",,,,N,N,N,,N,Y,Y,,,,,,http://place.map.kakao.com/1913983226,서울 용산구 용산동2가 산 1-3 · 한국관광공사 연관 관광지 · 카카오 좌표,
ro50,nation,전국,서울,Seoul,,동대문종합시장,Dongdaemun Shopping Complex·Dongdaemun Shopping Town,,,food,로컬상권·먹거리,37.57042,127.00762,50,,"시장 · 대림중앙시장, 여의도한강공원 등과 함께 많이 찾는 곳 (연관 29회)",,,,N,N,N,,N,Y,Y,,,,,,http://place.map.kakao.com/8272010,서울 종로구 종로 266 · 한국관광공사 연관 관광지 · 카카오 좌표,
ro51,nation,전국,여수,Yeosu,,여수예술랜드,Yeosu Art Land,丽水艺术乐园,麗水芸術ランド,activity,테마파크·액티비티,34.69509,127.77706,90,,"기타레저스포츠 · 교동시장, 녹테마레 등과 함께 많이 찾는 곳 (연관 28회)",,,,N,N,N,,N,Y,Y,,,,,,http://place.map.kakao.com/837966424,전남광주통합특별시 여수시 돌산읍 무술목길 142-1 · 한국관광공사 연관 관광지 · 카카오 좌표,
ro52,nation,전국,태안,Taean,,안면도영목항전망대,안면도영목항전망대,,,activity,테마파크·액티비티,36.40197,126.42203,90,,"랜드마크관광 · 무량사, 부여나성 등과 함께 많이 찾는 곳 (연관 28회)",,,,N,N,N,,N,Y,Y,,,,,,http://place.map.kakao.com/711993920,충남 태안군 고남면 안면대로 4506 · 한국관광공사 연관 관광지 · 카카오 좌표,
ro53,nation,전국,서천,Seocheon,,홍원항,홍원항,,,sea,해양·자연경관,36.1563,126.50174,40,,"자연경관(하천·해양) · 무량사, 백사장항 등과 함께 많이 찾는 곳 (연관 28회)",,,,N,N,N,,N,Y,Y,,,,,,http://place.map.kakao.com/8176331,충남 서천군 서면 도둔리 · 한국관광공사 연관 관광지 · 카카오 좌표,
ro54,nation,전국,인천,Incheon,,금문도,금문도,,,food,로컬상권·먹거리,37.65605,126.49281,50,,"외국식 · 강화고려궁지, 강화고인돌 등과 함께 많이 찾는 곳 (연관 28회)",,,,N,N,N,,N,Y,Y,,,,,,http://place.map.kakao.com/9676423,인천 강화군 길상면 강화동로 187 · 한국관광공사 연관 관광지 · 카카오 좌표,
ro55,nation,전국,통영,Tongyeong,,서호시장,서호시장,,,food,로컬상권·먹거리,34.84128,128.41941,50,,"시장 · 가조도, 김영삼대통령생가 등과 함께 많이 찾는 곳 (연관 27회)",,,,N,N,N,,N,Y,Y,,,,,,http://place.map.kakao.com/7953303,경남 통영시 새터길 42-7 · 한국관광공사 연관 관광지 · 카카오 좌표,
ro56,nation,전국,거제,Geoje,,저구항,저구항,,,sea,해양·자연경관,34.73075,128.60607,40,,"자연경관(하천·해양) · 거제맹종죽테마파크, 거제숲소리공원 등과 함께 많이 찾는 곳 (연관 27회)",,,,N,N,N,,N,Y,Y,,,,,,http://place.map.kakao.com/18377097,경남 거제시 남부면 저구리 216-6 · 한국관광공사 연관 관광지 · 카카오 좌표,
ro57,nation,전국,정선,Jeongseon,,강원랜드카지노리조트복지관,강원랜드카지노리조트복지관,,,activity,테마파크·액티비티,37.20196,128.84928,90,,"기타문화관광지 · 가리왕산자연휴양림, 고한야한구공탄시장 등과 함께 많이 찾는 곳 (연관 27회)",,,,N,N,N,,N,Y,Y,,,,,,http://place.map.kakao.com/23793411,강원특별자치도 정선군 고한읍 고한3길 6-9 · 한국관광공사 연관 관광지 · 카카오 좌표,
ro58,nation,전국,고성(강원),Goseong-gw,,거진항,Geojin Port,巨津港,巨津港,sea,해양·자연경관,38.44589,128.4592,40,,"자연경관(하천·해양) · 대포항, 장사항 등과 함께 많이 찾는 곳 (연관 27회)",,,,N,N,N,,N,Y,Y,,,,,,http://place.map.kakao.com/25038175,강원특별자치도 고성군 거진읍 거진항1길 62-3 · 한국관광공사 연관 관광지 · 카카오 좌표,
ro59,nation,전국,제주,Jeju,,판포포구,Panpo Port,板浦浦口,板浦浦,sea,해양·자연경관,33.36502,126.20002,40,,"자연경관(하천·해양) · 곽지해수욕장, 관덕정 등과 함께 많이 찾는 곳 (연관 27회)",,,,N,N,N,,N,Y,Y,,,,,,http://place.map.kakao.com/8638077,제주특별자치도 제주시 한경면 판포리 · 한국관광공사 연관 관광지 · 카카오 좌표,
ro60,nation,전국,강릉,Gangneung,,동화가든,Gangneung Jjamppong Sundubu Donghwa Garden,江陵炒码嫩豆腐锅Donghwa花园总店,江陵チャンポンスンドゥブ・トンファガーデン本店,food,로컬상권·먹거리,37.79114,128.91466,50,,"한식 · BTS버스정류장, 강릉선교장 등과 함께 많이 찾는 곳 (연관 27회)",,,,N,N,N,,N,Y,Y,,,,,,http://place.map.kakao.com/7846414,강원특별자치도 강릉시 초당순두부길77번길 15 · 한국관광공사 연관 관광지 · 카카오 좌표,
ro61,nation,전국,속초,Sokcho,,외옹치해수욕장,외옹치해수욕장,,,sea,해양·자연경관,38.18315,128.60893,40,,"자연경관(하천·해양) · The-K설악산가족호텔, 금호리조트/설악 등과 함께 많이 찾는 곳 (연관 26회)",,,,N,N,N,,N,Y,Y,,,,,,http://place.map.kakao.com/8016468,강원특별자치도 속초시 해오름로 83 · 한국관광공사 연관 관광지 · 카카오 좌표,
ro62,nation,전국,속초,Sokcho,,장사항,Jangsahang Port,章沙港,章沙港,sea,해양·자연경관,38.22709,128.5888,40,,"자연경관(하천·해양) · 금호리조트/설악, 대포항 등과 함께 많이 찾는 곳 (연관 26회)",,,,N,N,N,,N,Y,Y,,,,,,http://place.map.kakao.com/10737561,강원특별자치도 속초시 장사항해안길 58 · 한국관광공사 연관 관광지 · 카카오 좌표,
ro63,nation,전국,해남,Haenam,,땅끝전망대,Ttangkkeut Observatory,土末观景台,タンクッ展望台,activity,테마파크·액티비티,34.29474,126.52501,90,,"랜드마크관광 · 세월호목포신항만거치, 4est수목원 등과 함께 많이 찾는 곳 (연관 26회)",,,,N,N,N,해남군 관광지 (2009 지정),N,Y,Y,,,,,,http://place.map.kakao.com/18720746,전남광주통합특별시 해남군 송지면 땅끝마을길 100 · 한국관광공사 연관 관광지 · 카카오 좌표,
ro64,nation,전국,완도,Wando,,신지명사십리해수욕장,신지명사십리해수욕장,,薪智鳴沙十里海水浴場,sea,해양·자연경관,34.32689,126.81266,40,,"자연경관(하천·해양) · 낭도항, 목포북항 등과 함께 많이 찾는 곳 (연관 26회)",,,,N,N,N,,N,Y,Y,,,,,,http://place.map.kakao.com/7875845,전남광주통합특별시 완도군 신지면 명사십리길 85-105 · 한국관광공사 연관 관광지 · 카카오 좌표,
ro65,nation,전국,영덕,Yeongdeok,,축산항,Chuksanhang Port,丑山港,丑山港,sea,해양·자연경관,36.50861,129.44819,40,,"자연경관(하천·해양) · 감포항, 보경사 등과 함께 많이 찾는 곳 (연관 26회)",,,,N,N,N,,N,Y,Y,,,,,,http://place.map.kakao.com/10844661,경북 영덕군 축산면 · 한국관광공사 연관 관광지 · 카카오 좌표,
ro66,nation,전국,제주,Jeju,,제주동화마을,제주동화마을,,,heal,힐링·생태·체험,33.43543,126.73204,60,,"도시공원 · 거문오름, 관음사 등과 함께 많이 찾는 곳 (연관 26회)",,,,N,N,N,,N,Y,Y,,,,,,http://place.map.kakao.com/259569525,제주특별자치도 제주시 구좌읍 비자림로 1191 · 한국관광공사 연관 관광지 · 카카오 좌표,
ro67,nation,전국,서천,Seocheon,,춘장대해수욕장,Chunjangdae Beach,春长台海水浴场,春長台海水浴場,sea,해양·자연경관,36.16335,126.52271,40,,"자연경관(하천·해양) · 유구색동수국정원, 달산포해수욕장 등과 함께 많이 찾는 곳 (연관 26회)",,,,N,N,N,,N,Y,Y,,,,,,http://place.map.kakao.com/8095254,충남 서천군 서면 도둔리 산 46-1 · 한국관광공사 연관 관광지 · 카카오 좌표,
ro68,nation,전국,여수,Yeosu,,여수낭만포차거리,Romantic Cart Bars,浪漫大排档一条街,ロマン屋台通り,food,로컬상권·먹거리,34.73649,127.74915,50,,"음식점기타 · 교동시장, 국동항 등과 함께 많이 찾는 곳 (연관 26회)",,,,N,N,N,,N,Y,Y,,,,,,http://place.map.kakao.com/1807637756,전남광주통합특별시 여수시 하멜로 102 · 한국관광공사 연관 관광지 · 카카오 좌표,
ro69,nation,전국,목포,Mokpo,,목포동부시장,목포동부시장,,,food,로컬상권·먹거리,34.80439,126.39303,50,,"시장 · 교동시장, 갓바위 등과 함께 많이 찾는 곳 (연관 25회)",,,,N,N,N,,N,Y,Y,,,,,,http://place.map.kakao.com/18524586,전남광주통합특별시 목포시 영산로257번길 15 · 한국관광공사 연관 관광지 · 카카오 좌표,
ro70,nation,전국,양양,Yangyang,,하조대전망대,Hajodae Scenic Point,河赵台,河趙台,activity,테마파크·액티비티,38.02241,128.7291,90,,"랜드마크관광 · 경포대, 아들바위공원 등과 함께 많이 찾는 곳 (연관 25회)",,,,N,N,N,,N,Y,Y,,,,,,http://place.map.kakao.com/24994634,강원특별자치도 양양군 현북면 하광정리 58-1 · 한국관광공사 연관 관광지 · 카카오 좌표,
ro71,nation,전국,목포,Mokpo,,목포북항,목포북항,,,sea,해양·자연경관,34.80489,126.36478,40,,"자연경관(하천·해양) · 갓바위, 고하도선착장 등과 함께 많이 찾는 곳 (연관 25회)",,,,N,N,N,,N,Y,Y,,,,,,http://place.map.kakao.com/18354553,전남광주통합특별시 목포시 죽교동 620-320 · 한국관광공사 연관 관광지 · 카카오 좌표,
ro72,nation,전국,부산,Busan,,기장시장,Gijang Market,,,food,로컬상권·먹거리,35.24354,129.21528,50,,"시장 · 부산어린이대공원, 국립달음산자연휴양림 등과 함께 많이 찾는 곳 (연관 25회)",,,,N,N,N,,N,Y,Y,,,,,,http://place.map.kakao.com/11520115,부산 기장군 기장읍 읍내로104번길 16 · 한국관광공사 연관 관광지 · 카카오 좌표,
ro73,nation,전국,삼척,Samcheok,,부일막국수,부일막국수,,,food,로컬상권·먹거리,37.4671,129.1638,50,,"한식 · 두타산/무릉계곡방면, 망상해수욕장 등과 함께 많이 찾는 곳 (연관 25회)",,,,N,N,N,,N,Y,Y,,,,,,http://place.map.kakao.com/27385515,강원특별자치도 삼척시 새천년도로 596 · 한국관광공사 연관 관광지 · 카카오 좌표,
ro74,nation,전국,목포,Mokpo,,커피창고로,커피창고로,,,food,로컬상권·먹거리,34.79568,126.43064,50,,"카페·찻집 · 고하도전망대, 국립해양유산연구소 등과 함께 많이 찾는 곳 (연관 25회)",,,,N,N,N,,N,Y,Y,,,,,,http://place.map.kakao.com/520387007,전남광주통합특별시 목포시 평화로 51 · 한국관광공사 연관 관광지 · 카카오 좌표,
ro75,nation,전국,태안,Taean,,딴뚝통나무집식당,딴뚝통나무집식당,,,food,로컬상권·먹거리,36.50944,126.35098,50,,"한식 · 무량사, 꽃지해수욕장 등과 함께 많이 찾는 곳 (연관 25회)",,,,N,N,N,,N,Y,Y,,,,,,http://place.map.kakao.com/12344439,충남 태안군 안면읍 조운막터길 23-22 · 한국관광공사 연관 관광지 · 카카오 좌표,
ro76,nation,전국,태안,Taean,,덕수식당,덕수식당,,,food,로컬상권·먹거리,36.75165,126.3031,50,,"한식 · 국립해양유산연구소/국립태안해양유물전시관, 꾸지나무골해수욕장 등과 함께 많이 찾는 곳 (연관 25회)",,,,N,N,N,,N,Y,Y,,,,,,http://place.map.kakao.com/8891473,충남 태안군 태안읍 중앙로 133-8 · 한국관광공사 연관 관광지 · 카카오 좌표,
ro77,nation,전국,서울,Seoul,,토속촌삼계탕,Tosokchon Samgyetang,土俗村参鸡汤,土俗村参鶏湯,food,로컬상권·먹거리,37.57772,126.97149,50,,"한식 · 영등포공원, 도선사 등과 함께 많이 찾는 곳 (연관 25회)",,,,N,N,N,,N,Y,Y,,,,,,http://place.map.kakao.com/26545925,서울 종로구 자하문로5길 5 · 한국관광공사 연관 관광지 · 카카오 좌표,
ro78,nation,전국,통영,Tongyeong,,수륙해수욕장,Tongyeong Suryuk Beach,统营水陆海水浴场,水陸海水浴場,sea,해양·자연경관,34.81988,128.43981,40,,"자연경관(하천·해양) · 나폴리농원, 달아공원 등과 함께 많이 찾는 곳 (연관 24회)",,,,N,N,N,,N,Y,Y,,,,,,http://place.map.kakao.com/808611960,경남 통영시 산양읍 영운리 · 한국관광공사 연관 관광지 · 카카오 좌표,
ro79,nation,전국,사천,Sacheon,,삼천포항,삼천포항,,,sea,해양·자연경관,34.92644,128.06999,40,,"자연경관(하천·해양) · 덕원해수욕장, 국립진주박물관 등과 함께 많이 찾는 곳 (연관 24회)",,,,N,N,N,,N,Y,Y,,,,,,http://place.map.kakao.com/18354405,경남 사천시 어시장길 34-10 · 한국관광공사 연관 관광지 · 카카오 좌표,
ro80,nation,전국,울진,Uljin,,덕구온천스파월드,Deokgu Spaworld,德邱温泉SPA World,徳邱温泉スパワールド,heal,힐링·생태·체험,37.07881,129.28357,60,,"웰니스관광 · 하회세계탈박물관, 구산해수욕장 등과 함께 많이 찾는 곳 (연관 24회)",,,,N,N,N,,N,Y,Y,,,,,,http://place.map.kakao.com/310657506,경북 울진군 북면 덕구온천로 924 · 한국관광공사 연관 관광지 · 카카오 좌표,
ro81,nation,전국,여수,Yeosu,,여수수산시장,여수수산시장,,,food,로컬상권·먹거리,34.7381,127.73181,50,,"시장 · 국동항, 금오도 등과 함께 많이 찾는 곳 (연관 24회)",,,,N,N,N,,N,Y,Y,,,,,,http://place.map.kakao.com/8002786,전남광주통합특별시 여수시 여객선터미널길 24 · 한국관광공사 연관 관광지 · 카카오 좌표,
ro82,nation,전국,사천,Sacheon,,남일대해수욕장,Namildae Beach,,,sea,해양·자연경관,34.92659,128.0964,40,,"자연경관(하천·해양) · 강주연못, 진주익룡발자국전시관 등과 함께 많이 찾는 곳 (연관 24회)",,,,N,N,N,,N,Y,Y,,,,,,http://place.map.kakao.com/10181653,경남 사천시 모례2길 11-19 · 한국관광공사 연관 관광지 · 카카오 좌표,
ro83,nation,전국,삼척,Samcheok,,삼고정문,삼고정문,,,food,로컬상권·먹거리,37.46195,129.15661,50,,"한식 · 무릉별유천지, 촛대바위 등과 함께 많이 찾는 곳 (연관 24회)",,,,N,N,N,,N,Y,Y,,,,,,http://place.map.kakao.com/26035452,강원특별자치도 삼척시 새천년도로 673-1 · 한국관광공사 연관 관광지 · 카카오 좌표,
ro84,nation,전국,영월,Yeongwol,,영월소금빵,영월소금빵,,,food,로컬상권·먹거리,37.18225,128.47973,50,,"간이음식 · 타임캡슐공원, 화암동굴 등과 함께 많이 찾는 곳 (연관 24회)",,,,N,N,N,,N,Y,Y,,,,,,http://place.map.kakao.com/1998738216,강원특별자치도 영월군 영월읍 영월로 2097-2 · 한국관광공사 연관 관광지 · 카카오 좌표,
ro85,nation,전국,여수,Yeosu,,꽃돌게장1번가,꽃돌게장1번가,,,food,로컬상권·먹거리,34.73302,127.72611,50,,"전문음식 · GS칼텍스예울마루, 녹테마레 등과 함께 많이 찾는 곳 (연관 24회)",,,,N,N,N,,N,Y,Y,,,,,,http://place.map.kakao.com/26577684,전남광주통합특별시 여수시 봉산2로 36 · 한국관광공사 연관 관광지 · 카카오 좌표,
ro86,nation,전국,당진,Dangjin,,로드1950카페,로드1950카페,,,food,로컬상권·먹거리,36.91743,126.81261,50,,"카페·찻집 · 백리포해수욕장, 모나밸리 등과 함께 많이 찾는 곳 (연관 24회)",,,,N,N,N,,N,Y,Y,,,,,,http://place.map.kakao.com/1893230927,충남 당진시 신평면 매산로 170 · 한국관광공사 연관 관광지 · 카카오 좌표,
ro87,nation,전국,제주,Jeju,,스타벅스 더제주송당파크R점,스타벅스 더제주송당파크R점,,,food,로컬상권·먹거리,33.43552,126.73144,50,,"카페·찻집 · 김녕미로공원, 노루생태관찰원 등과 함께 많이 찾는 곳 (연관 24회)",,,,N,N,N,,N,Y,Y,,,,,,http://place.map.kakao.com/675287243,제주특별자치도 제주시 구좌읍 비자림로 1189 · 한국관광공사 연관 관광지 · 카카오 좌표,
ro88,nation,전국,거제,Geoje,,정글돔풀빌라앤글램핑,정글돔풀빌라앤글램핑,,,activity,테마파크·액티비티,34.8573,128.57106,90,,"테마공원 · 가조도, 거제관광모노레일 등과 함께 많이 찾는 곳 (연관 23회)",,,,N,N,N,,N,Y,Y,,,,,,http://place.map.kakao.com/2010862376,경남 거제시 거제면 외간1길 1-56 · 한국관광공사 연관 관광지 · 카카오 좌표,
ro89,nation,전국,동해,Donghae,,어달해변,어달해변,,,sea,해양·자연경관,37.56877,129.11753,40,,"자연경관(하천·해양) · 노봉해변, 논골담길 등과 함께 많이 찾는 곳 (연관 23회)",,,,N,N,N,,N,Y,Y,,,,,,http://place.map.kakao.com/7993387,강원특별자치도 동해시 어달동 52-4 · 한국관광공사 연관 관광지 · 카카오 좌표,
ro90,nation,전국,목포,Mokpo,,유달산조각공원,Yudalsan Sculpture Park,儒达山雕刻公园,儒達山彫刻公園,heal,힐링·생태·체험,34.79458,126.37408,60,,"도시공원 · 갓바위, 고하도전망대 등과 함께 많이 찾는 곳 (연관 23회)",,,,N,N,N,,N,Y,Y,,,,,,http://place.map.kakao.com/8066485,전남광주통합특별시 목포시 유달로 221 · 한국관광공사 연관 관광지 · 카카오 좌표,
ro91,nation,전국,춘천,Chuncheon,,춘천교육대학교 행정본관,춘천교육대학교 행정본관,,,herit,문화유산·전통체험,37.85912,127.74827,60,,"전시시설 · KT&G상상마당/춘천아트센터, 김유정문학촌 등과 함께 많이 찾는 곳 (연관 23회)",,,,N,N,N,,N,Y,Y,,,,,,http://place.map.kakao.com/17568091,강원특별자치도 춘천시 공지로 126 · 한국관광공사 연관 관광지 · 카카오 좌표,
ro92,nation,전국,논산,Nonsan,,반야사,Banyasa Temple,般若寺(论山),般若寺（論山）,herit,문화유산·전통체험,36.11107,127.17347,60,,"종교성지 · 마곡사, 박찬호기념관 등과 함께 많이 찾는 곳 (연관 23회)",,,,N,N,N,,N,Y,Y,,,,,,http://place.map.kakao.com/21275620,충남 논산시 가야곡면 삼전길 104 · 한국관광공사 연관 관광지 · 카카오 좌표,
ro93,nation,전국,보령,Boryeong,,상화원,Sanghwawon,尚和园,尚和園,heal,힐링·생태·체험,36.27728,126.53855,60,,"도시공원 · 안면암, 장항스카이워크 등과 함께 많이 찾는 곳 (연관 23회)",,,,N,N,N,보령시 관광지 (0000 지정),N,Y,Y,,,,,,http://place.map.kakao.com/21358943,충남 보령시 남포면 남포방조제로 408-52 · 한국관광공사 연관 관광지 · 카카오 좌표,
ro94,nation,전국,부안,Buan,,곰소항,곰소항,,,sea,해양·자연경관,35.58599,126.60569,40,,"자연경관(하천·해양) · 내장사, 정읍사문화공원 등과 함께 많이 찾는 곳 (연관 23회)",,,,N,N,N,,N,Y,Y,,,,,,http://place.map.kakao.com/10158551,전북특별자치도 부안군 진서면 진서리 · 한국관광공사 연관 관광지 · 카카오 좌표,
ro95,nation,전국,통영,Tongyeong,,동피랑전복마을,동피랑전복마을,,,food,로컬상권·먹거리,34.84325,128.4274,50,,"한식 · 한화리조트/거제벨버디어, 나폴리농원 등과 함께 많이 찾는 곳 (연관 23회)",,,,N,N,N,,N,Y,Y,,,,,,http://place.map.kakao.com/915869564,경남 통영시 해송정2길 29 · 한국관광공사 연관 관광지 · 카카오 좌표,
ro96,nation,전국,함안,Haman,,함안연꽃테마파크,함안연꽃테마파크,,咸安蓮華テーマパーク,heal,힐링·생태·체험,35.28053,128.39494,60,,"도시공원 · 초전공원, 촉석루 등과 함께 많이 찾는 곳 (연관 22회)",,,,N,N,N,,N,Y,Y,,,,,,http://place.map.kakao.com/25102254,경남 함안군 가야읍 왕궁1길 38-20 · 한국관광공사 연관 관광지 · 카카오 좌표,
ro97,nation,전국,속초,Sokcho,,등대해수욕장,등대해수욕장,,,sea,해양·자연경관,38.21459,128.59835,40,,"자연경관(하천·해양) · 동명항, 마레몬스호텔 등과 함께 많이 찾는 곳 (연관 22회)",,,,N,N,N,,N,Y,Y,,,,,,http://place.map.kakao.com/7851701,강원특별자치도 속초시 영랑동 1-9 · 한국관광공사 연관 관광지 · 카카오 좌표,
ro98,nation,전국,고성(강원),Goseong-gw,,건봉사,건봉사,,,herit,문화유산·전통체험,38.40316,128.37947,60,,"종교성지 · 베니키아호텔산과바다/대포항, 신흥사 등과 함께 많이 찾는 곳 (연관 22회)",,,,N,N,N,,N,Y,Y,,,,,,http://place.map.kakao.com/8171586,강원특별자치도 고성군 거진읍 건봉사로 723 · 한국관광공사 연관 관광지 · 카카오 좌표,
ro99,nation,전국,양양,Yangyang,,양양전통시장,양양전통시장,,,food,로컬상권·먹거리,38.07503,128.62319,50,,"시장 · 구곡폭포, 광진해변 등과 함께 많이 찾는 곳 (연관 22회)",,,,N,N,N,,N,Y,Y,,,,,,http://place.map.kakao.com/9250667,강원특별자치도 양양군 양양읍 남문5길 9 · 한국관광공사 연관 관광지 · 카카오 좌표,
ro100,nation,전국,서천,Seocheon,,서천특화시장임시상설시장,서천특화시장임시상설시장,,,food,로컬상권·먹거리,36.07518,126.6857,50,,"시장 · 낙화암, 유구색동수국정원 등과 함께 많이 찾는 곳 (연관 22회)",,,,N,N,N,,N,Y,Y,,,,,,http://place.map.kakao.com/2133193964,충남 서천군 서천읍 남산로 316 · 한국관광공사 연관 관광지 · 카카오 좌표,
ro101,nation,전국,춘천,Chuncheon,,산토리니,산토리니,圣托里尼,,food,로컬상권·먹거리,37.89145,127.77651,50,,"카페·찻집 · KT&G상상마당/춘천아트센터, 공지천유원지 등과 함께 많이 찾는 곳 (연관 22회)",,,,N,N,N,,N,Y,Y,,,,,,http://place.map.kakao.com/8062956,강원특별자치도 춘천시 동면 순환대로 1154-97 · 한국관광공사 연관 관광지 · 카카오 좌표,
ro102,nation,전국,부산,Busan,,모모스 영도 로스터리&커피바,모모스 영도 로스터리&커피바,,,food,로컬상권·먹거리,35.09623,129.04257,50,,"카페·찻집 · 부전마켓타운, 낙동강하구에코센터 등과 함께 많이 찾는 곳 (연관 22회)",,,,N,N,N,,N,Y,Y,,,,,,http://place.map.kakao.com/1815462061,부산 영도구 봉래나루로 160 · 한국관광공사 연관 관광지 · 카카오 좌표,
ro103,nation,전국,거제,Geoje,,거제씨월드,Geoje Sea World,巨济海洋世界,巨済シーワールド,activity,테마파크·액티비티,34.83588,128.70146,90,,"테마공원 · 거제관광모노레일, 거제맹종죽테마파크 등과 함께 많이 찾는 곳 (연관 21회)",,,,N,N,N,,N,Y,Y,,,,,,http://place.map.kakao.com/23074146,경남 거제시 일운면 지세포해안로 15 · 한국관광공사 연관 관광지 · 카카오 좌표,
ro104,nation,전국,거제,Geoje,,조선해양문화관,조선해양문화관,,,herit,문화유산·전통체험,34.83487,128.7016,60,,"전시시설 · 거제숲소리공원, 거제씨월드 등과 함께 많이 찾는 곳 (연관 21회)",,,,N,N,N,,N,Y,Y,,,,,,http://place.map.kakao.com/12728251,경남 거제시 일운면 지세포해안로 25 · 한국관광공사 연관 관광지 · 카카오 좌표,
ro105,nation,전국,거제,Geoje,,지세포항,지세포항,,,sea,해양·자연경관,34.8317,128.70349,40,,"자연경관(하천·해양) · 거제포로수용소유적공원, 구영해수욕장 등과 함께 많이 찾는 곳 (연관 21회)",,,,N,N,N,,N,Y,Y,,,,,,http://place.map.kakao.com/10782588,경남 거제시 일운면 지세포해안로 43 · 한국관광공사 연관 관광지 · 카카오 좌표,
ro106,nation,전국,영월,Yeongwol,,영월 고씨굴,영월 고씨굴,,高氏窟（江原古生代国家地質公園）,heal,힐링·생태·체험,37.12941,128.53289,60,,"자연생태 · 병방치스카이워크, 화암약수야영장 등과 함께 많이 찾는 곳 (연관 21회)",,,,N,N,N,,N,Y,Y,,,,,,http://place.map.kakao.com/13622072,강원특별자치도 영월군 김삿갓면 진별리 산 262-1 · 한국관광공사 연관 관광지 · 카카오 좌표,
ro107,nation,전국,군산,Gunsan,,군산수산물종합센터,군산수산물종합센터,,,food,로컬상권·먹거리,35.99399,126.70474,50,,"시장 · 국립전주박물관, 국립민속국악원 등과 함께 많이 찾는 곳 (연관 21회)",,,,N,N,N,,N,Y,Y,,,,,,http://place.map.kakao.com/13718500,전북특별자치도 군산시 내항2길 216 · 한국관광공사 연관 관광지 · 카카오 좌표,
ro108,nation,전국,영덕,Yeongdeok,,옥계계곡,옥계계곡,,,sea,해양·자연경관,36.33294,129.2705,40,,"자연경관(산) · 낙강물길공원/공사중(2028년12월31일개장예정), 풍기인삼시장 등과 함께 많이 찾는 곳 (연관 21회)",,,,N,N,N,,N,Y,Y,,,,,,http://place.map.kakao.com/10623331,경북 영덕군 달산면 옥계리 · 한국관광공사 연관 관광지 · 카카오 좌표,
ro109,nation,전국,영덕,Yeongdeok,,동광어시장,동광어시장,,,food,로컬상권·먹거리,36.35928,129.39077,50,,"시장 · 삼정해변, 영일만항 등과 함께 많이 찾는 곳 (연관 21회)",,,,N,N,N,,N,Y,Y,,,,,,http://place.map.kakao.com/7832743,경북 영덕군 강구면 영덕대게로 108-1 · 한국관광공사 연관 관광지 · 카카오 좌표,
ro110,nation,전국,공주,Gongju,,대한불교조계종 동학사,Donghaksagyegok Valley,东鹤寺（公州）,東鶴寺,herit,문화유산·전통체험,36.35329,127.22012,60,,"종교성지 · 갑사, 공산성 등과 함께 많이 찾는 곳 (연관 21회)",,,,N,N,N,,N,Y,Y,,,,,,http://place.map.kakao.com/11096991,충남 공주시 반포면 동학사1로 462 · 한국관광공사 연관 관광지 · 카카오 좌표,
ro111,nation,전국,제주,Jeju,,성이시돌목장,St. Isidore Farm,圣伊西多尔牧场,聖イシドル牧場,heal,힐링·생태·체험,33.34777,126.32732,60,,"농·산/어촌체험 · 9.81파크, 궷물오름 등과 함께 많이 찾는 곳 (연관 21회)",,,,N,N,N,,N,Y,Y,,,,,,http://place.map.kakao.com/11131088,제주특별자치도 제주시 한림읍 금악동길 35 · 한국관광공사 연관 관광지 · 카카오 좌표,
ro112,nation,전국,제주,Jeju,,금능해수욕장,Geumneung Beach,金陵海水浴场,金陵海水浴場,sea,해양·자연경관,33.39045,126.23589,40,,"자연경관(하천·해양) · 고스트타운, 곽지해수욕장 등과 함께 많이 찾는 곳 (연관 21회)",,,,N,N,N,제주시 관광지 (2008 지정),N,Y,Y,,,,,,http://place.map.kakao.com/13723603,제주특별자치도 제주시 한림읍 금능길 119-10 · 한국관광공사 연관 관광지 · 카카오 좌표,
ro113,nation,전국,사천,Sacheon,,하주옥 진주냉면,하주옥 진주냉면,,,food,로컬상권·먹거리,35.06757,128.0761,50,,"한식 · 강주연못, 진주시립이성자미술관 등과 함께 많이 찾는 곳 (연관 21회)",,,,N,N,N,,N,Y,Y,,,,,,http://place.map.kakao.com/22962496,경남 사천시 사남면 하동길 8-11 · 한국관광공사 연관 관광지 · 카카오 좌표,
ro114,nation,전국,보령,Boryeong,,바이더오,바이더오,,,food,로컬상권·먹거리,36.38132,126.39697,50,,"카페·찻집 · 꽃지해수욕장, 달산포해수욕장 등과 함께 많이 찾는 곳 (연관 21회)",,,,N,N,N,,N,Y,Y,,,,,,http://place.map.kakao.com/1197283635,충남 보령시 오천면 원산도5길 89-23 · 한국관광공사 연관 관광지 · 카카오 좌표,
ro115,nation,전국,양평,Yangpyeong,,옥천냉면황해식당 본점,옥천냉면황해식당 본점,,,food,로컬상권·먹거리,37.51974,127.45781,50,,"한식 · 어비계곡, 유명산자연휴양림 등과 함께 많이 찾는 곳 (연관 21회)",,,,N,N,N,,N,Y,Y,,,,,,http://place.map.kakao.com/8017072,경기 양평군 옥천면 고읍로 140 · 한국관광공사 연관 관광지 · 카카오 좌표,
ro118,nation,전국,경주,Gyeongju,,경주중앙시장,Gyeongju Jungang Market,,,food,로컬상권·먹거리,35.84396,129.20674,50,,"시장 · 강동워터파크, 경주김유신장군묘 등과 함께 많이 찾는 곳 (연관 20회)",,,,N,N,N,,N,Y,Y,,,,,,http://place.map.kakao.com/2136388558,경북 경주시 금성로 295 · 한국관광공사 연관 관광지 · 카카오 좌표,
ro119,nation,전국,양양,Yangyang,,물치항,물치항,,,sea,해양·자연경관,38.15569,128.60999,40,,"자연경관(하천·해양) · 금호리조트/설악, 대포항 등과 함께 많이 찾는 곳 (연관 20회)",,,,N,N,N,,N,Y,Y,,,,,,http://place.map.kakao.com/14080355,강원특별자치도 양양군 강현면 동해대로 3580 · 한국관광공사 연관 관광지 · 카카오 좌표,
ro120,nation,전국,동해,Donghae,,묵호등대전망대,Mukho Lighthouse,,墨湖灯台,activity,테마파크·액티비티,37.5545,129.11861,90,,"랜드마크관광 · 논골담길, 동쪽바다중앙시장 등과 함께 많이 찾는 곳 (연관 20회)",,,,N,N,N,,N,Y,Y,,,,,,http://place.map.kakao.com/7880709,강원특별자치도 동해시 해맞이길 289 · 한국관광공사 연관 관광지 · 카카오 좌표,
ro121,nation,전국,인천,Incheon,,하나개해수욕장,Hanagae Beach,巨滩海水浴场,ハナゲ海水浴場,sea,해양·자연경관,37.38483,126.40985,40,,"자연경관(하천·해양) · 월미도, 송도센트럴파크 등과 함께 많이 찾는 곳 (연관 20회)",,,,N,N,N,,N,Y,Y,,,,,,http://place.map.kakao.com/8127855,인천 영종구 무의동 산 189 · 한국관광공사 연관 관광지 · 카카오 좌표,
ro122,nation,전국,공주,Gongju,,유구색동수국정원,Yugu Saekdong Hydrangea Garden,维鸠彩带绣球花庭园,維鳩セクトンアジサイ庭園,heal,힐링·생태·체험,36.55548,126.95439,60,,"도시공원 · 고란사, 궁남지 등과 함께 많이 찾는 곳 (연관 20회)",,,,N,N,N,,N,Y,Y,,,,,,http://place.map.kakao.com/2039968542,충남 공주시 유구읍 유구리 648-17 · 한국관광공사 연관 관광지 · 카카오 좌표,
ro123,nation,전국,보령,Boryeong,,보령석탄박물관,보령석탄박물관,,,herit,문화유산·전통체험,36.32611,126.6527,60,,"전시시설 · 무량사, 미암사 등과 함께 많이 찾는 곳 (연관 20회)",,,,N,N,N,,N,Y,Y,,,,,,http://place.map.kakao.com/10382680,충남 보령시 성주면 성주산로 508 · 한국관광공사 연관 관광지 · 카카오 좌표,
ro124,nation,전국,부안,Buan,,격포해수욕장,격포해수욕장,,,sea,해양·자연경관,35.62879,126.47022,40,,"자연경관(하천·해양) · 금강하구둑, 몽돌해수욕장 등과 함께 많이 찾는 곳 (연관 20회)",,,,N,N,N,,N,Y,Y,,,,,,http://place.map.kakao.com/25610634,전북특별자치도 부안군 변산면 격포리 산 47-1 · 한국관광공사 연관 관광지 · 카카오 좌표,
ro125,nation,전국,울진,Uljin,,국립해양과학관,국립해양과학관,,,herit,문화유산·전통체험,37.07268,129.41018,60,,"전시시설 · 구산해수욕장, 구수곡자연휴양림 등과 함께 많이 찾는 곳 (연관 20회)",,,,N,N,N,,N,Y,Y,,,,,,http://place.map.kakao.com/1248022629,경북 울진군 죽변면 해양과학길 8 · 한국관광공사 연관 관광지 · 카카오 좌표,
ro126,nation,전국,부산,Busan,,청사포방파제,Cheongsapo Port,,青沙浦,sea,해양·자연경관,35.15932,129.19039,40,,"자연경관(하천·해양) · 개금골목시장, 서면1번가 등과 함께 많이 찾는 곳 (연관 20회)",,,,N,N,N,,N,Y,Y,,,,,,http://place.map.kakao.com/26546979,부산 해운대구 중동 · 한국관광공사 연관 관광지 · 카카오 좌표,
ro127,nation,전국,부산,Busan,,황령산전망쉼터,Hwangnyeongsan Mountain,荒岭山,荒嶺山展望台,activity,테마파크·액티비티,35.15788,129.08272,90,,"랜드마크관광 · 부산시민공원, 장림포구 등과 함께 많이 찾는 곳 (연관 20회)",,,,N,N,N,,N,Y,Y,,,,,,http://place.map.kakao.com/27135397,부산 남구 황령산로 391-39 · 한국관광공사 연관 관광지 · 카카오 좌표,
ro128,nation,전국,부산,Busan,,반여농산물도매시장,반여농산물도매시장,,,food,로컬상권·먹거리,35.21457,129.1227,50,,"시장 · 부산어린이대공원, 부전마켓타운 등과 함께 많이 찾는 곳 (연관 20회)",,,,N,N,N,,N,Y,Y,,,,,,http://place.map.kakao.com/10462963,부산 해운대구 수영강변대로 626 · 한국관광공사 연관 관광지 · 카카오 좌표,
ro129,nation,전국,경주,Gyeongju,,황남빵,Hwangnambbang,皇南饼,皇南パン,food,로컬상권·먹거리,35.84084,129.21364,50,,"간이음식 · 감포항, 경주동궁원 등과 함께 많이 찾는 곳 (연관 20회)",,,,N,N,N,,N,Y,Y,,,,,,http://place.map.kakao.com/26519092,경북 경주시 태종로 783 · 한국관광공사 연관 관광지 · 카카오 좌표,
ro130,nation,전국,거제,Geoje,,하면옥 본점,하면옥 본점,,,food,로컬상권·먹거리,34.90433,128.6231,50,,"한식 · 거제관광모노레일, 거제숲소리공원 등과 함께 많이 찾는 곳 (연관 20회)",,,,N,N,N,,N,Y,Y,,,,,,http://place.map.kakao.com/1248691085,경남 거제시 연초면 연하해안로 320 · 한국관광공사 연관 관광지 · 카카오 좌표,
ro131,nation,전국,창원,Changwon,,동부회센타,동부회센타,,,food,로컬상권·먹거리,35.15227,128.69394,50,,"전문음식 · 버드앤피쉬체험장, 옥계해수욕장 등과 함께 많이 찾는 곳 (연관 20회)",,,,N,N,N,,N,Y,Y,,,,,,http://place.map.kakao.com/1492586965,경남 창원시 진해구 천자로 5 · 한국관광공사 연관 관광지 · 카카오 좌표,
ro132,nation,전국,당진,Dangjin,,우렁이박사,우렁이박사,,,food,로컬상권·먹거리,36.87993,126.80282,50,,"한식 · 개화예술공원, 무창포항 등과 함께 많이 찾는 곳 (연관 20회)",,,,N,N,N,,N,Y,Y,,,,,,http://place.map.kakao.com/8031120,충남 당진시 신평면 샛터로 7-1 · 한국관광공사 연관 관광지 · 카카오 좌표,
ro133,nation,전국,태백,Taebaek,,몽토랑,몽토랑,,,food,로컬상권·먹거리,37.18194,128.96415,50,,"카페·찻집 · 메이힐스리조트, 정선레일바이크 등과 함께 많이 찾는 곳 (연관 20회)",,,,N,N,N,,N,Y,Y,,,,,,http://place.map.kakao.com/885712095,강원특별자치도 태백시 효자1길 27-2 · 한국관광공사 연관 관광지 · 카카오 좌표,
ro134,nation,전국,제주,Jeju,,숙성도 중문점,숙성도 중문점,,,food,로컬상권·먹거리,33.2628,126.39541,50,,"한식 · 사수항, 스누피가든 등과 함께 많이 찾는 곳 (연관 20회)",,,,N,N,N,,N,Y,Y,,,,,,http://place.map.kakao.com/204534740,제주특별자치도 서귀포시 일주서로 1101 · 한국관광공사 연관 관광지 · 카카오 좌표,
ro135,nation,전국,거제,Geoje,,흥남해수욕장,Heungnam Beach,兴南海水浴场,興南海水浴場,sea,해양·자연경관,34.95978,128.715,40,,"자연경관(하천·해양) · 가조도, 거제씨월드 등과 함께 많이 찾는 곳 (연관 19회)",,,,N,N,N,,N,Y,Y,,,,,,http://place.map.kakao.com/10959229,경남 거제시 장목면 흥남길 46 · 한국관광공사 연관 관광지 · 카카오 좌표,
ro136,nation,전국,양양,Yangyang,,수산항,Susan Harbor,水山港,水山港,sea,해양·자연경관,38.07863,128.67523,40,,"자연경관(하천·해양) · 영진항, 주문진항 등과 함께 많이 찾는 곳 (연관 19회)",,,,N,N,N,,N,Y,Y,,,,,,http://place.map.kakao.com/8437031,강원특별자치도 양양군 손양면 · 한국관광공사 연관 관광지 · 카카오 좌표,
ro137,nation,전국,통영,Tongyeong,,스카이라인 루지 통영,Skyline Luge,,スカイラインリュージュ,activity,테마파크·액티비티,34.82437,128.42414,90,,"기타레저스포츠 · 나폴리농원, 미래사 등과 함께 많이 찾는 곳 (연관 19회)",,,,N,N,N,,N,Y,Y,,,,,,http://place.map.kakao.com/97760888,경남 통영시 발개로 178 · 한국관광공사 연관 관광지 · 카카오 좌표,
ro138,nation,전국,여수,Yeosu,,무슬목해수욕장,무슬목해수욕장,,,sea,해양·자연경관,34.68326,127.77642,40,,"자연경관(하천·해양) · 돌산공원, 돌산항 등과 함께 많이 찾는 곳 (연관 19회)",,,,N,N,N,,N,Y,Y,,,,,,http://place.map.kakao.com/10339362,전남광주통합특별시 여수시 돌산읍 돌산로 2876 · 한국관광공사 연관 관광지 · 카카오 좌표,
ro139,nation,전국,보성,Boseong,,율포해수욕장,Yulpo Beach (Solbat Beach),,栗浦海水浴場（ソルバッ海岸）,sea,해양·자연경관,34.67003,127.08902,40,,"자연경관(하천·해양) · 목포북항, 낙안민속자연휴양림 등과 함께 많이 찾는 곳 (연관 19회)",,,,N,N,N,보성군 관광지 (2014 지정),N,Y,Y,,,,,,http://place.map.kakao.com/9340442,전남광주통합특별시 보성군 회천면 우암길 24 · 한국관광공사 연관 관광지 · 카카오 좌표,
ro140,nation,전국,고성(강원),Goseong-gw,,송지호관망타워,송지호관망타워,,,activity,테마파크·액티비티,38.33625,128.51761,90,,"랜드마크관광 · 설악산자생식물원, 구곡폭포 등과 함께 많이 찾는 곳 (연관 19회)",,,,N,N,N,고성군 관광지 (2022 지정),N,Y,Y,,,,,,http://place.map.kakao.com/9159196,강원특별자치도 고성군 죽왕면 동해대로 6021 · 한국관광공사 연관 관광지 · 카카오 좌표,
ro141,nation,전국,당진,Dangjin,,합덕제 수변공원,합덕제 수변공원,,,sea,해양·자연경관,36.79275,126.78139,40,,"자연경관(하천·해양) · 광덕사, 병천시장 등과 함께 많이 찾는 곳 (연관 19회)",,,,N,N,N,,N,Y,Y,,,,,,http://place.map.kakao.com/1683149266,충남 당진시 합덕읍 성동리 1-45 · 한국관광공사 연관 관광지 · 카카오 좌표,
ro142,nation,전국,울진,Uljin,,망양정해수욕장,Mangyangjeong Beach,望洋亭海水浴场,望洋亭海水浴場,sea,해양·자연경관,36.96902,129.41273,40,,"자연경관(하천·해양) · 구산해수욕장, 기성망양해수욕장 등과 함께 많이 찾는 곳 (연관 19회)",,,,N,N,N,,N,Y,Y,,,,,,http://place.map.kakao.com/10343240,경북 울진군 근남면 산포리 · 한국관광공사 연관 관광지 · 카카오 좌표,
ro143,nation,전국,보령,Boryeong,,성주산자연휴양림,Seongjusan Recreational Forest,,,heal,힐링·생태·체험,36.33378,126.66542,60,,"자연공원 · 무량사, 샛별해수욕장 등과 함께 많이 찾는 곳 (연관 19회)",,,,N,N,N,,N,Y,Y,,,,,,http://place.map.kakao.com/7958700,충남 보령시 성주면 화장골길 57-228 · 한국관광공사 연관 관광지 · 카카오 좌표,
ro144,nation,전국,보령,Boryeong,,대천해수욕장 스카이바이크,대천해수욕장 스카이바이크,,,activity,테마파크·액티비티,36.32059,126.50662,90,,"기타레저스포츠 · 무량사, 바람아래해수욕장 등과 함께 많이 찾는 곳 (연관 19회)",,,,N,N,N,보령시 관광지 (2024 지정),N,Y,Y,,,,,,http://place.map.kakao.com/1080617585,충남 보령시 해수욕장10길 75 · 한국관광공사 연관 관광지 · 카카오 좌표,
ro145,nation,전국,울진,Uljin,,울진항,울진항,,,sea,해양·자연경관,36.9901,129.41671,40,,"자연경관(하천·해양) · 국립해양과학관, 기성망양해수욕장 등과 함께 많이 찾는 곳 (연관 19회)",,,,N,N,N,,N,Y,Y,,,,,,http://place.map.kakao.com/8161041,경북 울진군 울진읍 연지리 80-10 · 한국관광공사 연관 관광지 · 카카오 좌표,
ro146,nation,전국,파주,Paju,,임진각 평화누리공원,임진각 평화누리공원,,,heal,힐링·생태·체험,37.89228,126.74392,60,,"도시공원 · 감악산출렁다리, 국립민속박물관/파주 등과 함께 많이 찾는 곳 (연관 19회)",,,,N,N,N,파주시 관광지 (2015 지정),N,Y,Y,,,,,,http://place.map.kakao.com/27179264,경기 파주시 문산읍 임진각로 148-40 · 한국관광공사 연관 관광지 · 카카오 좌표,
ro147,nation,전국,울진,Uljin,,구산해수욕장,Gusan Beach,邱山海水浴场,邱山海水浴場,sea,해양·자연경관,36.75398,129.46818,40,,"자연경관(하천·해양) · 기성망양해수욕장, 덕구온천리조트콘도 등과 함께 많이 찾는 곳 (연관 19회)",,,,N,N,N,,N,Y,Y,,,,,,http://place.map.kakao.com/8206510,경북 울진군 기성면 구산리 · 한국관광공사 연관 관광지 · 카카오 좌표,
ro148,nation,전국,서울,Seoul,,잠원한강공원,Jamwon Hangang Park,蚕院汉江公园,蚕院漢江公園,heal,힐링·생태·체험,37.52733,127.01905,60,,"도시공원 · 양화한강공원, 뚝섬한강공원 등과 함께 많이 찾는 곳 (연관 19회)",,,,N,N,N,,N,Y,Y,,,,,,http://place.map.kakao.com/17384905,서울 강남구 압구정동 386 · 한국관광공사 연관 관광지 · 카카오 좌표,
ro149,nation,전국,제주,Jeju,,아르떼뮤지엄 제주,아르떼뮤지엄 제주,济州ARTE博物馆,,herit,문화유산·전통체험,33.3967,126.34501,60,,"전시시설 · 9.81파크, 곽지해수욕장 등과 함께 많이 찾는 곳 (연관 19회)",,,,N,N,N,,N,Y,Y,,,,,,http://place.map.kakao.com/1508345156,제주특별자치도 제주시 애월읍 어림비로 478 · 한국관광공사 연관 관광지 · 카카오 좌표,
ro150,nation,전국,거제,Geoje,,온더선셋,온더선셋,,,food,로컬상권·먹거리,34.91617,128.51975,50,,"카페·찻집 · 가조도, 거제관광모노레일 등과 함께 많이 찾는 곳 (연관 19회)",,,,N,N,N,,N,Y,Y,,,,,,http://place.map.kakao.com/482253011,경남 거제시 사등면 성포로 65 · 한국관광공사 연관 관광지 · 카카오 좌표,
ro151,nation,전국,영월,Yeongwol,,박가네,Yeongwol Bakgane,宁越 朴家,寧越パクカネ,food,로컬상권·먹거리,37.17924,128.47743,50,,"한식 · 철암탄광역사촌, 태백고생대자연사박물관 등과 함께 많이 찾는 곳 (연관 19회)",,,,N,N,N,,N,Y,Y,,,,,,http://place.map.kakao.com/2097320989,강원특별자치도 영월군 영월읍 중앙로 149 · 한국관광공사 연관 관광지 · 카카오 좌표,
ro152,nation,전국,해남,Haenam,,해남소망식당 본점,해남소망식당 본점,,,food,로컬상권·먹거리,34.5761,126.59441,50,,"한식 · 4est수목원, 고산윤선도유적지 등과 함께 많이 찾는 곳 (연관 19회)",,,,N,N,N,,N,Y,Y,,,,,,http://place.map.kakao.com/1004326307,전남광주통합특별시 해남군 해남읍 구교2길 2 · 한국관광공사 연관 관광지 · 카카오 좌표,
ro153,nation,전국,보령,Boryeong,,원산도명가식당,원산도명가식당,,,food,로컬상권·먹거리,36.3759,126.43158,50,,"한식 · 기지포해수욕장, 꽃지해안공원 등과 함께 많이 찾는 곳 (연관 19회)",,,,N,N,N,,N,Y,Y,,,,,,http://place.map.kakao.com/1773344481,충남 보령시 오천면 원산도3길 211-20 · 한국관광공사 연관 관광지 · 카카오 좌표,
ro154,nation,전국,인천,Incheon,,인천종합어시장,인천종합어시장,,,food,로컬상권·먹거리,37.45417,126.60647,50,,"시장 · 소래포구, 소래포구종합어시장 등과 함께 많이 찾는 곳 (연관 18회)",,,,N,N,N,,N,Y,Y,,,,,,http://place.map.kakao.com/10740434,인천 제물포구 연안부두로33번길 37 · 한국관광공사 연관 관광지 · 카카오 좌표,
ro155,nation,전국,부안,Buan,,국립새만금간척박물관,국립새만금간척박물관,,,herit,문화유산·전통체험,35.69657,126.55654,60,,"전시시설 · 춘향테마파크, 장자도 등과 함께 많이 찾는 곳 (연관 18회)",,,,N,N,N,,N,Y,Y,,,,,,http://place.map.kakao.com/345104043,전북특별자치도 부안군 변산면 새만금로 29-7 · 한국관광공사 연관 관광지 · 카카오 좌표,
ro156,nation,전국,원주,Wonju,,구룡사,Guryongsa Temple,龟龙寺,亀龍寺,herit,문화유산·전통체험,37.4004,128.04977,60,,"종교성지 · 김유정역/폐역, 법흥사 등과 함께 많이 찾는 곳 (연관 18회)",,,,N,N,N,,N,Y,Y,,,,,,http://place.map.kakao.com/8189972,강원특별자치도 원주시 소초면 구룡사로 500 · 한국관광공사 연관 관광지 · 카카오 좌표,
ro157,nation,전국,보령,Boryeong,,보령중앙시장,보령중앙시장,,,food,로컬상권·먹거리,36.35069,126.59262,50,,"시장 · 만수산자연휴양림, 방포해수욕장 등과 함께 많이 찾는 곳 (연관 18회)",,,,N,N,N,,N,Y,Y,,,,,,http://place.map.kakao.com/26883086,충남 보령시 대천동 335-24 · 한국관광공사 연관 관광지 · 카카오 좌표,
ro158,nation,전국,해남,Haenam,,송호해수욕장,Songho Beach,松湖海水浴场,タンクッ松湖海水浴場,sea,해양·자연경관,34.31566,126.51809,40,,"자연경관(하천·해양) · 여수봉황산자연휴양림, 4est수목원 등과 함께 많이 찾는 곳 (연관 18회)",,,,N,N,N,,N,Y,Y,,,,,,http://place.map.kakao.com/25023072,전남광주통합특별시 해남군 송지면 땅끝해안로 1827 · 한국관광공사 연관 관광지 · 카카오 좌표,
ro159,nation,전국,고성(강원),Goseong-gw,,하늬라벤더팜,Hani Lavender Farm,西风薰衣草农场,ハニラベンダーファーム,heal,힐링·생태·체험,38.34855,128.41524,60,,"농·산/어촌체험 · 매바위인공폭포, 백담사 등과 함께 많이 찾는 곳 (연관 18회)",,,,N,N,N,,N,Y,Y,,,,,,http://place.map.kakao.com/8127461,강원특별자치도 고성군 간성읍 꽃대마을길 175 · 한국관광공사 연관 관광지 · 카카오 좌표,
ro160,nation,전국,서울,Seoul,,전쟁기념관,The War Memorial of Korea,战争纪念馆,戦争記念館,herit,문화유산·전통체험,37.53707,126.97709,60,,"전시시설 · 영등포공원, 푸른수목원 등과 함께 많이 찾는 곳 (연관 18회)",,,,N,N,N,,N,Y,Y,,,,,,http://place.map.kakao.com/8077761,서울 용산구 이태원로 29 · 한국관광공사 연관 관광지 · 카카오 좌표,
ro161,nation,전국,경주,Gyeongju,,맷돌순두부,맷돌순두부,,,food,로컬상권·먹거리,35.85178,129.26285,50,,"한식 · 강동워터파크, 경주동궁원 등과 함께 많이 찾는 곳 (연관 18회)",,,,N,N,N,,N,Y,Y,,,,,,http://place.map.kakao.com/10341223,경북 경주시 북군길 7 · 한국관광공사 연관 관광지 · 카카오 좌표,
ro162,nation,전국,진주,Jinju,,송기원 진주냉면 본점,송기원 진주냉면 본점,,,food,로컬상권·먹거리,35.18194,128.10303,50,,"한식 · 서피랑공원, 강주연못 등과 함께 많이 찾는 곳 (연관 18회)",,,,N,N,N,,N,Y,Y,,,,,,http://place.map.kakao.com/19401488,경남 진주시 모덕로47번길 1-2 · 한국관광공사 연관 관광지 · 카카오 좌표,
ro163,nation,전국,목포,Mokpo,,코롬방제과점,코롬방제과점,,,food,로컬상권·먹거리,34.78985,126.38442,50,,"간이음식 · 갓바위, 고하도전망대 등과 함께 많이 찾는 곳 (연관 18회)",,,,N,N,N,,N,Y,Y,,,,,,http://place.map.kakao.com/9466320,전남광주통합특별시 목포시 영산로75번길 7 · 한국관광공사 연관 관광지 · 카카오 좌표,
ro164,nation,전국,공주,Gongju,,곰골식당,곰골식당,,,food,로컬상권·먹거리,36.45177,127.12055,50,,"한식 · 부여나성, 갑사 등과 함께 많이 찾는 곳 (연관 18회)",,,,N,N,N,,N,Y,Y,,,,,,http://place.map.kakao.com/21254899,충남 공주시 봉황산1길 1-2 · 한국관광공사 연관 관광지 · 카카오 좌표,
ro165,nation,전국,이천,Icheon,,경춘당Bakery&Brunch카페,경춘당Bakery&Brunch카페,,,food,로컬상권·먹거리,37.22901,127.52116,50,,"전문음식 · 용인곤충테마파크, 가남체육공원 등과 함께 많이 찾는 곳 (연관 18회)",,,,N,N,N,,N,Y,Y,,,,,,http://place.map.kakao.com/1638834553,경기 이천시 부발읍 경충대로 1675 · 한국관광공사 연관 관광지 · 카카오 좌표,
ro166,nation,전국,경주,Gyeongju,,경주 감은사지동서삼층석탑,Gameunsaji Temple Site,庆州感恩寺址,慶州 感恩寺址,herit,문화유산·전통체험,35.748,129.47721,60,,"역사유물 · 감포항, 경주김유신장군묘 등과 함께 많이 찾는 곳 (연관 17회)",,,,N,N,N,,N,Y,Y,,,,,,http://place.map.kakao.com/8138679,경북 경주시 문무대왕면 용당리 55-3 · 한국관광공사 연관 관광지 · 카카오 좌표,
ro167,nation,전국,창원,Changwon,,용원어시장,용원어시장,,,food,로컬상권·먹거리,35.09297,128.81967,50,,"시장 · 거제해수보양온천, 궁농항 등과 함께 많이 찾는 곳 (연관 17회)",,,,N,N,N,,N,Y,Y,,,,,,http://place.map.kakao.com/26092695,경남 창원시 진해구 용원동 1057 · 한국관광공사 연관 관광지 · 카카오 좌표,
ro168,nation,전국,제천,Jecheon,,제천중앙시장,제천중앙시장,,,food,로컬상권·먹거리,37.1367,128.21133,50,,"시장 · 삼탄유원지, 사인암 등과 함께 많이 찾는 곳 (연관 17회)",,,,N,N,N,,N,Y,Y,,,,,,http://place.map.kakao.com/8065329,충북 제천시 풍양로 108 · 한국관광공사 연관 관광지 · 카카오 좌표,
ro169,nation,전국,동해,Donghae,,도째비골 해랑전망대,도째비골 해랑전망대,,,activity,테마파크·액티비티,37.5538,129.12024,90,,"랜드마크관광 · 논골담길, 동쪽바다중앙시장 등과 함께 많이 찾는 곳 (연관 17회)",,,,N,N,N,,N,Y,Y,,,,,,http://place.map.kakao.com/1086275442,강원특별자치도 동해시 묵호진동 13-1 · 한국관광공사 연관 관광지 · 카카오 좌표,
ro170,nation,전국,함안,Haman,,능가사,능가사,,,herit,문화유산·전통체험,35.37892,128.47278,60,,"종교성지 · 호국사, 의림사 등과 함께 많이 찾는 곳 (연관 17회)",,,,N,N,N,,N,Y,Y,,,,,,http://place.map.kakao.com/8282222,경남 함안군 칠서면 계내1길 107 · 한국관광공사 연관 관광지 · 카카오 좌표,
ro171,nation,전국,목포,Mokpo,,연희네슈퍼,Yeonhee's Supermarket,妍熙家超市,ヨンヒネスーパー,activity,테마파크·액티비티,34.78172,126.37728,90,,"기타문화관광지 · 갓바위, 고하도전망대 등과 함께 많이 찾는 곳 (연관 17회)",,,,N,N,N,,N,Y,Y,,,,,,http://place.map.kakao.com/351172983,전남광주통합특별시 목포시 해안로127번길 14-2 · 한국관광공사 연관 관광지 · 카카오 좌표,
ro172,nation,전국,울산,Ulsan,,자수정동굴나라,자수정동굴나라,,,heal,힐링·생태·체험,35.54548,129.09397,60,,"자연생태 · 등억온천지구, 반구대암각화 등과 함께 많이 찾는 곳 (연관 17회)",,,,N,N,N,,N,Y,Y,,,,,,http://place.map.kakao.com/8536905,울산 울주군 상북면 자수정로 212 · 한국관광공사 연관 관광지 · 카카오 좌표,
ro173,nation,전국,서천,Seocheon,,장항스카이워크,장항스카이워크,,,activity,테마파크·액티비티,36.01844,126.66518,90,,"랜드마크관광 · 미암사, 유구색동수국정원 등과 함께 많이 찾는 곳 (연관 17회)",,,,N,N,N,,N,Y,Y,,,,,,http://place.map.kakao.com/26861048,충남 서천군 장항읍 송림리 산 58-48 · 한국관광공사 연관 관광지 · 카카오 좌표,
ro174,nation,전국,서산,Seosan,,서산한우목장 웰빙산책로,서산한우목장 웰빙산책로,,,heal,힐링·생태·체험,36.76071,126.56599,60,,"농·산/어촌체험 · 안흥항, 남당항 등과 함께 많이 찾는 곳 (연관 17회)",,,,N,N,N,,N,Y,Y,,,,,,http://place.map.kakao.com/1236205936,충남 서산시 운산면 용현리 산 8-60 · 한국관광공사 연관 관광지 · 카카오 좌표,
ro175,nation,전국,제천,Jecheon,,제천경찰수련원,제천경찰수련원,,,activity,테마파크·액티비티,37.01478,128.22991,90,,"육상레저스포츠 · 고수동굴, 구인사 등과 함께 많이 찾는 곳 (연관 17회)",,,,N,N,N,,N,Y,Y,,,,,,http://place.map.kakao.com/297819970,충북 제천시 청풍면 학현소야로 473 · 한국관광공사 연관 관광지 · 카카오 좌표,
ro176,nation,전국,창원,Changwon,,창원NC파크,창원NC파크,,,activity,테마파크·액티비티,35.2228,128.58201,90,,"레저스포츠시설 · 속천항, 광암해수욕장 등과 함께 많이 찾는 곳 (연관 17회)",,,,N,N,N,,N,Y,Y,,,,,,http://place.map.kakao.com/26542435,경남 창원시 마산회원구 삼호로 63 · 한국관광공사 연관 관광지 · 카카오 좌표,
ro177,nation,전국,부산,Busan,,동백섬,Haeundae Dongbaekseom Island,海云台冬柏岛,海雲台 冬柏島,sea,해양·자연경관,35.15394,129.15229,40,,"자연경관(하천·해양) · 한국신발관, 장림골목시장 등과 함께 많이 찾는 곳 (연관 17회)",,,,N,N,N,해운대구 관광지 (2008 지정),N,Y,Y,,,,,,http://place.map.kakao.com/8257954,부산 해운대구 우동 708-3 · 한국관광공사 연관 관광지 · 카카오 좌표,
ro178,nation,전국,제주,Jeju,,제주아트서커스,제주아트서커스,,,activity,테마파크·액티비티,33.31439,126.34481,90,,"공연시설 · 그리스신화박물관, 노형수퍼마켙 등과 함께 많이 찾는 곳 (연관 17회)",,,,N,N,N,,N,Y,Y,,,,,,http://place.map.kakao.com/1575223685,제주특별자치도 서귀포시 안덕면 동광로 214 · 한국관광공사 연관 관광지 · 카카오 좌표,
ro179,nation,전국,남해,Namhae,,남해전복물회,남해전복물회,,,food,로컬상권·먹거리,34.81754,127.92523,50,,"전문음식 · 남해탈공연박물관, 독일마을 등과 함께 많이 찾는 곳 (연관 17회)",,,,N,N,N,,N,Y,Y,,,,,,http://place.map.kakao.com/513227527,경남 남해군 이동면 남해대로 2436 · 한국관광공사 연관 관광지 · 카카오 좌표,
ro180,nation,전국,공주,Gongju,,부자떡집,부자떡집,,,food,로컬상권·먹거리,36.45854,127.12381,50,,"간이음식 · 갑사, 공산성 등과 함께 많이 찾는 곳 (연관 17회)",,,,N,N,N,,N,Y,Y,,,,,,http://place.map.kakao.com/10471794,충남 공주시 용당길 11 · 한국관광공사 연관 관광지 · 카카오 좌표,
ro181,nation,전국,남해,Namhae,,힙한식 (2026년 9월 이전예정),힙한식 (2026년 9월 이전예정),,,food,로컬상권·먹거리,34.81305,128.03712,50,,"한식 · 독일마을, 둔촌갯벌체험장 등과 함께 많이 찾는 곳 (연관 17회)",,,,N,N,N,,N,Y,Y,,,,,,http://place.map.kakao.com/89814110,경남 남해군 삼동면 동부대로 1353-3 · 한국관광공사 연관 관광지 · 카카오 좌표,
ro182,nation,전국,남양주,Namyangju,,팔당초계국수 본점,팔당초계국수 본점,,,food,로컬상권·먹거리,37.54111,127.25472,50,,"한식 · 쁘띠프랑스, 남양주시립박물관 등과 함께 많이 찾는 곳 (연관 17회)",,,,N,N,N,,N,Y,Y,,,,,,http://place.map.kakao.com/14080211,경기 남양주시 와부읍 다산로 43 · 한국관광공사 연관 관광지 · 카카오 좌표,
ro183,nation,전국,울산,Ulsan,,언양기와집불고기,Eonyang Giwajip Bulgogi,彦阳瓦房烤牛肉,彦陽キワジププルゴギ,food,로컬상권·먹거리,35.56533,129.12216,50,,"한식 · 등억온천지구, 반구대암각화 등과 함께 많이 찾는 곳 (연관 17회)",,,,N,N,N,,N,Y,Y,,,,,,http://place.map.kakao.com/16810283,울산 울주군 언양읍 헌양길 86 · 한국관광공사 연관 관광지 · 카카오 좌표,
ro184,nation,전국,해남,Haenam,,해남고구마빵 피낭시에,해남고구마빵 피낭시에,,,food,로컬상권·먹거리,34.57088,126.59883,50,,"간이음식 · 4est수목원, 고산윤선도유적지 등과 함께 많이 찾는 곳 (연관 17회)",,,,N,N,N,,N,Y,Y,,,,,,http://place.map.kakao.com/967627840,전남광주통합특별시 해남군 해남읍 읍내길 8 · 한국관광공사 연관 관광지 · 카카오 좌표,
ro185,nation,전국,부안,Buan,,슬지제빵소,슬지제빵소,,,food,로컬상권·먹거리,35.59473,126.61829,50,,"카페·찻집 · 동호해수욕장, 개암사 등과 함께 많이 찾는 곳 (연관 17회)",,,,N,N,N,,N,Y,Y,,,,,,http://place.map.kakao.com/1942346109,전북특별자치도 부안군 진서면 청자로 1076 · 한국관광공사 연관 관광지 · 카카오 좌표,
ro186,nation,전국,양양,Yangyang,,낙산 바람꽃해녀마을,낙산 바람꽃해녀마을,,,food,로컬상권·먹거리,38.1129,128.63165,50,,"전문음식 · 곰배령(산림청_진동리구간), 방태산자연휴양림 등과 함께 많이 찾는 곳 (연관 17회)",,,,N,N,N,,N,Y,Y,,,,,,http://place.map.kakao.com/697086636,강원특별자치도 양양군 양양읍 동해대로 3029-3 · 한국관광공사 연관 관광지 · 카카오 좌표,
ro187,nation,전국,원주,Wonju,,까치둥지,까치둥지,,,food,로컬상권·먹거리,37.33691,127.95617,50,,"한식 · 계방산오토캠핑장, 백룡동굴/천연기념물제260호 등과 함께 많이 찾는 곳 (연관 17회)",,,,N,N,N,,N,Y,Y,,,,,,http://place.map.kakao.com/8819283,강원특별자치도 원주시 치악로 1731 · 한국관광공사 연관 관광지 · 카카오 좌표,
ro188,nation,전국,영월,Yeongwol,,장릉,Yeongwol Jangneung Royal Tomb,,寧越荘陵（端宗）,herit,문화유산·전통체험,37.19738,128.45279,60,,"역사유적지 · 하이원리조트, 황지연못 등과 함께 많이 찾는 곳 (연관 16회)",,,,N,N,N,,N,Y,Y,,,,,,http://place.map.kakao.com/8540103,강원특별자치도 영월군 영월읍 단종로 190 · 한국관광공사 연관 관광지 · 카카오 좌표,
ro189,nation,전국,태백,Taebaek,,태백석탄박물관,태백석탄박물관,,,herit,문화유산·전통체험,37.11748,128.95047,60,,"전시시설 · 정선레일바이크, 하이원리조트 등과 함께 많이 찾는 곳 (연관 16회)",,,,N,N,N,,N,Y,Y,,,,,,http://place.map.kakao.com/8108945,강원특별자치도 태백시 천제단길 195 · 한국관광공사 연관 관광지 · 카카오 좌표,
ro190,nation,전국,태백,Taebaek,,용연동굴,용연동굴,,,heal,힐링·생태·체험,37.20893,128.94184,60,,"자연생태 · 고한야한구공탄시장, 메이힐스리조트 등과 함께 많이 찾는 곳 (연관 16회)",,,,N,N,N,,N,Y,Y,,,,,,http://place.map.kakao.com/8466942,강원특별자치도 태백시 태백로 283-29 · 한국관광공사 연관 관광지 · 카카오 좌표,
ro191,nation,전국,태백,Taebaek,,황지공원 황지연못,Hwangji Pond,,,sea,해양·자연경관,37.17284,128.99106,40,,"자연경관(하천·해양) · 고한야한구공탄시장, 메이힐스리조트 등과 함께 많이 찾는 곳 (연관 16회)",,,,N,N,N,,N,Y,Y,,,,,,http://place.map.kakao.com/10963875,강원특별자치도 태백시 황지연못길 12 · 한국관광공사 연관 관광지 · 카카오 좌표,
ro192,nation,전국,여수,Yeosu,,국동항,Gukdonghang Port,菊洞港,菊洞港,sea,해양·자연경관,34.72531,127.72183,40,,"자연경관(하천·해양) · GS칼텍스예울마루, 낭도항 등과 함께 많이 찾는 곳 (연관 16회)",,,,N,N,N,,N,Y,Y,,,,,,http://place.map.kakao.com/17434280,전남광주통합특별시 여수시 국동 · 한국관광공사 연관 관광지 · 카카오 좌표,
ro193,nation,전국,목포,Mokpo,,고하도전망대,Gohado Island Observatory,高下岛展望台,高下島展望台,activity,테마파크·액티비티,34.77794,126.35922,90,,"랜드마크관광 · 갓바위, 고하도선착장 등과 함께 많이 찾는 곳 (연관 16회)",,,,N,N,N,,N,Y,Y,,,,,,http://place.map.kakao.com/1251479184,전남광주통합특별시 목포시 고하도안길 234 · 한국관광공사 연관 관광지 · 카카오 좌표,
ro194,nation,전국,남해,Namhae,,남해전통시장,남해전통시장,,,food,로컬상권·먹거리,34.84113,127.89435,50,,"시장 · 구미동해수욕장, 남해각 등과 함께 많이 찾는 곳 (연관 16회)",,,,N,N,N,,N,Y,Y,,,,,,http://place.map.kakao.com/18525384,경남 남해군 남해읍 북변리 282-11 · 한국관광공사 연관 관광지 · 카카오 좌표,
ro195,nation,전국,함안,Haman,,함안말이산고분군,함안말이산고분군,咸安末伊山古坟群,咸安末伊山古墳群,herit,문화유산·전통체험,35.27047,128.40652,60,,"역사유적지 · 화방사, 합천박물관 등과 함께 많이 찾는 곳 (연관 16회)",,,,N,N,N,,N,Y,Y,,,,,,http://place.map.kakao.com/17736481,경남 함안군 가야읍 말산리 325-1 · 한국관광공사 연관 관광지 · 카카오 좌표,
ro196,nation,전국,부여,Buyeo,,사랑나무돈까스,사랑나무돈까스,,,activity,테마파크·액티비티,36.1907,126.89182,90,,"기타문화관광지 · 구드래선착장, 국립부여박물관 등과 함께 많이 찾는 곳 (연관 16회)",,,,N,N,N,,N,Y,Y,,,,,,http://place.map.kakao.com/397666643,충남 부여군 임천면 성흥로 87 · 한국관광공사 연관 관광지 · 카카오 좌표,
ro197,nation,전국,남해,Namhae,,물미해안전망대,물미해안전망대,,,activity,테마파크·액티비티,34.76983,128.05332,90,,"랜드마크관광 · 남해상상양떼목장편백숲, 독일마을 등과 함께 많이 찾는 곳 (연관 16회)",,,,N,N,N,,N,Y,Y,,,,,,http://place.map.kakao.com/458794182,경남 남해군 삼동면 동부대로 720 · 한국관광공사 연관 관광지 · 카카오 좌표,
ro198,nation,전국,공주,Gongju,,무령왕릉,Gongju Tomb of King Muryeong and Royal Tombs,公州武宁王陵和王陵园,公州武寧王陵と王陵園,herit,문화유산·전통체험,36.46229,127.1138,60,,"역사유적지 · 국립부여박물관, 낙화암 등과 함께 많이 찾는 곳 (연관 16회)",,,,N,N,N,,N,Y,Y,,,,,,http://place.map.kakao.com/10388546,충남 공주시 금성동 140-8 · 한국관광공사 연관 관광지 · 카카오 좌표,
ro199,nation,전국,당진,Dangjin,,면천읍성,면천읍성,,,herit,문화유산·전통체험,36.81696,126.66612,60,,"역사유적지 · 부여나성, 외암리민속마을 등과 함께 많이 찾는 곳 (연관 16회)",,,,N,N,N,,N,Y,Y,,,,,,http://place.map.kakao.com/7870521,충남 당진시 면천면 성상리 930-1 · 한국관광공사 연관 관광지 · 카카오 좌표,
ro200,nation,전국,예산,Yesan,,예당저수지,예당저수지,,,sea,해양·자연경관,36.5974,126.80802,40,,"자연경관(하천·해양) · 낙화암, 마량포구 등과 함께 많이 찾는 곳 (연관 16회)",,,,N,N,N,,N,Y,Y,,,,,,http://place.map.kakao.com/15147751,충남 예산군 광시면 장전리 33 · 한국관광공사 연관 관광지 · 카카오 좌표,
ro201,nation,전국,논산,Nonsan,,논산선샤인랜드,Sunshine Land,阳光乐园,サンシャインランド,activity,테마파크·액티비티,36.10249,127.10661,90,,"테마공원 · 서동요오픈세트장, 강경근대거리 등과 함께 많이 찾는 곳 (연관 16회)",,,,N,N,N,,N,Y,Y,,,,,,http://place.map.kakao.com/27515366,충남 논산시 연무읍 봉황로 102 · 한국관광공사 연관 관광지 · 카카오 좌표,
ro202,nation,전국,군산,Gunsan,,몽돌해변,몽돌해변,,,sea,해양·자연경관,35.82866,126.40196,40,,"자연경관(하천·해양) · 국립신시도자연휴양림, 무녀도 등과 함께 많이 찾는 곳 (연관 16회)",,,,N,N,N,,N,Y,Y,,,,,,http://place.map.kakao.com/19239097,전북특별자치도 군산시 옥도면 선유도리 · 한국관광공사 연관 관광지 · 카카오 좌표,
ro203,nation,전국,논산,Nonsan,,명재고택,명재고택,论山明斋古宅,,herit,문화유산·전통체험,36.28222,127.13115,60,,"역사유적지 · 신원사, 충청남도역사박물관 등과 함께 많이 찾는 곳 (연관 16회)",,,,N,N,N,,N,Y,Y,,,,,,http://place.map.kakao.com/8228890,충남 논산시 노성면 노성산성길 50 · 한국관광공사 연관 관광지 · 카카오 좌표,
ro204,nation,전국,파주,Paju,,보광사 대웅보전,보광사 대웅보전,,,herit,문화유산·전통체험,37.75295,126.92001,60,,"종교성지 · 법륜사, 마장호수 등과 함께 많이 찾는 곳 (연관 16회)",,,,N,N,N,,N,Y,Y,,,,,,http://place.map.kakao.com/7898696,경기 파주시 광탄면 보광로474번길 87 · 한국관광공사 연관 관광지 · 카카오 좌표,
ro205,nation,전국,남양주,Namyangju,,빛터널공원,빛터널공원,,,heal,힐링·생태·체험,37.58183,127.2171,60,,"도시공원 · 남양주시립박물관, 능내역/폐역 등과 함께 많이 찾는 곳 (연관 16회)",,,,N,N,N,,N,Y,Y,,,,,,http://place.map.kakao.com/793924298,경기 남양주시 와부읍 도곡리 산 45-2 · 한국관광공사 연관 관광지 · 카카오 좌표,
ro206,nation,전국,평창,Pyeongchang,,광천선굴 어드벤처 테마파크,광천선굴 어드벤처 테마파크,,,heal,힐링·생태·체험,37.51876,128.45168,60,,"자연생태 · 대관령양떼목장, 대관령하늘목장 등과 함께 많이 찾는 곳 (연관 16회)",,,,N,N,N,,N,Y,Y,,,,,,http://place.map.kakao.com/101383229,강원특별자치도 평창군 대화면 고대동길 119 · 한국관광공사 연관 관광지 · 카카오 좌표,
ro207,nation,전국,고창,Gochang,,고창 세계유산 고인돌박물관,고창 세계유산 고인돌박물관,,,herit,문화유산·전통체험,35.44166,126.65244,60,,"전시시설 · 고창운곡람사르습지자연생태공원, 고창읍성 등과 함께 많이 찾는 곳 (연관 16회)",,,,N,N,N,,N,Y,Y,,,,,,http://place.map.kakao.com/10162247,전북특별자치도 고창군 고창읍 고인돌공원길 74 · 한국관광공사 연관 관광지 · 카카오 좌표,
ro208,nation,전국,서울,Seoul,,양화한강공원,Yanghwa Hangang Park,汉江市民公园杨花地区(杨花汉江公园),楊花漢江公園,heal,힐링·생태·체험,37.53781,126.90294,60,,"도시공원 · 여의도한강공원, 거리공원 등과 함께 많이 찾는 곳 (연관 16회)",,,,N,N,N,,N,Y,Y,,,,,,http://place.map.kakao.com/8143124,서울 영등포구 노들로 221 · 한국관광공사 연관 관광지 · 카카오 좌표,
ro209,nation,전국,제주,Jeju,,원앙폭포,Donnaeko Resort (Wonangpokpo Falls),顿乃克(鸳鸯瀑布),トンネコ（鴛鴦瀑布）,sea,해양·자연경관,33.30018,126.58133,40,,"자연경관(산) · 감귤박물관, 강정포구 등과 함께 많이 찾는 곳 (연관 16회)",,,,N,N,N,서귀포시 관광지 (2023 지정),N,Y,Y,,,,,,http://place.map.kakao.com/12545248,제주특별자치도 서귀포시 돈내코로 137 · 한국관광공사 연관 관광지 · 카카오 좌표,
ro210,nation,전국,제주,Jeju,,법환포구,법환포구,,,sea,해양·자연경관,33.23726,126.51561,40,,"자연경관(하천·해양) · 금오름, 강정천 등과 함께 많이 찾는 곳 (연관 16회)",,,,N,N,N,,N,Y,Y,,,,,,http://place.map.kakao.com/25036056,제주특별자치도 서귀포시 법환동 286-3 · 한국관광공사 연관 관광지 · 카카오 좌표,
ro211,nation,전국,영덕,Yeongdeok,,나비산기사식당,나비산기사식당,,,food,로컬상권·먹거리,36.35143,129.37738,50,,"한식 · 보경사, 화진해수욕장 등과 함께 많이 찾는 곳 (연관 16회)",,,,N,N,N,,N,Y,Y,,,,,,http://place.map.kakao.com/22759772,경북 영덕군 강구면 강산로 10 · 한국관광공사 연관 관광지 · 카카오 좌표,
ro212,nation,전국,동해,Donghae,,황정숙막국수,황정숙막국수,,,food,로컬상권·먹거리,37.5072,129.12256,50,,"한식 · 노봉해변, 동해도째비골스카이밸리 등과 함께 많이 찾는 곳 (연관 16회)",,,,N,N,N,,N,Y,Y,,,,,,http://place.map.kakao.com/1752063749,강원특별자치도 동해시 중앙로 42 · 한국관광공사 연관 관광지 · 카카오 좌표,
ro213,nation,전국,양양,Yangyang,,영광정메밀국수,영광정메밀국수,,,food,로컬상권·먹거리,38.12251,128.57612,50,,"한식 · 강릉솔향수목원, 설악산자생식물원 등과 함께 많이 찾는 곳 (연관 16회)",,,,N,N,N,,N,Y,Y,,,,,,http://place.map.kakao.com/9884690,강원특별자치도 양양군 강현면 진미로 446 · 한국관광공사 연관 관광지 · 카카오 좌표,
ro214,nation,전국,인천,Incheon,,메이드림,메이드림,,,food,로컬상권·먹거리,37.46397,126.3696,50,,"카페·찻집 · 청라호수공원, 수도국산달동네박물관 등과 함께 많이 찾는 곳 (연관 16회)",,,,N,N,N,,N,Y,Y,,,,,,http://place.map.kakao.com/2583079,인천 영종구 용유서로479번길 42 · 한국관광공사 연관 관광지 · 카카오 좌표,
ro215,nation,전국,담양,Damyang,,베비에르밀팩토리,베비에르밀팩토리,,,food,로컬상권·먹거리,35.31715,126.99188,50,,"간이음식 · 순천만국제습지센터, 광주공원 등과 함께 많이 찾는 곳 (연관 16회)",,,,N,N,N,,N,Y,Y,,,,,,http://place.map.kakao.com/158831417,전남광주통합특별시 담양군 담양읍 죽향대로 1300 · 한국관광공사 연관 관광지 · 카카오 좌표,
ro216,nation,전국,논산,Nonsan,,반월소바,반월소바,,,food,로컬상권·먹거리,36.20294,127.08249,50,,"간이음식 · 강경근대거리, 관촉사 등과 함께 많이 찾는 곳 (연관 16회)",,,,N,N,N,,N,Y,Y,,,,,,http://place.map.kakao.com/21254192,충남 논산시 해월로 132 · 한국관광공사 연관 관광지 · 카카오 좌표,
ro217,nation,전국,동해,Donghae,,감추해변,Gamchuhaebyeon Beach,,,sea,해양·자연경관,37.51524,129.12598,40,,"자연경관(하천·해양) · 동해무릉건강숲, 두타산성 등과 함께 많이 찾는 곳 (연관 15회)",,,,N,N,N,,N,Y,Y,,,,,,http://place.map.kakao.com/8140057,강원특별자치도 동해시 송정동 · 한국관광공사 연관 관광지 · 카카오 좌표,
ro218,nation,전국,진주,Jinju,,진주남강유등전시관,진주남강유등전시관,,,herit,문화유산·전통체험,35.18214,128.07735,60,,"전시시설 · 국립진주박물관, 노을공원 등과 함께 많이 찾는 곳 (연관 15회)",,,,N,N,N,,N,Y,Y,,,,,,http://place.map.kakao.com/553905476,경남 진주시 망경로 207 · 한국관광공사 연관 관광지 · 카카오 좌표,
ro219,nation,전국,인천,Incheon,,인천항 연안부두,인천항 연안부두,,,sea,해양·자연경관,37.45426,126.59854,40,,"자연경관(하천·해양) · 소래포구, 소래포구종합어시장 등과 함께 많이 찾는 곳 (연관 15회)",,,,N,N,N,,N,Y,Y,,,,,,http://place.map.kakao.com/10663735,인천 제물포구 연안부두로 70 · 한국관광공사 연관 관광지 · 카카오 좌표,
ro220,nation,전국,장흥,Jangheung,,정남진장흥토요시장,정남진장흥토요시장,,,food,로컬상권·먹거리,34.67729,126.90315,50,,"시장 · 김대중노벨평화상기념관, 낙안민속자연휴양림 등과 함께 많이 찾는 곳 (연관 15회)",,,,N,N,N,,N,Y,Y,,,,,,http://place.map.kakao.com/17387633,전남광주통합특별시 장흥군 장흥읍 토요시장1길 53 · 한국관광공사 연관 관광지 · 카카오 좌표,
ro221,nation,전국,사천,Sacheon,,아라마루 아쿠아리움,아라마루 아쿠아리움,,,activity,테마파크·액티비티,34.93381,128.05327,90,,"테마공원 · 독일마을, 송정솔바람해변 등과 함께 많이 찾는 곳 (연관 15회)",,,,N,N,N,,N,Y,Y,,,,,,http://place.map.kakao.com/1627327738,경남 사천시 사천대로 18 · 한국관광공사 연관 관광지 · 카카오 좌표,
ro222,nation,전국,부여,Buyeo,,정림사지5층석탑,정림사지5층석탑,,,herit,문화유산·전통체험,36.2793,126.91332,60,,"역사유물 · 고란사, 구드래선착장 등과 함께 많이 찾는 곳 (연관 15회)",,,,N,N,N,,N,Y,Y,,,,,,http://place.map.kakao.com/8394011,충남 부여군 부여읍 정림로 83 · 한국관광공사 연관 관광지 · 카카오 좌표,
ro223,nation,전국,가평,Gapyeong,,국립유명산자연휴양림,국립유명산자연휴양림,,,heal,힐링·생태·체험,37.59319,127.4912,60,,"자연공원 · 쁘띠프랑스, 아침고요수목원 등과 함께 많이 찾는 곳 (연관 15회)",,,,N,N,N,,N,Y,Y,,,,,,http://place.map.kakao.com/8033003,경기 가평군 설악면 유명산길 79-53 · 한국관광공사 연관 관광지 · 카카오 좌표,
ro224,nation,전국,부안,Buan,,고사포해수욕장,고사포해수욕장,,,sea,해양·자연경관,35.65959,126.50432,40,,"자연경관(하천·해양) · 개암사, 격포해수욕장 등과 함께 많이 찾는 곳 (연관 15회)",,,,N,N,N,,N,Y,Y,,,,,,http://place.map.kakao.com/10162655,전북특별자치도 부안군 변산면 노루목길 28 · 한국관광공사 연관 관광지 · 카카오 좌표,
ro225,nation,전국,양평,Yangpyeong,,황순원문학촌 소나기마을,황순원문학촌 소나기마을,,,herit,문화유산·전통체험,37.59492,127.37788,60,,"전시시설 · 한국초콜릿연구소뮤지엄, 남양주시립박물관 등과 함께 많이 찾는 곳 (연관 15회)",,,,N,N,N,,N,Y,Y,,,,,,http://place.map.kakao.com/9917052,경기 양평군 서종면 소나기마을길 24 · 한국관광공사 연관 관광지 · 카카오 좌표,
ro226,nation,전국,부산,Busan,,해운대달맞이길,Dalmaji Road,海云台迎月路,海雲台タルマジギル,activity,테마파크·액티비티,35.1647,129.18675,90,,"데이트코스 · 기장해녀촌, 일광해수욕장 등과 함께 많이 찾는 곳 (연관 15회)",,,,N,N,N,,N,Y,Y,,,,,,http://place.map.kakao.com/7813541,부산 해운대구 중동 산 42-20 · 한국관광공사 연관 관광지 · 카카오 좌표,
ro227,nation,전국,원주,Wonju,,미로예술 원주중앙시장,Maze Art Wonju Jungang Market,,,food,로컬상권·먹거리,37.34975,127.94947,50,,"시장 · 구룡사, 국립백운산자연휴양림 등과 함께 많이 찾는 곳 (연관 15회)",,,,N,N,N,,N,Y,Y,,,,,,http://place.map.kakao.com/27584256,강원특별자치도 원주시 중앙시장길 6 · 한국관광공사 연관 관광지 · 카카오 좌표,
ro228,nation,전국,동해,Donghae,,거동탕수육,거동탕수육,,,food,로컬상권·먹거리,37.55247,129.1167,50,,"외국식 · 논골담길, 동쪽바다중앙시장 등과 함께 많이 찾는 곳 (연관 15회)",,,,N,N,N,,N,Y,Y,,,,,,http://place.map.kakao.com/884277154,강원특별자치도 동해시 일출로 83 · 한국관광공사 연관 관광지 · 카카오 좌표,
ro229,nation,전국,평창,Pyeongchang,,평창한우마을 대관령,평창한우마을 대관령,,,food,로컬상권·먹거리,37.6799,128.70213,50,,"한식 · 아우라지, 국립대관령자연휴양림 등과 함께 많이 찾는 곳 (연관 15회)",,,,N,N,N,,N,Y,Y,,,,,,http://place.map.kakao.com/22535938,강원특별자치도 평창군 대관령면 경강로 5195-25 · 한국관광공사 연관 관광지 · 카카오 좌표,
ro230,nation,전국,대구,Daegu,,리안,리안,,,food,로컬상권·먹거리,35.8553,128.65038,50,,"외국식 · 국립대구기상과학관, 대구아쿠아리움 등과 함께 많이 찾는 곳 (연관 15회)",,,,N,N,N,,N,Y,Y,,,,,,http://place.map.kakao.com/7863898,대구 수성구 교학로4길 48 · 한국관광공사 연관 관광지 · 카카오 좌표,
ro231,nation,전국,평창,Pyeongchang,,부일식당,부일식당,,,food,로컬상권·먹거리,37.63929,128.56104,50,,"한식 · 파크로쉬리조트앤웰니스, 영진항 등과 함께 많이 찾는 곳 (연관 15회)",,,,N,N,N,,N,Y,Y,,,,,,http://place.map.kakao.com/16107216,강원특별자치도 평창군 진부면 진부중앙로 100-5 · 한국관광공사 연관 관광지 · 카카오 좌표,
ro232,nation,전국,인천,Incheon,,황해 해물칼국수 본점,황해 해물칼국수 본점,,,food,로컬상권·먹거리,37.42723,126.42031,50,,"한식 · 소래습지생태공원, 인천대공원 등과 함께 많이 찾는 곳 (연관 15회)",,,,N,N,N,,N,Y,Y,,,,,,http://place.map.kakao.com/26053381,인천 영종구 마시란로 50 · 한국관광공사 연관 관광지 · 카카오 좌표,
ro233,nation,전국,예산,Yesan,,소복갈비,소복갈비,,,food,로컬상권·먹거리,36.67957,126.85023,50,,"한식 · 마곡사, 유구색동수국정원 등과 함께 많이 찾는 곳 (연관 15회)",,,,N,N,N,,N,Y,Y,,,,,,http://place.map.kakao.com/7959806,충남 예산군 예산읍 천변로195번길 9 · 한국관광공사 연관 관광지 · 카카오 좌표,
ro234,nation,전국,진주,Jinju,,진주냉면산홍 본점,진주냉면산홍 본점,,,food,로컬상권·먹거리,35.21399,128.14338,50,,"한식 · 경상남도수목원, 국립진주박물관 등과 함께 많이 찾는 곳 (연관 15회)",,,,N,N,N,,N,Y,Y,,,,,,http://place.map.kakao.com/829282836,경남 진주시 금산면 금산로 62 · 한국관광공사 연관 관광지 · 카카오 좌표,
ro235,nation,전국,고창,Gochang,,북경반점,북경반점,,,food,로컬상권·먹거리,35.43707,126.69465,50,,"외국식 · 동학농민혁명기념관, 무성서원 등과 함께 많이 찾는 곳 (연관 15회)",,,,N,N,N,,N,Y,Y,,,,,,http://place.map.kakao.com/8400484,전북특별자치도 고창군 고창읍 보릿골로 127-6 · 한국관광공사 연관 관광지 · 카카오 좌표,
ro236,nation,전국,군산,Gunsan,,한일옥,한일옥,,,food,로컬상권·먹거리,35.98745,126.70823,50,,"한식 · 국립신시도자연휴양림, 군산근대역사박물관 등과 함께 많이 찾는 곳 (연관 15회)",,,,N,N,N,,N,Y,Y,,,,,,http://place.map.kakao.com/10923986,전북특별자치도 군산시 구영3길 63 · 한국관광공사 연관 관광지 · 카카오 좌표,
ro237,nation,전국,부안,Buan,,변산명인바지락죽,변산명인바지락죽,,,food,로컬상권·먹거리,35.66449,126.51337,50,,"간이음식 · 장자도, 개암사 등과 함께 많이 찾는 곳 (연관 15회)",,,,N,N,N,,N,Y,Y,,,,,,http://place.map.kakao.com/26786959,전북특별자치도 부안군 변산면 변산해변로 794 · 한국관광공사 연관 관광지 · 카카오 좌표,
ro238,nation,전국,고양,Goyang,,일산칼국수 본점,일산칼국수 본점,,,food,로컬상권·먹거리,37.67049,126.78614,50,,"한식 · 별내체육공원, 아쿠아플라넷/일산 등과 함께 많이 찾는 곳 (연관 15회)",,,,N,N,N,,N,Y,Y,,,,,,http://place.map.kakao.com/8045618,경기 고양시 일산동구 경의로 467 · 한국관광공사 연관 관광지 · 카카오 좌표,
ro239,nation,전국,영덕,Yeongdeok,,보움,보움,,,food,로컬상권·먹거리,36.41882,129.43165,50,,"카페·찻집 · 등기산스카이워크, 주산지 등과 함께 많이 찾는 곳 (연관 15회)",,,,N,N,N,,N,Y,Y,,,,,,http://place.map.kakao.com/1845246215,경북 영덕군 영덕읍 영덕대게로 928 · 한국관광공사 연관 관광지 · 카카오 좌표,
ro240,nation,전국,부산,Busan,,풍원장시골밥상집,풍원장시골밥상집,,,food,로컬상권·먹거리,35.19741,129.22321,50,,"한식 · 아미산전망대, 국립부산과학관 등과 함께 많이 찾는 곳 (연관 15회)",,,,N,N,N,,N,Y,Y,,,,,,http://place.map.kakao.com/27454933,부산 기장군 기장읍 기장해안로 250 · 한국관광공사 연관 관광지 · 카카오 좌표,
ro241,nation,전국,부산,Busan,,피아크 카페엔베이커리,피아크 카페엔베이커리,,,food,로컬상권·먹거리,35.08637,129.07676,50,,"카페·찻집 · 오륙도스카이워크, 송도해상케이블카 등과 함께 많이 찾는 곳 (연관 15회)",,,,N,N,N,,N,Y,Y,,,,,,http://place.map.kakao.com/770936841,부산 영도구 해양로195번길 180 · 한국관광공사 연관 관광지 · 카카오 좌표,
ro242,nation,전국,경주,Gyeongju,,송대말등대,Songdaemal Lighthouse,,松台末灯台,activity,테마파크·액티비티,35.80723,129.51136,90,,"랜드마크관광 · 감포항, 경주양남주상절리 등과 함께 많이 찾는 곳 (연관 14회)",,,,N,N,N,,N,Y,Y,,,,,,http://place.map.kakao.com/9865973,경북 경주시 감포읍 감포로 226-19 · 한국관광공사 연관 관광지 · 카카오 좌표,
ro243,nation,전국,정선,Jeongseon,,강원네이처로드 5코스 만항재드라이브길,강원네이처로드 5코스 만항재드라이브길,,,activity,테마파크·액티비티,37.17987,128.89469,90,,"데이트코스 · 고한야한구공탄시장, 병방치스카이워크 등과 함께 많이 찾는 곳 (연관 14회)",,,,N,N,N,,N,Y,Y,,,,,,http://place.map.kakao.com/995864758,강원특별자치도 정선군 고한읍 고한리 산 214-4 · 한국관광공사 연관 관광지 · 카카오 좌표,
ro244,nation,전국,경주,Gyeongju,,나정고운모래해변,나정고운모래해변,罗亭沙滩海边,,sea,해양·자연경관,35.78229,129.4915,40,,"자연경관(하천·해양) · 감포항, 경주양남주상절리 등과 함께 많이 찾는 곳 (연관 14회)",,,,N,N,N,,N,Y,Y,,,,,,http://place.map.kakao.com/8223627,경북 경주시 감포읍 동해안로 1915 · 한국관광공사 연관 관광지 · 카카오 좌표,
ro245,nation,전국,전주,Jeonju,,전주덕진공원,전주덕진공원,德津公园,,heal,힐링·생태·체험,35.84749,127.12102,60,,"도시공원 · 경기전, 국립전주박물관 등과 함께 많이 찾는 곳 (연관 14회)",,,,N,N,N,,N,Y,Y,,,,,,http://place.map.kakao.com/27603721,전북특별자치도 전주시 덕진구 권삼득로 390 · 한국관광공사 연관 관광지 · 카카오 좌표,
ro246,nation,전국,통영,Tongyeong,,통영달아공원 달아전망대,통영달아공원 달아전망대,,,activity,테마파크·액티비티,34.76862,128.40005,90,,"랜드마크관광 · 강구안, 나폴리농원 등과 함께 많이 찾는 곳 (연관 14회)",,,,N,N,N,,N,Y,Y,,,,,,http://place.map.kakao.com/17558254,경남 통영시 산양읍 미남리 산 246 · 한국관광공사 연관 관광지 · 카카오 좌표,
ro247,nation,전국,철원,Cheorwon,,노동당사,Cheorwon Korean Workers' Party Headquarters,铁原劳动党舍,鉄原労働党舎,herit,문화유산·전통체험,38.2552,127.20199,60,,"역사유적지 · DMZ생태평화공원방문자센터, 고석정국민관광지 등과 함께 많이 찾는 곳 (연관 14회)",,,,N,N,N,,N,Y,Y,,,,,,http://place.map.kakao.com/8230318,강원특별자치도 철원군 철원읍 금강산로 265 · 한국관광공사 연관 관광지 · 카카오 좌표,
ro248,nation,전국,철원,Cheorwon,,고석정국민관광지,Goseokjeong National Tourist Area,孤石亭国民观光地,孤石亭国民観光地,activity,테마파크·액티비티,38.18654,127.28745,90,,"복합관광시설 · DMZ생태평화공원방문자센터, 군탄공원 등과 함께 많이 찾는 곳 (연관 14회)",,,,N,N,N,철원군 관광지 (2024 지정),N,Y,Y,,,,,,http://place.map.kakao.com/11277338,강원특별자치도 철원군 동송읍 태봉로 1825 · 한국관광공사 연관 관광지 · 카카오 좌표,
ro249,nation,전국,산청,Sancheong,,수선사,Suseonsa Temple,修禅寺,修禅寺,herit,문화유산·전통체험,35.39907,127.86992,60,,"종교성지 · 초전공원, 촉석루 등과 함께 많이 찾는 곳 (연관 14회)",,,,N,N,N,,N,Y,Y,,,,,,http://place.map.kakao.com/21366878,경남 산청군 산청읍 웅석봉로154번길 102-23 · 한국관광공사 연관 관광지 · 카카오 좌표,
ro250,nation,전국,인천,Incheon,,국립인천해양박물관,Incheon National Maritime Museum,国立仁川海洋博物馆,国立仁川海洋博物館,herit,문화유산·전통체험,37.4703,126.59634,60,,"전시시설 · 송월동동화마을, 수도국산달동네박물관 등과 함께 많이 찾는 곳 (연관 14회)",,,,N,N,N,,N,Y,Y,,,,,,http://place.map.kakao.com/983217412,인천 제물포구 월미로 294 · 한국관광공사 연관 관광지 · 카카오 좌표,
ro251,nation,전국,목포,Mokpo,,국립해양유산연구소,국립해양유산연구소,国立海洋遗产研究所,国立海洋遺産研究所,herit,문화유산·전통체험,34.79179,126.42176,60,,"전시시설 · 갓바위, 김대중노벨평화상기념관 등과 함께 많이 찾는 곳 (연관 14회)",,,,N,N,N,,N,Y,Y,,,,,,http://place.map.kakao.com/27581937,전남광주통합특별시 목포시 남농로 136 · 한국관광공사 연관 관광지 · 카카오 좌표,
ro252,nation,전국,부안,Buan,,소노벨변산 오션플레이,소노벨변산 오션플레이,,,activity,테마파크·액티비티,35.63228,126.46989,90,,"테마공원 · 장자도여객터미널, 고창읍성 등과 함께 많이 찾는 곳 (연관 14회)",,,,N,N,N,,N,Y,Y,,,,,,http://place.map.kakao.com/19357177,전북특별자치도 부안군 변산면 격포리 257 · 한국관광공사 연관 관광지 · 카카오 좌표,
ro253,nation,전국,부여,Buyeo,,정림사지박물관,정림사지박물관,,,herit,문화유산·전통체험,36.27912,126.91521,60,,"역사유적지 · 고란사, 구드래선착장 등과 함께 많이 찾는 곳 (연관 14회)",,,,N,N,N,,N,Y,Y,,,,,,http://place.map.kakao.com/10720129,충남 부여군 부여읍 정림로 83 · 한국관광공사 연관 관광지 · 카카오 좌표,
ro254,nation,전국,고성,Goseong,,고성박물관,고성박물관,,,herit,문화유산·전통체험,34.97936,128.32082,60,,"전시시설 · 합천박물관, 국립김해박물관 등과 함께 많이 찾는 곳 (연관 14회)",,,,N,N,N,,N,Y,Y,,,,,,http://place.map.kakao.com/18375437,경남 고성군 고성읍 송학로113번길 50 · 한국관광공사 연관 관광지 · 카카오 좌표,
ro255,nation,전국,군산,Gunsan,,옥돌해변,옥돌해변,,,sea,해양·자연경관,35.80756,126.41003,40,,"자연경관(하천·해양) · 국립신시도자연휴양림, 군산근대역사박물관 등과 함께 많이 찾는 곳 (연관 14회)",,,,N,N,N,,N,Y,Y,,,,,,http://place.map.kakao.com/252285214,전북특별자치도 군산시 옥도면 선유도리 산 65 · 한국관광공사 연관 관광지 · 카카오 좌표,
ro256,nation,전국,부안,Buan,,격포항 수산시장,격포항 수산시장,,,food,로컬상권·먹거리,35.62214,126.47025,50,,"시장 · 장자도여객터미널, 격포해수욕장 등과 함께 많이 찾는 곳 (연관 14회)",,,,N,N,N,,N,Y,Y,,,,,,http://place.map.kakao.com/20132654,전북특별자치도 부안군 변산면 격포중앙길 28-4 · 한국관광공사 연관 관광지 · 카카오 좌표,
ro257,nation,전국,서산,Seosan,,대산항,대산항,,,sea,해양·자연경관,37.015,126.42085,40,,"자연경관(하천·해양) · 천리포항, 천리포해수욕장 등과 함께 많이 찾는 곳 (연관 14회)",,,,N,N,N,,N,Y,Y,,,,,,http://place.map.kakao.com/15299172,충남 서산시 대산읍 대죽리 1110-1 · 한국관광공사 연관 관광지 · 카카오 좌표,
ro258,nation,전국,밀양,Miryang,,얼음골,얼음골,密阳冰谷,密陽オルムコル,sea,해양·자연경관,35.57091,128.9857,40,,"자연경관(산) · 통도사, 우포늪 등과 함께 많이 찾는 곳 (연관 14회)",,,,N,N,N,,N,Y,Y,,,,,,http://place.map.kakao.com/11110103,경남 밀양시 산내면 남명리 산 95-1 · 한국관광공사 연관 관광지 · 카카오 좌표,
ro259,nation,전국,고창,Gochang,,동호해수욕장,동호해수욕장,,,sea,해양·자연경관,35.51827,126.48357,40,,"자연경관(하천·해양) · 고창고인돌군, 고창세계유산고인돌박물관 등과 함께 많이 찾는 곳 (연관 14회)",,,,N,N,N,,N,Y,Y,,,,,,http://place.map.kakao.com/7851313,전북특별자치도 고창군 해리면 동호리 · 한국관광공사 연관 관광지 · 카카오 좌표,
ro260,nation,전국,부산,Busan,,태종대 전망대,태종대 전망대,,,activity,테마파크·액티비티,35.05038,129.08833,90,,"랜드마크관광 · 박태준기념관, 오륙도스카이워크 등과 함께 많이 찾는 곳 (연관 14회)",,,,N,N,N,영도구 관광지 (2008 지정),N,Y,Y,,,,,,http://place.map.kakao.com/8109574,부산 영도구 전망로 209 · 한국관광공사 연관 관광지 · 카카오 좌표,
ro261,nation,전국,제주,Jeju,,한라산둘레길 사려니숲길,한라산둘레길 사려니숲길,,,activity,테마파크·액티비티,33.40381,126.64758,90,,"기타레저스포츠 · 거문오름, 노루생태관찰원 등과 함께 많이 찾는 곳 (연관 14회)",,,,N,N,N,,N,Y,Y,,,,,,http://place.map.kakao.com/26563988,제주특별자치도 제주시 조천읍 교래리 산 137-1 · 한국관광공사 연관 관광지 · 카카오 좌표,
ro262,nation,전국,안동,Andong,,안동 간고등어 일직식당 직영점 예미정,안동 간고등어 일직식당 직영점 예미정,,,food,로컬상권·먹거리,36.56295,128.73194,50,,"한식 · 구름에, 낙강물길공원/공사중(2028년12월31일개장예정) 등과 함께 많이 찾는 곳 (연관 14회)",,,,N,N,N,,N,Y,Y,,,,,,http://place.map.kakao.com/1237499735,경북 안동시 경동로 676 · 한국관광공사 연관 관광지 · 카카오 좌표,
ro263,nation,전국,화순,Hwasun,,미네랄하우스,미네랄하우스,,,food,로컬상권·먹거리,35.0467,126.96323,50,,"카페·찻집 · 국립아시아문화전당, 광주시민의숲 등과 함께 많이 찾는 곳 (연관 14회)",,,,N,N,N,,N,Y,Y,,,,,,http://place.map.kakao.com/690291053,전남광주통합특별시 화순군 화순읍 학포로 2655 · 한국관광공사 연관 관광지 · 카카오 좌표,
ro264,nation,전국,남원,Namwon,,명문제과,명문제과,,,food,로컬상권·먹거리,35.40902,127.38248,50,,"간이음식 · 전주역사박물관, 광한루원 등과 함께 많이 찾는 곳 (연관 14회)",,,,N,N,N,,N,Y,Y,,,,,,http://place.map.kakao.com/9765440,전북특별자치도 남원시 용성로 56 · 한국관광공사 연관 관광지 · 카카오 좌표,
ro265,nation,전국,부여,Buyeo,,장원막국수,장원막국수,,,food,로컬상권·먹거리,36.28914,126.90877,50,,"한식 · 구드래선착장, 국립부여박물관 등과 함께 많이 찾는 곳 (연관 14회)",,,,N,N,N,,N,Y,Y,,,,,,http://place.map.kakao.com/8063398,충남 부여군 부여읍 나루터로62번길 20 · 한국관광공사 연관 관광지 · 카카오 좌표,
ro266,nation,전국,익산,Iksan,,한일식당,한일식당,,,food,로컬상권·먹거리,36.00139,126.94474,50,,"한식 · 무녀도, 옥구향교 등과 함께 많이 찾는 곳 (연관 14회)",,,,N,N,N,,N,Y,Y,,,,,,http://place.map.kakao.com/8140382,전북특별자치도 익산시 황등면 황등로 106 · 한국관광공사 연관 관광지 · 카카오 좌표,
ro267,nation,전국,논산,Nonsan,,강경해물칼국수,강경해물칼국수,,,food,로컬상권·먹거리,36.15746,127.01543,50,,"한식 · 미암사, 강경근대거리 등과 함께 많이 찾는 곳 (연관 14회)",,,,N,N,N,,N,Y,Y,,,,,,http://place.map.kakao.com/8735514,충남 논산시 강경읍 계백로147번길 7 · 한국관광공사 연관 관광지 · 카카오 좌표,
ro268,nation,전국,파주,Paju,,갈릴리농원 본관,갈릴리농원 본관,,,food,로컬상권·먹거리,37.83578,126.74568,50,,"전문음식 · 감악산출렁다리, 대교미디어센터 등과 함께 많이 찾는 곳 (연관 14회)",,,,N,N,N,,N,Y,Y,,,,,,http://place.map.kakao.com/8141794,경기 파주시 탄현면 방촌로 1196 · 한국관광공사 연관 관광지 · 카카오 좌표,
ro269,nation,전국,대구,Daegu,,코오롱야외음악당,코오롱야외음악당,大邱Kolon户外音乐堂,大邱KOLON野外音楽堂,activity,테마파크·액티비티,35.8511,128.55613,90,,"공연시설 · 반야월종합시장, 송라시장 등과 함께 많이 찾는 곳 (연관 13회)",,,,N,N,N,,N,Y,Y,,,,,,http://place.map.kakao.com/7816380,대구 달서구 야외음악당로 180 · 한국관광공사 연관 관광지 · 카카오 좌표,
ro270,nation,전국,대구,Daegu,,대구간송미술관,대구간송미술관,,,herit,문화유산·전통체험,35.82825,128.67606,60,,"전시시설 · 국립대구기상과학관, 대구아쿠아리움 등과 함께 많이 찾는 곳 (연관 13회)",,,,N,N,N,,N,Y,Y,,,,,,http://place.map.kakao.com/1968820864,대구 수성구 미술관로 70 · 한국관광공사 연관 관광지 · 카카오 좌표,
ro271,nation,전국,영월,Yeongwol,,김삿갓계곡,김삿갓계곡,,,sea,해양·자연경관,37.09365,128.60612,40,,"자연경관(산) · 아우라지, 타임캡슐공원 등과 함께 많이 찾는 곳 (연관 13회)",,,,N,N,N,,N,Y,Y,,,,,,http://place.map.kakao.com/8197973,강원특별자치도 영월군 김삿갓면 와석리 · 한국관광공사 연관 관광지 · 카카오 좌표,
ro272,nation,전국,철원,Cheorwon,,소이산모노레일 철원역,소이산모노레일 철원역,,,activity,테마파크·액티비티,38.25417,127.19932,90,,"기타레저스포츠 · 고석정국민관광지, 도피안사 등과 함께 많이 찾는 곳 (연관 13회)",,,,N,N,N,,N,Y,Y,,,,,,http://place.map.kakao.com/116342044,강원특별자치도 철원군 철원읍 사요리 368 · 한국관광공사 연관 관광지 · 카카오 좌표,
ro273,nation,전국,전주,Jeonju,,국립전주박물관,Jeonju National Museum,,国立全州博物館,herit,문화유산·전통체험,35.80129,127.08966,60,,"전시시설 · 경기전, 전주역사박물관 등과 함께 많이 찾는 곳 (연관 13회)",,,,N,N,N,,N,Y,Y,,,,,,http://place.map.kakao.com/8217828,전북특별자치도 전주시 완산구 쑥고개로 249 · 한국관광공사 연관 관광지 · 카카오 좌표,
ro274,nation,전국,순천,Suncheon,,낙안읍성민속마을 김소아가옥,낙안읍성민속마을 김소아가옥,,,herit,문화유산·전통체험,34.90867,127.33842,60,,"역사유적지 · 성산공원, 낙안민속자연휴양림 등과 함께 많이 찾는 곳 (연관 13회)",,,,N,N,N,,N,Y,Y,,,,,,http://place.map.kakao.com/12760609,전남광주통합특별시 순천시 낙안면 충민길 104 · 한국관광공사 연관 관광지 · 카카오 좌표,
ro275,nation,전국,고성,Goseong,,그레이스정원,그레이스정원,,,activity,테마파크·액티비티,34.97471,128.16902,90,,"테마공원 · 서피랑공원, 강주연못 등과 함께 많이 찾는 곳 (연관 13회)",,,,N,N,N,,N,Y,Y,,,,,,http://place.map.kakao.com/1414027011,경남 고성군 상리면 삼상로 1312-71 · 한국관광공사 연관 관광지 · 카카오 좌표,
ro276,nation,전국,남해,Namhae,,항도몽돌해수욕장,항도몽돌해수욕장,,,sea,해양·자연경관,34.74076,128.04864,40,,"자연경관(하천·해양) · 남해대교유람선, 독일마을 등과 함께 많이 찾는 곳 (연관 13회)",,,,N,N,N,,N,Y,Y,,,,,,http://place.map.kakao.com/8149621,경남 남해군 미조면 송정리 · 한국관광공사 연관 관광지 · 카카오 좌표,
ro277,nation,전국,안동,Andong,,안동시립박물관,안동시립박물관,,,herit,문화유산·전통체험,36.57952,128.76653,60,,"전시시설 · 경상북도산림과학박물관, 구름에 등과 함께 많이 찾는 곳 (연관 13회)",,,,N,N,N,,N,Y,Y,,,,,,http://place.map.kakao.com/10589496,경북 안동시 민속촌길 13 · 한국관광공사 연관 관광지 · 카카오 좌표,
ro278,nation,전국,해남,Haenam,,우수영국민관광지,우수영국민관광지,,,activity,테마파크·액티비티,34.57236,126.30975,90,,"복합관광시설 · 국립해양유산연구소, 4est수목원 등과 함께 많이 찾는 곳 (연관 13회)",,,,N,N,N,해남군 관광지 (2017 지정),N,Y,Y,,,,,,http://place.map.kakao.com/8039523,전남광주통합특별시 해남군 문내면 관광레저로 12 · 한국관광공사 연관 관광지 · 카카오 좌표,
ro279,nation,전국,남해,Namhae,,초전몽돌해변,초전몽돌해변,,,sea,해양·자연경관,34.72966,128.03457,40,,"자연경관(하천·해양) · 독일마을, 물건방조어부림 등과 함께 많이 찾는 곳 (연관 13회)",,,,N,N,N,,N,Y,Y,,,,,,http://place.map.kakao.com/17806119,경남 남해군 미조면 송정리 524-1 · 한국관광공사 연관 관광지 · 카카오 좌표,
ro280,nation,전국,합천,Hapcheon,,합천박물관,합천박물관,,,herit,문화유산·전통체험,35.58008,128.28207,60,,"전시시설 · 대장경테마파크, 오도산자연휴양림 등과 함께 많이 찾는 곳 (연관 13회)",,,,N,N,N,,N,Y,Y,,,,,,http://place.map.kakao.com/8148639,경남 합천군 쌍책면 황강옥전로 1558 · 한국관광공사 연관 관광지 · 카카오 좌표,
ro281,nation,전국,남원,Namwon,,서도역영상촬영장,서도역영상촬영장,,,activity,테마파크·액티비티,35.49047,127.32967,90,,"복합관광시설 · 광한루원, 교룡산성 등과 함께 많이 찾는 곳 (연관 13회)",,,,N,N,N,,N,Y,Y,,,,,,http://place.map.kakao.com/27085209,전북특별자치도 남원시 사매면 서도길 32 · 한국관광공사 연관 관광지 · 카카오 좌표,
ro282,nation,전국,공주,Gongju,,나태주풀꽃문학관,나태주풀꽃문학관,,,herit,문화유산·전통체험,36.45363,127.11995,60,,"전시시설 · 공산성, 공주고마나루 등과 함께 많이 찾는 곳 (연관 13회)",,,,N,N,N,,N,Y,Y,,,,,,http://place.map.kakao.com/27150684,충남 공주시 봉황로 85-12 · 한국관광공사 연관 관광지 · 카카오 좌표,
ro283,nation,전국,서천,Seocheon,,마량포구,마량포구,,,sea,해양·자연경관,36.13536,126.50264,40,,"자연경관(하천·해양) · 무량사, 만대항 등과 함께 많이 찾는 곳 (연관 13회)",,,,N,N,N,,N,Y,Y,,,,,,http://place.map.kakao.com/10351242,충남 서천군 서면 마량리 344 · 한국관광공사 연관 관광지 · 카카오 좌표,
ro284,nation,전국,해남,Haenam,,도솔암,도솔암,,,herit,문화유산·전통체험,34.35312,126.56508,60,,"종교성지 · 4est수목원, 대흥사 등과 함께 많이 찾는 곳 (연관 13회)",,,,N,N,N,,N,Y,Y,,,,,,http://place.map.kakao.com/25046792,전남광주통합특별시 해남군 송지면 마봉송종길 355-300 · 한국관광공사 연관 관광지 · 카카오 좌표,
ro285,nation,전국,고창,Gochang,,구시포해수욕장,구시포해수욕장,,,sea,해양·자연경관,35.44572,126.43538,40,,"자연경관(하천·해양) · 내장산케이블카, 고창고인돌군 등과 함께 많이 찾는 곳 (연관 13회)",,,,N,N,N,,N,Y,Y,,,,,,http://place.map.kakao.com/8212367,전북특별자치도 고창군 상하면 진암구시포로 545 · 한국관광공사 연관 관광지 · 카카오 좌표,
ro286,nation,전국,논산,Nonsan,,충곡서원,충곡서원,,,herit,문화유산·전통체험,36.19874,127.17709,60,,"역사유적지 · 신원사, 견훤왕릉 등과 함께 많이 찾는 곳 (연관 13회)",,,,N,N,N,,N,Y,Y,,,,,,http://place.map.kakao.com/12692412,충남 논산시 부적면 충곡로269번길 60-7 · 한국관광공사 연관 관광지 · 카카오 좌표,
ro287,nation,전국,아산,Asan,,온양온천시장,온양온천시장,,,food,로컬상권·먹거리,36.78329,127.00423,50,,"시장 · 광덕사, 봉곡사 등과 함께 많이 찾는 곳 (연관 13회)",,,,N,N,N,,N,Y,Y,,,,,,http://place.map.kakao.com/25402967,충남 아산시 시장길 29 · 한국관광공사 연관 관광지 · 카카오 좌표,
ro288,nation,전국,해남,Haenam,,땅끝국민관광지,땅끝국민관광지,,,activity,테마파크·액티비티,34.29579,126.52599,90,,"복합관광시설 · 4est수목원, 고산윤선도유적지 등과 함께 많이 찾는 곳 (연관 13회)",,,,N,N,N,해남군 관광지 (2009 지정),N,Y,Y,,,,,,http://place.map.kakao.com/26386952,전남광주통합특별시 해남군 송지면 송호리 · 한국관광공사 연관 관광지 · 카카오 좌표,
ro289,nation,전국,서천,Seocheon,,국립희리산해송자연휴양림,국립희리산해송자연휴양림,,国立ヒリ山海松自然休養林,heal,힐링·생태·체험,36.11263,126.66415,60,,"자연공원 · 밧개해수욕장, 백사장해수욕장 등과 함께 많이 찾는 곳 (연관 13회)",,,,N,N,N,,N,Y,Y,,,,,,http://place.map.kakao.com/26560068,충남 서천군 종천면 희리산길 206 · 한국관광공사 연관 관광지 · 카카오 좌표,
ro290,nation,전국,홍성,Hongseong,,홍성스카이타워,홍성스카이타워,,,activity,테마파크·액티비티,36.57675,126.4644,90,,"랜드마크관광 · 오천항, 궁리항 등과 함께 많이 찾는 곳 (연관 13회)",,,,N,N,N,,N,Y,Y,,,,,,http://place.map.kakao.com/945074967,충남 홍성군 서부면 남당항로 689 · 한국관광공사 연관 관광지 · 카카오 좌표,
ro291,nation,전국,서울,Seoul,,여의도 한강공원 수영장,여의도 한강공원 수영장,,,activity,테마파크·액티비티,37.53355,126.91974,90,,"테마공원 · KBS온, 국회의사당/국회박물관 등과 함께 많이 찾는 곳 (연관 13회)",,,,N,N,N,,N,Y,Y,,,,,,http://place.map.kakao.com/21332595,서울 영등포구 여의도동 82-3 · 한국관광공사 연관 관광지 · 카카오 좌표,
ro292,nation,전국,부산,Busan,,부전마켓타운,부전마켓타운,,,food,로컬상권·먹거리,35.16334,129.0607,50,,"시장 · 개금골목시장, 당감시장 등과 함께 많이 찾는 곳 (연관 13회)",,,,N,N,N,,N,Y,Y,,,,,,http://place.map.kakao.com/25621942,부산 부산진구 중앙대로783번길 23 · 한국관광공사 연관 관광지 · 카카오 좌표,
ro293,nation,전국,부산,Busan,,엄궁농산물도매시장,엄궁농산물도매시장,,,food,로컬상권·먹거리,35.12812,128.96542,50,,"시장 · 부전마켓타운, 삼광사 등과 함께 많이 찾는 곳 (연관 13회)",,,,N,N,N,,N,Y,Y,,,,,,http://place.map.kakao.com/12478336,부산 사상구 농산물시장로 17 · 한국관광공사 연관 관광지 · 카카오 좌표,
ro294,nation,전국,서울,Seoul,,수협 강서수산시장,수협 강서수산시장,,,food,로컬상권·먹거리,37.55301,126.81872,50,,"시장 · 가락동농수산물도매시장, 강서농산물도매시장 등과 함께 많이 찾는 곳 (연관 13회)",,,,N,N,N,,N,Y,Y,,,,,,http://place.map.kakao.com/24612930,서울 강서구 강서도매시장로 130 · 한국관광공사 연관 관광지 · 카카오 좌표,
ro295,nation,전국,단양,Danyang,,카페산,카페산,,,food,로컬상권·먹거리,36.9947,128.39437,50,,"카페·찻집 · 악어봉, 고수동굴 등과 함께 많이 찾는 곳 (연관 13회)",,,,N,N,N,,N,Y,Y,,,,,,http://place.map.kakao.com/27502961,충북 단양군 가곡면 두산길 196-86 · 한국관광공사 연관 관광지 · 카카오 좌표,
ro296,nation,전국,정선,Jeongseon,,회동집,회동집,,,food,로컬상권·먹거리,37.38093,128.66465,50,,"한식 · 가리왕산자연휴양림, 도롱이연못 등과 함께 많이 찾는 곳 (연관 13회)",,,,N,N,N,,N,Y,Y,,,,,,http://place.map.kakao.com/9633072,강원특별자치도 정선군 정선읍 5일장길 37-10 · 한국관광공사 연관 관광지 · 카카오 좌표,
ro297,nation,전국,태백,Taebaek,,원조태성실비식당,원조태성실비식당,,,food,로컬상권·먹거리,37.15893,128.98658,50,,"한식 · 메이힐스리조트, 하이원리조트 등과 함께 많이 찾는 곳 (연관 13회)",,,,N,N,N,,N,Y,Y,,,,,,http://place.map.kakao.com/27132263,강원특별자치도 태백시 감천로 4 · 한국관광공사 연관 관광지 · 카카오 좌표,
ro298,nation,전국,청주,Cheongju,,베이커리카페 공간,베이커리카페 공간,,ベーカリーカフェGONGGAN,food,로컬상권·먹거리,36.60106,127.51615,50,,"간이음식 · 국립청주박물관, 명암유원지 등과 함께 많이 찾는 곳 (연관 13회)",,,,N,N,N,,N,Y,Y,,,,,,http://place.map.kakao.com/1944229549,충북 청주시 상당구 목련로 106-22 · 한국관광공사 연관 관광지 · 카카오 좌표,
ro299,nation,전국,인천,Incheon,,롱비치커피앤브래드,롱비치커피앤브래드,,,food,로컬상권·먹거리,37.40724,126.61014,50,,"카페·찻집 · 신흥시장, 월미도 등과 함께 많이 찾는 곳 (연관 13회)",,,,N,N,N,,N,Y,Y,,,,,,http://place.map.kakao.com/1711405736,인천 연수구 랜드마크로 194 · 한국관광공사 연관 관광지 · 카카오 좌표,
ro300,nation,전국,담양,Damyang,,뚝방국수,뚝방국수,,,food,로컬상권·먹거리,35.31802,126.97931,50,,"한식 · 소호요트마리나, 목포북항 등과 함께 많이 찾는 곳 (연관 13회)",,,,N,N,N,,N,Y,Y,,,,,,http://place.map.kakao.com/11957067,전남광주통합특별시 담양군 담양읍 천변5길 20 · 한국관광공사 연관 관광지 · 카카오 좌표,
ro301,nation,전국,인제,Inje,,고향집식당,Gohyangjip,故乡家,コヒャンチプ,food,로컬상권·먹거리,37.94568,128.32901,50,,"한식 · 소돌항, 강촌유원지 등과 함께 많이 찾는 곳 (연관 13회)",,,,N,N,N,,N,Y,Y,,,,,,http://place.map.kakao.com/16936771,강원특별자치도 인제군 기린면 조침령로 115 · 한국관광공사 연관 관광지 · 카카오 좌표,
ro302,nation,전국,아산,Asan,,목화반점,목화반점,,,food,로컬상권·먹거리,36.76135,127.0193,50,,"외국식 · 독립기념관, 태학산자연휴양림 등과 함께 많이 찾는 곳 (연관 13회)",,,,N,N,N,,N,Y,Y,,,,,,http://place.map.kakao.com/7876599,충남 아산시 온주길26번길 7-3 · 한국관광공사 연관 관광지 · 카카오 좌표,
ro303,nation,전국,군산,Gunsan,,빈해원,빈해원,,,food,로컬상권·먹거리,35.98883,126.71398,50,,"외국식 · 국립신시도자연휴양림, 군산3.1운동100주년기념관 등과 함께 많이 찾는 곳 (연관 13회)",,,,N,N,N,,N,Y,Y,,,,,,http://place.map.kakao.com/11053604,전북특별자치도 군산시 동령길 57 · 한국관광공사 연관 관광지 · 카카오 좌표,
ro304,nation,전국,남양주,Namyangju,,기와집순두부 조안본점,기와집순두부 조안본점,,,food,로컬상권·먹거리,37.53732,127.30242,50,,"한식 · 능내역/폐역, 다산생태공원 등과 함께 많이 찾는 곳 (연관 13회)",,,,N,N,N,,N,Y,Y,,,,,,http://place.map.kakao.com/8690966,경기 남양주시 조안면 북한강로 133 · 한국관광공사 연관 관광지 · 카카오 좌표,
ro305,nation,전국,부산,Busan,,해운대가야밀면,Haeundae Gaya Milmyeon,,海雲台カヤミルミョン,food,로컬상권·먹거리,35.16884,129.16633,50,,"한식 · 롯데월드 어드벤처 부산, 이동항 등과 함께 많이 찾는 곳 (연관 13회)",,,,N,N,N,,N,Y,Y,,,,,,http://place.map.kakao.com/15555120,부산 해운대구 좌동순환로 27 · 한국관광공사 연관 관광지 · 카카오 좌표,
ro306,nation,전국,부산,Busan,,냉수탕가든,냉수탕가든,,,food,로컬상권·먹거리,35.14435,129.02857,50,,"전문음식 · KT&G상상마당/부산, 가야공원 등과 함께 많이 찾는 곳 (연관 13회)",,,,N,N,N,,N,Y,Y,,,,,,http://place.map.kakao.com/21356275,부산 부산진구 가야공원로 107 · 한국관광공사 연관 관광지 · 카카오 좌표,
ro307,nation,전국,하동,Hadong,,더로드101 하동,더로드101 하동,,,food,로컬상권·먹거리,35.2159,127.63759,50,,"카페·찻집 · 금오산전망대, 노량항 등과 함께 많이 찾는 곳 (연관 13회)",,,,N,N,N,,N,Y,Y,,,,,,http://place.map.kakao.com/1443176232,경남 하동군 화개면 화개로 357 · 한국관광공사 연관 관광지 · 카카오 좌표,
ro308,nation,전국,제천,Jecheon,,송계계곡,송계계곡,,,sea,해양·자연경관,36.86531,128.08803,40,,"자연경관(산) · 미륵대원지, 삼탄유원지 등과 함께 많이 찾는 곳 (연관 12회)",,,,N,N,N,,N,Y,Y,,,,,,http://place.map.kakao.com/10548226,충북 제천시 한수면 송계리 · 한국관광공사 연관 관광지 · 카카오 좌표,
ro309,nation,전국,제천,Jecheon,,청풍호관광 모노레일,Cheongpungho Scenic Monorail,清风湖观光单轨列车,清風湖観光モノレール,activity,테마파크·액티비티,37.00314,128.13402,90,,"기타레저스포츠 · 악어봉, 소선암자연휴양림 등과 함께 많이 찾는 곳 (연관 12회)",,,,N,N,N,,N,Y,Y,,,,,,http://place.map.kakao.com/18333053,충북 제천시 청풍면 청풍명월로 879-17 · 한국관광공사 연관 관광지 · 카카오 좌표,
ro310,nation,전국,제천,Jecheon,,청풍문화유산단지,청풍문화유산단지,,,activity,테마파크·액티비티,37.00475,128.1708,90,,"복합관광시설 · 악어봉, 충주호유람선장회나루선착장 등과 함께 많이 찾는 곳 (연관 12회)",,,,N,N,N,,N,Y,Y,,,,,,http://place.map.kakao.com/8095814,충북 제천시 청풍면 청풍호로 2048 · 한국관광공사 연관 관광지 · 카카오 좌표,
ro311,nation,전국,청주,Cheongju,,육거리종합시장,Cheongju Yukgeori Market,,,food,로컬상권·먹거리,36.62815,127.49009,50,,"시장 · 미동산수목원, 상당산성 등과 함께 많이 찾는 곳 (연관 12회)",,,,N,N,N,,N,Y,Y,,,,,,http://place.map.kakao.com/1023738391,충북 청주시 상당구 상당로1번길 17 · 한국관광공사 연관 관광지 · 카카오 좌표,
ro312,nation,전국,통영,Tongyeong,,당포항,당포항,,,sea,해양·자연경관,34.79574,128.38343,40,,"자연경관(하천·해양) · 달아공원, 달아항 등과 함께 많이 찾는 곳 (연관 12회)",,,,N,N,N,,N,Y,Y,,,,,,http://place.map.kakao.com/7910852,경남 통영시 산양읍 당포리 372-11 · 한국관광공사 연관 관광지 · 카카오 좌표,
ro313,nation,전국,대구,Daegu,,이월드,E-World,,,activity,테마파크·액티비티,35.85406,128.56471,90,,"테마공원 · 반야월종합시장, 팔공산케이블카 등과 함께 많이 찾는 곳 (연관 12회)",,,,N,N,N,,N,Y,Y,,,,,,http://place.map.kakao.com/10821532,대구 달서구 두류공원로 200 · 한국관광공사 연관 관광지 · 카카오 좌표,
ro314,nation,전국,인천,Incheon,,소래포구종합어시장,소래포구종합어시장,,,food,로컬상권·먹거리,37.39903,126.73719,50,,"시장 · 늘솔길공원, 모래내종합시장 등과 함께 많이 찾는 곳 (연관 12회)",,,,N,N,N,,N,Y,Y,,,,,,http://place.map.kakao.com/14863190,인천 남동구 소래역로 12 · 한국관광공사 연관 관광지 · 카카오 좌표,
ro315,nation,전국,사천,Sacheon,,삼천포대교공원,삼천포대교공원,,三千浦大橋公園,heal,힐링·생태·체험,34.93213,128.05183,60,,"도시공원 · 물건방조어부림, 미조항 등과 함께 많이 찾는 곳 (연관 12회)",,,,N,N,N,,N,Y,Y,,,,,,http://place.map.kakao.com/25042407,경남 사천시 대방동 681-2 · 한국관광공사 연관 관광지 · 카카오 좌표,
ro316,nation,전국,부여,Buyeo,,낙화암,낙화암,,落花岩,herit,문화유산·전통체험,36.29237,126.91226,60,,"역사유적지 · 고란사, 구드래선착장 등과 함께 많이 찾는 곳 (연관 12회)",,,,N,N,N,,N,Y,Y,,,,,,http://place.map.kakao.com/8247475,충남 부여군 부여읍 쌍북리 678-2 · 한국관광공사 연관 관광지 · 카카오 좌표,
ro317,nation,전국,인천,Incheon,,상상플랫폼,상상플랫폼,,,activity,테마파크·액티비티,37.47507,126.6151,90,,"기타문화관광지 · 송월동동화마을, 수도국산달동네박물관 등과 함께 많이 찾는 곳 (연관 12회)",,,,N,N,N,,N,Y,Y,,,,,,http://place.map.kakao.com/1292054252,인천 제물포구 월미로 33 · 한국관광공사 연관 관광지 · 카카오 좌표,
ro318,nation,전국,부여,Buyeo,,부여왕릉원,부여왕릉원,,扶余王陵園,herit,문화유산·전통체험,36.27701,126.94267,60,,"역사유적지 · 국립부여박물관, 궁남지 등과 함께 많이 찾는 곳 (연관 12회)",,,,N,N,N,,N,Y,Y,,,,,,http://place.map.kakao.com/12728334,충남 부여군 부여읍 왕릉로 61 · 한국관광공사 연관 관광지 · 카카오 좌표,
ro319,nation,전국,천안,Cheonan,,천안타운홀 전망대,천안타운홀 전망대,,,activity,테마파크·액티비티,36.80778,127.15058,90,,"랜드마크관광 · 각원사, 독립기념관 등과 함께 많이 찾는 곳 (연관 12회)",,,,N,N,N,,N,Y,Y,,,,,,http://place.map.kakao.com/1724734728,충남 천안시 동남구 옛시청길 29 · 한국관광공사 연관 관광지 · 카카오 좌표,
ro320,nation,전국,남원,Namwon,,피오리움,피오리움,,,herit,문화유산·전통체험,35.40175,127.38402,60,,"전시시설 · 광한루원, 교룡산성 등과 함께 많이 찾는 곳 (연관 12회)",,,,N,N,N,남원시 관광지 (2008 지정),N,Y,Y,,,,,,http://place.map.kakao.com/1299675700,전북특별자치도 남원시 소리길 50 · 한국관광공사 연관 관광지 · 카카오 좌표,
ro321,nation,전국,천안,Cheonan,,천안중앙시장,천안중앙시장,,,food,로컬상권·먹거리,36.80293,127.1498,50,,"시장 · 각원사, 광덕사 등과 함께 많이 찾는 곳 (연관 12회)",,,,N,N,N,,N,Y,Y,,,,,,http://place.map.kakao.com/11421153,충남 천안시 동남구 영성로 53 · 한국관광공사 연관 관광지 · 카카오 좌표,
ro322,nation,전국,군산,Gunsan,,고군산군도,고군산군도,,,sea,해양·자연경관,35.8136,126.42515,40,,"자연경관(하천·해양) · 국립신시도자연휴양림, 군산신흥동일본식가옥 등과 함께 많이 찾는 곳 (연관 12회)",,,,N,N,N,,N,Y,Y,,,,,,http://place.map.kakao.com/8682467,전북특별자치도 군산시 옥도면 선유도리 482 · 한국관광공사 연관 관광지 · 카카오 좌표,
ro323,nation,전국,군산,Gunsan,,장자도,Jangjado Island,壮子岛,壮子島,sea,해양·자연경관,35.81021,126.39745,40,,"자연경관(하천·해양) · 국립신시도자연휴양림, 군산근대역사박물관 등과 함께 많이 찾는 곳 (연관 12회)",,,,N,N,N,,N,Y,Y,,,,,,http://place.map.kakao.com/18376726,전북특별자치도 군산시 옥도면 장자도리 · 한국관광공사 연관 관광지 · 카카오 좌표,
ro324,nation,전국,이천,Icheon,,관고전통시장,관고전통시장,,,food,로컬상권·먹거리,37.28076,127.44057,50,,"시장 · 여주도자세상, 곤지암도자공원 등과 함께 많이 찾는 곳 (연관 12회)",,,,N,N,N,,N,Y,Y,,,,,,http://place.map.kakao.com/13725635,경기 이천시 중리천로21번길 6 · 한국관광공사 연관 관광지 · 카카오 좌표,
ro325,nation,전국,예산,Yesan,,예당호 모노레일,예당호 모노레일,,,activity,테마파크·액티비티,36.6374,126.79968,90,,"기타레저스포츠 · 유구색동수국정원, 광천토굴새우젓시장 등과 함께 많이 찾는 곳 (연관 12회)",,,,N,N,N,예산군 관광지 (2021 지정),N,Y,Y,,,,,,http://place.map.kakao.com/1452322091,충남 예산군 응봉면 예당관광로 158 · 한국관광공사 연관 관광지 · 카카오 좌표,
ro326,nation,전국,남양주,Namyangju,,정약용유적지 생가,정약용유적지 생가,,,herit,문화유산·전통체험,37.5167,127.30012,60,,"역사유적지 · 광릉, 남양주시립박물관 등과 함께 많이 찾는 곳 (연관 12회)",,,,N,N,N,,N,Y,Y,,,,,,http://place.map.kakao.com/8222130,경기 남양주시 조안면 다산로747번길 11 · 한국관광공사 연관 관광지 · 카카오 좌표,
ro327,nation,전국,창원,Changwon,,반송시장,반송시장,,,food,로컬상권·먹거리,35.23545,128.67105,50,,"시장 · 속천항, 마산어시장 등과 함께 많이 찾는 곳 (연관 12회)",,,,N,N,N,,N,Y,Y,,,,,,http://place.map.kakao.com/18524551,경남 창원시 성산구 반림동 17-18 · 한국관광공사 연관 관광지 · 카카오 좌표,
ro328,nation,전국,고창,Gochang,,상하농원,상하농원,,,heal,힐링·생태·체험,35.44684,126.45036,60,,"농·산/어촌체험 · 고창고인돌군, 고창세계유산고인돌박물관 등과 함께 많이 찾는 곳 (연관 12회)",,,,N,N,N,,N,Y,Y,,,,,,http://place.map.kakao.com/27433933,전북특별자치도 고창군 상하면 상하농원길 23 · 한국관광공사 연관 관광지 · 카카오 좌표,
ro329,nation,전국,서울,Seoul,,마포농수산물시장,마포농수산물시장,,,food,로컬상권·먹거리,37.5648,126.8985,50,,"시장 · 서울숲, 봉국사 등과 함께 많이 찾는 곳 (연관 12회)",,,,N,N,N,,N,Y,Y,,,,,,http://place.map.kakao.com/11085933,서울 마포구 월드컵로 235 · 한국관광공사 연관 관광지 · 카카오 좌표,
ro330,nation,전국,서울,Seoul,,삼청각 유하정,삼청각 유하정,,,activity,테마파크·액티비티,37.59757,126.98298,90,,"기타문화관광지 · 간송미술관, 길상사 등과 함께 많이 찾는 곳 (연관 12회)",,,,N,N,N,,N,Y,Y,,,,,,http://place.map.kakao.com/11833897,서울 성북구 성북동 330-230 · 한국관광공사 연관 관광지 · 카카오 좌표,
ro331,nation,전국,제천,Jecheon,,산아래석갈비 본점,산아래석갈비 본점,,,food,로컬상권·먹거리,37.14578,128.04075,50,,"한식 · 중앙탑공원, 박달재자연휴양림 등과 함께 많이 찾는 곳 (연관 12회)",,,,N,N,N,,N,Y,Y,,,,,,http://place.map.kakao.com/27233356,충북 제천시 백운면 금봉로 182 · 한국관광공사 연관 관광지 · 카카오 좌표,
ro332,nation,전국,전주,Jeonju,,호남각,호남각,,,food,로컬상권·먹거리,35.86502,127.11367,50,,"한식 · 경기전, 국립전주박물관 등과 함께 많이 찾는 곳 (연관 12회)",,,,N,N,N,,N,Y,Y,,,,,,http://place.map.kakao.com/8658666,전북특별자치도 전주시 덕진구 시천로 65 · 한국관광공사 연관 관광지 · 카카오 좌표,
ro333,nation,전국,전주,Jeonju,,현대옥 전주본점,현대옥 전주본점,,,food,로컬상권·먹거리,35.81973,127.11715,50,,"한식 · 국립전주박물관, 남부시장한옥마을야시장 등과 함께 많이 찾는 곳 (연관 12회)",,,,N,N,N,,N,Y,Y,,,,,,http://place.map.kakao.com/8153907,전북특별자치도 전주시 완산구 화산천변2길 7-4 · 한국관광공사 연관 관광지 · 카카오 좌표,
ro334,nation,전국,창원,Changwon,,투썸플레이스 창원귀산해변점,투썸플레이스 창원귀산해변점,,,food,로컬상권·먹거리,35.16997,128.59747,50,,"카페·찻집 · 산달도, 성흥사계곡 등과 함께 많이 찾는 곳 (연관 12회)",,,,N,N,N,,N,Y,Y,,,,,,http://place.map.kakao.com/1089429697,경남 창원시 성산구 삼귀로 167 · 한국관광공사 연관 관광지 · 카카오 좌표,
ro335,nation,전국,울진,Uljin,,산수옥,산수옥,,,food,로컬상권·먹거리,36.96783,129.39204,50,,"한식 · 고산정, 국립해양과학관 등과 함께 많이 찾는 곳 (연관 12회)",,,,N,N,N,,N,Y,Y,,,,,,http://place.map.kakao.com/294642325,경북 울진군 근남면 불영계곡로 3631 · 한국관광공사 연관 관광지 · 카카오 좌표,
ro336,nation,전국,부여,Buyeo,,사비향,사비향,,,food,로컬상권·먹거리,36.273,126.91304,50,,"한식 · 구드래선착장, 국립부여박물관 등과 함께 많이 찾는 곳 (연관 12회)",,,,N,N,N,,N,Y,Y,,,,,,http://place.map.kakao.com/27169299,충남 부여군 부여읍 궁남로 38 · 한국관광공사 연관 관광지 · 카카오 좌표,
ro337,nation,전국,천안,Cheonan,,랜드마크 195,랜드마크 195,,,food,로컬상권·먹거리,36.81306,127.17991,50,,"카페·찻집 · 각원사, 광덕사 등과 함께 많이 찾는 곳 (연관 12회)",,,,N,N,N,,N,Y,Y,,,,,,http://place.map.kakao.com/1251416682,충남 천안시 동남구 유량로 195 · 한국관광공사 연관 관광지 · 카카오 좌표,
ro338,nation,전국,울산,Ulsan,,언양진미불고기,언양진미불고기,,,food,로컬상권·먹거리,35.55826,129.12016,50,,"한식 · 등억온천지구, 반구대암각화 등과 함께 많이 찾는 곳 (연관 12회)",,,,N,N,N,,N,Y,Y,,,,,,http://place.map.kakao.com/11831652,울산 울주군 삼남읍 중평로 33 · 한국관광공사 연관 관광지 · 카카오 좌표,
ro339,nation,전국,이천,Icheon,,강민주의들밥 이천본점,강민주의들밥 이천본점,,,food,로컬상권·먹거리,37.22151,127.36794,50,,"한식 · 용인곤충테마파크, 한택식물원 등과 함께 많이 찾는 곳 (연관 12회)",,,,N,N,N,,N,Y,Y,,,,,,http://place.map.kakao.com/15783135,경기 이천시 마장면 지산로22번길 17 · 한국관광공사 연관 관광지 · 카카오 좌표,
ro340,nation,전국,양주,Yangju,,장흥폭포수식당,장흥폭포수식당,,,food,로컬상권·먹거리,37.74558,126.9499,50,,"한식 · 한국등잔박물관, 행주산성 등과 함께 많이 찾는 곳 (연관 12회)",,,,N,N,N,,N,Y,Y,,,,,,http://place.map.kakao.com/15677092,경기 양주시 장흥면 권율로309번길 169 · 한국관광공사 연관 관광지 · 카카오 좌표,
ro341,nation,전국,여주,Yeoju,,천서리막국수 본점,천서리막국수 본점,,,food,로컬상권·먹거리,37.40263,127.54662,50,,"한식 · 광릉, 금은모래캠핑장 등과 함께 많이 찾는 곳 (연관 12회)",,,,N,N,N,,N,Y,Y,,,,,,http://place.map.kakao.com/10856045,경기 여주시 대신면 여양로 1974 · 한국관광공사 연관 관광지 · 카카오 좌표,
ro342,nation,전국,포천,Pocheon,,갈비1987,갈비1987,,,food,로컬상권·먹거리,38.03213,127.36625,50,,"한식 · 에델바이스스위스테마파크, 국립수목원 등과 함께 많이 찾는 곳 (연관 12회)",,,,N,N,N,,N,Y,Y,,,,,,http://place.map.kakao.com/14094330,경기 포천시 이동면 화동로 2065-1 · 한국관광공사 연관 관광지 · 카카오 좌표,
ro343,nation,전국,익산,Iksan,,어스언더파크 익산,어스언더파크 익산,,,food,로컬상권·먹거리,36.00513,126.9463,50,,"카페·찻집 · 국립익산박물관, 달빛소리수목원 등과 함께 많이 찾는 곳 (연관 12회)",,,,N,N,N,,N,Y,Y,,,,,,http://place.map.kakao.com/930090313,전북특별자치도 익산시 황등면 황등7길 34 · 한국관광공사 연관 관광지 · 카카오 좌표,
ro344,nation,전국,서울,Seoul,,성북동면옥집,성북동면옥집,,,food,로컬상권·먹거리,37.59589,126.98863,50,,"한식 · 길상사, 우리옛돌박물관 등과 함께 많이 찾는 곳 (연관 12회)",,,,N,N,N,,N,Y,Y,,,,,,http://place.map.kakao.com/27226419,서울 성북구 대사관로 40 · 한국관광공사 연관 관광지 · 카카오 좌표,
ro345,nation,전국,부산,Busan,,탄티,탄티,,,food,로컬상권·먹거리,35.31442,129.19287,50,,"카페·찻집 · 국립달음산자연휴양림, 기장해녀촌 등과 함께 많이 찾는 곳 (연관 12회)",,,,N,N,N,,N,Y,Y,,,,,,http://place.map.kakao.com/1793369966,부산 기장군 정관읍 달음산길 37 · 한국관광공사 연관 관광지 · 카카오 좌표,
ro346,nation,전국,정선,Jeongseon,,정선레일바이크,Jeongseon Railbike,旌善铁轨自行车,旌善レールバイク,activity,테마파크·액티비티,37.51708,128.72877,90,,"기타레저스포츠 · 가리왕산자연휴양림, 고한야한구공탄시장 등과 함께 많이 찾는 곳 (연관 11회)",,,,N,N,N,,N,Y,Y,,,,,,http://place.map.kakao.com/10713257,강원특별자치도 정선군 여량면 노추산로 745 · 한국관광공사 연관 관광지 · 카카오 좌표,
ro347,nation,전국,수원,Suwon,,지동시장,지동시장,,,food,로컬상권·먹거리,37.27779,127.01939,50,,"시장 · 수원박물관, 매산시장 등과 함께 많이 찾는 곳 (연관 11회)",,,,N,N,N,수원시 관광특구 (2016 지정),N,Y,Y,,,,,,http://place.map.kakao.com/278365308,경기 수원시 팔달구 팔달문로 19 · 한국관광공사 연관 관광지 · 카카오 좌표,
ro348,nation,전국,창원,Changwon,,창원컨벤션센터,창원컨벤션센터,,,herit,문화유산·전통체험,35.23841,128.6569,60,,"전시시설 · 어구항, 대장경테마파크 등과 함께 많이 찾는 곳 (연관 11회)",,,,N,N,N,,N,Y,Y,,,,,,http://place.map.kakao.com/8590463,경남 창원시 성산구 원이대로 362 · 한국관광공사 연관 관광지 · 카카오 좌표,
ro349,nation,전국,수원,Suwon,,정자시장,정자시장,,,food,로컬상권·먹거리,37.29094,126.9997,50,,"시장 · 구매탄시장, 나혜석거리 등과 함께 많이 찾는 곳 (연관 11회)",,,,N,N,N,,N,Y,Y,,,,,,http://place.map.kakao.com/1420967373,경기 수원시 장안구 장안로89번길 47 · 한국관광공사 연관 관광지 · 카카오 좌표,
ro350,nation,전국,대구,Daegu,,대구미술관,Daegu Art Museum,大邱美术馆,大邱美術館,herit,문화유산·전통체험,35.82705,128.67411,60,,"전시시설 · 국립대구기상과학관, 동구시장 등과 함께 많이 찾는 곳 (연관 11회)",,,,N,N,N,,N,Y,Y,,,,,,http://place.map.kakao.com/12416044,대구 수성구 미술관로 40 · 한국관광공사 연관 관광지 · 카카오 좌표,
ro351,nation,전국,진주,Jinju,,진주실크박물관,진주실크박물관,,,herit,문화유산·전통체험,35.15985,128.16489,60,,"전시시설 · 척포항, 경상남도수목원 등과 함께 많이 찾는 곳 (연관 11회)",,,,N,N,N,,N,Y,Y,,,,,,http://place.map.kakao.com/820543851,경남 진주시 문산읍 월아산로 994 · 한국관광공사 연관 관광지 · 카카오 좌표,
ro352,nation,전국,철원,Cheorwon,,한탄강 횃불전망대,한탄강 횃불전망대,,,activity,테마파크·액티비티,38.20114,127.28012,90,,"랜드마크관광 · 고석정국민관광지, 노동당사 등과 함께 많이 찾는 곳 (연관 11회)",,,,N,N,N,,N,Y,Y,,,,,,http://place.map.kakao.com/1956129839,강원특별자치도 철원군 갈말읍 상사리 70-13 · 한국관광공사 연관 관광지 · 카카오 좌표,
ro353,nation,전국,하동,Hadong,,동정호,동정호,,,sea,해양·자연경관,35.14596,127.68716,40,,"자연경관(하천·해양) · 통영시 서호동 서피랑마을, 함양남계서원 등과 함께 많이 찾는 곳 (연관 11회)",,,,N,N,N,,N,Y,Y,,,,,,http://place.map.kakao.com/7844247,경남 하동군 악양면 평사리 305-2 · 한국관광공사 연관 관광지 · 카카오 좌표,
ro354,nation,전국,진주,Jinju,,철도문화공원,철도문화공원,,,heal,힐링·생태·체험,35.17794,128.0887,60,,"도시공원 · 국립진주박물관, 노을공원 등과 함께 많이 찾는 곳 (연관 11회)",,,,N,N,N,,N,Y,Y,,,,,,http://place.map.kakao.com/449828574,경남 진주시 강남동 245-242 · 한국관광공사 연관 관광지 · 카카오 좌표,
ro355,nation,전국,사천,Sacheon,,항공우주박물관,KAI Aerospace Museum,泗川航空宇宙博物馆,泗川航空宇宙博物館,herit,문화유산·전통체험,35.07142,128.06287,60,,"전시시설 · 경상남도수목원, 국립진주박물관 등과 함께 많이 찾는 곳 (연관 11회)",,,,N,N,N,,N,Y,Y,,,,,,http://place.map.kakao.com/9584011,경남 사천시 사남면 공단1로 78 · 한국관광공사 연관 관광지 · 카카오 좌표,
ro356,nation,전국,울릉,Ulleung,,천부해중전망대,천부해중전망대,,,activity,테마파크·액티비티,37.54229,130.87424,90,,"랜드마크관광 · 관음도, 나리분지 등과 함께 많이 찾는 곳 (연관 11회)",,,,N,N,N,,N,Y,Y,,,,,,http://place.map.kakao.com/25145139,경북 울릉군 북면 울릉순환로 3137 · 한국관광공사 연관 관광지 · 카카오 좌표,
ro357,nation,전국,춘천,Chuncheon,,춘천막국수체험박물관,Chuncheon Makguksu Museum,,春川マッククス体験博物館,herit,문화유산·전통체험,37.94879,127.74979,60,,"전시시설 · 강원특별자치도립화목원, 국립춘천박물관/본관 등과 함께 많이 찾는 곳 (연관 11회)",,,,N,N,N,,N,Y,Y,,,,,,http://place.map.kakao.com/21217710,강원특별자치도 춘천시 신북읍 신북로 264 · 한국관광공사 연관 관광지 · 카카오 좌표,
ro358,nation,전국,화순,Hwasun,,만연사,만연사,,万淵寺（和順）,herit,문화유산·전통체험,35.08312,126.98471,60,,"종교성지 · 송광사, 포충사 등과 함께 많이 찾는 곳 (연관 11회)",,,,N,N,N,,N,Y,Y,,,,,,http://place.map.kakao.com/11085163,전남광주통합특별시 화순군 화순읍 진각로 367 · 한국관광공사 연관 관광지 · 카카오 좌표,
ro359,nation,전국,거창,Geochang,,거창산림레포츠파크,거창산림레포츠파크,,,activity,테마파크·액티비티,35.85914,127.82975,90,,"기타레저스포츠 · 해인사, 상림공원 등과 함께 많이 찾는 곳 (연관 11회)",,,,N,N,N,,N,Y,Y,,,,,,http://place.map.kakao.com/2065774412,경남 거창군 고제면 빼재로 2099-35 · 한국관광공사 연관 관광지 · 카카오 좌표,
ro360,nation,전국,공주,Gongju,,공주 무령왕릉과 왕릉원,Gongju Tomb of King Muryeong and Royal Tombs,公州武宁王陵和王陵园,公州武寧王陵と王陵園,herit,문화유산·전통체험,36.46304,127.11439,60,,"역사유적지 · 낙화암, 부여왕릉원 등과 함께 많이 찾는 곳 (연관 11회)",,,,N,N,N,,N,Y,Y,,,,,,http://place.map.kakao.com/2056894818,충남 공주시 금성동 산 5-19 · 한국관광공사 연관 관광지 · 카카오 좌표,
ro361,nation,전국,창원,Changwon,,마금산원탕보양온천,마금산원탕보양온천,,,heal,힐링·생태·체험,35.35465,128.60942,60,,"웰니스관광 · 해인사, 속천항 등과 함께 많이 찾는 곳 (연관 11회)",,,,N,N,N,창원시 관광지 (1986 지정),N,Y,Y,,,,,,http://place.map.kakao.com/10354665,경남 창원시 의창구 북면 천주로 1167 · 한국관광공사 연관 관광지 · 카카오 좌표,
ro362,nation,전국,남원,Namwon,,남원시립김병종미술관,남원시립김병종미술관,,,herit,문화유산·전통체험,35.39871,127.38956,60,,"전시시설 · 광한루원, 국립민속국악원 등과 함께 많이 찾는 곳 (연관 11회)",,,,N,N,N,,N,Y,Y,,,,,,http://place.map.kakao.com/1490158774,전북특별자치도 남원시 함파우길 65-14 · 한국관광공사 연관 관광지 · 카카오 좌표,
ro363,nation,전국,천안,Cheonan,,천안박물관,천안박물관,,,herit,문화유산·전통체험,36.78676,127.16334,60,,"전시시설 · 각원사, 독립기념관 등과 함께 많이 찾는 곳 (연관 11회)",,,,N,N,N,,N,Y,Y,,,,,,http://place.map.kakao.com/8539185,충남 천안시 동남구 천안삼거리길 27 · 한국관광공사 연관 관광지 · 카카오 좌표,
ro364,nation,전국,울산,Ulsan,,언양알프스시장,Eonyang Alps Market Town,,,food,로컬상권·먹거리,35.5637,129.12529,50,,"시장 · 덕신소공원, 등억온천지구 등과 함께 많이 찾는 곳 (연관 11회)",,,,N,N,N,,N,Y,Y,,,,,,http://place.map.kakao.com/27485292,울산 울주군 언양읍 장터1길 12-1 · 한국관광공사 연관 관광지 · 카카오 좌표,
ro365,nation,전국,공주,Gongju,,석장리박물관,Seokjangni Museum,石壮里博物馆,石壮里博物館,herit,문화유산·전통체험,36.44753,127.18967,60,,"전시시설 · 공산성, 공주산림휴양마을 등과 함께 많이 찾는 곳 (연관 11회)",,,,N,N,N,,N,Y,Y,,,,,,http://place.map.kakao.com/7945986,충남 공주시 금벽로 990 · 한국관광공사 연관 관광지 · 카카오 좌표,
ro367,nation,전국,서울,Seoul,,독립문영천시장,독립문영천시장,,,food,로컬상권·먹거리,37.57048,126.96114,50,,"시장 · 국회의사당/국회박물관, 마천중앙시장 등과 함께 많이 찾는 곳 (연관 11회)",,,,N,N,N,,N,Y,Y,,,,,,http://place.map.kakao.com/740621790,서울 서대문구 독립문로3길 22 · 한국관광공사 연관 관광지 · 카카오 좌표,
ro368,nation,전국,홍성,Hongseong,,남당항 해양분수공원,Namdang Port,,南塘港,heal,힐링·생태·체험,36.53759,126.47375,60,,"도시공원 · 광천토굴새우젓시장, 궁리항 등과 함께 많이 찾는 곳 (연관 11회)",,,,N,N,N,,N,Y,Y,,,,,,http://place.map.kakao.com/1136746138,충남 홍성군 서부면 남당리 864 · 한국관광공사 연관 관광지 · 카카오 좌표,
ro369,nation,전국,서울,Seoul,,화계사,Seoul Hwagyesa Temple,华溪寺,華渓寺（ソウル）,herit,문화유산·전통체험,37.63274,127.00734,60,,"종교성지 · 도선사, 보광사 등과 함께 많이 찾는 곳 (연관 11회)",,,,N,N,N,,N,Y,Y,,,,,,http://place.map.kakao.com/8904601,서울 강북구 화계사길 117 · 한국관광공사 연관 관광지 · 카카오 좌표,
ro370,nation,전국,부산,Busan,,삼락생태공원 연꽃단지,삼락생태공원 연꽃단지,,,heal,힐링·생태·체험,35.16265,128.97133,60,,"도시공원 · 다대포해수욕장, 아미산전망대 등과 함께 많이 찾는 곳 (연관 11회)",,,,N,N,N,,N,Y,Y,,,,,,http://place.map.kakao.com/23201266,부산 사상구 삼락동 750 · 한국관광공사 연관 관광지 · 카카오 좌표,
ro371,nation,전국,서울,Seoul,,잠실한강공원,Jamsil Hangang Park,蚕室汉江公园,蚕室漢江公園,heal,힐링·생태·체험,37.5178,127.08236,60,,"도시공원 · 뚝섬한강공원, 방이고분공원 등과 함께 많이 찾는 곳 (연관 11회)",,,,N,N,N,,N,Y,Y,,,,,,http://place.map.kakao.com/10952965,서울 송파구 잠실동 1-1 · 한국관광공사 연관 관광지 · 카카오 좌표,
ro372,nation,전국,서울,Seoul,,암사종합시장,암사종합시장,,,food,로컬상권·먹거리,37.55086,127.12882,50,,"시장 · 노룬산골목시장, 중곡제일시장 등과 함께 많이 찾는 곳 (연관 11회)",,,,N,N,N,,N,Y,Y,,,,,,http://place.map.kakao.com/18526260,서울 강동구 상암로11길 25 · 한국관광공사 연관 관광지 · 카카오 좌표,
ro373,nation,전국,서울,Seoul,,대한민국역사박물관,National Museum of Korean Contemporary History,韩国历史博物馆,大韓民国歴史博物館,herit,문화유산·전통체험,37.57399,126.97786,60,,"전시시설 · 한국은행 화폐박물관, 경교장 등과 함께 많이 찾는 곳 (연관 11회)",,,,N,N,N,,N,Y,Y,,,,,,http://place.map.kakao.com/15104327,서울 종로구 세종대로 198 · 한국관광공사 연관 관광지 · 카카오 좌표,
ro374,nation,전국,제천,Jecheon,,청풍황금떡갈비,청풍황금떡갈비,,,food,로컬상권·먹거리,37.02069,128.17254,50,,"한식 · 미륵대원지, 충주호유람선장회나루선착장 등과 함께 많이 찾는 곳 (연관 11회)",,,,N,N,N,,N,Y,Y,,,,,,http://place.map.kakao.com/1919433380,충북 제천시 청풍면 청풍호로 1682 · 한국관광공사 연관 관광지 · 카카오 좌표,
ro375,nation,전국,충주,Chungju,,게으른악어,게으른악어,,,food,로컬상권·먹거리,36.92398,128.04808,50,,"카페·찻집 · 미륵대원지, 석종사 등과 함께 많이 찾는 곳 (연관 11회)",,,,N,N,N,,N,Y,Y,,,,,,http://place.map.kakao.com/1520240455,충북 충주시 살미면 월악로 927 · 한국관광공사 연관 관광지 · 카카오 좌표,
ro376,nation,전국,창원,Changwon,,임진각식당,임진각식당,,,food,로컬상권·먹거리,35.26129,128.61786,50,,"한식 · 김영삼대통령생가, 진주농산물도매시장 등과 함께 많이 찾는 곳 (연관 11회)",,,,N,N,N,,N,Y,Y,,,,,,http://place.map.kakao.com/8059361,경남 창원시 의창구 팔용로 515 · 한국관광공사 연관 관광지 · 카카오 좌표,
ro377,nation,전국,울릉,Ulleung,,울릉도태양식당 따개비칼국수 본점,울릉도태양식당 따개비칼국수 본점,,,food,로컬상권·먹거리,37.46641,130.83761,50,,"한식 · 거북바위, 관음도 등과 함께 많이 찾는 곳 (연관 11회)",,,,N,N,N,,N,Y,Y,,,,,,http://place.map.kakao.com/8107057,경북 울릉군 서면 울릉순환로 1278 · 한국관광공사 연관 관광지 · 카카오 좌표,
ro378,nation,전국,창원,Changwon,,퍼시먼커피,퍼시먼커피,,,food,로컬상권·먹거리,35.3192,128.66115,50,,"카페·찻집 · 삼밀사, 대산플라워랜드 등과 함께 많이 찾는 곳 (연관 11회)",,,,N,N,N,,N,Y,Y,,,,,,http://place.map.kakao.com/604027007,경남 창원시 의창구 동읍 동읍로 617 · 한국관광공사 연관 관광지 · 카카오 좌표,
ro379,nation,전국,밀양,Miryang,,밀양돌짬뽕,밀양돌짬뽕,,,food,로컬상권·먹거리,35.49989,128.74651,50,,"외국식 · 해인사, 밀양아리랑대공원 등과 함께 많이 찾는 곳 (연관 11회)",,,,N,N,N,,N,Y,Y,,,,,,http://place.map.kakao.com/1296133591,경남 밀양시 백민로 82-1 · 한국관광공사 연관 관광지 · 카카오 좌표,
ro380,nation,전국,서천,Seocheon,,한우마을,한우마을,,,food,로컬상권·먹거리,36.15508,126.69092,50,,"한식 · 서동요오픈세트장, 국립생태원 등과 함께 많이 찾는 곳 (연관 11회)",,,,N,N,N,,N,Y,Y,,,,,,http://place.map.kakao.com/21250167,충남 서천군 판교면 종판로901번길 12 · 한국관광공사 연관 관광지 · 카카오 좌표,
ro381,nation,전국,아산,Asan,,죽순산장,죽순산장,,,food,로컬상권·먹거리,36.86337,127.02397,50,,"전문음식 · 각원사, 안면해수욕장 등과 함께 많이 찾는 곳 (연관 11회)",,,,N,N,N,,N,Y,Y,,,,,,http://place.map.kakao.com/11155160,충남 아산시 음봉면 음봉면로 227 · 한국관광공사 연관 관광지 · 카카오 좌표,
ro382,nation,전국,가평,Gapyeong,,델씨엘로,델씨엘로,,,food,로컬상권·먹거리,37.75286,127.4337,50,,"외국식 · 강씨봉자연휴양림, 남이섬 등과 함께 많이 찾는 곳 (연관 11회)",,,,N,N,N,,N,Y,Y,,,,,,http://place.map.kakao.com/24450217,경기 가평군 청평면 경춘로 1031 · 한국관광공사 연관 관광지 · 카카오 좌표,
ro383,nation,전국,파주,Paju,,심학산도토리국수 본점,심학산도토리국수 본점,,,food,로컬상권·먹거리,37.70953,126.70388,50,,"한식 · 한국초콜릿연구소뮤지엄, 미메시스아트뮤지엄 등과 함께 많이 찾는 곳 (연관 11회)",,,,N,N,N,,N,Y,Y,,,,,,http://place.map.kakao.com/21284482,경기 파주시 교하로681번길 12 · 한국관광공사 연관 관광지 · 카카오 좌표,
ro384,nation,전국,완도,Wando,,유일정식당,유일정식당,,,food,로컬상권·먹거리,34.31663,126.75193,50,,"한식 · 두륜산케이블카, 송호해수욕장 등과 함께 많이 찾는 곳 (연관 11회)",,,,N,N,N,,N,Y,Y,,,,,,http://place.map.kakao.com/21291137,전남광주통합특별시 완도군 완도읍 개포로 11-28 · 한국관광공사 연관 관광지 · 카카오 좌표,
ro385,nation,전국,울진,Uljin,,울산회식당,울산회식당,,,food,로컬상권·먹거리,36.85587,129.42471,50,,"전문음식 · 구산해수욕장, 기성망양해수욕장 등과 함께 많이 찾는 곳 (연관 11회)",,,,N,N,N,,N,Y,Y,,,,,,http://place.map.kakao.com/9344339,경북 울진군 기성면 망양로 225-9 · 한국관광공사 연관 관광지 · 카카오 좌표,
ro386,nation,전국,완도,Wando,,개성순두부,개성순두부,,,food,로컬상권·먹거리,34.3164,126.75037,50,,"한식 · 신지명사십리해수욕장, 신흥해수욕장 등과 함께 많이 찾는 곳 (연관 11회)",,,,N,N,N,,N,Y,Y,,,,,,http://place.map.kakao.com/23711208,전남광주통합특별시 완도군 완도읍 개포로 19 · 한국관광공사 연관 관광지 · 카카오 좌표,
ro387,nation,전국,사천,Sacheon,,삼천포돌게장,삼천포돌게장,,,food,로컬상권·먹거리,34.94087,128.07627,50,,"한식 · 문수암, 남일대해수욕장 등과 함께 많이 찾는 곳 (연관 11회)",,,,N,N,N,,N,Y,Y,,,,,,http://place.map.kakao.com/17148748,경남 사천시 삼천포대교로 481 · 한국관광공사 연관 관광지 · 카카오 좌표,
ro388,nation,전국,서천,Seocheon,,장항갯벌식당,장항갯벌식당,,,food,로컬상권·먹거리,36.01163,126.69552,50,,"한식 · 국립생태원, 마량리동백나무숲 등과 함께 많이 찾는 곳 (연관 11회)",,,,N,N,N,,N,Y,Y,,,,,,http://place.map.kakao.com/972207123,충남 서천군 장항읍 장항로161번길 7 · 한국관광공사 연관 관광지 · 카카오 좌표,
ro389,nation,전국,인제,Inje,,옛날원대막국수,옛날원대막국수,,,food,로컬상권·먹거리,38.00228,128.23161,50,,"한식 · 곰배령(산림청_진동리구간), 만해마을 등과 함께 많이 찾는 곳 (연관 11회)",,,,N,N,N,,N,Y,Y,,,,,,http://place.map.kakao.com/10692233,강원특별자치도 인제군 인제읍 자작나무숲길 1113 · 한국관광공사 연관 관광지 · 카카오 좌표,
ro390,nation,전국,대전,Daejeon,,대전엑스포아쿠아리움,대전엑스포아쿠아리움,,,activity,테마파크·액티비티,36.37529,127.38138,90,,"테마공원 · 대전아쿠아리움, 대전오월드 등과 함께 많이 찾는 곳 (연관 10회)",,,,N,N,N,유성구 관광특구 (0000 지정),N,Y,Y,,,,,,http://place.map.kakao.com/703168965,대전 유성구 엑스포로 1 · 한국관광공사 연관 관광지 · 카카오 좌표,
ro391,nation,전국,대전,Daejeon,,한국조폐공사 화폐박물관,Currency Museum of Korea,,貨幣博物館,herit,문화유산·전통체험,36.37751,127.3705,60,,"전시시설 · 대전아쿠아리움, 대전시립미술관 등과 함께 많이 찾는 곳 (연관 10회)",,,,N,N,N,,N,Y,Y,,,,,,http://place.map.kakao.com/10099019,대전 유성구 과학로 80-67 · 한국관광공사 연관 관광지 · 카카오 좌표,
ro392,nation,전국,충주,Chungju,,악어봉,Ageobong Peak,,,sea,해양·자연경관,36.91756,128.04415,40,,"자연경관(산) · 미륵대원지, 삼탄유원지 등과 함께 많이 찾는 곳 (연관 10회)",,,,N,N,N,,N,Y,Y,,,,,,http://place.map.kakao.com/909612022,충북 충주시 살미면 신당리 산 30-1 · 한국관광공사 연관 관광지 · 카카오 좌표,
ro393,nation,전국,평창,Pyeongchang,,청옥산 육백마지기농장,청옥산 육백마지기농장,,,heal,힐링·생태·체험,37.4009,128.51274,60,,"농·산/어촌체험 · 가리왕산자연휴양림, 병방치스카이워크 등과 함께 많이 찾는 곳 (연관 10회)",,,,N,N,N,,N,Y,Y,,,,,,http://place.map.kakao.com/400226917,강원특별자치도 평창군 미탄면 청옥산길 583-68 · 한국관광공사 연관 관광지 · 카카오 좌표,
ro394,nation,전국,평창,Pyeongchang,,장전계곡,장전계곡,,,sea,해양·자연경관,37.49966,128.56434,40,,"자연경관(산) · 가리왕산자연휴양림, 구미정 등과 함께 많이 찾는 곳 (연관 10회)",,,,N,N,N,,N,Y,Y,,,,,,http://place.map.kakao.com/11168941,강원특별자치도 평창군 진부면 장전리 산 1 · 한국관광공사 연관 관광지 · 카카오 좌표,
ro395,nation,전국,제천,Jecheon,,박달재자연휴양림,박달재자연휴양림,,,heal,힐링·생태·체험,37.15011,128.04941,60,,"자연공원 · 삼탄유원지, 충주호유람선장회나루선착장 등과 함께 많이 찾는 곳 (연관 10회)",,,,N,N,N,,N,Y,Y,,,,,,http://place.map.kakao.com/17638594,충북 제천시 백운면 금봉로 223 · 한국관광공사 연관 관광지 · 카카오 좌표,
ro396,nation,전국,태백,Taebaek,,태백고원자연휴양림,태백고원자연휴양림,,,heal,힐링·생태·체험,37.12358,129.06038,60,,"자연공원 · 도롱이연못, 정암사 등과 함께 많이 찾는 곳 (연관 10회)",,,,N,N,N,,N,Y,Y,,,,,,http://place.map.kakao.com/16124013,강원특별자치도 태백시 머리골길 153 · 한국관광공사 연관 관광지 · 카카오 좌표,
ro397,nation,전국,태백,Taebaek,,365세이프타운,365세이프타운,,,activity,테마파크·액티비티,37.10049,129.02461,90,,"테마공원 · 메이힐스리조트, 매봉산바람의언덕 등과 함께 많이 찾는 곳 (연관 10회)",,,,N,N,N,,N,Y,Y,,,,,,http://place.map.kakao.com/25045748,강원특별자치도 태백시 평화길 15 · 한국관광공사 연관 관광지 · 카카오 좌표,
ro398,nation,전국,정선,Jeongseon,,화암약수,화암약수,,,sea,해양·자연경관,37.32704,128.7837,40,,"자연경관(산) · 몰운대, 민둥산/증산초교지구 등과 함께 많이 찾는 곳 (연관 10회)",,,,N,N,N,정선군 관광지 (2013 지정),N,Y,Y,,,,,,http://place.map.kakao.com/1562607253,강원특별자치도 정선군 화암면 약수길 1328 · 한국관광공사 연관 관광지 · 카카오 좌표,
ro399,nation,전국,평창,Pyeongchang,,청옥산 전망대,청옥산 전망대,,,activity,테마파크·액티비티,37.4085,128.51045,90,,"랜드마크관광 · 아우라지, 대화전통시장 등과 함께 많이 찾는 곳 (연관 10회)",,,,N,N,N,,N,Y,Y,,,,,,http://place.map.kakao.com/363150343,강원특별자치도 평창군 미탄면 회동리 1-5 · 한국관광공사 연관 관광지 · 카카오 좌표,
ro400,nation,전국,수원,Suwon,,수원화성 장안문,수원화성 장안문,,,herit,문화유산·전통체험,37.28886,127.01424,60,,"역사유적지 · 못골종합시장, 팔달문 등과 함께 많이 찾는 곳 (연관 10회)",,,,N,N,N,수원시 관광특구 (2016 지정),N,Y,Y,,,,,,http://place.map.kakao.com/8062847,경기 수원시 팔달구 정조로 910 · 한국관광공사 연관 관광지 · 카카오 좌표,
ro401,nation,전국,대구,Daegu,,국립대구과학관,Daegu National Science Museum,国立大邱科学馆,国立大邱科学館,herit,문화유산·전통체험,35.68666,128.46576,60,,"전시시설 · 국립대구기상과학관, 대구아쿠아리움 등과 함께 많이 찾는 곳 (연관 10회)",,,,N,N,N,,N,Y,Y,,,,,,http://place.map.kakao.com/18428850,대구 달성군 유가읍 테크노대로6길 20 · 한국관광공사 연관 관광지 · 카카오 좌표,
ro402,nation,전국,포천,Pocheon,,담터계곡,담터계곡,,,sea,해양·자연경관,38.15524,127.19008,40,,"자연경관(산) · 고석정국민관광지, 도피안사 등과 함께 많이 찾는 곳 (연관 10회)",,,,N,N,N,,N,Y,Y,,,,,,http://place.map.kakao.com/7814304,경기 포천시 관인면 삼율리 · 한국관광공사 연관 관광지 · 카카오 좌표,
ro403,nation,전국,고성,Goseong,,고성시장,고성시장,,,food,로컬상권·먹거리,34.97701,128.32292,50,,"시장 · 당포항, 진주농산물도매시장 등과 함께 많이 찾는 곳 (연관 10회)",,,,N,N,N,,N,Y,Y,,,,,,http://place.map.kakao.com/8743861,경남 고성군 고성읍 중앙로25번길 57 · 한국관광공사 연관 관광지 · 카카오 좌표,
ro404,nation,전국,태백,Taebaek,,구와우마을,구와우마을,,,herit,문화유산·전통체험,37.20692,128.9897,60,,"역사유적지 · 정암사, 타임캡슐공원 등과 함께 많이 찾는 곳 (연관 10회)",,,,N,N,N,,N,Y,Y,,,,,,http://place.map.kakao.com/25185279,강원특별자치도 태백시 구와우길 38-20 · 한국관광공사 연관 관광지 · 카카오 좌표,
ro405,nation,전국,인천,Incheon,,남촌농산물도매시장,남촌농산물도매시장,,,food,로컬상권·먹거리,37.42233,126.71941,50,,"시장 · 모래내종합시장, 소래포구 등과 함께 많이 찾는 곳 (연관 10회)",,,,N,N,N,,N,Y,Y,,,,,,http://place.map.kakao.com/1866196602,인천 남동구 비류대로 763 · 한국관광공사 연관 관광지 · 카카오 좌표,
ro406,nation,전국,순천,Suncheon,,순천조례호수공원,순천조례호수공원,,,heal,힐링·생태·체험,34.96768,127.52379,60,,"도시공원 · 미평산림욕장, 낙안민속자연휴양림 등과 함께 많이 찾는 곳 (연관 10회)",,,,N,N,N,,N,Y,Y,,,,,,http://place.map.kakao.com/14502646,전남광주통합특별시 순천시 조례동 1867 · 한국관광공사 연관 관광지 · 카카오 좌표,
ro407,nation,전국,함안,Haman,,함안고려동유적지,Goryeo-dong Historic Site,高丽洞遗址,高麗洞遺跡址,herit,문화유산·전통체험,35.27681,128.45997,60,,"역사유적지 · 경상남도수목원, 소계시장 등과 함께 많이 찾는 곳 (연관 10회)",,,,N,N,N,,N,Y,Y,,,,,,http://place.map.kakao.com/10158058,경남 함안군 산인면 모곡2길 53 · 한국관광공사 연관 관광지 · 카카오 좌표,
ro408,nation,전국,사천,Sacheon,,백천사,백천사,,,herit,문화유산·전통체험,34.99647,128.09248,60,,"종교성지 · 경상남도수목원, 청곡사 등과 함께 많이 찾는 곳 (연관 10회)",,,,N,N,N,,N,Y,Y,,,,,,http://place.map.kakao.com/12508942,경남 사천시 백천길 326-2 · 한국관광공사 연관 관광지 · 카카오 좌표,
ro409,nation,전국,진주,Jinju,,진양호,진양호,,,sea,해양·자연경관,35.18808,127.98444,40,,"자연경관(하천·해양) · 국립진주박물관, 응석사 등과 함께 많이 찾는 곳 (연관 10회)",,,,N,N,N,,N,Y,Y,,,,,,http://place.map.kakao.com/8093373,경남 진주시 대평면 당촌리 458 · 한국관광공사 연관 관광지 · 카카오 좌표,
ro410,nation,전국,산청,Sancheong,,남사예담촌,Namsa Yedamchon Village,南沙古墙村,南沙イェダム村,herit,문화유산·전통체험,35.27422,127.93634,60,,"역사유적지 · 진주청동기문화박물관, 초전공원 등과 함께 많이 찾는 곳 (연관 10회)",,,,N,N,N,,N,Y,Y,,,,,,http://place.map.kakao.com/10182948,경남 산청군 단성면 지리산대로2897번길 10 · 한국관광공사 연관 관광지 · 카카오 좌표,
ro411,nation,전국,춘천,Chuncheon,,레고랜드코리아리조트,레고랜드코리아리조트,,,activity,테마파크·액티비티,37.88419,127.6992,90,,"테마공원 · KT&G상상마당/춘천아트센터, 강촌레일파크/경강역 등과 함께 많이 찾는 곳 (연관 10회)",,,,N,N,N,춘천시 관광지 (2019 지정),N,Y,Y,,,,,,http://place.map.kakao.com/27204421,강원특별자치도 춘천시 하중도길 128 · 한국관광공사 연관 관광지 · 카카오 좌표,
ro412,nation,전국,울릉,Ulleung,,저동항,저동항,,,sea,해양·자연경관,37.49622,130.90997,40,,"자연경관(하천·해양) · 거북바위, 관음도 등과 함께 많이 찾는 곳 (연관 10회)",,,,N,N,N,,N,Y,Y,,,,,,http://place.map.kakao.com/8498652,경북 울릉군 울릉읍 저동리 48-8 · 한국관광공사 연관 관광지 · 카카오 좌표,
ro413,nation,전국,화순,Hwasun,,개미산 전망대,개미산 전망대,,,activity,테마파크·액티비티,35.04498,126.9654,90,,"랜드마크관광 · 사직공원전망타워, 광주비엔날레전시관 등과 함께 많이 찾는 곳 (연관 10회)",,,,N,N,N,,N,Y,Y,,,,,,http://place.map.kakao.com/1046131796,전남광주통합특별시 화순군 화순읍 연양1길 31 · 한국관광공사 연관 관광지 · 카카오 좌표,
ro414,nation,전국,창원,Changwon,,신촌온천,신촌온천,,,heal,힐링·생태·체험,35.35242,128.61105,60,,"웰니스관광 · 섬이정원, 장복산조각공원 등과 함께 많이 찾는 곳 (연관 10회)",,,,N,N,N,창원시 관광지 (1986 지정),N,Y,Y,,,,,,http://place.map.kakao.com/14720582,경남 창원시 의창구 북면 천주로1150번길 15-14 · 한국관광공사 연관 관광지 · 카카오 좌표,
ro415,nation,전국,남해,Namhae,,사촌해수욕장,사촌해수욕장,,,sea,해양·자연경관,34.74355,127.85593,40,,"자연경관(하천·해양) · 구미동해수욕장, 남해탈공연박물관 등과 함께 많이 찾는 곳 (연관 10회)",,,,N,N,N,,N,Y,Y,,,,,,http://place.map.kakao.com/10437134,경남 남해군 남면 남면로1229번길 44 · 한국관광공사 연관 관광지 · 카카오 좌표,
ro416,nation,전국,부여,Buyeo,,부여중앙시장,부여중앙시장,,,food,로컬상권·먹거리,36.28174,126.91182,50,,"시장 · 구드래선착장, 국립부여박물관 등과 함께 많이 찾는 곳 (연관 10회)",,,,N,N,N,,N,Y,Y,,,,,,http://place.map.kakao.com/18525025,충남 부여군 부여읍 사비로108번길 12 · 한국관광공사 연관 관광지 · 카카오 좌표,
ro417,nation,전국,남원,Namwon,,뱀사골계곡,뱀사골계곡,,,sea,해양·자연경관,35.35984,127.58632,40,,"자연경관(산) · 광한루원, 남원백두대간생태교육장전시관 등과 함께 많이 찾는 곳 (연관 10회)",,,,N,N,N,,N,Y,Y,,,,,,http://place.map.kakao.com/8386093,전북특별자치도 남원시 산내면 부운리 · 한국관광공사 연관 관광지 · 카카오 좌표,
ro418,nation,전국,아산,Asan,,강당골,강당골,,,sea,해양·자연경관,36.71029,127.01588,40,,"자연경관(산) · 광덕사, 광덕산 등과 함께 많이 찾는 곳 (연관 10회)",,,,N,N,N,,N,Y,Y,,,,,,http://place.map.kakao.com/10120259,충남 아산시 송악면 강당리 510 · 한국관광공사 연관 관광지 · 카카오 좌표,
ro420,nation,전국,아산,Asan,,파라다이스스파도고,Paradise Spa Dogo,百乐达斯SPA道高,パラダイススパ・トゴ(道高),heal,힐링·생태·체험,36.76612,126.88596,60,,"웰니스관광 · 갑사, 모나밸리 등과 함께 많이 찾는 곳 (연관 10회)",,,,N,N,N,,N,Y,Y,,,,,,http://place.map.kakao.com/8115771,충남 아산시 선장면 도고온천로 176-1 · 한국관광공사 연관 관광지 · 카카오 좌표,
ro421,nation,전국,울산,Ulsan,,영남알프스 복합웰컴센터,Yeongnam Alps Complex Welcome Center,岭南阿尔卑斯综合迎宾中心,嶺南アルプス複合ウェルカムセンター,activity,테마파크·액티비티,35.55637,129.06766,90,,"기타문화관광지 · 간월재, 배내고개 등과 함께 많이 찾는 곳 (연관 10회)",,,,N,N,N,,N,Y,Y,,,,,,http://place.map.kakao.com/972019449,울산 울주군 상북면 알프스온천5길 103-8 · 한국관광공사 연관 관광지 · 카카오 좌표,
ro422,nation,전국,논산,Nonsan,,탑정호수변생태공원,탑정호수변생태공원,,,heal,힐링·생태·체험,36.19186,127.17131,60,,"도시공원 · 신원사, 관촉사 등과 함께 많이 찾는 곳 (연관 10회)",,,,N,N,N,,N,Y,Y,,,,,,http://place.map.kakao.com/19769327,충남 논산시 부적면 충곡리 287-8 · 한국관광공사 연관 관광지 · 카카오 좌표,
ro423,nation,전국,정읍,Jeongeup,,서현사지,서현사지,,,herit,문화유산·전통체험,35.62375,126.91881,60,,"종교성지 · 옥구향교, 국립전북기상과학관 등과 함께 많이 찾는 곳 (연관 10회)",,,,N,N,N,,N,Y,Y,,,,,,http://place.map.kakao.com/12747112,전북특별자치도 정읍시 태인면 서재길 13 · 한국관광공사 연관 관광지 · 카카오 좌표,
ro424,nation,전국,울산,Ulsan,,남창옹기종기시장,남창옹기종기시장,,,food,로컬상권·먹거리,35.41669,129.28278,50,,"시장 · 덕신소공원, 반구대암각화 등과 함께 많이 찾는 곳 (연관 10회)",,,,N,N,N,,N,Y,Y,,,,,,http://place.map.kakao.com/18526021,울산 울주군 온양읍 남창장터길 24 · 한국관광공사 연관 관광지 · 카카오 좌표,
ro425,nation,전국,창원,Changwon,,대산파크골프장,대산파크골프장,,,activity,테마파크·액티비티,35.352,128.72138,90,,"육상레저스포츠 · 대광사, 불곡사 등과 함께 많이 찾는 곳 (연관 10회)",,,,N,N,N,,N,Y,Y,,,,,,http://place.map.kakao.com/1822201915,경남 창원시 의창구 대산면 북부리 196-2 · 한국관광공사 연관 관광지 · 카카오 좌표,
ro426,nation,전국,당진,Dangjin,,도비도항,도비도항,,,sea,해양·자연경관,37.01797,126.46148,40,,"자연경관(하천·해양) · 만대항, 남당항 등과 함께 많이 찾는 곳 (연관 10회)",,,,N,N,N,,N,Y,Y,,,,,,http://place.map.kakao.com/18377105,충남 당진시 석문면 난지도리 · 한국관광공사 연관 관광지 · 카카오 좌표,
ro427,nation,전국,창원,Changwon,,가음정 전통시장,가음정 전통시장,,,food,로컬상권·먹거리,35.20783,128.69813,50,,"시장 · 불모산노을전망대, 주기철목사기념관 등과 함께 많이 찾는 곳 (연관 10회)",,,,N,N,N,,N,Y,Y,,,,,,http://place.map.kakao.com/25619265,경남 창원시 성산구 대정로35번길 4-1 · 한국관광공사 연관 관광지 · 카카오 좌표,
ro428,nation,전국,밀양,Miryang,,여여정사,여여정사,,,herit,문화유산·전통체험,35.4402,128.89304,60,,"종교성지 · 창원향교, 신흥사 등과 함께 많이 찾는 곳 (연관 10회)",,,,N,N,N,,N,Y,Y,,,,,,http://place.map.kakao.com/9903347,경남 밀양시 삼랑진읍 행곡1길 180-158 · 한국관광공사 연관 관광지 · 카카오 좌표,
ro429,nation,전국,가평,Gapyeong,,가평베고니아새정원,Gapyeong Begonia Bird Park,加平海棠鸟园,加平ベゴニアバードパーク,activity,테마파크·액티비티,37.6846,127.52563,90,,"테마공원 · 강촌레일파크/가평역, 남이섬 등과 함께 많이 찾는 곳 (연관 10회)",,,,N,N,N,,N,Y,Y,,,,,,http://place.map.kakao.com/774270479,경기 가평군 설악면 미사리로270번길 30 · 한국관광공사 연관 관광지 · 카카오 좌표,
ro430,nation,전국,서산,Seosan,,서산중앙호수공원,서산중앙호수공원,,,heal,힐링·생태·체험,36.77681,126.4506,60,,"도시공원 · 두여해수욕장, 도비도항 등과 함께 많이 찾는 곳 (연관 10회)",,,,N,N,N,,N,Y,Y,,,,,,http://place.map.kakao.com/8080745,충남 서산시 읍내동 40 · 한국관광공사 연관 관광지 · 카카오 좌표,
ro431,nation,전국,고창,Gochang,,석정휴스파,석정휴스파,,,heal,힐링·생태·체험,35.43218,126.7414,60,,"웰니스관광 · 내장사, 고창고인돌군 등과 함께 많이 찾는 곳 (연관 10회)",,,,N,N,N,고창군 관광지 (2026 지정),N,Y,Y,,,,,,http://place.map.kakao.com/7953977,전북특별자치도 고창군 고창읍 석정2로 173 · 한국관광공사 연관 관광지 · 카카오 좌표,
ro432,nation,전국,여주,Yeoju,,한강6경바위늪경 강천섬,한강6경바위늪경 강천섬,,,sea,해양·자연경관,37.23271,127.70032,40,,"자연경관(하천·해양) · 금은모래강변공원, 금은모래캠핑장 등과 함께 많이 찾는 곳 (연관 10회)",,,,N,N,N,,N,Y,Y,,,,,,http://place.map.kakao.com/14557512,경기 여주시 강천면 강천리 645 · 한국관광공사 연관 관광지 · 카카오 좌표,
ro433,nation,전국,밀양,Miryang,,선샤인밀양테마파크,선샤인밀양테마파크,,,activity,테마파크·액티비티,35.50048,128.83336,90,,"복합관광시설 · 우포늪, 만어사 등과 함께 많이 찾는 곳 (연관 10회)",,,,N,N,N,,N,Y,Y,,,,,,http://place.map.kakao.com/91203706,경남 밀양시 단장면 관광단지로 78 · 한국관광공사 연관 관광지 · 카카오 좌표,
ro434,nation,전국,파주,Paju,,율곡수목원,Yulgok Arboretum,栗谷树木园,栗谷樹木園,activity,테마파크·액티비티,37.8983,126.82293,90,,"테마공원 · 깊이울유원지, 감악산출렁다리 등과 함께 많이 찾는 곳 (연관 10회)",,,,N,N,N,,N,Y,Y,,,,,,http://place.map.kakao.com/25770270,경기 파주시 파평면 장승배기로 392 · 한국관광공사 연관 관광지 · 카카오 좌표,
ro435,nation,전국,포천,Pocheon,,예술정원1999 자연예술테마파크,예술정원1999 자연예술테마파크,,,activity,테마파크·액티비티,37.92447,127.23361,90,,"테마공원 · 고모저수지, 나남수목원 등과 함께 많이 찾는 곳 (연관 10회)",,,,N,N,N,,N,Y,Y,,,,,,http://place.map.kakao.com/953308668,경기 포천시 신북면 아트밸리로 184-1 · 한국관광공사 연관 관광지 · 카카오 좌표,
ro436,nation,전국,단양,Danyang,,다누리아쿠아리움,다누리아쿠아리움,,丹陽タヌリアクアリウム,activity,테마파크·액티비티,36.98515,128.37063,90,,"테마공원 · 고수동굴, 구인사 등과 함께 많이 찾는 곳 (연관 10회)",,,,N,N,N,,N,Y,Y,,,,,,http://place.map.kakao.com/18937827,충북 단양군 단양읍 수변로 111 · 한국관광공사 연관 관광지 · 카카오 좌표,
ro437,nation,전국,서울,Seoul,,한성백제박물관,한성백제박물관,汉城百济博物馆,,herit,문화유산·전통체험,37.51541,127.1209,60,,"전시시설 · 롯데월드아쿠아리움, 서울백제어린이박물관 등과 함께 많이 찾는 곳 (연관 10회)",,,,N,N,N,,N,Y,Y,,,,,,http://place.map.kakao.com/20560529,서울 송파구 위례성대로 71 · 한국관광공사 연관 관광지 · 카카오 좌표,
ro438,nation,전국,서울,Seoul,,4.19학생혁명기념탑,4.19학생혁명기념탑,,,herit,문화유산·전통체험,37.64854,127.00685,60,,"역사유물 · 도선사, 북서울꿈의숲 등과 함께 많이 찾는 곳 (연관 10회)",,,,N,N,N,,N,Y,Y,,,,,,http://place.map.kakao.com/17806919,서울 강북구 4.19로8길 17 · 한국관광공사 연관 관광지 · 카카오 좌표,
ro439,nation,전국,서울,Seoul,,광나루한강공원,Gwangnaru Hangang Park,汉江市民公园广渡口地区(广渡口汉江公园),クァンナル漢江公園,heal,힐링·생태·체험,37.54413,127.11832,60,,"도시공원 · 양화한강공원, 뚝섬한강공원 등과 함께 많이 찾는 곳 (연관 10회)",,,,N,N,N,,N,Y,Y,,,,,,http://place.map.kakao.com/17384968,서울 강동구 천호동 481-9 · 한국관광공사 연관 관광지 · 카카오 좌표,
ro440,nation,전국,서울,Seoul,,이촌한강공원,Ichon Hangang Park,二村汉江公园,二村漢江公園,heal,힐링·생태·체험,37.51724,126.97053,60,,"도시공원 · 양화한강공원, 여의도한강공원 등과 함께 많이 찾는 곳 (연관 10회)",,,,N,N,N,,N,Y,Y,,,,,,http://place.map.kakao.com/8625698,서울 용산구 이촌로72길 62 · 한국관광공사 연관 관광지 · 카카오 좌표,
ro441,nation,전국,서울,Seoul,,청와대 사랑채,Cheongwadae Sarangchae,青瓦台舍廊房,青瓦台サランチェ,herit,문화유산·전통체험,37.58268,126.97323,60,,"전시시설 · 롯데월드아쿠아리움, 남산골한옥마을 등과 함께 많이 찾는 곳 (연관 10회)",,,,N,N,N,,N,Y,Y,,,,,,http://place.map.kakao.com/8167380,서울 종로구 효자로13길 45 · 한국관광공사 연관 관광지 · 카카오 좌표,
ro442,nation,전국,부산,Busan,,더베이101,The Bay 101,,,activity,테마파크·액티비티,35.15656,129.15202,90,,"기타문화관광지 · 당감시장, 롯데월드 어드벤처 부산 등과 함께 많이 찾는 곳 (연관 10회)",,,,N,N,N,해운대구 관광지 (2006 지정),N,Y,Y,,,,,,http://place.map.kakao.com/27457865,부산 해운대구 동백로 52 · 한국관광공사 연관 관광지 · 카카오 좌표,
ro443,nation,전국,부산,Busan,,삼광사,Samgwangsa Temple,三光寺,三光寺,herit,문화유산·전통체험,35.17571,129.04337,60,,"종교성지 · 부산어린이대공원, 성암사 등과 함께 많이 찾는 곳 (연관 10회)",,,,N,N,N,,N,Y,Y,,,,,,http://place.map.kakao.com/7912869,부산 부산진구 초읍천로43번길 77 · 한국관광공사 연관 관광지 · 카카오 좌표,
ro444,nation,전국,부산,Busan,,아홉산숲,Ahopsan Forest,九峰山林,アホプ山森,activity,테마파크·액티비티,35.28704,129.17152,90,,"테마공원 · 기장해녀촌, 은진사 등과 함께 많이 찾는 곳 (연관 10회)",,,,N,N,N,,N,Y,Y,,,,,,http://place.map.kakao.com/2058456587,부산 기장군 철마면 미동길 37-1 · 한국관광공사 연관 관광지 · 카카오 좌표,
ro445,nation,전국,파주,Paju,,심학산 약천사,심학산 약천사,,,herit,문화유산·전통체험,37.7056,126.70112,60,,"종교성지 · 미메시스아트뮤지엄, 벽초지수목원 등과 함께 많이 찾는 곳 (연관 10회)",,,,N,N,N,,N,Y,Y,,,,,,http://place.map.kakao.com/7995431,경기 파주시 교하로681번길 118 · 한국관광공사 연관 관광지 · 카카오 좌표,
ro446,nation,전국,양주,Yangju,,국립아세안자연휴양림,국립아세안자연휴양림,,,heal,힐링·생태·체험,37.77377,126.94218,60,,"자연공원 · 도라전망대, 파주이이유적 등과 함께 많이 찾는 곳 (연관 10회)",,,,N,N,N,,N,Y,Y,,,,,,http://place.map.kakao.com/27050206,경기 양주시 백석읍 기산로 472 · 한국관광공사 연관 관광지 · 카카오 좌표,
ro447,nation,전국,파주,Paju,,한국근현대사박물관,한국근현대사박물관,,,herit,문화유산·전통체험,37.79087,126.69518,60,,"전시시설 · 소울원, 열화당책박물관 등과 함께 많이 찾는 곳 (연관 10회)",,,,N,N,N,,N,Y,Y,,,,,,http://place.map.kakao.com/13613815,경기 파주시 탄현면 헤이리마을길 59-85 · 한국관광공사 연관 관광지 · 카카오 좌표,
ro448,nation,전국,서산,Seosan,,용현계곡,용현계곡,,,sea,해양·자연경관,36.74355,126.60559,40,,"자연경관(산) · 당진합덕제, 마섬포구 등과 함께 많이 찾는 곳 (연관 10회)",,,,N,N,N,,N,Y,Y,,,,,,http://place.map.kakao.com/8026883,충남 서산시 운산면 용현리 · 한국관광공사 연관 관광지 · 카카오 좌표,
ro449,nation,전국,원주,Wonju,,원주자유시장번영회 영선반,원주자유시장번영회 영선반,,,food,로컬상권·먹거리,37.35059,127.94889,50,,"시장 · 구룡사, 국립백운산자연휴양림 등과 함께 많이 찾는 곳 (연관 10회)",,,,N,N,N,,N,Y,Y,,,,,,http://place.map.kakao.com/10693370,강원특별자치도 원주시 중앙시장길 11 · 한국관광공사 연관 관광지 · 카카오 좌표,
ro450,nation,전국,양주,Yangju,,헤세의정원,헤세의정원,,,activity,테마파크·액티비티,37.71589,126.98031,90,,"기타문화관광지 · 흥국사, 국립아세안자연휴양림 등과 함께 많이 찾는 곳 (연관 10회)",,,,N,N,N,,N,Y,Y,,,,,,http://place.map.kakao.com/24710684,경기 양주시 장흥면 호국로550번길 111 · 한국관광공사 연관 관광지 · 카카오 좌표,
ro451,nation,전국,전주,Jeonju,,전주왱이콩나물국밥전문점,Jeonju Waengi Kongmulgukbap Specialty Restaurant,全州嗡嗡黄豆芽汤饭专店,全州ウェンイコンナムルクッパ専門店,food,로컬상권·먹거리,35.81829,127.14918,50,,"한식 · 경기전, 국립전주박물관 등과 함께 많이 찾는 곳 (연관 10회)",,,,N,N,N,,N,Y,Y,,,,,,http://place.map.kakao.com/26615208,전북특별자치도 전주시 완산구 동문길 88 · 한국관광공사 연관 관광지 · 카카오 좌표,
ro452,nation,전국,대전,Daejeon,,원조태평소국밥 본관,원조태평소국밥 본관,,,food,로컬상권·먹거리,36.35748,127.35022,50,,"한식 · 대전곤충생태관, 장태산자연휴양림 등과 함께 많이 찾는 곳 (연관 10회)",,,,N,N,N,유성구 관광특구 (0000 지정),N,Y,Y,,,,,,http://place.map.kakao.com/200882001,대전 유성구 온천동로65번길 50 · 한국관광공사 연관 관광지 · 카카오 좌표,
ro453,nation,전국,용인,Yongin,,라임그라스,라임그라스,,,food,로컬상권·먹거리,37.26365,127.26319,50,,"카페·찻집 · 영동시장, 화성행궁 등과 함께 많이 찾는 곳 (연관 10회)",,,,N,N,N,,N,Y,Y,,,,,,http://place.map.kakao.com/580940304,경기 용인시 처인구 양지읍 한터로 529-9 · 한국관광공사 연관 관광지 · 카카오 좌표,
ro454,nation,전국,전주,Jeonju,,고궁 전주본점,Gogung Jeonju Main Branch,古宫全州总店,古宮全州本店,food,로컬상권·먹거리,35.85006,127.11944,50,,"한식 · 경기전, 국립전주박물관 등과 함께 많이 찾는 곳 (연관 10회)",,,,N,N,N,,N,Y,Y,,,,,,http://place.map.kakao.com/10168334,전북특별자치도 전주시 덕진구 송천중앙로 33 · 한국관광공사 연관 관광지 · 카카오 좌표,
ro455,nation,전국,철원,Cheorwon,,리버포레스트카페&해오름가든,리버포레스트카페&해오름가든,,,food,로컬상권·먹거리,38.18315,127.2861,50,,"한식 · DMZ생태평화공원방문자센터, 고석정국민관광지 등과 함께 많이 찾는 곳 (연관 10회)",,,,N,N,N,철원군 관광지 (2024 지정),N,Y,Y,,,,,,http://place.map.kakao.com/424288229,강원특별자치도 철원군 동송읍 창동로 2364 · 한국관광공사 연관 관광지 · 카카오 좌표,
ro456,nation,전국,인천,Incheon,,송도토스트국수,송도토스트국수,,,food,로컬상권·먹거리,37.42157,126.65234,50,,"간이음식 · 소래포구, 월미도 등과 함께 많이 찾는 곳 (연관 10회)",,,,N,N,N,,N,Y,Y,,,,,,http://place.map.kakao.com/352573852,인천 연수구 청량로 163 · 한국관광공사 연관 관광지 · 카카오 좌표,
ro457,nation,전국,청송,Cheongsong,,원조신촌식당,원조신촌식당,,,food,로컬상권·먹거리,36.50666,129.12075,50,,"한식 · 안동시립박물관, 환호공원 등과 함께 많이 찾는 곳 (연관 10회)",,,,N,N,N,,N,Y,Y,,,,,,http://place.map.kakao.com/10610645,경북 청송군 진보면 신촌약수길 18 · 한국관광공사 연관 관광지 · 카카오 좌표,
ro458,nation,전국,영주,Yeongju,,녹스고지,녹스고지,,,food,로컬상권·먹거리,36.83105,128.61757,50,,"카페·찻집 · 국립산림치유원, 부석사 등과 함께 많이 찾는 곳 (연관 10회)",,,,N,N,N,,N,Y,Y,,,,,,http://place.map.kakao.com/1924341475,경북 영주시 두서길87번길 38 · 한국관광공사 연관 관광지 · 카카오 좌표,
ro459,nation,전국,거창,Geochang,,도감어가,도감어가,,,food,로컬상권·먹거리,35.74293,127.81736,50,,"한식 · 해인사, 대봉산자연휴양림 등과 함께 많이 찾는 곳 (연관 10회)",,,,N,N,N,,N,Y,Y,,,,,,http://place.map.kakao.com/2073604782,경남 거창군 위천면 금원산길 166 · 한국관광공사 연관 관광지 · 카카오 좌표,
ro460,nation,전국,울릉,Ulleung,,카페울라,카페울라,,,food,로컬상권·먹거리,37.5299,130.8582,50,,"카페·찻집 · 거북바위, 관음도 등과 함께 많이 찾는 곳 (연관 10회)",,,,N,N,N,,N,Y,Y,,,,,,http://place.map.kakao.com/524564553,경북 울릉군 북면 추산길 187 · 한국관광공사 연관 관광지 · 카카오 좌표,
ro461,nation,전국,봉화,Bonghwa,,봉화한약우프라자,봉화한약우프라자,,,food,로컬상권·먹거리,36.90161,128.77204,50,,"한식 · 국립산림치유원, 부석사 등과 함께 많이 찾는 곳 (연관 10회)",,,,N,N,N,,N,Y,Y,,,,,,http://place.map.kakao.com/24760211,경북 봉화군 봉성면 농업인길 47 · 한국관광공사 연관 관광지 · 카카오 좌표,
ro462,nation,전국,여주,Yeoju,,감성식탁,감성식탁,,,food,로컬상권·먹거리,37.29181,127.65194,50,,"한식 · 금은모래캠핑장, 명성황후생가 등과 함께 많이 찾는 곳 (연관 10회)",,,,N,N,N,,N,Y,Y,,,,,,http://place.map.kakao.com/102944284,경기 여주시 주내로 58 · 한국관광공사 연관 관광지 · 카카오 좌표,
ro463,nation,전국,가평,Gapyeong,,설악막국수 춘천닭갈비 별관,설악막국수 춘천닭갈비 별관,,,food,로컬상권·먹거리,37.67765,127.48604,50,,"전문음식 · K26잠수풀, 꿈의동산 등과 함께 많이 찾는 곳 (연관 10회)",,,,N,N,N,,N,Y,Y,,,,,,http://place.map.kakao.com/17411830,경기 가평군 설악면 신천중앙로 161 · 한국관광공사 연관 관광지 · 카카오 좌표,
ro464,nation,전국,보성,Boseong,,청광도예원,청광도예원,,,food,로컬상권·먹거리,34.72436,127.08851,50,,"한식 · 운주사, 대원사 등과 함께 많이 찾는 곳 (연관 10회)",,,,N,N,N,,N,Y,Y,,,,,,http://place.map.kakao.com/19486486,전남광주통합특별시 보성군 보성읍 사동길 52-11 · 한국관광공사 연관 관광지 · 카카오 좌표,
ro465,nation,전국,서울,Seoul,,원조호수삼계탕 본점,원조호수삼계탕 본점,,,food,로컬상권·먹거리,37.50267,126.90435,50,,"한식 · 국회의사당/국회박물관, 대신시장 등과 함께 많이 찾는 곳 (연관 10회)",,,,N,N,N,,N,Y,Y,,,,,,http://place.map.kakao.com/8510748,서울 영등포구 도림로 276 · 한국관광공사 연관 관광지 · 카카오 좌표,
ro466,nation,전국,서울,Seoul,,맥도날드 양평SK DT점,맥도날드 양평SK DT점,,,food,로컬상권·먹거리,37.53086,126.89346,50,,"간이음식 · 양화한강공원, 여의도한강공원 등과 함께 많이 찾는 곳 (연관 10회)",,,,N,N,N,,N,Y,Y,,,,,,http://place.map.kakao.com/22264679,서울 영등포구 선유로 195 · 한국관광공사 연관 관광지 · 카카오 좌표,
ro467,nation,전국,서울,Seoul,,맥도날드 등촌DT점,맥도날드 등촌DT점,,,food,로컬상권·먹거리,37.5583,126.85973,50,,"간이음식 · 양화한강공원, 여의도한강공원 등과 함께 많이 찾는 곳 (연관 10회)",,,,N,N,N,,N,Y,Y,,,,,,http://place.map.kakao.com/21937079,서울 강서구 양천로 546 · 한국관광공사 연관 관광지 · 카카오 좌표,
ro468,nation,전국,서울,Seoul,,돈까스잔치 동빙고점,돈까스잔치 동빙고점,,,food,로컬상권·먹거리,37.52124,126.99639,50,,"전문음식 · 아차산배수지체육공원, 세빛섬 등과 함께 많이 찾는 곳 (연관 10회)",,,,N,N,N,,N,Y,Y,,,,,,http://place.map.kakao.com/27280337,서울 용산구 서빙고로 297 · 한국관광공사 연관 관광지 · 카카오 좌표,
ro469,nation,전국,서울,Seoul,,쌍다리돼지불백 본점,쌍다리돼지불백 본점,,,food,로컬상권·먹거리,37.5935,126.99569,50,,"한식 · 화계사, 길상사 등과 함께 많이 찾는 곳 (연관 10회)",,,,N,N,N,,N,Y,Y,,,,,,http://place.map.kakao.com/23300753,서울 성북구 성북로23길 4 · 한국관광공사 연관 관광지 · 카카오 좌표,
ro470,nation,전국,서울,Seoul,,임병주 산동칼국수,임병주 산동칼국수,,,food,로컬상권·먹거리,37.48457,127.03003,50,,"한식 · 구룡사, 국립국악원 등과 함께 많이 찾는 곳 (연관 10회)",,,,N,N,N,,N,Y,Y,,,,,,http://place.map.kakao.com/25038356,서울 서초구 강남대로37길 65 · 한국관광공사 연관 관광지 · 카카오 좌표,
ro471,nation,전국,부산,Busan,,영진돼지국밥 본점,영진돼지국밥 본점,,,food,로컬상권·먹거리,35.09664,128.95786,50,,"한식 · 낙동강하구에코센터, 다대포해수욕장 등과 함께 많이 찾는 곳 (연관 10회)",,,,N,N,N,,N,Y,Y,,,,,,http://place.map.kakao.com/16867846,부산 사하구 하신번영로157번길 39 · 한국관광공사 연관 관광지 · 카카오 좌표,
ro472,nation,전국,수원,Suwon,,수원화성 팔달문,Paldalmun Gate,,八達門,herit,문화유산·전통체험,37.27756,127.01673,60,,"역사유적지 · 매탄공원, 방죽공원 등과 함께 많이 찾는 곳 (연관 9회)",,,,N,N,N,수원시 관광특구 (2016 지정),N,Y,Y,,,,,,http://place.map.kakao.com/8119852,경기 수원시 팔달구 정조로 780 · 한국관광공사 연관 관광지 · 카카오 좌표,
ro473,nation,전국,청송,Cheongsong,,달기약수터,달기약수터,,,sea,해양·자연경관,36.43855,129.08364,40,,"자연경관(산) · 경주오릉, 안동하회마을 등과 함께 많이 찾는 곳 (연관 9회)",,,,N,N,N,,N,Y,Y,,,,,,http://place.map.kakao.com/26369814,경북 청송군 청송읍 약수길 16 · 한국관광공사 연관 관광지 · 카카오 좌표,
ro474,nation,전국,정선,Jeongseon,,강원랜드,Kangwon Land Casino,江原乐园娱乐场,江原ランドカジノ,activity,테마파크·액티비티,37.21173,128.82167,90,,"복합관광시설 · 두타산/무릉계곡방면, 고한야한구공탄시장 등과 함께 많이 찾는 곳 (연관 9회)",,,,N,N,N,,N,Y,Y,,,,,,http://place.map.kakao.com/26542141,강원특별자치도 정선군 사북읍 하이원길 265 · 한국관광공사 연관 관광지 · 카카오 좌표,
ro475,nation,전국,정선,Jeongseon,,로미지안가든,Romyzian Garden,罗美智眼花园,ロミジアンガーデン,activity,테마파크·액티비티,37.43643,128.64112,90,,"테마공원 · 가리왕산자연휴양림, 병방치스카이워크 등과 함께 많이 찾는 곳 (연관 9회)",,,,N,N,N,,N,Y,Y,,,,,,http://place.map.kakao.com/1571203637,강원특별자치도 정선군 북평면 어래길 20 · 한국관광공사 연관 관광지 · 카카오 좌표,
ro476,nation,전국,청주,Cheongju,,국립청주박물관,Cheongju National Museum,国立清州博物馆,国立清州博物館,herit,문화유산·전통체험,36.64976,127.51197,60,,"전시시설 · 상당산성, 수암골전망대 등과 함께 많이 찾는 곳 (연관 9회)",,,,N,N,N,,N,Y,Y,,,,,,http://place.map.kakao.com/8830152,충북 청주시 상당구 명암로 143 · 한국관광공사 연관 관광지 · 카카오 좌표,
ro477,nation,전국,용인,Yongin,,호암미술관,Hoam Museum of Art,湖岩美术馆,湖岩美術館,herit,문화유산·전통체험,37.29452,127.19163,60,,"전시시설 · 수원시립미술관, 문아트그라운드뮤지엄 등과 함께 많이 찾는 곳 (연관 9회)",,,,N,N,N,,N,Y,Y,,,,,,http://place.map.kakao.com/8156072,경기 용인시 처인구 포곡읍 에버랜드로562번길 38 · 한국관광공사 연관 관광지 · 카카오 좌표,
ro478,nation,전국,철원,Cheorwon,,철원역사문화공원,Cheorwon History and Culture Park,铁原历史文化公园,鉄原歴史文化公園,heal,힐링·생태·체험,38.25499,127.20005,60,,"도시공원 · DMZ생태평화공원방문자센터, 고석정국민관광지 등과 함께 많이 찾는 곳 (연관 9회)",,,,N,N,N,,N,Y,Y,,,,,,http://place.map.kakao.com/183546962,강원특별자치도 철원군 철원읍 사요리 366-1 · 한국관광공사 연관 관광지 · 카카오 좌표,
ro479,nation,전국,청주,Cheongju,,옥화자연휴양림,옥화자연휴양림,,,heal,힐링·생태·체험,36.60135,127.6955,60,,"자연공원 · 미동산수목원, 상당산성 등과 함께 많이 찾는 곳 (연관 9회)",,,,N,N,N,,N,Y,Y,,,,,,http://place.map.kakao.com/8017932,충북 청주시 상당구 미원면 운암옥화길 140 · 한국관광공사 연관 관광지 · 카카오 좌표,
ro480,nation,전국,보성,Boseong,,벌교시장,벌교시장,,,food,로컬상권·먹거리,34.8445,127.34563,50,,"시장 · 낭도항, 낙안민속자연휴양림 등과 함께 많이 찾는 곳 (연관 9회)",,,,N,N,N,,N,Y,Y,,,,,,http://place.map.kakao.com/10022445,전남광주통합특별시 보성군 벌교읍 벌교천1길 15 · 한국관광공사 연관 관광지 · 카카오 좌표,
ro481,nation,전국,인천,Incheon,,솔찬공원,솔찬공원,,,heal,힐링·생태·체험,37.37236,126.62821,60,,"도시공원 · 월미도, 달빛축제공원/주공연장 등과 함께 많이 찾는 곳 (연관 9회)",,,,N,N,N,,N,Y,Y,,,,,,http://place.map.kakao.com/25637384,인천 연수구 컨벤시아대로391번길 20 · 한국관광공사 연관 관광지 · 카카오 좌표,
ro482,nation,전국,인천,Incheon,,롱비치파크,롱비치파크,,,heal,힐링·생태·체험,37.40689,126.60992,60,,"도시공원 · 인천항연안여객터미널, 연산군유배지 등과 함께 많이 찾는 곳 (연관 9회)",,,,N,N,N,,N,Y,Y,,,,,,http://place.map.kakao.com/1274153217,인천 연수구 송도동 308-2 · 한국관광공사 연관 관광지 · 카카오 좌표,
ro483,nation,전국,진주,Jinju,,초전공원,초전공원,,,heal,힐링·생태·체험,35.20516,128.12619,60,,"도시공원 · 강주연못, 경상남도수목원 등과 함께 많이 찾는 곳 (연관 9회)",,,,N,N,N,,N,Y,Y,,,,,,http://place.map.kakao.com/11739920,경남 진주시 초전동 1583-40 · 한국관광공사 연관 관광지 · 카카오 좌표,
ro484,nation,전국,진주,Jinju,,지수승산부자마을,지수승산부자마을,,,herit,문화유산·전통체험,35.23642,128.2707,60,,"역사유적지 · 강주연못, 진주익룡발자국전시관 등과 함께 많이 찾는 곳 (연관 9회)",,,,N,N,N,,N,Y,Y,,,,,,http://place.map.kakao.com/445154508,경남 진주시 지수면 지수로 506 · 한국관광공사 연관 관광지 · 카카오 좌표,
ro485,nation,전국,안동,Andong,,안동소주전통음식박물관,Andong Soju & Traditional Food Museum,安东烧酒·传统饮食博物馆,安東焼酎・伝統料理博物館,herit,문화유산·전통체험,36.5498,128.70878,60,,"전시시설 · 경상북도산림과학박물관, 도산서원 등과 함께 많이 찾는 곳 (연관 9회)",,,,N,N,N,,N,Y,Y,,,,,,http://place.map.kakao.com/17151998,경북 안동시 강남로 71-1 · 한국관광공사 연관 관광지 · 카카오 좌표,
ro486,nation,전국,산청,Sancheong,,대원사,대원사,,,herit,문화유산·전통체험,35.35565,127.80709,60,,"종교성지 · 진주시립이성자미술관, 합천호관광농원 등과 함께 많이 찾는 곳 (연관 9회)",,,,N,N,N,,N,Y,Y,,,,,,http://place.map.kakao.com/8264130,경남 산청군 삼장면 대원사길 455 · 한국관광공사 연관 관광지 · 카카오 좌표,
ro487,nation,전국,울릉,Ulleung,,학포항,학포항,,,sea,해양·자연경관,37.50416,130.80469,40,,"자연경관(하천·해양) · 거북바위, 관음도 등과 함께 많이 찾는 곳 (연관 9회)",,,,N,N,N,,N,Y,Y,,,,,,http://place.map.kakao.com/12418102,경북 울릉군 서면 태하리 593 · 한국관광공사 연관 관광지 · 카카오 좌표,
ro488,nation,전국,춘천,Chuncheon,,의암호스카이워크,Uiamho Lake Skywalk,衣岩湖Skywalk,衣岩湖スカイウォーク,activity,테마파크·액티비티,37.84672,127.68038,90,,"랜드마크관광 · 강원특별자치도립화목원, 강촌유원지 등과 함께 많이 찾는 곳 (연관 9회)",,,,N,N,N,,N,Y,Y,,,,,,http://place.map.kakao.com/25400981,강원특별자치도 춘천시 칠전동 468-1 · 한국관광공사 연관 관광지 · 카카오 좌표,
ro489,nation,전국,춘천,Chuncheon,,춘천중도물레길,Chuncheon Joung Do Mullegil,春川中岛水路,春川中島ムルレ道,activity,테마파크·액티비티,37.87083,127.68995,90,,"수상레저스포츠 · KT&G상상마당/춘천아트센터, 국립춘천박물관/본관 등과 함께 많이 찾는 곳 (연관 9회)",,,,N,N,N,,N,Y,Y,,,,,,http://place.map.kakao.com/26556637,강원특별자치도 춘천시 스포츠타운길223번길 95 · 한국관광공사 연관 관광지 · 카카오 좌표,
ro490,nation,전국,울릉,Ulleung,,사동항(울릉도),사동항(울릉도),,,sea,해양·자연경관,37.46123,130.87891,40,,"자연경관(하천·해양) · 거북바위, 관음도 등과 함께 많이 찾는 곳 (연관 9회)",,,,N,N,N,,N,Y,Y,,,,,,http://place.map.kakao.com/7914260,경북 울릉군 울릉읍 울릉순환로 755 · 한국관광공사 연관 관광지 · 카카오 좌표,
ro491,nation,전국,함양,Hamyang,,함양대봉산휴양밸리 대봉스카이랜드,Hamyang Daebong Mountain Valley Resort,咸阳大凤山休养谷,咸陽大鳳山休養バレー,activity,테마파크·액티비티,35.56802,127.71527,90,,"기타레저스포츠 · 오도산자연휴양림, 대봉산자연휴양림 등과 함께 많이 찾는 곳 (연관 9회)",,,,N,N,N,,N,Y,Y,,,,,,http://place.map.kakao.com/28434877,경남 함양군 병곡면 병곡지곡로 331 · 한국관광공사 연관 관광지 · 카카오 좌표,
ro492,nation,전국,울릉,Ulleung,,내수전몽돌해변,내수전몽돌해변,,,sea,해양·자연경관,37.50705,130.91363,40,,"자연경관(하천·해양) · 거북바위, 관음도 등과 함께 많이 찾는 곳 (연관 9회)",,,,N,N,N,,N,Y,Y,,,,,,http://place.map.kakao.com/12411027,경북 울릉군 울릉읍 저동리 10-5 · 한국관광공사 연관 관광지 · 카카오 좌표,
ro493,nation,전국,울릉,Ulleung,,천부항,천부항,,,sea,해양·자연경관,37.54098,130.87195,40,,"자연경관(하천·해양) · 거북바위, 관음도 등과 함께 많이 찾는 곳 (연관 9회)",,,,N,N,N,,N,Y,Y,,,,,,http://place.map.kakao.com/27173165,경북 울릉군 북면 천부리 · 한국관광공사 연관 관광지 · 카카오 좌표,
ro494,nation,전국,남원,Namwon,,인월시장,인월시장,,,food,로컬상권·먹거리,35.46139,127.60219,50,,"시장 · 광한루원, 남원백두대간생태교육장전시관 등과 함께 많이 찾는 곳 (연관 9회)",,,,N,N,N,,N,Y,Y,,,,,,http://place.map.kakao.com/25043774,전북특별자치도 남원시 인월면 인월로 65-3 · 한국관광공사 연관 관광지 · 카카오 좌표,
ro495,nation,전국,아산,Asan,,모나밸리,모나밸리,,,activity,테마파크·액티비티,36.75078,126.99229,90,,"기타문화관광지 · 광덕사, 당림미술관 등과 함께 많이 찾는 곳 (연관 9회)",,,,N,N,N,,N,Y,Y,,,,,,http://place.map.kakao.com/800181130,충남 아산시 순천향로 624 · 한국관광공사 연관 관광지 · 카카오 좌표,
ro496,nation,전국,천안,Cheonan,,천안홍대용과학관,천안홍대용과학관,,,herit,문화유산·전통체험,36.73962,127.2956,60,,"전시시설 · 각원사, 광덕사 등과 함께 많이 찾는 곳 (연관 9회)",,,,N,N,N,,N,Y,Y,,,,,,http://place.map.kakao.com/24870795,충남 천안시 동남구 수신면 장산서길 113 · 한국관광공사 연관 관광지 · 카카오 좌표,
ro497,nation,전국,천안,Cheonan,,아름다운정원 화수목,아름다운정원 화수목,,,heal,힐링·생태·체험,36.78337,127.1938,60,,"농·산/어촌체험 · 독립기념관, 유관순열사기념관 등과 함께 많이 찾는 곳 (연관 9회)",,,,N,N,N,,N,Y,Y,,,,,,http://place.map.kakao.com/27089265,충남 천안시 동남구 목천읍 교천지산길 175 · 한국관광공사 연관 관광지 · 카카오 좌표,
ro498,nation,전국,울산,Ulsan,,작천정계곡,작천정계곡,,,sea,해양·자연경관,35.55125,129.10134,40,,"자연경관(산) · 배내골, 석남사 등과 함께 많이 찾는 곳 (연관 9회)",,,,N,N,N,,N,Y,Y,,,,,,http://place.map.kakao.com/8071217,울산 울주군 삼남읍 교동리 · 한국관광공사 연관 관광지 · 카카오 좌표,
ro499,nation,전국,용인,Yongin,,경기도어린이박물관,Gyeonggi Childrens Museum,京畿道儿童博物馆,京畿道子ども博物館,herit,문화유산·전통체험,37.26736,127.10967,60,,"전시시설 · 경기도박물관, 만골근린공원 등과 함께 많이 찾는 곳 (연관 9회)",,,,N,N,N,,N,Y,Y,,,,,,http://place.map.kakao.com/14747809,경기 용인시 기흥구 상갈로 6 · 한국관광공사 연관 관광지 · 카카오 좌표,
ro501,nation,전국,용인,Yongin,,삼성화재 모빌리티뮤지엄,Samsung Fire & Marine Insurance Mobility Museum,三星火灾交通博物馆,サムスン火災モビリティミュージアム,herit,문화유산·전통체험,37.30036,127.21693,60,,"전시시설 · 한국민속촌, 문아트그라운드뮤지엄 등과 함께 많이 찾는 곳 (연관 9회)",,,,N,N,N,,N,Y,Y,,,,,,http://place.map.kakao.com/23817394,경기 용인시 처인구 포곡읍 에버랜드로376번길 171 · 한국관광공사 연관 관광지 · 카카오 좌표,
ro502,nation,전국,양산,Yangsan,,홍룡사,Hongnyongsa Temple (Yangsan),虹龙寺(梁山),紅龍寺（梁山）,herit,문화유산·전통체험,35.39719,129.08631,60,,"종교성지 · 내원사, 미타암 등과 함께 많이 찾는 곳 (연관 9회)",,,,N,N,N,,N,Y,Y,,,,,,http://place.map.kakao.com/8161806,경남 양산시 상북면 홍룡로 372 · 한국관광공사 연관 관광지 · 카카오 좌표,
ro503,nation,전국,양평,Yangpyeong,,양평군립미술관,양평군립미술관,,,herit,문화유산·전통체험,37.49717,127.48408,60,,"전시시설 · 청평자연휴양림, 한강뮤지엄 등과 함께 많이 찾는 곳 (연관 9회)",,,,N,N,N,,N,Y,Y,,,,,,http://place.map.kakao.com/17025360,경기 양평군 양평읍 문화복지길 2 · 한국관광공사 연관 관광지 · 카카오 좌표,
ro504,nation,전국,여주,Yeoju,,여주곤충박물관,여주곤충박물관,,,herit,문화유산·전통체험,37.25956,127.66335,60,,"전시시설 · 금은모래강변공원, 명성황후생가 등과 함께 많이 찾는 곳 (연관 9회)",,,,N,N,N,,N,Y,Y,,,,,,http://place.map.kakao.com/456971231,경기 여주시 명성로 114-146 · 한국관광공사 연관 관광지 · 카카오 좌표,
ro505,nation,전국,고양,Goyang,,아쿠아플라넷 일산,Aqua Planet Ilsan,一山Aqua Planet海洋世界,,activity,테마파크·액티비티,37.66379,126.75549,90,,"테마공원 · 미호박물관, 원마운트워터파크 등과 함께 많이 찾는 곳 (연관 9회)",,,,N,N,N,,N,Y,Y,,,,,,http://place.map.kakao.com/23738256,경기 고양시 일산서구 한류월드로 282 · 한국관광공사 연관 관광지 · 카카오 좌표,
ro506,nation,전국,여주,Yeoju,,국가유산청 궁능유적본부 세종대왕유적관리소,국가유산청 궁능유적본부 세종대왕유적관리소,,,herit,문화유산·전통체험,37.30493,127.61133,60,,"역사유적지 · 명성황후생가, 목아박물관 등과 함께 많이 찾는 곳 (연관 9회)",,,,N,N,N,,N,Y,Y,,,,,,http://place.map.kakao.com/12457539,경기 여주시 세종대왕면 영릉로 269-10 · 한국관광공사 연관 관광지 · 카카오 좌표,
ro507,nation,전국,함양,Hamyang,,용추계곡,용추계곡,,,sea,해양·자연경관,35.68848,127.76384,40,,"자연경관(산) · 대봉산자연휴양림, 상림공원 등과 함께 많이 찾는 곳 (연관 9회)",,,,N,N,N,,N,Y,Y,,,,,,http://place.map.kakao.com/8148700,경남 함양군 안의면 상원리 산 16-3 · 한국관광공사 연관 관광지 · 카카오 좌표,
ro508,nation,전국,익산,Iksan,,국립익산박물관,Iksan National Museum,,国立益山博物館,herit,문화유산·전통체험,36.01079,127.02749,60,,"전시시설 · 달빛소리수목원, 백제왕궁박물관 등과 함께 많이 찾는 곳 (연관 9회)",,,,N,N,N,,N,Y,Y,,,,,,http://place.map.kakao.com/1527684210,전북특별자치도 익산시 금마면 미륵사지로 362 · 한국관광공사 연관 관광지 · 카카오 좌표,
ro509,nation,전국,고창,Gochang,,넓은들 학원농장,넓은들 학원농장,,,heal,힐링·생태·체험,35.37539,126.54323,60,,"농·산/어촌체험 · 고창고인돌군, 고창세계유산고인돌박물관 등과 함께 많이 찾는 곳 (연관 9회)",,,,N,N,N,,N,Y,Y,,,,,,http://place.map.kakao.com/8124918,전북특별자치도 고창군 공음면 학원농장길 150 · 한국관광공사 연관 관광지 · 카카오 좌표,
ro510,nation,전국,단양,Danyang,,구인사,Guinsa Temple (Danyang),救仁寺（丹阳）,救仁寺（丹陽）,herit,문화유산·전통체험,37.03346,128.48117,60,,"종교성지 · 고수동굴, 다리안국민관광지 등과 함께 많이 찾는 곳 (연관 9회)",,,,N,N,N,,N,Y,Y,,,,,,http://place.map.kakao.com/11030807,충북 단양군 영춘면 구인사길 73 · 한국관광공사 연관 관광지 · 카카오 좌표,
ro511,nation,전국,인제,Inje,,국립방태산자연휴양림,국립방태산자연휴양림,,,heal,힐링·생태·체험,37.92146,128.40082,60,,"자연공원 · 곰배령(산림청_진동리구간), 내린천계곡 등과 함께 많이 찾는 곳 (연관 9회)",,,,N,N,N,,N,Y,Y,,,,,,http://place.map.kakao.com/8316285,강원특별자치도 인제군 기린면 방동리 산 282-1 · 한국관광공사 연관 관광지 · 카카오 좌표,
ro512,nation,전국,서울,Seoul,,영등포전통시장,영등포전통시장,,,food,로컬상권·먹거리,37.51985,126.90808,50,,"시장 · 대신시장, 가리봉시장 등과 함께 많이 찾는 곳 (연관 9회)",,,,N,N,N,,N,Y,Y,,,,,,http://place.map.kakao.com/18526246,서울 영등포구 영등포동2가 30-1 · 한국관광공사 연관 관광지 · 카카오 좌표,
ro513,nation,전국,서울,Seoul,,망원한강공원,Mangwon Hangang Park,汉江市民公园望远地区(望远汉江公园),漢江市民公園 望遠地区（望遠漢江公園）,heal,힐링·생태·체험,37.55172,126.90003,60,,"도시공원 · 양화한강공원, 잠실한강공원 등과 함께 많이 찾는 곳 (연관 9회)",,,,N,N,N,,N,Y,Y,,,,,,http://place.map.kakao.com/8126939,서울 마포구 마포나루길 467 · 한국관광공사 연관 관광지 · 카카오 좌표,
ro514,nation,전국,서울,Seoul,,난지한강공원,Nanji Hangang Park,兰芝汉江公园,蘭芝漢江公園,heal,힐링·생태·체험,37.56704,126.87561,60,,"도시공원 · 양화한강공원, 여의도한강공원 등과 함께 많이 찾는 곳 (연관 9회)",,,,N,N,N,,N,Y,Y,,,,,,http://place.map.kakao.com/8126938,서울 마포구 상암동 495-72 · 한국관광공사 연관 관광지 · 카카오 좌표,
ro515,nation,전국,서울,Seoul,,금남시장,금남시장,,,food,로컬상권·먹거리,37.54845,127.02271,50,,"시장 · 신성종합시장, 남구로시장 등과 함께 많이 찾는 곳 (연관 9회)",,,,N,N,N,,N,Y,Y,,,,,,http://place.map.kakao.com/11031501,서울 성동구 독서당로 303-7 · 한국관광공사 연관 관광지 · 카카오 좌표,
ro516,nation,전국,파주,Paju,,뮤지엄헤이,Museum HEI,,,herit,문화유산·전통체험,37.78285,126.69028,60,,"전시시설 · 밤밭청개구리공원, 국립민속박물관/파주 등과 함께 많이 찾는 곳 (연관 9회)",,,,N,N,N,,N,Y,Y,,,,,,http://place.map.kakao.com/1065894572,경기 파주시 탄현면 평화로 885-43 · 한국관광공사 연관 관광지 · 카카오 좌표,
ro517,nation,전국,부산,Busan,,동부산우체국,동부산우체국,,,food,로컬상권·먹거리,35.13822,129.06226,50,,"시장 · 부전마켓타운, 삼광사 등과 함께 많이 찾는 곳 (연관 9회)",,,,N,N,N,,N,Y,Y,,,,,,http://place.map.kakao.com/7840536,부산 동구 조방로 15 · 한국관광공사 연관 관광지 · 카카오 좌표,
ro518,nation,전국,부산,Busan,,피아크,피아크,,,activity,테마파크·액티비티,35.08641,129.07675,90,,"기타문화관광지 · 학리방파제, 부산공동어시장 등과 함께 많이 찾는 곳 (연관 9회)",,,,N,N,N,,N,Y,Y,,,,,,http://place.map.kakao.com/679271425,부산 영도구 해양로195번길 180 · 한국관광공사 연관 관광지 · 카카오 좌표,
ro519,nation,전국,양주,Yangju,,일영유원지,일영유원지,,,activity,테마파크·액티비티,37.69582,126.93428,90,,"복합관광시설 · 마장호수, 보광사 등과 함께 많이 찾는 곳 (연관 9회)",,,,N,N,N,,N,Y,Y,,,,,,http://place.map.kakao.com/11174120,경기 양주시 장흥면 일영로502번길 222-68 · 한국관광공사 연관 관광지 · 카카오 좌표,
ro520,nation,전국,원주,Wonju,,원주 강원감영,"Gangwongamyeong Provincial Office, Wonju",原州江原监营,原州江原監営,herit,문화유산·전통체험,37.34797,127.95042,60,,"역사유적지 · 허브나라농원, 영월동강오토캠핑장 등과 함께 많이 찾는 곳 (연관 9회)",,,,N,N,N,,N,Y,Y,,,,,,http://place.map.kakao.com/8171435,강원특별자치도 원주시 원일로 77 · 한국관광공사 연관 관광지 · 카카오 좌표,
ro521,nation,전국,서산,Seosan,,국립용현자연휴양림,국립용현자연휴양림,,,heal,힐링·생태·체험,36.75044,126.60959,60,,"자연공원 · 당진면천읍성, 솔뫼성지 등과 함께 많이 찾는 곳 (연관 9회)",,,,N,N,N,,N,Y,Y,,,,,,http://place.map.kakao.com/8670049,충남 서산시 운산면 마애삼존불길 339 · 한국관광공사 연관 관광지 · 카카오 좌표,
ro522,nation,전국,하동,Hadong,,스타웨이하동,스타웨이하동,,,activity,테마파크·액티비티,35.14923,127.68046,90,,"랜드마크관광 · 구재봉자연휴양림, 동정호 등과 함께 많이 찾는 곳 (연관 9회)",,,,N,N,N,,N,Y,Y,,,,,,http://place.map.kakao.com/837811248,경남 하동군 악양면 섬진강대로 3358-110 · 한국관광공사 연관 관광지 · 카카오 좌표,
ro523,nation,전국,용인,Yongin,,포레스트아웃팅스 용인점,포레스트아웃팅스 용인점,,,food,로컬상권·먹거리,37.22316,127.09764,50,,"카페·찻집 · 반달공원, 방죽공원 등과 함께 많이 찾는 곳 (연관 9회)",,,,N,N,N,,N,Y,Y,,,,,,http://place.map.kakao.com/1132246493,경기 용인시 기흥구 농서로 4 · 한국관광공사 연관 관광지 · 카카오 좌표,
ro524,nation,전국,대전,Daejeon,,맥도날드 대전카이스트DT점,맥도날드 대전카이스트DT점,,,food,로컬상권·먹거리,36.38051,127.37837,50,,"간이음식 · 대전곤충생태관, 천연기념물센터 등과 함께 많이 찾는 곳 (연관 9회)",,,,N,N,N,,N,Y,Y,,,,,,http://place.map.kakao.com/22559525,대전 유성구 대덕대로 535 · 한국관광공사 연관 관광지 · 카카오 좌표,
ro525,nation,전국,김해,Gimhae,,팥고방,팥고방,,,food,로컬상권·먹거리,35.18549,128.78917,50,,"카페·찻집 · 경상남도수목원, 불모산노을전망대 등과 함께 많이 찾는 곳 (연관 9회)",,,,N,N,N,,N,Y,Y,,,,,,http://place.map.kakao.com/2070195422,경남 김해시 대청계곡길 44-13 · 한국관광공사 연관 관광지 · 카카오 좌표,
ro526,nation,전국,철원,Cheorwon,,솔향기,솔향기,,,food,로컬상권·먹거리,38.19286,127.22682,50,,"한식 · 고석정국민관광지, 노동당사 등과 함께 많이 찾는 곳 (연관 9회)",,,,N,N,N,,N,Y,Y,,,,,,http://place.map.kakao.com/12505008,강원특별자치도 철원군 동송읍 금학로 31-10 · 한국관광공사 연관 관광지 · 카카오 좌표,
ro527,nation,전국,대구,Daegu,,신천궁전떡볶이,신천궁전떡볶이,,,food,로컬상권·먹거리,35.86454,128.61939,50,,"간이음식 · 효목시장, 동성로 등과 함께 많이 찾는 곳 (연관 9회)",,,,N,N,N,,N,Y,Y,,,,,,http://place.map.kakao.com/12435003,대구 수성구 국채보상로162길 72 · 한국관광공사 연관 관광지 · 카카오 좌표,
ro528,nation,전국,영주,Yeongju,,한결청국장,한결청국장,,,food,로컬상권·먹거리,36.87336,128.52444,50,,"한식 · 국립산림치유원, 부석사 등과 함께 많이 찾는 곳 (연관 9회)",,,,N,N,N,,N,Y,Y,,,,,,http://place.map.kakao.com/19875286,경북 영주시 풍기읍 인삼로 1-1 · 한국관광공사 연관 관광지 · 카카오 좌표,
ro529,nation,전국,창녕,Changnyeong,,대중분식당,대중분식당,,,food,로컬상권·먹거리,35.54112,128.49153,50,,"한식 · 합천박물관, 해양드라마세트장 등과 함께 많이 찾는 곳 (연관 9회)",,,,N,N,N,,N,Y,Y,,,,,,http://place.map.kakao.com/10325522,경남 창녕군 창녕읍 창녕대로 27 · 한국관광공사 연관 관광지 · 카카오 좌표,
ro530,nation,전국,창원,Changwon,,스타벅스 창원마창대교점,스타벅스 창원마창대교점,,,food,로컬상권·먹거리,35.17057,128.59725,50,,"카페·찻집 · 진해해양공원, 가포수변공원 등과 함께 많이 찾는 곳 (연관 9회)",,,,N,N,N,,N,Y,Y,,,,,,http://place.map.kakao.com/1721581829,경남 창원시 성산구 삼귀로 159 · 한국관광공사 연관 관광지 · 카카오 좌표,
ro531,nation,전국,김해,Gimhae,,대청마루카페사계,대청마루카페사계,,,food,로컬상권·먹거리,35.18289,128.76092,50,,"카페·찻집 · 주기철목사기념관, 본포수변생태공원 등과 함께 많이 찾는 곳 (연관 9회)",,,,N,N,N,,N,Y,Y,,,,,,http://place.map.kakao.com/863342167,경남 김해시 대청계곡길 313-21 · 한국관광공사 연관 관광지 · 카카오 좌표,
ro532,nation,전국,경기광주,Gwangju-gg,,맥도날드 경기광주DT점,맥도날드 경기광주DT점,,,food,로컬상권·먹거리,37.40135,127.27114,50,,"간이음식 · 플라이스테이션코리아, 경안시장 등과 함께 많이 찾는 곳 (연관 9회)",,,,N,N,N,,N,Y,Y,,,,,,http://place.map.kakao.com/403960846,경기 광주시 경충대로 1477 · 한국관광공사 연관 관광지 · 카카오 좌표,
ro533,nation,전국,정읍,Jeongeup,,양자강,양자강,,,food,로컬상권·먹거리,35.56661,126.8573,50,,"외국식 · 국립전북기상과학관, 내장사 등과 함께 많이 찾는 곳 (연관 9회)",,,,N,N,N,,N,Y,Y,,,,,,http://place.map.kakao.com/11280269,전북특별자치도 정읍시 우암로 57 · 한국관광공사 연관 관광지 · 카카오 좌표,
ro534,nation,전국,함안,Haman,,아라가야 함안점,아라가야 함안점,,,food,로컬상권·먹거리,35.27486,128.40787,50,,"한식 · 창녕박물관, 고려동유적지 등과 함께 많이 찾는 곳 (연관 9회)",,,,N,N,N,,N,Y,Y,,,,,,http://place.map.kakao.com/1471073559,경남 함안군 가야읍 중앙남길 19 · 한국관광공사 연관 관광지 · 카카오 좌표,
ro535,nation,전국,서울,Seoul,,스타벅스 구의DT점,스타벅스 구의DT점,,,food,로컬상권·먹거리,37.5453,127.0872,50,,"카페·찻집 · 뚝섬한강공원, 서울상상나라 등과 함께 많이 찾는 곳 (연관 9회)",,,,N,N,N,,N,Y,Y,,,,,,http://place.map.kakao.com/26639935,서울 광진구 광나루로 519 · 한국관광공사 연관 관광지 · 카카오 좌표,
ro536,nation,전국,서울,Seoul,,맥도날드 강남삼성DT점,맥도날드 강남삼성DT점,,,food,로컬상권·먹거리,37.51091,127.04733,50,,"간이음식 · 여의도공원, 뚝도청춘시장 등과 함께 많이 찾는 곳 (연관 9회)",,,,N,N,N,,N,Y,Y,,,,,,http://place.map.kakao.com/2091772039,서울 강남구 봉은사로 432 · 한국관광공사 연관 관광지 · 카카오 좌표,
ro537,nation,전국,예산,Yesan,,백설농부,백설농부,,,food,로컬상권·먹거리,36.76161,126.68198,50,,"카페·찻집 · 세계꽃식물원, 당진면천읍성 등과 함께 많이 찾는 곳 (연관 9회)",,,,N,N,N,,N,Y,Y,,,,,,http://place.map.kakao.com/927150433,충남 예산군 봉산면 봉산로 516 · 한국관광공사 연관 관광지 · 카카오 좌표,
ro538,nation,전국,서울,Seoul,,감나무집기사식당,감나무집기사식당,,,food,로컬상권·먹거리,37.56171,126.92216,50,,"한식 · 여의도공원, 푸른수목원 등과 함께 많이 찾는 곳 (연관 9회)",,,,N,N,N,,N,Y,Y,,,,,,http://place.map.kakao.com/1641347883,서울 마포구 연남로 23 · 한국관광공사 연관 관광지 · 카카오 좌표,
ro539,nation,전국,단양,Danyang,,보리곳간,보리곳간,,,food,로컬상권·먹거리,37.02613,128.3848,50,,"한식 · 고수동굴, 구인사 등과 함께 많이 찾는 곳 (연관 9회)",,,,N,N,N,,N,Y,Y,,,,,,http://place.map.kakao.com/2032941749,충북 단양군 가곡면 사평3길 6-1 · 한국관광공사 연관 관광지 · 카카오 좌표,
ro540,nation,전국,서울,Seoul,,맥도날드 서울둔촌DT점,맥도날드 서울둔촌DT점,,,food,로컬상권·먹거리,37.52933,127.13728,50,,"간이음식 · 방이시장, 서울백제어린이박물관 등과 함께 많이 찾는 곳 (연관 9회)",,,,N,N,N,,N,Y,Y,,,,,,http://place.map.kakao.com/27336044,서울 강동구 양재대로 1382 · 한국관광공사 연관 관광지 · 카카오 좌표,
ro541,nation,전국,부산,Busan,,춘하추동밀면 서면본점,춘하추동밀면 서면본점,,,food,로컬상권·먹거리,35.16147,129.05552,50,,"한식 · KT&G상상마당/부산, 부산시민공원 등과 함께 많이 찾는 곳 (연관 9회)",,,,N,N,N,,N,Y,Y,,,,,,http://place.map.kakao.com/8548900,부산 부산진구 서면문화로 48-1 · 한국관광공사 연관 관광지 · 카카오 좌표,
ro542,nation,전국,대전,Daejeon,,엑스포과학공원,엑스포과학공원,,,heal,힐링·생태·체험,36.37716,127.38708,60,,"도시공원 · 뿌리공원, 테미오래 등과 함께 많이 찾는 곳 (연관 8회)",,,,N,N,N,유성구 관광특구 (0000 지정),N,Y,Y,,,,,,http://place.map.kakao.com/10660880,대전 유성구 대덕대로 480 · 한국관광공사 연관 관광지 · 카카오 좌표,
ro543,nation,전국,수원,Suwon,,권선종합시장,권선종합시장,,,food,로컬상권·먹거리,37.25606,127.02486,50,,"시장 · 구매탄시장, 매탄공원 등과 함께 많이 찾는 곳 (연관 8회)",,,,N,N,N,,N,Y,Y,,,,,,http://place.map.kakao.com/8804747,경기 수원시 권선구 세권로 185 · 한국관광공사 연관 관광지 · 카카오 좌표,
ro544,nation,전국,용인,Yongin,,용인농촌테마파크,용인농촌테마파크,,,activity,테마파크·액티비티,37.17234,127.29815,90,,"복합관광시설 · 국토지리정보원/국립지도박물관, 한국민속촌 등과 함께 많이 찾는 곳 (연관 8회)",,,,N,N,N,,N,Y,Y,,,,,,http://place.map.kakao.com/1125507111,경기 용인시 처인구 원삼면 농촌파크로 80-1 · 한국관광공사 연관 관광지 · 카카오 좌표,
ro545,nation,전국,창원,Changwon,,명서전통시장,명서전통시장,,,food,로컬상권·먹거리,35.24942,128.64598,50,,"시장 · 가조도, 마산로봇랜드 등과 함께 많이 찾는 곳 (연관 8회)",,,,N,N,N,,N,Y,Y,,,,,,http://place.map.kakao.com/27459339,경남 창원시 의창구 원이대로189번길 37-3 · 한국관광공사 연관 관광지 · 카카오 좌표,
ro546,nation,전국,충주,Chungju,,충주탄금공원(구 세계무술공원),충주탄금공원(구 세계무술공원),,,heal,힐링·생태·체험,36.98968,127.90643,60,,"도시공원 · 미륵대원지, 삼탄유원지 등과 함께 많이 찾는 곳 (연관 8회)",,,,N,N,N,충주시 관광지 (2011 지정),N,Y,Y,,,,,,http://place.map.kakao.com/21175070,충북 충주시 남한강로 38 · 한국관광공사 연관 관광지 · 카카오 좌표,
ro547,nation,전국,단양,Danyang,,시루섬,시루섬,,,sea,해양·자연경관,36.96645,128.33927,40,,"자연경관(하천·해양) · 삼탄유원지, 고수동굴 등과 함께 많이 찾는 곳 (연관 8회)",,,,N,N,N,,N,Y,Y,,,,,,http://place.map.kakao.com/1436260996,충북 단양군 단양읍 증도리 2-1 · 한국관광공사 연관 관광지 · 카카오 좌표,
ro548,nation,전국,양산,Yangsan,,내원사계곡,내원사계곡,,,herit,문화유산·전통체험,35.43527,129.1,60,,"종교성지 · 능포항, 법기수원지 등과 함께 많이 찾는 곳 (연관 8회)",,,,N,N,N,,N,Y,Y,,,,,,http://place.map.kakao.com/8231296,경남 양산시 하북면 용연리 · 한국관광공사 연관 관광지 · 카카오 좌표,
ro549,nation,전국,청주,Cheongju,,대청댐전망대,Daecheong Dam Observatory,大清水库展望台,大清ダム展望台,activity,테마파크·액티비티,36.47898,127.48506,90,,"랜드마크관광 · 국립청주박물관, 문의문화재단지 등과 함께 많이 찾는 곳 (연관 8회)",,,,N,N,N,,N,Y,Y,,,,,,http://place.map.kakao.com/27465737,충북 청주시 상당구 문의면 대청호반로 206 · 한국관광공사 연관 관광지 · 카카오 좌표,
ro550,nation,전국,청주,Cheongju,,명암저수지,명암저수지,,,sea,해양·자연경관,36.64172,127.51123,40,,"자연경관(하천·해양) · 상당산성, 수암골전망대 등과 함께 많이 찾는 곳 (연관 8회)",,,,N,N,N,,N,Y,Y,,,,,,http://place.map.kakao.com/15217157,충북 청주시 상당구 용담동 324-1 · 한국관광공사 연관 관광지 · 카카오 좌표,
ro551,nation,전국,전주,Jeonju,,한국도로공사 전주수목원,Korea Expressway Corporation Arboretum,,韓国道路公社全州樹木園,activity,테마파크·액티비티,35.87048,127.05414,90,,"테마공원 · 국립전주박물관, 무녀도 등과 함께 많이 찾는 곳 (연관 8회)",,,,N,N,N,,N,Y,Y,,,,,,http://place.map.kakao.com/10868691,전북특별자치도 전주시 덕진구 번영로 462-45 · 한국관광공사 연관 관광지 · 카카오 좌표,
ro552,nation,전국,전주,Jeonju,,전주월드컵경기장,전주월드컵경기장,,,activity,테마파크·액티비티,35.86815,127.0645,90,,"레저스포츠시설 · 전주향교, 남원관광단지 등과 함께 많이 찾는 곳 (연관 8회)",,,,N,N,N,,N,Y,Y,,,,,,http://place.map.kakao.com/8540309,전북특별자치도 전주시 덕진구 기린대로 1055 · 한국관광공사 연관 관광지 · 카카오 좌표,
ro553,nation,전국,인천,Incheon,,송도컨벤시아,Songdo ConvensiA,松岛会展中心,松島コンベンシア,herit,문화유산·전통체험,37.38871,126.64684,60,,"전시시설 · 늘솔길공원양떼목장, 모래내종합시장 등과 함께 많이 찾는 곳 (연관 8회)",,,,N,N,N,,N,Y,Y,,,,,,http://place.map.kakao.com/10560387,인천 연수구 센트럴로 123 · 한국관광공사 연관 관광지 · 카카오 좌표,
ro554,nation,전국,인천,Incheon,,구월동로데오거리,구월동로데오거리,,,activity,테마파크·액티비티,37.44508,126.70206,90,,"테마공원 · 모래내종합시장, 소래포구 등과 함께 많이 찾는 곳 (연관 8회)",,,,N,N,N,,N,Y,Y,,,,,,http://place.map.kakao.com/18973312,인천 남동구 구월동 1409-25 · 한국관광공사 연관 관광지 · 카카오 좌표,
ro555,nation,전국,순천,Suncheon,,아랫장,아랫장,,,food,로컬상권·먹거리,34.94567,127.49465,50,,"시장 · 성산공원, 진남종합시장 등과 함께 많이 찾는 곳 (연관 8회)",,,,N,N,N,,N,Y,Y,,,,,,http://place.map.kakao.com/18526165,전남광주통합특별시 순천시 장평로 60 · 한국관광공사 연관 관광지 · 카카오 좌표,
ro556,nation,전국,인천,Incheon,,모래내시장,모래내시장,,,food,로컬상권·먹거리,37.45369,126.721,50,,"시장 · 소래습지생태공원, 소래포구 등과 함께 많이 찾는 곳 (연관 8회)",,,,N,N,N,,N,Y,Y,,,,,,http://place.map.kakao.com/8191230,인천 남동구 구월동 1323-5 · 한국관광공사 연관 관광지 · 카카오 좌표,
ro558,nation,전국,안동,Andong,,안동호 선성수상길,Sunseong Susang-gil Waterway,宣城水上道,宣城水上道,activity,테마파크·액티비티,36.69797,128.81497,90,,"기타레저스포츠 · 고산정, 낙강물길공원/공사중(2028년12월31일개장예정) 등과 함께 많이 찾는 곳 (연관 8회)",,,,N,N,N,,N,Y,Y,,,,,,http://place.map.kakao.com/1633125965,경북 안동시 도산면 서부리 172 · 한국관광공사 연관 관광지 · 카카오 좌표,
ro559,nation,전국,인제,Inje,,백담계곡,백담계곡,,,sea,해양·자연경관,38.17929,128.37054,40,,"자연경관(산) · 연호리조트, 만해마을 등과 함께 많이 찾는 곳 (연관 8회)",,,,N,N,N,,N,Y,Y,,,,,,http://place.map.kakao.com/7892471,강원특별자치도 인제군 북면 용대리 산 12-21 · 한국관광공사 연관 관광지 · 카카오 좌표,
ro560,nation,전국,안동,Andong,,체화정,체화정,,,herit,문화유산·전통체험,36.579,128.57823,60,,"역사유적지 · 고산정, 묵계서원 등과 함께 많이 찾는 곳 (연관 8회)",,,,N,N,N,,N,Y,Y,,,,,,http://place.map.kakao.com/12765263,경북 안동시 풍산읍 풍산태사로 1123-10 · 한국관광공사 연관 관광지 · 카카오 좌표,
ro561,nation,전국,춘천,Chuncheon,,국립춘천박물관,Chuncheon National Museum,,国立春川博物館,herit,문화유산·전통체험,37.86406,127.75378,60,,"전시시설 · 공지천유원지, 김유정문학촌 등과 함께 많이 찾는 곳 (연관 8회)",,,,N,N,N,,N,Y,Y,,,,,,http://place.map.kakao.com/8208782,강원특별자치도 춘천시 우석로 70 · 한국관광공사 연관 관광지 · 카카오 좌표,
ro562,nation,전국,화순,Hwasun,,남산공원,남산공원,,,heal,힐링·생태·체험,35.05886,126.98467,60,,"도시공원 · 사직공원, 동구리호수공원 등과 함께 많이 찾는 곳 (연관 8회)",,,,N,N,N,,N,Y,Y,,,,,,http://place.map.kakao.com/12678142,전남광주통합특별시 화순군 화순읍 삼천리 · 한국관광공사 연관 관광지 · 카카오 좌표,
ro563,nation,전국,창녕,Changnyeong,,창녕박물관,창녕박물관,,,herit,문화유산·전통체험,35.54581,128.50503,60,,"전시시설 · 합천박물관, 합천옥전고분군 등과 함께 많이 찾는 곳 (연관 8회)",,,,N,N,N,,N,Y,Y,,,,,,http://place.map.kakao.com/8084106,경남 창녕군 창녕읍 창밀로 34 · 한국관광공사 연관 관광지 · 카카오 좌표,
ro564,nation,전국,거창,Geochang,,백두산천지온천,백두산천지온천,,,heal,힐링·생태·체험,35.69848,128.02304,60,,"웰니스관광 · 오도산자연휴양림, 해인사성보박물관 등과 함께 많이 찾는 곳 (연관 8회)",,,,N,N,N,거창군 관광지 (0000 지정),N,Y,Y,,,,,,http://place.map.kakao.com/15664785,경남 거창군 가조면 온천길 161 · 한국관광공사 연관 관광지 · 카카오 좌표,
ro565,nation,전국,화순,Hwasun,,동구리호수공원,동구리호수공원,,,heal,힐링·생태·체험,35.07843,126.98586,60,,"도시공원 · 사직공원전망타워, 남산공원 등과 함께 많이 찾는 곳 (연관 8회)",,,,N,N,N,,N,Y,Y,,,,,,http://place.map.kakao.com/383331565,전남광주통합특별시 화순군 화순읍 동구리 · 한국관광공사 연관 관광지 · 카카오 좌표,
ro566,nation,전국,밀양,Miryang,,용두산달팽이전망대,용두산달팽이전망대,,,activity,테마파크·액티비티,35.47893,128.77347,90,,"랜드마크관광 · 해인사, 만어사 등과 함께 많이 찾는 곳 (연관 8회)",,,,N,N,N,,N,Y,Y,,,,,,http://place.map.kakao.com/728480257,경남 밀양시 가곡동 산 58 · 한국관광공사 연관 관광지 · 카카오 좌표,
ro567,nation,전국,천안,Cheonan,,천안상록리조트 아쿠아피아,천안상록리조트 아쿠아피아,天安常绿度假村水上世界,,activity,테마파크·액티비티,36.74056,127.28888,90,,"복합관광시설 · 독립기념관, 아름다운정원화수목 등과 함께 많이 찾는 곳 (연관 8회)",,,,N,N,N,,N,Y,Y,,,,,,http://place.map.kakao.com/12079048,충남 천안시 동남구 수신면 수신로 576 · 한국관광공사 연관 관광지 · 카카오 좌표,
ro568,nation,전국,창원,Changwon,,삼밀사,삼밀사,,,herit,문화유산·전통체험,35.17519,128.66077,60,,"종교성지 · 대광사, 성흥사계곡 등과 함께 많이 찾는 곳 (연관 8회)",,,,N,N,N,,N,Y,Y,,,,,,http://place.map.kakao.com/27089688,경남 창원시 진해구 장복산길 56-42 · 한국관광공사 연관 관광지 · 카카오 좌표,
ro569,nation,전국,담양,Damyang,,담양온천,담양온천,,,heal,힐링·생태·체험,35.3659,127.02543,60,,"웰니스관광 · 광주호호수생태원, 백양사 등과 함께 많이 찾는 곳 (연관 8회)",,,,N,N,N,,N,Y,Y,,,,,,http://place.map.kakao.com/17576118,전남광주통합특별시 담양군 금성면 금성산성길 202 · 한국관광공사 연관 관광지 · 카카오 좌표,
ro571,nation,전국,포천,Pocheon,,국립운악산자연휴양림,국립운악산자연휴양림,,,heal,힐링·생태·체험,37.8816,127.30644,60,,"자연공원 · 조무락계곡, 현등사 등과 함께 많이 찾는 곳 (연관 8회)",,,,N,N,N,,N,Y,Y,,,,,,http://place.map.kakao.com/8200722,경기 포천시 화현면 화현리 산 190 · 한국관광공사 연관 관광지 · 카카오 좌표,
ro572,nation,전국,경기광주,Gwangju-gg,,중대물빛공원,중대물빛공원,,,heal,힐링·생태·체험,37.40045,127.22037,60,,"도시공원 · 용인중앙시장, 미호박물관 등과 함께 많이 찾는 곳 (연관 8회)",,,,N,N,N,,N,Y,Y,,,,,,http://place.map.kakao.com/26610164,경기 광주시 중대동 92 · 한국관광공사 연관 관광지 · 카카오 좌표,
ro573,nation,전국,완도,Wando,,완도청해진유적,완도청해진유적,,,herit,문화유산·전통체험,34.36013,126.7369,60,,"역사유적지 · 땅끝해양자연사박물관, 신지명사십리해수욕장 등과 함께 많이 찾는 곳 (연관 8회)",,,,N,N,N,,N,Y,Y,,,,,,http://place.map.kakao.com/8071357,전남광주통합특별시 완도군 완도읍 장좌리 734 · 한국관광공사 연관 관광지 · 카카오 좌표,
ro574,nation,전국,양평,Yangpyeong,,더마구,더마구,,,activity,테마파크·액티비티,37.59577,127.35773,90,,"기타문화관광지 · 물의정원, 왈츠와닥터만커피박물관 등과 함께 많이 찾는 곳 (연관 8회)",,,,N,N,N,,N,Y,Y,,,,,,http://place.map.kakao.com/119541048,경기 양평군 서종면 사랑제길 11-107 · 한국관광공사 연관 관광지 · 카카오 좌표,
ro575,nation,전국,여주,Yeoju,,한강문화관,한강문화관,,,activity,테마파크·액티비티,37.27779,127.68003,90,,"기타문화관광지 · 금은모래강변공원, 금은모래캠핑장 등과 함께 많이 찾는 곳 (연관 8회)",,,,N,N,N,,N,Y,Y,,,,,,http://place.map.kakao.com/18082576,경기 여주시 신단1길 83 · 한국관광공사 연관 관광지 · 카카오 좌표,
ro576,nation,전국,이천,Icheon,,테르메덴,Termeden Spa & Resort,Termeden水上乐园,テルメデン,heal,힐링·생태·체험,37.19507,127.44597,60,,"웰니스관광 · 곤지암리조트, 화담숲 등과 함께 많이 찾는 곳 (연관 8회)",,,,N,N,N,,N,Y,Y,,,,,,http://place.map.kakao.com/1023232784,경기 이천시 모가면 사실로 984 · 한국관광공사 연관 관광지 · 카카오 좌표,
ro577,nation,전국,이천,Icheon,,이천설봉온천랜드,Seolbong Oncheon Land,利川雪峰温泉乐园,利川ソルボン温泉ランド,heal,힐링·생태·체험,37.27685,127.45148,60,,"웰니스관광 · 신륵사, 여주온천 등과 함께 많이 찾는 곳 (연관 8회)",,,,N,N,N,,N,Y,Y,,,,,,http://place.map.kakao.com/425283475,경기 이천시 애련정로 67-16 · 한국관광공사 연관 관광지 · 카카오 좌표,
ro578,nation,전국,예산,Yesan,,예당호 전망대,예당호 전망대,,,activity,테마파크·액티비티,36.63885,126.79758,90,,"랜드마크관광 · 희리산해송자연휴양림, 맷돌포선착장 등과 함께 많이 찾는 곳 (연관 8회)",,,,N,N,N,예산군 관광지 (2021 지정),N,Y,Y,,,,,,http://place.map.kakao.com/42734314,충남 예산군 응봉면 예당관광로 159-22 · 한국관광공사 연관 관광지 · 카카오 좌표,
ro579,nation,전국,함안,Haman,,악양둑방,악양둑방,,,activity,테마파크·액티비티,35.33055,128.38807,90,,"기타레저스포츠 · 남지체육공원, 그레이스정원 등과 함께 많이 찾는 곳 (연관 8회)",,,,N,N,N,,N,Y,Y,,,,,,http://place.map.kakao.com/27041317,경남 함안군 법수면 악양길 49-10 · 한국관광공사 연관 관광지 · 카카오 좌표,
ro580,nation,전국,인제,Inje,,방동약수,방동약수,,,sea,해양·자연경관,37.94379,128.39629,40,,"자연경관(산) · 곰배령(산림청_진동리구간), 방태산자연휴양림 등과 함께 많이 찾는 곳 (연관 8회)",,,,N,N,N,,N,Y,Y,,,,,,http://place.map.kakao.com/7897175,강원특별자치도 인제군 기린면 방동약수로 89-59 · 한국관광공사 연관 관광지 · 카카오 좌표,
ro581,nation,전국,단양,Danyang,,단양강잔도,Danyanggang Jando Trail,,丹陽江 桟道,activity,테마파크·액티비티,36.97797,128.33965,90,,"기타레저스포츠 · 고수동굴, 구인사 등과 함께 많이 찾는 곳 (연관 8회)",,,,N,N,N,,N,Y,Y,,,,,,http://place.map.kakao.com/2144277539,충북 단양군 적성면 애곡리 · 한국관광공사 연관 관광지 · 카카오 좌표,
ro582,nation,전국,서울,Seoul,,코엑스마곡 컨벤션센터,코엑스마곡 컨벤션센터,,,herit,문화유산·전통체험,37.56628,126.82625,60,,"전시시설 · 국회의사당/국회박물관, 세빛섬 등과 함께 많이 찾는 곳 (연관 8회)",,,,N,N,N,,N,Y,Y,,,,,,http://place.map.kakao.com/1133719823,서울 강서구 마곡중앙로 143 · 한국관광공사 연관 관광지 · 카카오 좌표,
ro583,nation,전국,서울,Seoul,,퐁피두센터 한화,퐁피두센터 한화,,,herit,문화유산·전통체험,37.51966,126.9399,60,,"전시시설 · 여의도한강공원, 타임스퀘어 등과 함께 많이 찾는 곳 (연관 8회)",,,,N,N,N,,N,Y,Y,,,,,,http://place.map.kakao.com/1879508840,서울 영등포구 63로 50 · 한국관광공사 연관 관광지 · 카카오 좌표,
ro584,nation,전국,예산,Yesan,,윤봉길의사기념관,윤봉길의사기념관,,,herit,문화유산·전통체험,36.68656,126.6514,60,,"전시시설 · 세계꽃식물원, 서산버드랜드 등과 함께 많이 찾는 곳 (연관 8회)",,,,N,N,N,,N,Y,Y,,,,,,http://place.map.kakao.com/17182898,충남 예산군 덕산면 덕산온천로 183-5 · 한국관광공사 연관 관광지 · 카카오 좌표,
ro585,nation,전국,서울,Seoul,,서울상상나라,서울상상나라,,,herit,문화유산·전통체험,37.55087,127.07759,60,,"전시시설 · 서울광나루안전체험관, 어린이대공원 등과 함께 많이 찾는 곳 (연관 8회)",,,,N,N,N,,N,Y,Y,,,,,,http://place.map.kakao.com/1612238355,서울 광진구 능동로 216 · 한국관광공사 연관 관광지 · 카카오 좌표,
ro586,nation,전국,서울,Seoul,,더숲아카데미하우스,더숲아카데미하우스,,,activity,테마파크·액티비티,37.64051,127.00143,90,,"기타문화관광지 · 도선사, 북서울꿈의숲 등과 함께 많이 찾는 곳 (연관 8회)",,,,N,N,N,,N,Y,Y,,,,,,http://place.map.kakao.com/504890185,서울 강북구 4.19로 135 · 한국관광공사 연관 관광지 · 카카오 좌표,
ro587,nation,전국,서울,Seoul,,김창열화가의집,김창열화가의집,,,herit,문화유산·전통체험,37.61617,126.97865,60,,"전시시설 · 길상사, 서울옥션/강남센터 등과 함께 많이 찾는 곳 (연관 8회)",,,,N,N,N,,N,Y,Y,,,,,,http://place.map.kakao.com/840933892,서울 종로구 평창7길 74 · 한국관광공사 연관 관광지 · 카카오 좌표,
ro588,nation,전국,서울,Seoul,,블루스퀘어,Blue Square,,ブルースクエア,activity,테마파크·액티비티,37.54086,127.00255,90,,"공연시설 · 북서울꿈의숲, 구룡사 등과 함께 많이 찾는 곳 (연관 8회)",,,,N,N,N,,N,Y,Y,,,,,,http://place.map.kakao.com/14529813,서울 용산구 이태원로 294 · 한국관광공사 연관 관광지 · 카카오 좌표,
ro589,nation,전국,서울,Seoul,,마장축산물시장,마장축산물시장,,,food,로컬상권·먹거리,37.57068,127.04127,50,,"시장 · 금남시장, 뚝도청춘시장 등과 함께 많이 찾는 곳 (연관 8회)",,,,N,N,N,,N,Y,Y,,,,,,http://place.map.kakao.com/10335476,서울 성동구 마장로35길 68 · 한국관광공사 연관 관광지 · 카카오 좌표,
ro590,nation,전국,서울,Seoul,,도산근린공원,도산근린공원,,,heal,힐링·생태·체험,37.52456,127.03529,60,,"도시공원 · 매헌시민의숲, 양재천근린공원 등과 함께 많이 찾는 곳 (연관 8회)",,,,N,N,N,,N,Y,Y,,,,,,http://place.map.kakao.com/7832114,서울 강남구 신사동 649-9 · 한국관광공사 연관 관광지 · 카카오 좌표,
ro591,nation,전국,부산,Busan,,서원시장,서원시장,,,food,로컬상권·먹거리,35.20039,129.09902,50,,"시장 · 부산어린이대공원, 서동미로시장 등과 함께 많이 찾는 곳 (연관 8회)",,,,N,N,N,,N,Y,Y,,,,,,http://place.map.kakao.com/10507176,부산 동래구 충렬대로359번길 55 · 한국관광공사 연관 관광지 · 카카오 좌표,
ro592,nation,전국,부산,Busan,,민락회타운시장,민락회타운시장,,,food,로컬상권·먹거리,35.1556,129.12374,50,,"시장 · 양정시장, 유엔평화기념관 등과 함께 많이 찾는 곳 (연관 8회)",,,,N,N,N,,N,Y,Y,,,,,,http://place.map.kakao.com/18444596,부산 수영구 민락수변로 1 · 한국관광공사 연관 관광지 · 카카오 좌표,
ro593,nation,전국,원주,Wonju,,오크밸리CC,Oak Valley,橡树谷,オークバレー,activity,테마파크·액티비티,37.43809,127.81376,90,,"육상레저스포츠 · 김삿갓문학관, 동화마을수목원 등과 함께 많이 찾는 곳 (연관 8회)",,,,N,N,N,원주시 관광단지 (2015 지정),N,Y,Y,,,,,,http://place.map.kakao.com/169258613,강원특별자치도 원주시 지정면 월송석화로 950 · 한국관광공사 연관 관광지 · 카카오 좌표,
ro594,nation,전국,원주,Wonju,,오크밸리리조트 빌리지센터,Oak Valley,橡树谷,オークバレー,activity,테마파크·액티비티,37.4341,127.81911,90,,"복합관광시설 · 간현관광지, 국립백운산자연휴양림 등과 함께 많이 찾는 곳 (연관 8회)",,,,N,N,N,원주시 관광단지 (2015 지정),N,Y,Y,,,,,,http://place.map.kakao.com/27218073,강원특별자치도 원주시 지정면 오크밸리1길 70 · 한국관광공사 연관 관광지 · 카카오 좌표,
ro595,nation,전국,합천,Hapcheon,,금관식당,금관식당,,,food,로컬상권·먹거리,35.75919,128.13908,50,,"한식 · 진주향교, 대장경테마파크 등과 함께 많이 찾는 곳 (연관 8회)",,,,N,N,N,,N,Y,Y,,,,,,http://place.map.kakao.com/10225042,경남 합천군 가야면 가야산로 1065 · 한국관광공사 연관 관광지 · 카카오 좌표,
ro596,nation,전국,고성,Goseong,,군령포 하모자연산횟집,군령포 하모자연산횟집,,,food,로컬상권·먹거리,34.91722,128.29729,50,,"전문음식 · 거제자연예술랜드, 강구안 등과 함께 많이 찾는 곳 (연관 8회)",,,,N,N,N,,N,Y,Y,,,,,,http://place.map.kakao.com/18029271,경남 고성군 삼산면 두포5길 426 · 한국관광공사 연관 관광지 · 카카오 좌표,
ro597,nation,전국,문경,Mungyeong,,뉴욕제과,뉴욕제과,,,food,로컬상권·먹거리,36.65398,128.25755,50,,"간이음식 · 봉정사, 안동임청각 등과 함께 많이 찾는 곳 (연관 8회)",,,,N,N,N,,N,Y,Y,,,,,,http://place.map.kakao.com/18991106,경북 문경시 산북면 금천로 557 · 한국관광공사 연관 관광지 · 카카오 좌표,
ro598,nation,전국,함안,Haman,,대구식당,대구식당,,,food,로컬상권·먹거리,35.24131,128.42626,50,,"한식 · 촉석루, 고려동유적지 등과 함께 많이 찾는 곳 (연관 8회)",,,,N,N,N,,N,Y,Y,,,,,,http://place.map.kakao.com/558395858,경남 함안군 함안면 진함로 1553 · 한국관광공사 연관 관광지 · 카카오 좌표,
ro599,nation,전국,밀양,Miryang,,달리아커피 단장면,달리아커피 단장면,,,food,로컬상권·먹거리,35.51528,128.86814,50,,"카페·찻집 · 불모산노을전망대, 밀양아리랑시장 등과 함께 많이 찾는 곳 (연관 8회)",,,,N,N,N,,N,Y,Y,,,,,,http://place.map.kakao.com/962029505,경남 밀양시 단장면 표충로 290 · 한국관광공사 연관 관광지 · 카카오 좌표,
ro600,nation,전국,용인,Yongin,,어로프슬라이스피스,어로프슬라이스피스,,,food,로컬상권·먹거리,37.26276,127.19101,50,,"카페·찻집 · 영덕레스피아, 로만바스 등과 함께 많이 찾는 곳 (연관 8회)",,,,N,N,N,,N,Y,Y,,,,,,http://place.map.kakao.com/1313445681,경기 용인시 처인구 백령로 47 · 한국관광공사 연관 관광지 · 카카오 좌표,
ro601,nation,전국,창원,Changwon,,시티베이,시티베이,,,food,로컬상권·먹거리,35.21133,128.59868,50,,"카페·찻집 · 진해보타닉뮤지엄, 광암해수욕장 등과 함께 많이 찾는 곳 (연관 8회)",,,,N,N,N,,N,Y,Y,,,,,,http://place.map.kakao.com/1577569910,경남 창원시 마산회원구 무역로 111 · 한국관광공사 연관 관광지 · 카카오 좌표,
ro602,nation,전국,서산,Seosan,,진국집,진국집,,,food,로컬상권·먹거리,36.78261,126.45197,50,,"한식 · 갈음이해수욕장, 만대항 등과 함께 많이 찾는 곳 (연관 8회)",,,,N,N,N,,N,Y,Y,,,,,,http://place.map.kakao.com/10781155,충남 서산시 관아문길 19-10 · 한국관광공사 연관 관광지 · 카카오 좌표,
ro603,nation,전국,서산,Seosan,,냉면만허유,냉면만허유,,,food,로컬상권·먹거리,36.71361,126.39193,50,,"한식 · 신진항, 청산수목원 등과 함께 많이 찾는 곳 (연관 8회)",,,,N,N,N,,N,Y,Y,,,,,,http://place.map.kakao.com/11433016,충남 서산시 부석면 취평2길 15-10 · 한국관광공사 연관 관광지 · 카카오 좌표,
ro604,nation,전국,양산,Yangsan,,순지카페,순지카페,,,food,로컬상권·먹거리,35.4954,129.09155,50,,"카페·찻집 · 내원사, 법기수원지 등과 함께 많이 찾는 곳 (연관 8회)",,,,N,N,N,,N,Y,Y,,,,,,http://place.map.kakao.com/870604830,경남 양산시 하북면 양산대로 2648 · 한국관광공사 연관 관광지 · 카카오 좌표,
ro605,nation,전국,고양,Goyang,,배다골베이커리 포레,배다골베이커리 포레,,,food,로컬상권·먹거리,37.66568,126.84844,50,,"카페·찻집 · 원마운트워터파크, 고양어린이박물관 등과 함께 많이 찾는 곳 (연관 8회)",,,,N,N,N,,N,Y,Y,,,,,,http://place.map.kakao.com/85665859,경기 고양시 덕양구 충장로 614-11 · 한국관광공사 연관 관광지 · 카카오 좌표,
ro606,nation,전국,고양,Goyang,,고자리냉면 본점,고자리냉면 본점,,,food,로컬상권·먹거리,37.66455,126.84317,50,,"한식 · 중미산자연휴양림, 아쿠아플라넷/일산 등과 함께 많이 찾는 곳 (연관 8회)",,,,N,N,N,,N,Y,Y,,,,,,http://place.map.kakao.com/176214584,경기 고양시 덕양구 호국로 915-45 · 한국관광공사 연관 관광지 · 카카오 좌표,
ro607,nation,전국,서울,Seoul,,어나더사이드,어나더사이드,,,food,로컬상권·먹거리,37.55403,126.83715,50,,"카페·찻집 · 양화한강공원, 강서한강공원 등과 함께 많이 찾는 곳 (연관 8회)",,,,N,N,N,,N,Y,Y,,,,,,http://place.map.kakao.com/650424536,서울 강서구 강서로 318 · 한국관광공사 연관 관광지 · 카카오 좌표,
ro608,nation,전국,서울,Seoul,,함경도찹쌀순대,함경도찹쌀순대,,,food,로컬상권·먹거리,37.49483,127.12134,50,,"한식 · 달맞이근린공원, 가락동농수산물도매시장 등과 함께 많이 찾는 곳 (연관 8회)",,,,N,N,N,,N,Y,Y,,,,,,http://place.map.kakao.com/26971014,서울 송파구 송파대로28길 32 · 한국관광공사 연관 관광지 · 카카오 좌표,
ro609,nation,전국,서울,Seoul,,스타벅스 연희DT점,스타벅스 연희DT점,,,food,로컬상권·먹거리,37.57017,126.93385,50,,"카페·찻집 · 구로리어린이공원, 남대문시장 등과 함께 많이 찾는 곳 (연관 8회)",,,,N,N,N,,N,Y,Y,,,,,,http://place.map.kakao.com/26571462,서울 서대문구 연희로 144 · 한국관광공사 연관 관광지 · 카카오 좌표,
ro610,nation,전국,부산,Busan,,해운대기와집대구탕,해운대기와집대구탕,,,food,로컬상권·먹거리,35.16113,129.16998,50,,"한식 · 국립수산과학관, 해광사 등과 함께 많이 찾는 곳 (연관 8회)",,,,N,N,N,,N,Y,Y,,,,,,http://place.map.kakao.com/8616462,부산 해운대구 달맞이길50번길 4 · 한국관광공사 연관 관광지 · 카카오 좌표,
ro611,nation,전국,거창,Geochang,,허브팜민들레울,허브팜민들레울,,,food,로컬상권·먹거리,35.77417,127.80565,50,,"카페·찻집 · 농월정, 용추사 등과 함께 많이 찾는 곳 (연관 8회)",,,,N,N,N,,N,Y,Y,,,,,,http://place.map.kakao.com/1449747907,경남 거창군 북상면 덕유월성로 2188 · 한국관광공사 연관 관광지 · 카카오 좌표,
ro612,nation,전국,대전,Daejeon,,대전컨벤션센터,대전컨벤션센터,,,herit,문화유산·전통체험,36.37523,127.39167,60,,"전시시설 · 대전목재문화체험장, 대전시립미술관 등과 함께 많이 찾는 곳 (연관 7회)",,,,N,N,N,유성구 관광특구 (0000 지정),N,Y,Y,,,,,,http://place.map.kakao.com/7831234,대전 유성구 엑스포로 107 · 한국관광공사 연관 관광지 · 카카오 좌표,
ro613,nation,전국,대전,Daejeon,,중리전통시장,중리전통시장,,,food,로컬상권·먹거리,36.36559,127.42639,50,,"시장 · 문창전통시장, 뿌리공원 등과 함께 많이 찾는 곳 (연관 7회)",,,,N,N,N,,N,Y,Y,,,,,,http://place.map.kakao.com/11699761,대전 대덕구 중리북로31번길 26 · 한국관광공사 연관 관광지 · 카카오 좌표,
ro614,nation,전국,수원,Suwon,,수원컨벤션센터,수원컨벤션센터,,,herit,문화유산·전통체험,37.28582,127.05951,60,,"전시시설 · 광교호수공원, 수원박물관 등과 함께 많이 찾는 곳 (연관 7회)",,,,N,N,N,,N,Y,Y,,,,,,http://place.map.kakao.com/1946823368,경기 수원시 영통구 광교중앙로 140 · 한국관광공사 연관 관광지 · 카카오 좌표,
ro615,nation,전국,양산,Yangsan,,양산타워,양산타워,,,activity,테마파크·액티비티,35.32641,129.02441,90,,"랜드마크관광 · 황덕도, 법기수원지 등과 함께 많이 찾는 곳 (연관 7회)",,,,N,N,N,,N,Y,Y,,,,,,http://place.map.kakao.com/19367799,경남 양산시 동면 강변로 264 · 한국관광공사 연관 관광지 · 카카오 좌표,
ro616,nation,전국,수원,Suwon,,구매탄시장,구매탄시장,,,food,로컬상권·먹거리,37.27259,127.04171,50,,"시장 · 광교호수공원, 못골종합시장 등과 함께 많이 찾는 곳 (연관 7회)",,,,N,N,N,,N,Y,Y,,,,,,http://place.map.kakao.com/18524877,경기 수원시 영통구 매탄동 172-128 · 한국관광공사 연관 관광지 · 카카오 좌표,
ro617,nation,전국,수원,Suwon,,북수원온천,Puksuwon Spaplex,北水原温泉,北水原温泉,heal,힐링·생태·체험,37.29945,126.97163,60,,"웰니스관광 · 매산시장, 봉녕사 등과 함께 많이 찾는 곳 (연관 7회)",,,,N,N,N,,N,Y,Y,,,,,,http://place.map.kakao.com/18875726,경기 수원시 장안구 서부로 2139 · 한국관광공사 연관 관광지 · 카카오 좌표,
ro618,nation,전국,수원,Suwon,,화서시장,화서시장,,,food,로컬상권·먹거리,37.27857,127.00207,50,,"시장 · 매산시장, 못골종합시장 등과 함께 많이 찾는 곳 (연관 7회)",,,,N,N,N,,N,Y,Y,,,,,,http://place.map.kakao.com/616708442,경기 수원시 팔달구 동말로 72 · 한국관광공사 연관 관광지 · 카카오 좌표,
ro619,nation,전국,수원,Suwon,,방화수류정,Banghwasuryujeong Pavilion,访花随柳亭(东北角楼),訪花随柳亭（東北角楼）,herit,문화유산·전통체험,37.28757,127.01813,60,,"역사유적지 · 팔달문, 화성행궁 등과 함께 많이 찾는 곳 (연관 7회)",,,,N,N,N,수원시 관광특구 (2016 지정),N,Y,Y,,,,,,http://place.map.kakao.com/25049860,경기 수원시 팔달구 화성성곽길 233 · 한국관광공사 연관 관광지 · 카카오 좌표,
ro620,nation,전국,대구,Daegu,,수성유원지,수성유원지,,,activity,테마파크·액티비티,35.82894,128.61678,90,,"복합관광시설 · 평화시장, 동성로 등과 함께 많이 찾는 곳 (연관 7회)",,,,N,N,N,,N,Y,Y,,,,,,http://place.map.kakao.com/10546019,대구 수성구 무학로 78 · 한국관광공사 연관 관광지 · 카카오 좌표,
ro622,nation,전국,완주,Wanju,,전북특별자치도립미술관,전북특별자치도립미술관,,,herit,문화유산·전통체험,35.72764,127.10709,60,,"전시시설 · 국립전주박물관, 청연루 등과 함께 많이 찾는 곳 (연관 7회)",,,,N,N,N,완주군 관광지 (2012 지정),N,Y,Y,,,,,,http://place.map.kakao.com/8062681,전북특별자치도 완주군 구이면 모악산길 111-6 · 한국관광공사 연관 관광지 · 카카오 좌표,
ro623,nation,전국,대구,Daegu,,수성시장,수성시장,,,food,로컬상권·먹거리,35.85559,128.61682,50,,"시장 · 나불지생태공원, 반야월연꽃단지 등과 함께 많이 찾는 곳 (연관 7회)",,,,N,N,N,,N,Y,Y,,,,,,http://place.map.kakao.com/25135084,대구 수성구 들안로 285-50 · 한국관광공사 연관 관광지 · 카카오 좌표,
ro624,nation,전국,인천,Incheon,,토지금고시장,토지금고시장,,,food,로컬상권·먹거리,37.45101,126.63846,50,,"시장 · 소래포구, 소래포구종합어시장 등과 함께 많이 찾는 곳 (연관 7회)",,,,N,N,N,,N,Y,Y,,,,,,http://place.map.kakao.com/18525899,인천 미추홀구 낙섬중로32번길 21 · 한국관광공사 연관 관광지 · 카카오 좌표,
ro625,nation,전국,인천,Incheon,,신기시장,신기시장,,,food,로컬상권·먹거리,37.44683,126.67752,50,,"시장 · 인천대공원, 신흥시장 등과 함께 많이 찾는 곳 (연관 7회)",,,,N,N,N,,N,Y,Y,,,,,,http://place.map.kakao.com/10525494,인천 미추홀구 주안동 1340-60 · 한국관광공사 연관 관광지 · 카카오 좌표,
ro626,nation,전국,봉화,Bonghwa,,청량사 유리보전,Bonghwa Cheongnyangsa Temple,,,herit,문화유산·전통체험,36.7894,128.91856,60,,"종교성지 · 도산서원, 봉정사 등과 함께 많이 찾는 곳 (연관 7회)",,,,N,N,N,,N,Y,Y,,,,,,http://place.map.kakao.com/8543349,경북 봉화군 명호면 청량산길 199-152 · 한국관광공사 연관 관광지 · 카카오 좌표,
ro627,nation,전국,인천,Incheon,,인스파이어 아레나,인스파이어 아레나,,,activity,테마파크·액티비티,37.46668,126.39059,90,,"공연시설 · 송월동동화마을, 신흥시장 등과 함께 많이 찾는 곳 (연관 7회)",,,,N,N,N,,N,Y,Y,,,,,,http://place.map.kakao.com/1827422976,인천 영종구 공항문화로 127 · 한국관광공사 연관 관광지 · 카카오 좌표,
ro628,nation,전국,담양,Damyang,,딜라이트 담양,딜라이트 담양,,,herit,문화유산·전통체험,35.33691,126.95521,60,,"전시시설 · 사직공원전망타워, 담양곤충박물관 등과 함께 많이 찾는 곳 (연관 7회)",,,,N,N,N,,N,Y,Y,,,,,,http://place.map.kakao.com/751858721,전남광주통합특별시 담양군 월산면 화방송정길 21-14 · 한국관광공사 연관 관광지 · 카카오 좌표,
ro629,nation,전국,인천,Incheon,,인천도시역사관,Incheon Urban History Museum,,仁川都市歴史館,herit,문화유산·전통체험,37.39281,126.63595,60,,"전시시설 · 수도국산달동네박물관, 월미바다역 등과 함께 많이 찾는 곳 (연관 7회)",,,,N,N,N,,N,Y,Y,,,,,,http://place.map.kakao.com/11682003,인천 연수구 인천타워대로 238 · 한국관광공사 연관 관광지 · 카카오 좌표,
ro630,nation,전국,영주,Yeongju,,선비세상,선비세상,,,activity,테마파크·액티비티,36.93174,128.58647,90,,"테마공원 · 국립산림치유원, 부석사 등과 함께 많이 찾는 곳 (연관 7회)",,,,N,N,N,,N,Y,Y,,,,,,http://place.map.kakao.com/264853344,경북 영주시 순흥면 선비세상로 1 · 한국관광공사 연관 관광지 · 카카오 좌표,
ro631,nation,전국,문경,Mungyeong,,문경에코월드,Mungyeong Eco World,闻庆ECO世界,聞慶エコワールド,activity,테마파크·액티비티,36.65419,128.05983,90,,"테마공원 · 소수서원, 고모산성 등과 함께 많이 찾는 곳 (연관 7회)",,,,N,N,N,,N,Y,Y,,,,,,http://place.map.kakao.com/1014809269,경북 문경시 가은읍 왕능길 114 · 한국관광공사 연관 관광지 · 카카오 좌표,
ro632,nation,전국,함양,Hamyang,,농월정,농월정,,,activity,테마파크·액티비티,35.62389,127.77843,90,,"복합관광시설 · 천하몽돌해수욕장, 상림공원 등과 함께 많이 찾는 곳 (연관 7회)",,,,N,N,N,,N,Y,Y,,,,,,http://place.map.kakao.com/8225017,경남 함양군 안의면 농월정길 9-13 · 한국관광공사 연관 관광지 · 카카오 좌표,
ro633,nation,전국,전주,Jeonju,,전주난장,Jeonju Nanjang,全州乱场,全州乱場,herit,문화유산·전통체험,35.81853,127.15256,60,,"전시시설 · 남원항공우주천문대, 진포해양테마공원 등과 함께 많이 찾는 곳 (연관 7회)",,,,N,N,N,,N,Y,Y,,,,,,http://place.map.kakao.com/411730436,전북특별자치도 전주시 완산구 동문길 33-20 · 한국관광공사 연관 관광지 · 카카오 좌표,
ro634,nation,전국,울산,Ulsan,,울산암각화박물관,울산암각화박물관,,蔚山岩刻画博物館,herit,문화유산·전통체험,35.60806,129.17055,60,,"전시시설 · 반구대암각화, 석남사 등과 함께 많이 찾는 곳 (연관 7회)",,,,N,N,N,,N,Y,Y,,,,,,http://place.map.kakao.com/27069100,울산 울주군 두동면 반구대안길 254 · 한국관광공사 연관 관광지 · 카카오 좌표,
ro635,nation,전국,무주,Muju,,백련사,백련사,,,herit,문화유산·전통체험,35.86032,127.76651,60,,"종교성지 · 지리산허브밸리, 덕유산자연휴양림 등과 함께 많이 찾는 곳 (연관 7회)",,,,N,N,N,,N,Y,Y,,,,,,http://place.map.kakao.com/7877764,전북특별자치도 무주군 설천면 백련사길 580 · 한국관광공사 연관 관광지 · 카카오 좌표,
ro636,nation,전국,남원,Namwon,,춘향골 공설시장,춘향골 공설시장,,,food,로컬상권·먹거리,35.405,127.3757,50,,"시장 · 광한루원, 남원항공우주천문대 등과 함께 많이 찾는 곳 (연관 7회)",,,,N,N,N,,N,Y,Y,,,,,,http://place.map.kakao.com/8226283,전북특별자치도 남원시 의총로 51 · 한국관광공사 연관 관광지 · 카카오 좌표,
ro637,nation,전국,창원,Changwon,,안민고개 만남전망대,안민고개 만남전망대,,,activity,테마파크·액티비티,35.16843,128.7006,90,,"랜드마크관광 · 불모산노을전망대, 진해내수면환경생태공원 등과 함께 많이 찾는 곳 (연관 7회)",,,,N,N,N,,N,Y,Y,,,,,,http://place.map.kakao.com/489447191,경남 창원시 진해구 석동 산 12-1 · 한국관광공사 연관 관광지 · 카카오 좌표,
ro638,nation,전국,용인,Yongin,,법륜사,Yongin Beomnyunsa Temple,法轮寺(龙仁文殊山),法輪寺（龍仁文殊山）,herit,문화유산·전통체험,37.16959,127.29865,60,,"종교성지 · 한국민속촌, 동도사 등과 함께 많이 찾는 곳 (연관 7회)",,,,N,N,N,,N,Y,Y,,,,,,http://place.map.kakao.com/8382542,경기 용인시 처인구 원삼면 농촌파크로 126 · 한국관광공사 연관 관광지 · 카카오 좌표,
ro639,nation,전국,창원,Changwon,,안민고개 벚꽃길,안민고개 벚꽃길,,,activity,테마파크·액티비티,35.18784,128.68709,90,,"데이트코스 · 삼밀사, 제황산공원 등과 함께 많이 찾는 곳 (연관 7회)",,,,N,N,N,,N,Y,Y,,,,,,http://place.map.kakao.com/232311901,경남 창원시 성산구 안민동 산 1-12 · 한국관광공사 연관 관광지 · 카카오 좌표,
ro640,nation,전국,창원,Changwon,,불모산노을전망대,불모산노을전망대,,,activity,테마파크·액티비티,35.16615,128.74101,90,,"랜드마크관광 · 웅천도요지전시관, 주기철목사기념관 등과 함께 많이 찾는 곳 (연관 7회)",,,,N,N,N,,N,Y,Y,,,,,,http://place.map.kakao.com/1770327171,경남 창원시 진해구 소사동 산 24 · 한국관광공사 연관 관광지 · 카카오 좌표,
ro641,nation,전국,창원,Changwon,,창원축구센터,창원축구센터,,,activity,테마파크·액티비티,35.22337,128.7057,90,,"레저스포츠시설 · 진해루해변공원, 장미공원 등과 함께 많이 찾는 곳 (연관 7회)",,,,N,N,N,,N,Y,Y,,,,,,http://place.map.kakao.com/11569977,경남 창원시 성산구 비음로 97 · 한국관광공사 연관 관광지 · 카카오 좌표,
ro642,nation,전국,함안,Haman,,입곡군립공원,입곡군립공원,,入谷郡立公園,heal,힐링·생태·체험,35.26578,128.45035,60,,"도시공원 · 마산어시장, 고려동유적지 등과 함께 많이 찾는 곳 (연관 7회)",,,,N,N,N,,N,Y,Y,,,,,,http://place.map.kakao.com/8055768,경남 함안군 산인면 입곡리 · 한국관광공사 연관 관광지 · 카카오 좌표,
ro643,nation,전국,밀양,Miryang,,금시당유원지,금시당유원지,,,activity,테마파크·액티비티,35.49179,128.78092,90,,"복합관광시설 · 대산플라워랜드, 본포수변생태공원 등과 함께 많이 찾는 곳 (연관 7회)",,,,N,N,N,,N,Y,Y,,,,,,http://place.map.kakao.com/8686317,경남 밀양시 활성동 · 한국관광공사 연관 관광지 · 카카오 좌표,
ro644,nation,전국,김해,Gimhae,,김해시립김영원미술관,김해시립김영원미술관,,,herit,문화유산·전통체험,35.2577,128.87431,60,,"전시시설 · 창원과학체험관, 경남도립미술관 등과 함께 많이 찾는 곳 (연관 7회)",,,,N,N,N,,N,Y,Y,,,,,,http://place.map.kakao.com/1932866497,경남 김해시 가야로 243 · 한국관광공사 연관 관광지 · 카카오 좌표,
ro645,nation,전국,정읍,Jeongeup,,정읍시립박물관,정읍시립박물관,,,herit,문화유산·전통체험,35.52779,126.89439,60,,"전시시설 · 국립전북기상과학관, 내장산케이블카 등과 함께 많이 찾는 곳 (연관 7회)",,,,N,N,N,,N,Y,Y,,,,,,http://place.map.kakao.com/18083904,전북특별자치도 정읍시 내장산로 370-12 · 한국관광공사 연관 관광지 · 카카오 좌표,
ro646,nation,전국,양산,Yangsan,,임경대,임경대,,,herit,문화유산·전통체험,35.32247,128.97582,60,,"역사유적지 · 가야진사, 법기수원지 등과 함께 많이 찾는 곳 (연관 7회)",,,,N,N,N,,N,Y,Y,,,,,,http://place.map.kakao.com/26546360,경남 양산시 원동면 화제리 산 72-4 · 한국관광공사 연관 관광지 · 카카오 좌표,
ro647,nation,전국,단양,Danyang,,보발재전망대,보발재전망대,,,activity,테마파크·액티비티,37.03467,128.47209,90,,"랜드마크관광 · 말티재전망대, 구인사 등과 함께 많이 찾는 곳 (연관 7회)",,,,N,N,N,,N,Y,Y,,,,,,http://place.map.kakao.com/1876176338,충북 단양군 영춘면 백자리 산 26-7 · 한국관광공사 연관 관광지 · 카카오 좌표,
ro648,nation,전국,양평,Yangpyeong,,양수리전통시장,양수리전통시장,,,food,로컬상권·먹거리,37.54457,127.31995,50,,"시장 · 가일미술관, 능내역/폐역 등과 함께 많이 찾는 곳 (연관 7회)",,,,N,N,N,,N,Y,Y,,,,,,http://place.map.kakao.com/26113706,경기 양평군 양서면 양수리 1060 · 한국관광공사 연관 관광지 · 카카오 좌표,
ro649,nation,전국,완도,Wando,,완도항 제3부두,완도항 제3부두,,,sea,해양·자연경관,34.31649,126.76242,40,,"자연경관(하천·해양) · 땅끝국민관광지, 신지명사십리해수욕장 등과 함께 많이 찾는 곳 (연관 7회)",,,,N,N,N,,N,Y,Y,,,,,,http://place.map.kakao.com/1091004943,전남광주통합특별시 완도군 완도읍 군내리 1255-8 · 한국관광공사 연관 관광지 · 카카오 좌표,
ro650,nation,전국,가평,Gapyeong,,가평군어린이음악놀이터,가평군어린이음악놀이터,,,activity,테마파크·액티비티,37.82641,127.51327,90,,"테마공원 · 꿈의동산, 대원사 등과 함께 많이 찾는 곳 (연관 7회)",,,,N,N,N,,N,Y,Y,,,,,,http://place.map.kakao.com/728598810,경기 가평군 가평읍 중앙로 10 · 한국관광공사 연관 관광지 · 카카오 좌표,
ro651,nation,전국,남양주,Namyangju,,다산생태공원,Dasan Ecological Park,茶山生态公园,茶山生態公園,heal,힐링·생태·체험,37.51376,127.29765,60,,"도시공원 · 남양주한강공원/삼패지구, 능내역/폐역 등과 함께 많이 찾는 곳 (연관 7회)",,,,N,N,N,,N,Y,Y,,,,,,http://place.map.kakao.com/414029752,경기 남양주시 조안면 다산로 767 · 한국관광공사 연관 관광지 · 카카오 좌표,
ro652,nation,전국,함양,Hamyang,,지리산함양시장,지리산함양시장,,,food,로컬상권·먹거리,35.51832,127.72901,50,,"시장 · 농월정, 대봉산자연휴양림 등과 함께 많이 찾는 곳 (연관 7회)",,,,N,N,N,,N,Y,Y,,,,,,http://place.map.kakao.com/18524583,경남 함양군 함양읍 용평중앙길 20 · 한국관광공사 연관 관광지 · 카카오 좌표,
ro653,nation,전국,여주,Yeoju,,여주박물관,Yeoju Museum,骊州博物馆,驪州博物館,herit,문화유산·전통체험,37.29967,127.65339,60,,"전시시설 · 금은모래캠핑장, 목아박물관 등과 함께 많이 찾는 곳 (연관 7회)",,,,N,N,N,여주시 관광지 (2020 지정),N,Y,Y,,,,,,http://place.map.kakao.com/17182896,경기 여주시 신륵사길 6-12 · 한국관광공사 연관 관광지 · 카카오 좌표,
ro654,nation,전국,거창,Geochang,,거창전통시장,거창전통시장,,,food,로컬상권·먹거리,35.6871,127.914,50,,"시장 · 농월정, 거창근대의료박물관 등과 함께 많이 찾는 곳 (연관 7회)",,,,N,N,N,,N,Y,Y,,,,,,http://place.map.kakao.com/14593230,경남 거창군 거창읍 중앙로 140 · 한국관광공사 연관 관광지 · 카카오 좌표,
ro655,nation,전국,상주,Sangju,,장각폭포,장각폭포,,,sea,해양·자연경관,36.54158,127.9167,40,,"자연경관(산) · 경천섬공원, 상주국제승마장 등과 함께 많이 찾는 곳 (연관 7회)",,,,N,N,N,,N,Y,Y,,,,,,http://place.map.kakao.com/8054083,경북 상주시 화북면 상오리 · 한국관광공사 연관 관광지 · 카카오 좌표,
ro656,nation,전국,장성,Jangseong,,남창계곡,Namchanggyegok Valley,,,sea,해양·자연경관,35.46015,126.83998,40,,"자연경관(산) · 국립장성치유의숲, 방장산자연휴양림 등과 함께 많이 찾는 곳 (연관 7회)",,,,N,N,N,,N,Y,Y,,,,,,http://place.map.kakao.com/25193986,전남광주통합특별시 장성군 북하면 신성리 742 · 한국관광공사 연관 관광지 · 카카오 좌표,
ro657,nation,전국,익산,Iksan,,미륵사지석탑,미륵사지석탑,,,herit,문화유산·전통체험,36.01247,127.03062,60,,"역사유적지 · 백제왕궁박물관, 서동공원 등과 함께 많이 찾는 곳 (연관 7회)",,,,N,N,N,,N,Y,Y,,,,,,http://place.map.kakao.com/12753294,전북특별자치도 익산시 금마면 기양리 97 · 한국관광공사 연관 관광지 · 카카오 좌표,
ro658,nation,전국,포천,Pocheon,,천보산자연휴양림,천보산자연휴양림,,,heal,힐링·생태·체험,37.85573,127.11929,60,,"자연공원 · 고모저수지, 국립수목원 등과 함께 많이 찾는 곳 (연관 7회)",,,,N,N,N,,N,Y,Y,,,,,,http://place.map.kakao.com/15275285,경기 포천시 원동교길 309 · 한국관광공사 연관 관광지 · 카카오 좌표,
ro659,nation,전국,고양,Goyang,,행주산성,Haengjusanseong Fortress,幸州山城,幸州山城,herit,문화유산·전통체험,37.5961,126.82871,60,,"역사유적지 · 킨텍스/제1전시장, 운정건강공원 등과 함께 많이 찾는 곳 (연관 7회)",,,,N,N,N,,N,Y,Y,,,,,,http://place.map.kakao.com/8143171,경기 고양시 덕양구 행주로15번길 89 · 한국관광공사 연관 관광지 · 카카오 좌표,
ro660,nation,전국,인제,Inje,,십이선녀탕계곡,십이선녀탕계곡,,,sea,해양·자연경관,38.16874,128.31593,40,,"자연경관(산) · 만해마을, 매바위인공폭포 등과 함께 많이 찾는 곳 (연관 7회)",,,,N,N,N,,N,Y,Y,,,,,,http://place.map.kakao.com/25617721,강원특별자치도 인제군 북면 용대리 · 한국관광공사 연관 관광지 · 카카오 좌표,
ro661,nation,전국,서울,Seoul,,진관사,Jingwansaggyegok Valley,津宽寺溪谷,津寛寺（ソウル）,herit,문화유산·전통체험,37.63804,126.94689,60,,"종교성지 · 대신시장, 북서울꿈의숲 등과 함께 많이 찾는 곳 (연관 7회)",,,,N,N,N,,N,Y,Y,,,,,,http://place.map.kakao.com/8074770,서울 은평구 진관길 73 · 한국관광공사 연관 관광지 · 카카오 좌표,
ro662,nation,전국,서울,Seoul,,신창시장,신창시장,,,food,로컬상권·먹거리,37.63943,127.03746,50,,"시장 · 어린이대공원, 고척근린공원 등과 함께 많이 찾는 곳 (연관 7회)",,,,N,N,N,,N,Y,Y,,,,,,http://place.map.kakao.com/17646278,서울 도봉구 덕릉로57길 17 · 한국관광공사 연관 관광지 · 카카오 좌표,
ro663,nation,전국,서울,Seoul,,우림시장,우림시장,,,food,로컬상권·먹거리,37.59701,127.09825,50,,"시장 · 중곡제일시장, 수유중앙시장 등과 함께 많이 찾는 곳 (연관 7회)",,,,N,N,N,,N,Y,Y,,,,,,http://place.map.kakao.com/17111041,서울 중랑구 망우로62길 48 · 한국관광공사 연관 관광지 · 카카오 좌표,
ro665,nation,전국,서울,Seoul,,초안산 수국동산,초안산 수국동산,,,heal,힐링·생태·체험,37.62958,127.04718,60,,"도시공원 · 북서울꿈의숲, 화계사 등과 함께 많이 찾는 곳 (연관 7회)",,,,N,N,N,,N,Y,Y,,,,,,http://place.map.kakao.com/737555953,서울 노원구 월계로45가길 57 · 한국관광공사 연관 관광지 · 카카오 좌표,
ro666,nation,전국,서울,Seoul,,서울스카이,Lotte World Tower SEOUL SKY,乐天世界塔SEOUL SKY,ロッテワールドタワー ソウルスカイ,activity,테마파크·액티비티,37.51251,127.10244,90,,"랜드마크관광 · 잠실한강공원, 매헌윤봉길의사기념관 등과 함께 많이 찾는 곳 (연관 7회)",,,,N,N,N,,N,Y,Y,,,,,,http://place.map.kakao.com/680691609,서울 송파구 올림픽로 300 · 한국관광공사 연관 관광지 · 카카오 좌표,
ro667,nation,전국,부산,Busan,,홍법사,Busan Hongbeopsa Temple,,弘法寺（釜山）,herit,문화유산·전통체험,35.30383,129.11041,60,,"종교성지 · 부산시민공원, 금정산성 등과 함께 많이 찾는 곳 (연관 7회)",,,,N,N,N,,N,Y,Y,,,,,,http://place.map.kakao.com/23123808,부산 금정구 두구로33번길 202 · 한국관광공사 연관 관광지 · 카카오 좌표,
ro668,nation,전국,당진,Dangjin,,한진포구 전망대,한진포구 전망대,,,activity,테마파크·액티비티,36.97254,126.78426,90,,"랜드마크관광 · 고대지구근린공원, 마섬포구 등과 함께 많이 찾는 곳 (연관 7회)",,,,N,N,N,,N,Y,Y,,,,,,http://place.map.kakao.com/1795960083,충남 당진시 송악읍 한진리 · 한국관광공사 연관 관광지 · 카카오 좌표,
ro669,nation,전국,고양,Goyang,,원당시장,원당시장,,,food,로컬상권·먹거리,37.65647,126.83713,50,,"시장 · 봉일천종합시장, 스타필드/고양 등과 함께 많이 찾는 곳 (연관 7회)",,,,N,N,N,,N,Y,Y,,,,,,http://place.map.kakao.com/18558862,경기 고양시 덕양구 성사동 709 · 한국관광공사 연관 관광지 · 카카오 좌표,
ro670,nation,전국,서산,Seosan,,보원사지 오층석탑,보원사지 오층석탑,,,herit,문화유산·전통체험,36.76153,126.60141,60,,"역사유적지 · 무상사, 개심사 등과 함께 많이 찾는 곳 (연관 7회)",,,,N,N,N,,N,Y,Y,,,,,,http://place.map.kakao.com/7892588,충남 서산시 운산면 용현리 119-1 · 한국관광공사 연관 관광지 · 카카오 좌표,
ro671,nation,전국,서울,Seoul,,은평한옥마을,은평한옥마을,,恩平韓屋村,herit,문화유산·전통체험,37.64131,126.9393,60,,"역사유적지 · 경복궁, 광장시장 등과 함께 많이 찾는 곳 (연관 7회)",,,,N,N,N,,N,Y,Y,,,,,,http://place.map.kakao.com/27158332,서울 은평구 연서로50길 7-10 · 한국관광공사 연관 관광지 · 카카오 좌표,
ro672,nation,전국,용인,Yongin,,호수앉기,호수앉기,,,food,로컬상권·먹거리,37.24155,127.10045,50,,"카페·찻집 · 광교호수공원, 구매탄시장 등과 함께 많이 찾는 곳 (연관 7회)",,,,N,N,N,,N,Y,Y,,,,,,http://place.map.kakao.com/1118190905,경기 용인시 기흥구 한일로15번길 33 · 한국관광공사 연관 관광지 · 카카오 좌표,
ro673,nation,전국,수원,Suwon,,진미통닭,진미통닭,,,food,로컬상권·먹거리,37.27966,127.01811,50,,"간이음식 · 수원박물관, 아쿠아플라넷/광교 등과 함께 많이 찾는 곳 (연관 7회)",,,,N,N,N,수원시 관광특구 (2016 지정),N,Y,Y,,,,,,http://place.map.kakao.com/406816688,경기 수원시 팔달구 정조로800번길 21 · 한국관광공사 연관 관광지 · 카카오 좌표,
ro674,nation,전국,충주,Chungju,,원조중앙탑막국수 충주단월점,원조중앙탑막국수 충주단월점,,,food,로컬상권·먹거리,36.9425,127.91914,50,,"한식 · 미륵대원지, 석종사 등과 함께 많이 찾는 곳 (연관 7회)",,,,N,N,N,,N,Y,Y,,,,,,http://place.map.kakao.com/22311845,충북 충주시 중원대로 3018 · 한국관광공사 연관 관광지 · 카카오 좌표,
ro675,nation,전국,보은,Boeun,,일상화글램핑,일상화글램핑,,,food,로컬상권·먹거리,36.58504,127.69747,50,,"카페·찻집 · 상당산성, 옥화자연휴양림 등과 함께 많이 찾는 곳 (연관 7회)",,,,N,N,N,,N,Y,Y,,,,,,http://place.map.kakao.com/29270347,충북 보은군 산외면 성암가고로 235-6 · 한국관광공사 연관 관광지 · 카카오 좌표,
ro676,nation,전국,대구,Daegu,,아페산,아페산,,,food,로컬상권·먹거리,35.82356,128.5533,50,,"전문음식 · 서문시장, 대구수목원 등과 함께 많이 찾는 곳 (연관 7회)",,,,N,N,N,,N,Y,Y,,,,,,http://place.map.kakao.com/911063874,대구 달서구 앞산순환로 221 · 한국관광공사 연관 관광지 · 카카오 좌표,
ro677,nation,전국,봉화,Bonghwa,,비진숲커피,비진숲커피,,,food,로컬상권·먹거리,36.86432,128.75609,50,,"카페·찻집 · 경상북도산림과학박물관, 고산정 등과 함께 많이 찾는 곳 (연관 7회)",,,,N,N,N,,N,Y,Y,,,,,,http://place.map.kakao.com/1910847905,경북 봉화군 상운면 예봉로 1573-33 · 한국관광공사 연관 관광지 · 카카오 좌표,
ro678,nation,전국,합천,Hapcheon,,적사부,적사부,,,food,로컬상권·먹거리,35.56711,128.16033,50,,"외국식 · 대장경테마파크, 연호사 등과 함께 많이 찾는 곳 (연관 7회)",,,,N,N,N,,N,Y,Y,,,,,,http://place.map.kakao.com/24500883,경남 합천군 합천읍 동서로 74 · 한국관광공사 연관 관광지 · 카카오 좌표,
ro679,nation,전국,창원,Changwon,,바다아라,바다아라,,,food,로컬상권·먹거리,35.10821,128.78899,50,,"음식점기타 · 삼밀사, 성흥사 등과 함께 많이 찾는 곳 (연관 7회)",,,,N,N,N,,N,Y,Y,,,,,,http://place.map.kakao.com/1114183874,경남 창원시 진해구 청안로 76 · 한국관광공사 연관 관광지 · 카카오 좌표,
ro680,nation,전국,정읍,Jeongeup,,대일정,대일정,,,food,로컬상권·먹거리,35.65174,126.94297,50,,"전문음식 · 내장사, 내장산케이블카 등과 함께 많이 찾는 곳 (연관 7회)",,,,N,N,N,,N,Y,Y,,,,,,http://place.map.kakao.com/7831396,전북특별자치도 정읍시 태인면 수학정석길 3 · 한국관광공사 연관 관광지 · 카카오 좌표,
ro681,nation,전국,함양,Hamyang,,카페오도재,카페오도재,,,food,로컬상권·먹거리,35.44133,127.69267,50,,"카페·찻집 · 벽송사, 상림공원 등과 함께 많이 찾는 곳 (연관 7회)",,,,N,N,N,,N,Y,Y,,,,,,http://place.map.kakao.com/820743672,경남 함양군 마천면 지리산가는길 534 · 한국관광공사 연관 관광지 · 카카오 좌표,
ro682,nation,전국,장성,Jangseong,,알콩달콩,알콩달콩,,,food,로컬상권·먹거리,35.40514,126.8797,50,,"한식 · 백양사, 봉암서원 등과 함께 많이 찾는 곳 (연관 7회)",,,,N,N,N,,N,Y,Y,,,,,,http://place.map.kakao.com/1478258490,전남광주통합특별시 장성군 북하면 약수2길 27 · 한국관광공사 연관 관광지 · 카카오 좌표,
ro683,nation,전국,서울,Seoul,,서일순대국 별관,서일순대국 별관,,,food,로컬상권·먹거리,37.49785,126.92113,50,,"한식 · 타임스퀘어, 일원에코파크 등과 함께 많이 찾는 곳 (연관 7회)",,,,N,N,N,,N,Y,Y,,,,,,http://place.map.kakao.com/27454501,서울 동작구 여의대방로24길 16 · 한국관광공사 연관 관광지 · 카카오 좌표,
ro684,nation,전국,서울,Seoul,,맥도날드 양재SK DT점,맥도날드 양재SK DT점,,,food,로컬상권·먹거리,37.47817,127.03955,50,,"간이음식 · 여의도공원, 구룡사 등과 함께 많이 찾는 곳 (연관 7회)",,,,N,N,N,,N,Y,Y,,,,,,http://place.map.kakao.com/21555292,서울 서초구 바우뫼로 178 · 한국관광공사 연관 관광지 · 카카오 좌표,
ro685,nation,전국,부산,Busan,,남천리녹차팥빙수,남천리녹차팥빙수,,,food,로컬상권·먹거리,35.14075,129.10881,50,,"카페·찻집 · 한국신발관, 오륙도스카이워크 등과 함께 많이 찾는 곳 (연관 7회)",,,,N,N,N,,N,Y,Y,,,,,,http://place.map.kakao.com/24490766,부산 수영구 수영로394번길 29 · 한국관광공사 연관 관광지 · 카카오 좌표,
ro686,nation,전국,부산,Busan,,국제밀면 본점,국제밀면 본점,,,food,로컬상권·먹거리,35.19697,129.07782,50,,"한식 · 부전마켓타운, 동명불원 등과 함께 많이 찾는 곳 (연관 7회)",,,,N,N,N,,N,Y,Y,,,,,,http://place.map.kakao.com/25041331,부산 연제구 중앙대로1235번길 23-6 · 한국관광공사 연관 관광지 · 카카오 좌표,
ro687,nation,전국,부산,Busan,,리초야 밀락더마켓점,Millac The Market,,,food,로컬상권·먹거리,35.15422,129.12703,50,,"카페·찻집 · 롯데월드 어드벤처 부산, 오륙도 등과 함께 많이 찾는 곳 (연관 7회)",,,,N,N,N,,N,Y,Y,,,,,,http://place.map.kakao.com/534715709,부산 수영구 민락수변로17번길 56 · 한국관광공사 연관 관광지 · 카카오 좌표,
ro688,nation,전국,부산,Busan,,이재모피자 명지대방점,이재모피자 명지대방점,,,food,로컬상권·먹거리,35.09278,128.91067,50,,"간이음식 · 낙동강하구에코센터, 다대포해수욕장 등과 함께 많이 찾는 곳 (연관 7회)",,,,N,N,N,,N,Y,Y,,,,,,http://place.map.kakao.com/1993146229,부산 강서구 명지국제6로 107 · 한국관광공사 연관 관광지 · 카카오 좌표,
ro689,nation,전국,서울,Seoul,,서울물빛나루 1호 홍제천 카페폭포,서울물빛나루 1호 홍제천 카페폭포,,,food,로컬상권·먹거리,37.5813,126.93705,50,,"카페·찻집 · 탑골공원, 통인시장 등과 함께 많이 찾는 곳 (연관 7회)",,,,N,N,N,,N,Y,Y,,,,,,http://place.map.kakao.com/7785544,서울 서대문구 연희로 262-24 · 한국관광공사 연관 관광지 · 카카오 좌표,
ro690,nation,전국,대전,Daejeon,,대전컨벤션센터 제2전시장,대전컨벤션센터 제2전시장,,,herit,문화유산·전통체험,36.37514,127.38932,60,,"전시시설 · 보문산큰나무전망대, 대전시립미술관 등과 함께 많이 찾는 곳 (연관 6회)",,,,N,N,N,유성구 관광특구 (0000 지정),N,Y,Y,,,,,,http://place.map.kakao.com/233877836,대전 유성구 엑스포로 87 · 한국관광공사 연관 관광지 · 카카오 좌표,
ro691,nation,전국,충주,Chungju,,수주팔봉,Sujupalbong Mountain,水周八峰,水周八峰,sea,해양·자연경관,36.89826,127.92429,40,,"자연경관(산) · 미륵대원지, 삼탄유원지 등과 함께 많이 찾는 곳 (연관 6회)",,,,N,N,N,,N,Y,Y,,,,,,http://place.map.kakao.com/11359384,충북 충주시 살미면 토계리 · 한국관광공사 연관 관광지 · 카카오 좌표,
ro693,nation,전국,용인,Yongin,,기흥호수공원,기흥호수공원,,,heal,힐링·생태·체험,37.25409,127.0957,60,,"도시공원 · 구매탄시장, 경기도박물관 등과 함께 많이 찾는 곳 (연관 6회)",,,,N,N,N,,N,Y,Y,,,,,,http://place.map.kakao.com/10218386,경기 용인시 기흥구 하갈동 127 · 한국관광공사 연관 관광지 · 카카오 좌표,
ro694,nation,전국,충주,Chungju,,계명산자연휴양림,계명산자연휴양림,,,heal,힐링·생태·체험,36.97932,127.99509,60,,"자연공원 · 석종사, 수주팔봉 등과 함께 많이 찾는 곳 (연관 6회)",,,,N,N,N,,N,Y,Y,,,,,,http://place.map.kakao.com/26866191,충북 충주시 충주호수로 1170 · 한국관광공사 연관 관광지 · 카카오 좌표,
ro695,nation,전국,수원,Suwon,,수원박물관,Suwon Museum,,水原博物館,herit,문화유산·전통체험,37.29774,127.03541,60,,"전시시설 · 수원광교박물관, 봉녕사 등과 함께 많이 찾는 곳 (연관 6회)",,,,N,N,N,,N,Y,Y,,,,,,http://place.map.kakao.com/7958133,경기 수원시 영통구 창룡대로 265 · 한국관광공사 연관 관광지 · 카카오 좌표,
ro696,nation,전국,충주,Chungju,,충주자유시장,충주자유시장,,,food,로컬상권·먹거리,36.97393,127.93067,50,,"시장 · 석종사, 수주팔봉 등과 함께 많이 찾는 곳 (연관 6회)",,,,N,N,N,,N,Y,Y,,,,,,http://place.map.kakao.com/18525198,충북 충주시 충인6길 16 · 한국관광공사 연관 관광지 · 카카오 좌표,
ro697,nation,전국,대전,Daejeon,,대전시립박물관,대전시립박물관,,,herit,문화유산·전통체험,36.33686,127.33532,60,,"전시시설 · 대전시립미술관, 천연기념물센터 등과 함께 많이 찾는 곳 (연관 6회)",,,,N,N,N,,N,Y,Y,,,,,,http://place.map.kakao.com/23418824,대전 유성구 도안대로 398 · 한국관광공사 연관 관광지 · 카카오 좌표,
ro698,nation,전국,보은,Boeun,,말티재 전망대,말티재 전망대,,,activity,테마파크·액티비티,36.49907,127.78932,90,,"랜드마크관광 · 청남대, 법주사 등과 함께 많이 찾는 곳 (연관 6회)",,,,N,N,N,,N,Y,Y,,,,,,http://place.map.kakao.com/1432364008,충북 보은군 장안면 장재리 산 4-14 · 한국관광공사 연관 관광지 · 카카오 좌표,
ro699,nation,전국,청주,Cheongju,,수암골전망대,Suamgol Observatory,寿岩谷观景台,スアムゴル展望台,activity,테마파크·액티비티,36.64594,127.49555,90,,"랜드마크관광 · 국립청주박물관, 문의문화재단지 등과 함께 많이 찾는 곳 (연관 6회)",,,,N,N,N,,N,Y,Y,,,,,,http://place.map.kakao.com/26781692,충북 청주시 상당구 수동 81-245 · 한국관광공사 연관 관광지 · 카카오 좌표,
ro700,nation,전국,전주,Jeonju,,금성당,금성당,,,activity,테마파크·액티비티,35.81627,127.14433,90,,"기타문화관광지 · 전주자연생태관, 피향정 등과 함께 많이 찾는 곳 (연관 6회)",,,,N,N,N,,N,Y,Y,,,,,,http://place.map.kakao.com/11036511,전북특별자치도 전주시 완산구 전라감영4길 13-7 · 한국관광공사 연관 관광지 · 카카오 좌표,
ro701,nation,전국,익산,Iksan,,백제왕궁박물관,백제왕궁박물관,,,herit,문화유산·전통체험,35.97117,127.05574,60,,"전시시설 · 전주향교, 국립익산박물관 등과 함께 많이 찾는 곳 (연관 6회)",,,,N,N,N,,N,Y,Y,,,,,,http://place.map.kakao.com/17384973,전북특별자치도 익산시 왕궁면 궁성로 666 · 한국관광공사 연관 관광지 · 카카오 좌표,
ro702,nation,전국,평창,Pyeongchang,,흥정계곡,Heungjeonggyegok Valley,兴亭溪谷,興亭渓谷,sea,해양·자연경관,37.63513,128.3435,40,,"자연경관(산) · 도직해변, 이효석문학의숲 등과 함께 많이 찾는 곳 (연관 6회)",,,,N,N,N,,N,Y,Y,,,,,,http://place.map.kakao.com/8174760,강원특별자치도 평창군 봉평면 흥정리 · 한국관광공사 연관 관광지 · 카카오 좌표,
ro703,nation,전국,인천,Incheon,,인천SSG랜더스필드,인천SSG랜더스필드,,,activity,테마파크·액티비티,37.437,126.69328,90,,"레저스포츠시설 · 소래포구종합어시장, 월미도 등과 함께 많이 찾는 곳 (연관 6회)",,,,N,N,N,,N,Y,Y,,,,,,http://place.map.kakao.com/8053130,인천 미추홀구 매소홀로 618 · 한국관광공사 연관 관광지 · 카카오 좌표,
ro704,nation,전국,보성,Boseong,,주월산패러글라이딩장,주월산패러글라이딩장,,,activity,테마파크·액티비티,34.8121,127.2117,90,,"항공레저스포츠 · 흥국사, 대한다원 등과 함께 많이 찾는 곳 (연관 6회)",,,,N,N,N,,N,Y,Y,,,,,,http://place.map.kakao.com/892834451,전남광주통합특별시 보성군 겸백면 수남리 산 2-2 · 한국관광공사 연관 관광지 · 카카오 좌표,
ro705,nation,전국,인천,Incheon,,신도,신도,,,sea,해양·자연경관,37.52664,126.45472,40,,"자연경관(하천·해양) · 인천대공원, 교동도 등과 함께 많이 찾는 곳 (연관 6회)",,,,N,N,N,,N,Y,Y,,,,,,http://place.map.kakao.com/18376876,인천 옹진군 북도면 신도리 · 한국관광공사 연관 관광지 · 카카오 좌표,
ro706,nation,전국,인천,Incheon,,인천광역시립박물관,인천광역시립박물관,,仁川広域市立博物館,herit,문화유산·전통체험,37.42076,126.65315,60,,"전시시설 · 인천대공원, 월미바다역 등과 함께 많이 찾는 곳 (연관 6회)",,,,N,N,N,,N,Y,Y,,,,,,http://place.map.kakao.com/8052890,인천 연수구 청량로160번길 26 · 한국관광공사 연관 관광지 · 카카오 좌표,
ro707,nation,전국,장흥,Jangheung,,정남진 장흥 물축제,정남진 장흥 물축제,,,activity,테마파크·액티비티,34.67906,126.90501,90,,"기타문화관광지 · 흥국사, 땅끝해양자연사박물관 등과 함께 많이 찾는 곳 (연관 6회)",,,,N,N,N,,N,Y,Y,,,,,,http://place.map.kakao.com/24895137,전남광주통합특별시 장흥군 장흥읍 건산리 805 · 한국관광공사 연관 관광지 · 카카오 좌표,
ro708,nation,전국,인천,Incheon,,화도진공원,화도진공원,,,heal,힐링·생태·체험,37.48236,126.62897,60,,"도시공원 · 북성포구, 송현근린공원 등과 함께 많이 찾는 곳 (연관 6회)",,,,N,N,N,,N,Y,Y,,,,,,http://place.map.kakao.com/8665986,인천 제물포구 화도진로 114 · 한국관광공사 연관 관광지 · 카카오 좌표,
ro709,nation,전국,인천,Incheon,,영종씨사이드 레일바이크,Yeongjong Seaside Rail Bike,永宗C-Side铁轨自行车,永宗シーサイドレールバイク,activity,테마파크·액티비티,37.48846,126.57687,90,,"기타레저스포츠 · 송월동동화마을, 강화씨사이드리조트 등과 함께 많이 찾는 곳 (연관 6회)",,,,N,N,N,,N,Y,Y,,,,,,http://place.map.kakao.com/750245312,인천 영종구 구읍로 75 · 한국관광공사 연관 관광지 · 카카오 좌표,
ro710,nation,전국,산청,Sancheong,,정취암,Jeongchwiam Hermitage,净趣庵,浄趣庵,herit,문화유산·전통체험,35.38965,127.9749,60,,"종교성지 · 진양호공원, 합천영상테마파크 등과 함께 많이 찾는 곳 (연관 6회)",,,,N,N,N,,N,Y,Y,,,,,,http://place.map.kakao.com/9392647,경남 산청군 신등면 둔철산로 675-87 · 한국관광공사 연관 관광지 · 카카오 좌표,
ro711,nation,전국,인천,Incheon,,시도,시도,,,sea,해양·자연경관,37.53532,126.42687,40,,"자연경관(하천·해양) · 송월동동화마을, 연안부두 등과 함께 많이 찾는 곳 (연관 6회)",,,,N,N,N,,N,Y,Y,,,,,,http://place.map.kakao.com/7973753,인천 옹진군 북도면 시도리 · 한국관광공사 연관 관광지 · 카카오 좌표,
ro712,nation,전국,영주,Yeongju,,여우생태관찰원,여우생태관찰원,,,herit,문화유산·전통체험,36.91398,128.55676,60,,"전시시설 · 국립산림치유원, 소수서원 등과 함께 많이 찾는 곳 (연관 6회)",,,,N,N,N,,N,Y,Y,,,,,,http://place.map.kakao.com/27357466,경북 영주시 순흥면 소백로2481번길 33 · 한국관광공사 연관 관광지 · 카카오 좌표,
ro713,nation,전국,인천,Incheon,,수기해수욕장,수기해수욕장,,,sea,해양·자연경관,37.54461,126.43187,40,,"자연경관(하천·해양) · 동검선착장, 삼목선착장 등과 함께 많이 찾는 곳 (연관 6회)",,,,N,N,N,,N,Y,Y,,,,,,http://place.map.kakao.com/11401699,인천 옹진군 북도면 시도리 · 한국관광공사 연관 관광지 · 카카오 좌표,
ro714,nation,전국,청송,Cheongsong,,대전사,Daejeonsa Temple,大典寺,大典寺,herit,문화유산·전통체험,36.39708,129.14599,60,,"종교성지 · 하옥계곡, 객주문학관 등과 함께 많이 찾는 곳 (연관 6회)",,,,N,N,N,,N,Y,Y,,,,,,http://place.map.kakao.com/7829870,경북 청송군 주왕산면 공원길 226 · 한국관광공사 연관 관광지 · 카카오 좌표,
ro715,nation,전국,창녕,Changnyeong,,창녕교동과송현동고분군,"Ancient Tombs in Gyo-dong and Songhyeon-dong, Changnyeong",昌宁校洞与松岘洞古坟群,昌寧校洞・松峴洞古墳群,herit,문화유산·전통체험,35.54633,128.50368,60,,"역사유적지 · 합천박물관, 합천옥전고분군 등과 함께 많이 찾는 곳 (연관 6회)",,,,N,N,N,,N,Y,Y,,,,,,http://place.map.kakao.com/8086129,경남 창녕군 창녕읍 교리 124 · 한국관광공사 연관 관광지 · 카카오 좌표,
ro716,nation,전국,진안,Jinan,,마이산 탑사,Tapsa Temple,马耳山塔寺,馬耳山塔寺,herit,문화유산·전통체험,35.75864,127.41158,60,,"종교성지 · 동국사, 내장산케이블카 등과 함께 많이 찾는 곳 (연관 6회)",,,,N,N,N,,N,Y,Y,,,,,,http://place.map.kakao.com/8352717,전북특별자치도 진안군 마령면 마이산남로 367 · 한국관광공사 연관 관광지 · 카카오 좌표,
ro717,nation,전국,홍성,Hongseong,,홍성전통시장,홍성전통시장,,,food,로컬상권·먹거리,36.60226,126.66806,50,,"시장 · 금강신관공원, 무창포항 등과 함께 많이 찾는 곳 (연관 6회)",,,,N,N,N,,N,Y,Y,,,,,,http://place.map.kakao.com/26883218,충남 홍성군 홍성읍 홍성천길 242 · 한국관광공사 연관 관광지 · 카카오 좌표,
ro718,nation,전국,창원,Changwon,,가포수변공원,가포수변공원,,,heal,힐링·생태·체험,35.15584,128.58369,60,,"도시공원 · 장복산조각공원, 광암해수욕장 등과 함께 많이 찾는 곳 (연관 6회)",,,,N,N,N,,N,Y,Y,,,,,,http://place.map.kakao.com/925703795,경남 창원시 마산합포구 가포로 441-57 · 한국관광공사 연관 관광지 · 카카오 좌표,
ro719,nation,전국,창원,Changwon,,창원국제사격장,창원국제사격장,,,activity,테마파크·액티비티,35.25158,128.68609,90,,"육상레저스포츠 · 진해해양공원, 마산로봇랜드 등과 함께 많이 찾는 곳 (연관 6회)",,,,N,N,N,,N,Y,Y,,,,,,http://place.map.kakao.com/11529099,경남 창원시 의창구 사림로99번길 63 · 한국관광공사 연관 관광지 · 카카오 좌표,
ro720,nation,전국,김해,Gimhae,,수안마을회관,수안마을회관,,,herit,문화유산·전통체험,35.22911,128.93693,60,,"역사유적지 · 장미공원, 우곡사 등과 함께 많이 찾는 곳 (연관 6회)",,,,N,N,N,,N,Y,Y,,,,,,http://place.map.kakao.com/26295798,경남 김해시 대동면 대동로 132 · 한국관광공사 연관 관광지 · 카카오 좌표,
ro721,nation,전국,장성,Jangseong,,홍길동테마파크,홍길동테마파크,,,activity,테마파크·액티비티,35.32005,126.72679,90,,"복합관광시설 · 광주시민의숲, 국립장성치유의숲 등과 함께 많이 찾는 곳 (연관 6회)",,,,N,N,N,,N,Y,Y,,,,,,http://place.map.kakao.com/11553767,전남광주통합특별시 장성군 황룡면 아곡리 373 · 한국관광공사 연관 관광지 · 카카오 좌표,
ro722,nation,전국,창원,Changwon,,진해루해변공원,진해루해변공원,,,heal,힐링·생태·체험,35.14722,128.68529,60,,"도시공원 · 제황산공원, 진해내수면환경생태공원 등과 함께 많이 찾는 곳 (연관 6회)",,,,N,N,N,,N,Y,Y,,,,,,http://place.map.kakao.com/27144213,경남 창원시 진해구 경화동 · 한국관광공사 연관 관광지 · 카카오 좌표,
ro723,nation,전국,정읍,Jeongeup,,내장사,내장사,,,herit,문화유산·전통체험,35.48958,126.90195,60,,"종교성지 · 내장산케이블카, 정읍사문화공원 등과 함께 많이 찾는 곳 (연관 6회)",,,,N,N,N,,N,Y,Y,,,,,,http://place.map.kakao.com/11300912,전북특별자치도 정읍시 내장산로 1253 · 한국관광공사 연관 관광지 · 카카오 좌표,
ro724,nation,전국,포천,Pocheon,,제일유황온천,Ildong Jaeil Yuhwang Oncheon,一东第一硫磺温泉,一東第一硫黄温泉,heal,힐링·생태·체험,37.96765,127.3287,60,,"웰니스관광 · 현등사, 봉선사 등과 함께 많이 찾는 곳 (연관 6회)",,,,N,N,N,,N,Y,Y,,,,,,http://place.map.kakao.com/10737976,경기 포천시 일동면 화동로 1210 · 한국관광공사 연관 관광지 · 카카오 좌표,
ro725,nation,전국,양산,Yangsan,,극락암,극락암,,,herit,문화유산·전통체험,35.49906,129.05104,60,,"종교성지 · 미타암, 통도사 등과 함께 많이 찾는 곳 (연관 6회)",,,,N,N,N,,N,Y,Y,,,,,,http://place.map.kakao.com/12888678,경남 양산시 하북면 통도사로 108 · 한국관광공사 연관 관광지 · 카카오 좌표,
ro726,nation,전국,포천,Pocheon,,도마치계곡,도마치계곡,,,sea,해양·자연경관,38.04695,127.38865,40,,"자연경관(산) · 강씨봉자연휴양림, 고모저수지 등과 함께 많이 찾는 곳 (연관 6회)",,,,N,N,N,,N,Y,Y,,,,,,http://place.map.kakao.com/1562874739,경기 포천시 이동면 도평리 산 140-1 · 한국관광공사 연관 관광지 · 카카오 좌표,
ro727,nation,전국,경기광주,Gwangju-gg,,팔당전망대,팔당전망대,,,activity,테마파크·액티비티,37.49958,127.30311,90,,"랜드마크관광 · 다산정약용유적지, 구둔역/폐역 등과 함께 많이 찾는 곳 (연관 6회)",,,,N,N,N,,N,Y,Y,,,,,,http://place.map.kakao.com/21766252,경기 광주시 남종면 산수로 1692 · 한국관광공사 연관 관광지 · 카카오 좌표,
ro728,nation,전국,여주,Yeoju,,여주시립 폰박물관,여주시립 폰박물관,,,herit,문화유산·전통체험,37.29368,127.6663,60,,"전시시설 · 금은모래강변공원, 명성황후생가 등과 함께 많이 찾는 곳 (연관 6회)",,,,N,N,N,여주시 관광지 (2020 지정),N,Y,Y,,,,,,http://place.map.kakao.com/2028946938,경기 여주시 강변유원지길 105 · 한국관광공사 연관 관광지 · 카카오 좌표,
ro729,nation,전국,가평,Gapyeong,,명지계곡,명지계곡,,,sea,해양·자연경관,37.93594,127.48624,40,,"자연경관(산) · 가평별빛정원, 대원사 등과 함께 많이 찾는 곳 (연관 6회)",,,,N,N,N,,N,Y,Y,,,,,,http://place.map.kakao.com/10334716,경기 가평군 북면 도대리 623 · 한국관광공사 연관 관광지 · 카카오 좌표,
ro731,nation,전국,함양,Hamyang,,지안재,Hamyang Jianjae Pass,咸阳知安岭,咸陽チアン峠,sea,해양·자연경관,35.47352,127.70252,40,,"자연경관(산) · 농월정, 상림공원 등과 함께 많이 찾는 곳 (연관 6회)",,,,N,N,N,,N,Y,Y,,,,,,http://place.map.kakao.com/25681449,경남 함양군 함양읍 구룡리 산 119-3 · 한국관광공사 연관 관광지 · 카카오 좌표,
ro732,nation,전국,담양,Damyang,,담양관방제림,Gwanbangjerim Forest,官防堤林,官防堤林,herit,문화유산·전통체험,35.32387,126.986,60,,"역사유적지 · 백양사, 담양명옥헌원림 등과 함께 많이 찾는 곳 (연관 6회)",,,,N,N,N,,N,Y,Y,,,,,,http://place.map.kakao.com/7814251,전남광주통합특별시 담양군 담양읍 객사리 1 · 한국관광공사 연관 관광지 · 카카오 좌표,
ro733,nation,전국,담양,Damyang,,플레이펫,플레이펫,,,activity,테마파크·액티비티,35.31642,126.99051,90,,"테마공원 · 홍길동테마파크, 담양곤충박물관 등과 함께 많이 찾는 곳 (연관 6회)",,,,N,N,N,,N,Y,Y,,,,,,http://place.map.kakao.com/1899243668,전남광주통합특별시 담양군 담양읍 죽향대로 1290 · 한국관광공사 연관 관광지 · 카카오 좌표,
ro734,nation,전국,창녕,Changnyeong,,창녕영산만년교,Mannyeongyo Bridge,万年桥,万年橋,herit,문화유산·전통체험,35.45365,128.52981,60,,"역사유적지 · 관룡사, 남지체육공원 등과 함께 많이 찾는 곳 (연관 6회)",,,,N,N,N,,N,Y,Y,,,,,,http://place.map.kakao.com/776290158,경남 창녕군 영산면 동리 433 · 한국관광공사 연관 관광지 · 카카오 좌표,
ro735,nation,전국,상주,Sangju,,파머스룸 치유농장,파머스룸 치유농장,,,heal,힐링·생태·체험,36.44974,128.17985,60,,"농·산/어촌체험 · 경천섬공원, 낙동강역사이야기관 등과 함께 많이 찾는 곳 (연관 6회)",,,,N,N,N,,N,Y,Y,,,,,,http://place.map.kakao.com/803849010,경북 상주시 초산3길 22-4 · 한국관광공사 연관 관광지 · 카카오 좌표,
ro736,nation,전국,화순,Hwasun,,화순고인돌전통시장,화순고인돌전통시장,,,food,로컬상권·먹거리,35.0596,126.98357,50,,"시장 · 남산공원, 무등산편백자연휴양림 등과 함께 많이 찾는 곳 (연관 6회)",,,,N,N,N,,N,Y,Y,,,,,,http://place.map.kakao.com/14704890,전남광주통합특별시 화순군 화순읍 시장길 42 · 한국관광공사 연관 관광지 · 카카오 좌표,
ro737,nation,전국,장성,Jangseong,,국립장성치유의숲,National Jangseong Healing Forest,国立长城治愈林,国立長城癒しの森,heal,힐링·생태·체험,35.36879,126.73146,60,,"자연공원 · 방장산자연휴양림, 백양사 등과 함께 많이 찾는 곳 (연관 6회)",,,,N,N,N,,N,Y,Y,,,,,,http://place.map.kakao.com/26236801,전남광주통합특별시 장성군 서삼면 추암로 716 · 한국관광공사 연관 관광지 · 카카오 좌표,
ro738,nation,전국,화순,Hwasun,,숲속유원지,숲속유원지,,,sea,해양·자연경관,34.96396,127.06447,40,,"자연경관(산) · 동구리호수공원, 백아산자연휴양림 등과 함께 많이 찾는 곳 (연관 6회)",,,,N,N,N,,N,Y,Y,,,,,,http://place.map.kakao.com/1524879080,전남광주통합특별시 화순군 한천면 동산1길 68 · 한국관광공사 연관 관광지 · 카카오 좌표,
ro739,nation,전국,이천,Icheon,,이천시립박물관,이천시립박물관,,,herit,문화유산·전통체험,37.27496,127.4276,60,,"전시시설 · 관고전통시장, 설봉공원 등과 함께 많이 찾는 곳 (연관 6회)",,,,N,N,N,,N,Y,Y,,,,,,http://place.map.kakao.com/14922300,경기 이천시 경충대로2697번길 172 · 한국관광공사 연관 관광지 · 카카오 좌표,
ro740,nation,전국,고성,Goseong,,고성탈박물관,고성탈박물관,,,herit,문화유산·전통체험,34.97106,128.33378,60,,"전시시설 · 고성박물관, 고성생태학습관 등과 함께 많이 찾는 곳 (연관 6회)",,,,N,N,N,,N,Y,Y,,,,,,http://place.map.kakao.com/10169352,경남 고성군 고성읍 율대2길 23 · 한국관광공사 연관 관광지 · 카카오 좌표,
ro741,nation,전국,서울,Seoul,,용양봉저정공원,용양봉저정공원,,,heal,힐링·생태·체험,37.51195,126.95832,60,,"도시공원 · 양화한강공원, 여의도한강공원 등과 함께 많이 찾는 곳 (연관 6회)",,,,N,N,N,,N,Y,Y,,,,,,http://place.map.kakao.com/12527129,서울 동작구 본동 산 3-9 · 한국관광공사 연관 관광지 · 카카오 좌표,
ro742,nation,전국,완도,Wando,,화흥포항 대합실,화흥포항 대합실,,,sea,해양·자연경관,34.30536,126.67938,40,,"자연경관(하천·해양) · 당목항, 산양진항 등과 함께 많이 찾는 곳 (연관 6회)",,,,N,N,N,,N,Y,Y,,,,,,http://place.map.kakao.com/8185203,전남광주통합특별시 완도군 완도읍 화흥포길 242 · 한국관광공사 연관 관광지 · 카카오 좌표,
ro743,nation,전국,서울,Seoul,,대림시장,대림시장,,,food,로컬상권·먹거리,37.58681,126.91774,50,,"시장 · 대림중앙시장, 남구로시장 등과 함께 많이 찾는 곳 (연관 6회)",,,,N,N,N,,N,Y,Y,,,,,,http://place.map.kakao.com/8287165,서울 은평구 응암로4길 22 · 한국관광공사 연관 관광지 · 카카오 좌표,
ro744,nation,전국,홍성,Hongseong,,용봉산자연휴양림,용봉산자연휴양림,,,heal,힐링·생태·체험,36.64472,126.65681,60,,"자연공원 · 오서산자연휴양림, 속동전망대 등과 함께 많이 찾는 곳 (연관 6회)",,,,N,N,N,,N,Y,Y,,,,,,http://place.map.kakao.com/27169821,충남 홍성군 홍북읍 용봉산2길 87 · 한국관광공사 연관 관광지 · 카카오 좌표,
ro745,nation,전국,서울,Seoul,,보라매공원,보라매공원,,,heal,힐링·생태·체험,37.49328,126.92052,60,,"도시공원 · 여의도공원, 영등포공원 등과 함께 많이 찾는 곳 (연관 6회)",,,,N,N,N,,N,Y,Y,,,,,,http://place.map.kakao.com/11338178,서울 동작구 신대방동 722 · 한국관광공사 연관 관광지 · 카카오 좌표,
ro747,nation,전국,서울,Seoul,,용산용문시장,용산용문시장,,,food,로컬상권·먹거리,37.53662,126.9598,50,,"시장 · 뚝도청춘시장, 낙산공원 등과 함께 많이 찾는 곳 (연관 6회)",,,,N,N,N,,N,Y,Y,,,,,,http://place.map.kakao.com/8462849,서울 용산구 효창원로40길 13 · 한국관광공사 연관 관광지 · 카카오 좌표,
ro748,nation,전국,부산,Busan,,태종사,태종사,,,herit,문화유산·전통체험,35.05599,129.08812,60,,"종교성지 · 가야공원, 송도해수욕장 등과 함께 많이 찾는 곳 (연관 6회)",,,,N,N,N,영도구 관광지 (2008 지정),N,Y,Y,,,,,,http://place.map.kakao.com/9514685,부산 영도구 전망로 119 · 한국관광공사 연관 관광지 · 카카오 좌표,
ro749,nation,전국,서울,Seoul,,명일전통시장 청춘마켓,명일전통시장 청춘마켓,,,food,로컬상권·먹거리,37.54966,127.14498,50,,"시장 · 마천중앙시장, 경동시장 등과 함께 많이 찾는 곳 (연관 6회)",,,,N,N,N,,N,Y,Y,,,,,,http://place.map.kakao.com/1945419568,서울 강동구 명일동 324-20 · 한국관광공사 연관 관광지 · 카카오 좌표,
ro750,nation,전국,부산,Busan,,개금골목시장,개금골목시장,,,food,로컬상권·먹거리,35.15122,129.02477,50,,"시장 · 가야공원, 당감시장 등과 함께 많이 찾는 곳 (연관 6회)",,,,N,N,N,,N,Y,Y,,,,,,http://place.map.kakao.com/20520408,부산 부산진구 냉정로 227-1 · 한국관광공사 연관 관광지 · 카카오 좌표,
ro751,nation,전국,서울,Seoul,,강서별빛우주과학관,강서별빛우주과학관,,,herit,문화유산·전통체험,37.58101,126.81469,60,,"전시시설 · 겸재정선미술관, 국립항공박물관 등과 함께 많이 찾는 곳 (연관 6회)",,,,N,N,N,,N,Y,Y,,,,,,http://place.map.kakao.com/2133821001,서울 강서구 금낭화로 178 · 한국관광공사 연관 관광지 · 카카오 좌표,
ro752,nation,전국,부산,Busan,,당감새시장,당감새시장,,,food,로컬상권·먹거리,35.16435,129.04192,50,,"시장 · 개금골목시장, 부전마켓타운 등과 함께 많이 찾는 곳 (연관 6회)",,,,N,N,N,,N,Y,Y,,,,,,http://place.map.kakao.com/18525974,부산 부산진구 동평로 112 · 한국관광공사 연관 관광지 · 카카오 좌표,
ro753,nation,전국,서울,Seoul,,서울물재생체험관,서울물재생체험관,,,herit,문화유산·전통체험,37.57766,126.82099,60,,"전시시설 · 강서습지생태공원, 겸재정선미술관 등과 함께 많이 찾는 곳 (연관 6회)",,,,N,N,N,,N,Y,Y,,,,,,http://place.map.kakao.com/1655707944,서울 강서구 마곡동 1142 · 한국관광공사 연관 관광지 · 카카오 좌표,
ro754,nation,전국,부산,Busan,,장림포구,장림포구,,長林浦,sea,해양·자연경관,35.08074,128.95692,40,,"자연경관(하천·해양) · 한국신발관, 낙동강하구에코센터 등과 함께 많이 찾는 곳 (연관 6회)",,,,N,N,N,,N,Y,Y,,,,,,http://place.map.kakao.com/1728865012,부산 사하구 장림로93번길 72 · 한국관광공사 연관 관광지 · 카카오 좌표,
ro755,nation,전국,부산,Busan,,칠암방파제,칠암방파제,,,sea,해양·자연경관,35.29858,129.26213,40,,"자연경관(하천·해양) · 다대포항, 기장시장 등과 함께 많이 찾는 곳 (연관 6회)",,,,N,N,N,,N,Y,Y,,,,,,http://place.map.kakao.com/11239243,부산 기장군 일광읍 칠암리 · 한국관광공사 연관 관광지 · 카카오 좌표,
ro756,nation,전국,부산,Busan,,신평소공원,신평소공원,,,heal,힐링·생태·체험,35.29379,129.26056,60,,"도시공원 · 곰내연밭, 기장시장 등과 함께 많이 찾는 곳 (연관 6회)",,,,N,N,N,,N,Y,Y,,,,,,http://place.map.kakao.com/12108311,부산 기장군 일광읍 신평리 11-1 · 한국관광공사 연관 관광지 · 카카오 좌표,
ro757,nation,전국,부산,Busan,,충렬사,충렬사,,,herit,문화유산·전통체험,35.20121,129.0958,60,,"역사유적지 · 곰내연밭, 정관박물관 등과 함께 많이 찾는 곳 (연관 6회)",,,,N,N,N,,N,Y,Y,,,,,,http://place.map.kakao.com/9356168,부산 동래구 충렬대로 345 · 한국관광공사 연관 관광지 · 카카오 좌표,
ro759,nation,전국,횡성,Hoengseong,,국립청태산자연휴양림,Cheongtaesan National Recreational Forest,国立青太山自然休养林,国立青太山自然休養林,heal,힐링·생태·체험,37.52169,128.29133,60,,"자연공원 · 국립한국자생식물원, 태기산전망대 등과 함께 많이 찾는 곳 (연관 6회)",,,,N,N,N,,N,Y,Y,,,,,,http://place.map.kakao.com/26139470,강원특별자치도 횡성군 둔내면 청태산로 610 · 한국관광공사 연관 관광지 · 카카오 좌표,
ro760,nation,전국,부산,Busan,,민락어민활어직판장,Millak Hoe Center,,,food,로컬상권·먹거리,35.1542,129.12785,50,,"시장 · UN기념공원, 더베이101 등과 함께 많이 찾는 곳 (연관 6회)",,,,N,N,N,,N,Y,Y,,,,,,http://place.map.kakao.com/13297096,부산 수영구 광안해변로312번길 60 · 한국관광공사 연관 관광지 · 카카오 좌표,
ro761,nation,전국,부산,Busan,,감지해변,감지해변,,,sea,해양·자연경관,35.06059,129.077,40,,"자연경관(하천·해양) · 송도해수욕장, 국립해양박물관 등과 함께 많이 찾는 곳 (연관 6회)",,,,N,N,N,,N,Y,Y,,,,,,http://place.map.kakao.com/11416979,부산 영도구 동삼동 · 한국관광공사 연관 관광지 · 카카오 좌표,
ro762,nation,전국,부산,Busan,,F1963,F1963,,,activity,테마파크·액티비티,35.17693,129.11494,90,,"기타문화관광지 · 부산박물관, APEC나루공원 등과 함께 많이 찾는 곳 (연관 6회)",,,,N,N,N,,N,Y,Y,,,,,,http://place.map.kakao.com/1440701601,부산 수영구 구락로123번길 20 · 한국관광공사 연관 관광지 · 카카오 좌표,
ro763,nation,전국,부산,Busan,,중리바닷가,중리바닷가,,,sea,해양·자연경관,35.06859,129.06483,40,,"자연경관(하천·해양) · 오륙도, 감지해변 등과 함께 많이 찾는 곳 (연관 6회)",,,,N,N,N,,N,Y,Y,,,,,,http://place.map.kakao.com/8069420,부산 영도구 동삼동 · 한국관광공사 연관 관광지 · 카카오 좌표,
ro764,nation,전국,양주,Yangju,,장흥자생수목원,장흥자생수목원,,,heal,힐링·생태·체험,37.74351,126.94819,60,,"자연공원 · 가나아트파크, 국립아세안자연휴양림 등과 함께 많이 찾는 곳 (연관 6회)",,,,N,N,N,,N,Y,Y,,,,,,http://place.map.kakao.com/17186935,경기 양주시 장흥면 석현리 산 161-3 · 한국관광공사 연관 관광지 · 카카오 좌표,
ro765,nation,전국,하동,Hadong,,하동군지리산생태과학관,하동군지리산생태과학관,,,herit,문화유산·전통체험,35.15066,127.67564,60,,"전시시설 · 동정호, 스타웨이하동 등과 함께 많이 찾는 곳 (연관 6회)",,,,N,N,N,,N,Y,Y,,,,,,http://place.map.kakao.com/17463588,경남 하동군 악양면 섬진강대로 3358-30 · 한국관광공사 연관 관광지 · 카카오 좌표,
ro766,nation,전국,수원,Suwon,,강남면옥 수원점,강남면옥 수원점,,,food,로컬상권·먹거리,37.3108,126.99028,50,,"한식 · 창룡문, 화성행궁 등과 함께 많이 찾는 곳 (연관 6회)",,,,N,N,N,,N,Y,Y,,,,,,http://place.map.kakao.com/665808134,경기 수원시 장안구 이목로74번길 17 · 한국관광공사 연관 관광지 · 카카오 좌표,
ro767,nation,전국,수원,Suwon,,신라갈비,신라갈비,,,food,로컬상권·먹거리,37.27379,127.04925,50,,"한식 · 광교호수공원, 매탄공원 등과 함께 많이 찾는 곳 (연관 6회)",,,,N,N,N,,N,Y,Y,,,,,,http://place.map.kakao.com/7975283,경기 수원시 영통구 동수원로 538 · 한국관광공사 연관 관광지 · 카카오 좌표,
ro768,nation,전국,인천,Incheon,,오목골즉석메밀우동,오목골즉석메밀우동,,,food,로컬상권·먹거리,37.46836,126.65086,50,,"외국식 · 만석부두, 수도국산달동네박물관 등과 함께 많이 찾는 곳 (연관 6회)",,,,N,N,N,,N,Y,Y,,,,,,http://place.map.kakao.com/776933867,인천 미추홀구 석정로 142 · 한국관광공사 연관 관광지 · 카카오 좌표,
ro769,nation,전국,장성,Jangseong,,고려조삼계탕 본점,고려조삼계탕 본점,,,food,로컬상권·먹거리,35.25246,126.81249,50,,"한식 · 광주양동시장, 풍암호수공원/공사중(2027년07월 오픈예정) 등과 함께 많이 찾는 곳 (연관 6회)",,,,N,N,N,,N,Y,Y,,,,,,http://place.map.kakao.com/1381779818,전남광주통합특별시 장성군 진원면 못재로 172-3 · 한국관광공사 연관 관광지 · 카카오 좌표,
ro770,nation,전국,고성,Goseong,,카페도어스,카페도어스,,,food,로컬상권·먹거리,34.94478,128.33401,50,,"카페·찻집 · 바람흔적미술관, 갈모봉자연휴양림 등과 함께 많이 찾는 곳 (연관 6회)",,,,N,N,N,,N,Y,Y,,,,,,http://place.map.kakao.com/581805089,경남 고성군 고성읍 신월로 166 · 한국관광공사 연관 관광지 · 카카오 좌표,
ro771,nation,전국,천안,Cheonan,,뚜쥬루 성정점,뚜쥬루 성정점,,,food,로컬상권·먹거리,36.81833,127.13961,50,,"간이음식 · 각원사, 천안상록리조트 등과 함께 많이 찾는 곳 (연관 6회)",,,,N,N,N,,N,Y,Y,,,,,,http://place.map.kakao.com/21351241,충남 천안시 서북구 백석로 270 · 한국관광공사 연관 관광지 · 카카오 좌표,
ro772,nation,전국,용인,Yongin,,고기리막국수,고기리막국수,,,food,로컬상권·먹거리,37.36,127.0401,50,,"한식 · 경기도박물관, 만골근린공원 등과 함께 많이 찾는 곳 (연관 6회)",,,,N,N,N,,N,Y,Y,,,,,,http://place.map.kakao.com/83147987,경기 용인시 수지구 이종무로 157 · 한국관광공사 연관 관광지 · 카카오 좌표,
ro773,nation,전국,용인,Yongin,,수지외식타운,수지외식타운,,,food,로컬상권·먹거리,37.32777,127.0963,50,,"음식점기타 · 동백호수공원, 로만바스 등과 함께 많이 찾는 곳 (연관 6회)",,,,N,N,N,,N,Y,Y,,,,,,http://place.map.kakao.com/13558508,경기 용인시 수지구 풍덕천동 701 · 한국관광공사 연관 관광지 · 카카오 좌표,
ro774,nation,전국,창녕,Changnyeong,,도천진짜순대 본점,도천진짜순대 본점,,,food,로컬상권·먹거리,35.43599,128.51915,50,,"한식 · 통도사자장암, 클레이아크미술관 등과 함께 많이 찾는 곳 (연관 6회)",,,,N,N,N,,N,Y,Y,,,,,,http://place.map.kakao.com/8084859,경남 창녕군 도천면 일리새긴길 8 · 한국관광공사 연관 관광지 · 카카오 좌표,
ro775,nation,전국,함양,Hamyang,,나무달쉼터,나무달쉼터,,,food,로컬상권·먹거리,35.53235,127.70917,50,,"한식 · 농월정, 벽송사 등과 함께 많이 찾는 곳 (연관 6회)",,,,N,N,N,,N,Y,Y,,,,,,http://place.map.kakao.com/16544201,경남 함양군 함양읍 대실길 225 · 한국관광공사 연관 관광지 · 카카오 좌표,
ro776,nation,전국,상주,Sangju,,상주주막,상주주막,,,food,로컬상권·먹거리,36.44631,128.26417,50,,"한식 · 경천섬공원, 낙동강역사이야기관 등과 함께 많이 찾는 곳 (연관 6회)",,,,N,N,N,상주시 관광지 (2024 지정),N,Y,Y,,,,,,http://place.map.kakao.com/265374523,경북 상주시 중동면 갱다불길 147 · 한국관광공사 연관 관광지 · 카카오 좌표,
ro777,nation,전국,문경,Mungyeong,,대흥정육점,대흥정육점,,,food,로컬상권·먹거리,36.73403,128.10788,50,,"한식 · 상주자전거박물관, 통고산자연휴양림 등과 함께 많이 찾는 곳 (연관 6회)",,,,N,N,N,,N,Y,Y,,,,,,http://place.map.kakao.com/8883695,경북 문경시 문경읍 새재로 458-9 · 한국관광공사 연관 관광지 · 카카오 좌표,
ro778,nation,전국,무주,Muju,,무심원,무심원,,,food,로컬상권·먹거리,36.01149,127.76209,50,,"카페·찻집 · 라제통문, 머루와인동굴 등과 함께 많이 찾는 곳 (연관 6회)",,,,N,N,N,,N,Y,Y,,,,,,http://place.map.kakao.com/599210780,전북특별자치도 무주군 설천면 무설로 1338-1 · 한국관광공사 연관 관광지 · 카카오 좌표,
ro779,nation,전국,무주,Muju,,메가MGC커피 무주군청점,메가MGC커피 무주군청점,,,food,로컬상권·먹거리,36.00801,127.66127,50,,"카페·찻집 · 머루와인동굴, 무주반디랜드 등과 함께 많이 찾는 곳 (연관 6회)",,,,N,N,N,,N,Y,Y,,,,,,http://place.map.kakao.com/343042063,전북특별자치도 무주군 무주읍 단천로 93 · 한국관광공사 연관 관광지 · 카카오 좌표,
ro780,nation,전국,서울,Seoul,,맥도날드 고척DT점,맥도날드 고척DT점,,,food,로컬상권·먹거리,37.4972,126.86356,50,,"간이음식 · 여의도한강공원, 개봉중앙시장 등과 함께 많이 찾는 곳 (연관 6회)",,,,N,N,N,,N,Y,Y,,,,,,http://place.map.kakao.com/27347577,서울 구로구 경인로 393 · 한국관광공사 연관 관광지 · 카카오 좌표,
ro781,nation,전국,구미,Gumi,,한채쭈꾸미,한채쭈꾸미,,,food,로컬상권·먹거리,36.1053,128.32843,50,,"전문음식 · 금오랜드, 금오산 등과 함께 많이 찾는 곳 (연관 6회)",,,,N,N,N,,N,Y,Y,,,,,,http://place.map.kakao.com/24472814,경북 구미시 공원로 328 · 한국관광공사 연관 관광지 · 카카오 좌표,
ro782,nation,전국,홍성,Hongseong,,비츠,비츠,,,food,로컬상권·먹거리,36.53264,126.48374,50,,"카페·찻집 · 세계꽃식물원, 궁리항 등과 함께 많이 찾는 곳 (연관 6회)",,,,N,N,N,,N,Y,Y,,,,,,http://place.map.kakao.com/1599511607,충남 홍성군 서부면 남당항로72번길 1 · 한국관광공사 연관 관광지 · 카카오 좌표,
ro783,nation,전국,서울,Seoul,,가나돈까스의집,가나돈까스의집,,,food,로컬상권·먹거리,37.50987,127.0378,50,,"전문음식 · 도선사, 롯데월드아쿠아리움 등과 함께 많이 찾는 곳 (연관 6회)",,,,N,N,N,,N,Y,Y,,,,,,http://place.map.kakao.com/16875542,서울 강남구 언주로 608 · 한국관광공사 연관 관광지 · 카카오 좌표,
ro784,nation,전국,부산,Busan,,오르디,오르디,,,food,로컬상권·먹거리,35.13974,128.97913,50,,"카페·찻집 · 서면1번가, 부산현대미술관 등과 함께 많이 찾는 곳 (연관 6회)",,,,N,N,N,,N,Y,Y,,,,,,http://place.map.kakao.com/156844324,부산 사상구 대동로107번길 17 · 한국관광공사 연관 관광지 · 카카오 좌표,
ro785,nation,전국,부산,Busan,,동래밀면 본점,동래밀면 본점,,,food,로컬상권·먹거리,35.19832,129.0842,50,,"한식 · 동래향교, 부산해양자연사박물관 등과 함께 많이 찾는 곳 (연관 6회)",,,,N,N,N,,N,Y,Y,,,,,,http://place.map.kakao.com/12519573,부산 동래구 명륜로 47 · 한국관광공사 연관 관광지 · 카카오 좌표,
ro786,nation,전국,부산,Busan,,이흥용과자점 두실점,이흥용과자점 두실점,,,food,로컬상권·먹거리,35.25635,129.09473,50,,"간이음식 · 칠암항, 학리방파제 등과 함께 많이 찾는 곳 (연관 6회)",,,,N,N,N,,N,Y,Y,,,,,,http://place.map.kakao.com/257122030,부산 금정구 금단로 80 · 한국관광공사 연관 관광지 · 카카오 좌표,
ro787,nation,전국,수원,Suwon,,경기아트센터,경기아트센터,,,activity,테마파크·액티비티,37.2618,127.03736,90,,"공연시설 · 국토지리정보원/국립지도박물관, 나혜석거리 등과 함께 많이 찾는 곳 (연관 5회)",,,,N,N,N,,N,Y,Y,,,,,,http://place.map.kakao.com/8189239,경기 수원시 팔달구 효원로307번길 20 · 한국관광공사 연관 관광지 · 카카오 좌표,
ro788,nation,전국,수원,Suwon,,해우재문화센터,Haewoojae Museum (Mr. Toilet House),解忧斋,解憂斎,herit,문화유산·전통체험,37.31868,126.9779,60,,"전시시설 · 국토지리정보원/국립지도박물관, 못골종합시장 등과 함께 많이 찾는 곳 (연관 5회)",,,,N,N,N,,N,Y,Y,,,,,,http://place.map.kakao.com/1991587646,경기 수원시 장안구 장안로 463 · 한국관광공사 연관 관광지 · 카카오 좌표,
ro789,nation,전국,수원,Suwon,,나혜석거리,나혜석거리,,,activity,테마파크·액티비티,37.26386,127.03465,90,,"테마공원 · 매탄공원, 수원박물관 등과 함께 많이 찾는 곳 (연관 5회)",,,,N,N,N,,N,Y,Y,,,,,,http://place.map.kakao.com/24710656,경기 수원시 팔달구 인계동 1140 · 한국관광공사 연관 관광지 · 카카오 좌표,
ro790,nation,전국,청주,Cheongju,,국립상당산성자연휴양림,국립상당산성자연휴양림,,,heal,힐링·생태·체험,36.68279,127.54542,60,,"자연공원 · 국립청주박물관, 상당산성 등과 함께 많이 찾는 곳 (연관 5회)",,,,N,N,N,,N,Y,Y,,,,,,http://place.map.kakao.com/10514145,충북 청주시 청원구 내수읍 덕암2길 162 · 한국관광공사 연관 관광지 · 카카오 좌표,
ro791,nation,전국,청주,Cheongju,,정북동토성,Earthen Fortification in Jeongbuk-dong,井北洞土城,清州井北洞土城,herit,문화유산·전통체험,36.68914,127.45611,60,,"역사유적지 · 국립청주박물관, 명암유원지 등과 함께 많이 찾는 곳 (연관 5회)",,,,N,N,N,,N,Y,Y,,,,,,http://place.map.kakao.com/25627768,충북 청주시 청원구 정북동 351-1 · 한국관광공사 연관 관광지 · 카카오 좌표,
ro792,nation,전국,충주,Chungju,,월악산 만수계곡자연관찰로분기점,월악산 만수계곡자연관찰로분기점,,,sea,해양·자연경관,36.83416,128.097,40,,"자연경관(산) · 문의문화재단지, 말티재전망대 등과 함께 많이 찾는 곳 (연관 5회)",,,,N,N,N,,N,Y,Y,,,,,,http://place.map.kakao.com/22019720,충북 충주시 수안보면 미륵리 산 31-10 · 한국관광공사 연관 관광지 · 카카오 좌표,
ro793,nation,전국,전주,Jeonju,,전주자연생태관,전주자연생태관,,,herit,문화유산·전통체험,35.81159,127.16259,60,,"전시시설 · 경기전, 전주역사박물관 등과 함께 많이 찾는 곳 (연관 5회)",,,,N,N,N,,N,Y,Y,,,,,,http://place.map.kakao.com/11666827,전북특별자치도 전주시 완산구 바람쐬는길 21 · 한국관광공사 연관 관광지 · 카카오 좌표,
ro794,nation,전국,전주,Jeonju,,팔복예술공장,Palbok Art Factory,八福艺术工厂,八福芸術工場,herit,문화유산·전통체험,35.86038,127.10122,60,,"전시시설 · 전주자연생태관, 전주향교 등과 함께 많이 찾는 곳 (연관 5회)",,,,N,N,N,,N,Y,Y,,,,,,http://place.map.kakao.com/1626902817,전북특별자치도 전주시 덕진구 구렛들1길 46 · 한국관광공사 연관 관광지 · 카카오 좌표,
ro795,nation,전국,전주,Jeonju,,한국전통문화전당,한국전통문화전당,,,herit,문화유산·전통체험,35.82132,127.149,60,,"전시시설 · 경기전, 전주역사박물관 등과 함께 많이 찾는 곳 (연관 5회)",,,,N,N,N,,N,Y,Y,,,,,,http://place.map.kakao.com/18375736,전북특별자치도 전주시 완산구 현무1길 20 · 한국관광공사 연관 관광지 · 카카오 좌표,
ro796,nation,전국,전주,Jeonju,,완산벙커 더 스페이스,완산벙커 더 스페이스,,,activity,테마파크·액티비티,35.80638,127.14242,90,,"기타문화관광지 · 국립전주박물관, 전주자연생태관 등과 함께 많이 찾는 곳 (연관 5회)",,,,N,N,N,,N,Y,Y,,,,,,http://place.map.kakao.com/633061685,전북특별자치도 전주시 완산구 완산5길 70 · 한국관광공사 연관 관광지 · 카카오 좌표,
ro797,nation,전국,청주,Cheongju,,수암골타운,수암골타운,,,herit,문화유산·전통체험,36.64789,127.49446,60,,"역사유적지 · 상당산성, 육거리종합시장 등과 함께 많이 찾는 곳 (연관 5회)",,,,N,N,N,,N,Y,Y,,,,,,http://place.map.kakao.com/1651078347,충북 청주시 청원구 수동로 32 · 한국관광공사 연관 관광지 · 카카오 좌표,
ro798,nation,전국,순천,Suncheon,,호남호국기념관,호남호국기념관,湖南护国纪念馆,,herit,문화유산·전통체험,34.93598,127.52129,60,,"전시시설 · 소호동동다리, 낙안민속자연휴양림 등과 함께 많이 찾는 곳 (연관 5회)",,,,N,N,N,,N,Y,Y,,,,,,http://place.map.kakao.com/2072882314,전남광주통합특별시 순천시 원연향길 17 · 한국관광공사 연관 관광지 · 카카오 좌표,
ro799,nation,전국,봉화,Bonghwa,,축서사,축서사,,,herit,문화유산·전통체험,36.98123,128.79993,60,,"종교성지 · 연미사, 희방사 등과 함께 많이 찾는 곳 (연관 5회)",,,,N,N,N,,N,Y,Y,,,,,,http://place.map.kakao.com/8094252,경북 봉화군 물야면 월계길 739 · 한국관광공사 연관 관광지 · 카카오 좌표,
ro800,nation,전국,인천,Incheon,,국립세계문자박물관,National Museum of World Writing Systems,国立世界文字博物馆,国立世界文字博物館,herit,문화유산·전통체험,37.39471,126.63789,60,,"전시시설 · 송도센트럴파크, 송도코마린웨스트보트하우스 등과 함께 많이 찾는 곳 (연관 5회)",,,,N,N,N,,N,Y,Y,,,,,,http://place.map.kakao.com/27019618,인천 연수구 센트럴로 217 · 한국관광공사 연관 관광지 · 카카오 좌표,
ro801,nation,전국,인천,Incheon,,수봉공원,Subong Park,寿凤公园,寿鳳公園,heal,힐링·생태·체험,37.45949,126.66255,60,,"도시공원 · 마이랜드, 수도국산달동네박물관 등과 함께 많이 찾는 곳 (연관 5회)",,,,N,N,N,,N,Y,Y,,,,,,http://place.map.kakao.com/8395842,인천 미추홀구 숭의동 8-193 · 한국관광공사 연관 관광지 · 카카오 좌표,
ro802,nation,전국,인천,Incheon,,한국이민사박물관,한국이민사박물관,,,herit,문화유산·전통체험,37.47017,126.60018,60,,"전시시설 · 수도국산달동네박물관, 팔미도유람선 등과 함께 많이 찾는 곳 (연관 5회)",,,,N,N,N,,N,Y,Y,,,,,,http://place.map.kakao.com/10098636,인천 제물포구 월미로 329 · 한국관광공사 연관 관광지 · 카카오 좌표,
ro803,nation,전국,영주,Yeongju,,부석사 무량수전,Buseoksa Temple,浮石寺【联合国教科文组织世界文化遗产】,浮石寺,herit,문화유산·전통체험,36.99896,128.6875,60,,"역사유적지 · 부석사, 소수서원 등과 함께 많이 찾는 곳 (연관 5회)",,,,N,N,N,,N,Y,Y,,,,,,http://place.map.kakao.com/7913481,경북 영주시 부석면 부석사로 345 · 한국관광공사 연관 관광지 · 카카오 좌표,
ro804,nation,전국,영주,Yeongju,,국립산림치유원,National Center for Forest Therapy,国立山林治愈院,国立山林治癒院,heal,힐링·생태·체험,36.8578,128.47257,60,,"자연공원 · 부석사, 소수서원 등과 함께 많이 찾는 곳 (연관 5회)",,,,N,N,N,,N,Y,Y,,,,,,http://place.map.kakao.com/26572603,경북 영주시 봉현면 테라피로 209 · 한국관광공사 연관 관광지 · 카카오 좌표,
ro805,nation,전국,인천,Incheon,,배미꾸미조각공원,배미꾸미조각공원,,,heal,힐링·생태·체험,37.52889,126.40685,60,,"도시공원 · 거잠포선착장, 무의도 등과 함께 많이 찾는 곳 (연관 5회)",,,,N,N,N,,N,Y,Y,,,,,,http://place.map.kakao.com/7889391,인천 옹진군 북도면 모도로140번길 41 · 한국관광공사 연관 관광지 · 카카오 좌표,
ro806,nation,전국,하동,Hadong,,하동공설시장,하동공설시장,,,food,로컬상권·먹거리,35.06976,127.74816,50,,"시장 · 구미동해수욕장, 노량항 등과 함께 많이 찾는 곳 (연관 5회)",,,,N,N,N,,N,Y,Y,,,,,,http://place.map.kakao.com/14493609,경남 하동군 하동읍 읍내리 261-2 · 한국관광공사 연관 관광지 · 카카오 좌표,
ro807,nation,전국,합천,Hapcheon,,합천왕후시장,합천왕후시장,,,food,로컬상권·먹거리,35.56832,128.16041,50,,"시장 · 대장경테마파크, 오도산자연휴양림 등과 함께 많이 찾는 곳 (연관 5회)",,,,N,N,N,,N,Y,Y,,,,,,http://place.map.kakao.com/10928965,경남 합천군 합천읍 옥산로 44 · 한국관광공사 연관 관광지 · 카카오 좌표,
ro808,nation,전국,창녕,Changnyeong,,무심사,무심사,,,herit,문화유산·전통체험,35.60892,128.36943,60,,"종교성지 · 합천박물관, 관룡사 등과 함께 많이 찾는 곳 (연관 5회)",,,,N,N,N,,N,Y,Y,,,,,,http://place.map.kakao.com/11076836,경남 창녕군 이방면 손실길 62-215 · 한국관광공사 연관 관광지 · 카카오 좌표,
ro809,nation,전국,합천,Hapcheon,,오도산자연휴양림,오도산자연휴양림,,,heal,힐링·생태·체험,35.66905,128.05393,60,,"자연공원 · 대장경테마파크, 합천박물관 등과 함께 많이 찾는 곳 (연관 5회)",,,,N,N,N,,N,Y,Y,,,,,,http://place.map.kakao.com/8017688,경남 합천군 봉산면 오도산휴양로 398 · 한국관광공사 연관 관광지 · 카카오 좌표,
ro810,nation,전국,합천,Hapcheon,,황강군민체육공원 축구장,황강군민체육공원 축구장,,,activity,테마파크·액티비티,35.56186,128.16895,90,,"레저스포츠시설 · 오도산자연휴양림, 합천왕후시장 등과 함께 많이 찾는 곳 (연관 5회)",,,,N,N,N,,N,Y,Y,,,,,,http://place.map.kakao.com/11952763,경남 합천군 합천읍 합천리 1364-75 · 한국관광공사 연관 관광지 · 카카오 좌표,
ro811,nation,전국,담양,Damyang,,한재골,한재골,,,sea,해양·자연경관,35.29935,126.87702,40,,"자연경관(산) · 대인시장, 백양사 등과 함께 많이 찾는 곳 (연관 5회)",,,,N,N,N,,N,Y,Y,,,,,,http://place.map.kakao.com/8633215,전남광주통합특별시 담양군 대전면 평장리 · 한국관광공사 연관 관광지 · 카카오 좌표,
ro812,nation,전국,홍성,Hongseong,,광천전통시장,광천전통시장,,,food,로컬상권·먹거리,36.50095,126.62571,50,,"시장 · 만수산자연휴양림, 오서산자연휴양림 등과 함께 많이 찾는 곳 (연관 5회)",,,,N,N,N,,N,Y,Y,,,,,,http://place.map.kakao.com/8232804,충남 홍성군 광천읍 광천리 237-60 · 한국관광공사 연관 관광지 · 카카오 좌표,
ro815,nation,전국,담양,Damyang,,담양호,담양호,,,sea,해양·자연경관,35.39875,127.006,40,,"자연경관(하천·해양) · 광주패밀리랜드, 백양사 등과 함께 많이 찾는 곳 (연관 5회)",,,,N,N,N,,N,Y,Y,,,,,,http://place.map.kakao.com/7814388,전남광주통합특별시 담양군 용면 월계리 411-6 · 한국관광공사 연관 관광지 · 카카오 좌표,
ro816,nation,전국,창원,Changwon,,굿데이뮤지엄,굿데이뮤지엄,,,herit,문화유산·전통체험,35.21862,128.59777,60,,"전시시설 · 진해루해변공원, 마산어시장 등과 함께 많이 찾는 곳 (연관 5회)",,,,N,N,N,,N,Y,Y,,,,,,http://place.map.kakao.com/26864967,경남 창원시 마산회원구 봉암공단2길 22 · 한국관광공사 연관 관광지 · 카카오 좌표,
ro817,nation,전국,창원,Changwon,,소계시장,소계시장,,,food,로컬상권·먹거리,35.25682,128.59901,50,,"시장 · 진해해양공원, 도계부부시장 등과 함께 많이 찾는 곳 (연관 5회)",,,,N,N,N,,N,Y,Y,,,,,,http://place.map.kakao.com/10559785,경남 창원시 의창구 소계로 83-6 · 한국관광공사 연관 관광지 · 카카오 좌표,
ro818,nation,전국,이천,Icheon,,비승대체력단련장,비승대체력단련장,,,activity,테마파크·액티비티,37.20208,127.46167,90,,"육상레저스포츠 · 플라이스테이션코리아, 금은모래캠핑장 등과 함께 많이 찾는 곳 (연관 5회)",,,,N,N,N,,N,Y,Y,,,,,,http://place.map.kakao.com/14974377,경기 이천시 진상미로 1700-29 · 한국관광공사 연관 관광지 · 카카오 좌표,
ro819,nation,전국,정읍,Jeongeup,,정읍피향정,Pihyangjeong Pavilion,,,herit,문화유산·전통체험,35.65135,126.94297,60,,"역사유적지 · 내장사, 동학농민혁명기념관 등과 함께 많이 찾는 곳 (연관 5회)",,,,N,N,N,,N,Y,Y,,,,,,http://place.map.kakao.com/8129823,전북특별자치도 정읍시 태인면 태산로 2951 · 한국관광공사 연관 관광지 · 카카오 좌표,
ro820,nation,전국,정읍,Jeongeup,,정읍국가유산미디어아트관 1894달하루,정읍국가유산미디어아트관 1894달하루,,,herit,문화유산·전통체험,35.52805,126.89522,60,,"전시시설 · 국립전북기상과학관, 내장산케이블카 등과 함께 많이 찾는 곳 (연관 5회)",,,,N,N,N,,N,Y,Y,,,,,,http://place.map.kakao.com/2099475832,전북특별자치도 정읍시 내장산로 370-10 · 한국관광공사 연관 관광지 · 카카오 좌표,
ro821,nation,전국,남양주,Namyangju,,몽골문화촌,몽골문화촌,,モンゴル文化村,activity,테마파크·액티비티,37.75792,127.27535,90,,"복합관광시설 · 조무락계곡, 물맑음수목원 등과 함께 많이 찾는 곳 (연관 5회)",,,,N,N,N,남양주시 관광지 (2020 지정),N,Y,Y,,,,,,http://place.map.kakao.com/10409901,경기 남양주시 수동면 비룡로 1635 · 한국관광공사 연관 관광지 · 카카오 좌표,
ro822,nation,전국,남양주,Namyangju,,천보사,천보사,,,herit,문화유산·전통체험,37.65678,127.09563,60,,"종교성지 · 대성리국민관광지, 불암사 등과 함께 많이 찾는 곳 (연관 5회)",,,,N,N,N,,N,Y,Y,,,,,,http://place.map.kakao.com/9060692,경기 남양주시 불암산로 145 · 한국관광공사 연관 관광지 · 카카오 좌표,
ro823,nation,전국,양주,Yangju,,대한불교조계종회암사,대한불교조계종회암사,,,herit,문화유산·전통체험,37.85069,127.10798,60,,"종교성지 · 현등사, 봉선사 등과 함께 많이 찾는 곳 (연관 5회)",,,,N,N,N,,N,Y,Y,,,,,,http://place.map.kakao.com/8184323,경기 양주시 회암사길 281 · 한국관광공사 연관 관광지 · 카카오 좌표,
ro824,nation,전국,강릉,Gangneung,,무위사,무위사,,,herit,문화유산·전통체험,37.65681,128.79233,60,,"종교성지 · 4est수목원, 고산윤선도유적지 등과 함께 많이 찾는 곳 (연관 5회)",,,,N,N,N,,N,Y,Y,,,,,,http://place.map.kakao.com/12266042,강원특별자치도 강릉시 왕산면 왕산로 2242-7 · 한국관광공사 연관 관광지 · 카카오 좌표,
ro825,nation,전국,익산,Iksan,,달빛소리수목원,달빛소리수목원,,,activity,테마파크·액티비티,35.93979,127.03302,90,,"테마공원 · 국립익산박물관, 아가페정원 등과 함께 많이 찾는 곳 (연관 5회)",,,,N,N,N,,N,Y,Y,,,,,,http://place.map.kakao.com/528804536,전북특별자치도 익산시 춘포면 천서길 149 · 한국관광공사 연관 관광지 · 카카오 좌표,
ro826,nation,전국,장성,Jangseong,,황룡강생태공원,황룡강생태공원,,,heal,힐링·생태·체험,35.30501,126.77704,60,,"도시공원 · 국립장성치유의숲, 백양사 등과 함께 많이 찾는 곳 (연관 5회)",,,,N,N,N,,N,Y,Y,,,,,,http://place.map.kakao.com/17384756,전남광주통합특별시 장성군 장성읍 기산리 508-2 · 한국관광공사 연관 관광지 · 카카오 좌표,
ro827,nation,전국,경기광주,Gwangju-gg,,경기도자박물관,경기도자박물관,,,herit,문화유산·전통체험,37.35106,127.32663,60,,"전시시설 · 곤지암리조트, 닻미술관 등과 함께 많이 찾는 곳 (연관 5회)",,,,N,N,N,,N,Y,Y,,,,,,http://place.map.kakao.com/17807469,경기 광주시 곤지암읍 경충대로 727 · 한국관광공사 연관 관광지 · 카카오 좌표,
ro828,nation,전국,고양,Goyang,,현대 모터스튜디오 고양,Hyundai Motorstudio Goyang,现代汽车品牌形象馆高阳店,現代モータースタジオ高陽,herit,문화유산·전통체험,37.66627,126.74749,60,,"전시시설 · 고양생태공원, 아쿠아플라넷/일산 등과 함께 많이 찾는 곳 (연관 5회)",,,,N,N,N,,N,Y,Y,,,,,,http://place.map.kakao.com/1338515380,경기 고양시 일산서구 킨텍스로 217-6 · 한국관광공사 연관 관광지 · 카카오 좌표,
ro829,nation,전국,완도,Wando,,완도자연휴양림,완도자연휴양림,,,heal,힐링·생태·체험,34.35265,126.70241,60,,"자연공원 · 동고리해수욕장, 신지명사십리해수욕장 등과 함께 많이 찾는 곳 (연관 5회)",,,,N,N,N,,N,Y,Y,,,,,,http://place.map.kakao.com/2043117152,전남광주통합특별시 완도군 완도읍 대야일구1길 115 · 한국관광공사 연관 관광지 · 카카오 좌표,
ro830,nation,전국,고성,Goseong,,맥전포항,맥전포항,,,sea,해양·자연경관,34.89939,128.1642,40,,"자연경관(하천·해양) · 상리연꽃공원, 남일대해수욕장 등과 함께 많이 찾는 곳 (연관 5회)",,,,N,N,N,,N,Y,Y,,,,,,http://place.map.kakao.com/8353450,경남 고성군 하일면 춘암리 790-7 · 한국관광공사 연관 관광지 · 카카오 좌표,
ro831,nation,전국,무주,Muju,,무주반디랜드 무주곤충박물관,무주반디랜드 무주곤충박물관,,茂朱ホタルランド,herit,문화유산·전통체험,36.01314,127.75877,60,,"전시시설 · 라제통문, 머루와인동굴 등과 함께 많이 찾는 곳 (연관 5회)",,,,N,N,N,,N,Y,Y,,,,,,http://place.map.kakao.com/11049464,전북특별자치도 무주군 설천면 무설로 1324 · 한국관광공사 연관 관광지 · 카카오 좌표,
ro832,nation,전국,인제,Inje,,하추자연휴양림,하추자연휴양림,,,heal,힐링·생태·체험,38.03472,128.32017,60,,"자연공원 · 곰배령(산림청_진동리구간), 방태산자연휴양림 등과 함께 많이 찾는 곳 (연관 5회)",,,,N,N,N,,N,Y,Y,,,,,,http://place.map.kakao.com/8655510,강원특별자치도 인제군 인제읍 하추로 686 · 한국관광공사 연관 관광지 · 카카오 좌표,
ro833,nation,전국,서울,Seoul,,노룬산골목시장,노룬산골목시장,,,food,로컬상권·먹거리,37.53687,127.06472,50,,"시장 · 대림중앙시장, 중곡제일시장 등과 함께 많이 찾는 곳 (연관 5회)",,,,N,N,N,,N,Y,Y,,,,,,http://place.map.kakao.com/8247936,서울 광진구 자양동 816-79 · 한국관광공사 연관 관광지 · 카카오 좌표,
ro834,nation,전국,서울,Seoul,,구로리어린이공원,구로리어린이공원,,,heal,힐링·생태·체험,37.49083,126.8916,60,,"도시공원 · 대림중앙시장, 영등포공원 등과 함께 많이 찾는 곳 (연관 5회)",,,,N,N,N,,N,Y,Y,,,,,,http://place.map.kakao.com/8710480,서울 구로구 구로중앙로 13 · 한국관광공사 연관 관광지 · 카카오 좌표,
ro837,nation,전국,서울,Seoul,,솔밭근린공원,솔밭근린공원,,,heal,힐링·생태·체험,37.6528,127.01177,60,,"도시공원 · 화계사, 서울숲 등과 함께 많이 찾는 곳 (연관 5회)",,,,N,N,N,,N,Y,Y,,,,,,http://place.map.kakao.com/10567785,서울 강북구 삼양로 561 · 한국관광공사 연관 관광지 · 카카오 좌표,
ro839,nation,전국,서울,Seoul,,청량리 청과물 도매시장,청량리 청과물 도매시장,,,food,로컬상권·먹거리,37.57986,127.04214,50,,"시장 · 마장축산물시장, 서울경동약령시장 등과 함께 많이 찾는 곳 (연관 5회)",,,,N,N,N,,N,Y,Y,,,,,,http://place.map.kakao.com/12273289,서울 동대문구 제기동 854-2 · 한국관광공사 연관 관광지 · 카카오 좌표,
ro840,nation,전국,구미,Gumi,,구미코,Gumico,,,herit,문화유산·전통체험,36.14154,128.44248,60,,"전시시설 · 구미에코랜드, 동락공원 등과 함께 많이 찾는 곳 (연관 5회)",,,,N,N,N,,N,Y,Y,,,,,,http://place.map.kakao.com/30683182,경북 구미시 산동읍 첨단기업1로 49 · 한국관광공사 연관 관광지 · 카카오 좌표,
ro841,nation,전국,서울,Seoul,,망원유수지체육공원,망원유수지체육공원,,,heal,힐링·생태·체험,37.55778,126.89724,60,,"도시공원 · 송파책박물관, 노을공원 등과 함께 많이 찾는 곳 (연관 5회)",,,,N,N,N,,N,Y,Y,,,,,,http://place.map.kakao.com/12508411,서울 마포구 방울내로11길 198 · 한국관광공사 연관 관광지 · 카카오 좌표,
ro843,nation,전국,부산,Busan,,국립부산국악원,국립부산국악원,,,activity,테마파크·액티비티,35.17126,129.05425,90,,"공연시설 · 당감시장, 부산시민공원 등과 함께 많이 찾는 곳 (연관 5회)",,,,N,N,N,,N,Y,Y,,,,,,http://place.map.kakao.com/9663960,부산 부산진구 국악로 2 · 한국관광공사 연관 관광지 · 카카오 좌표,
ro844,nation,전국,부산,Busan,,장림골목시장,장림골목시장,,,food,로컬상권·먹거리,35.08023,128.9677,50,,"시장 · 개금골목시장, 당감시장 등과 함께 많이 찾는 곳 (연관 5회)",,,,N,N,N,,N,Y,Y,,,,,,http://place.map.kakao.com/9896749,부산 사하구 장림동 640-1 · 한국관광공사 연관 관광지 · 카카오 좌표,
ro846,nation,전국,부산,Busan,,부산해양자연사박물관,부산해양자연사박물관,,,herit,문화유산·전통체험,35.22181,129.07584,60,,"전시시설 · 당감시장, 충렬사 등과 함께 많이 찾는 곳 (연관 5회)",,,,N,N,N,,N,Y,Y,,,,,,http://place.map.kakao.com/10465316,부산 동래구 우장춘로 175 · 한국관광공사 연관 관광지 · 카카오 좌표,
ro847,nation,전국,서울,Seoul,,봉원사,Bongwonsa Temple,奉元寺(首尔),奉元寺（ソウル）,herit,문화유산·전통체험,37.57201,126.94782,60,,"종교성지 · 홍원사, 국가무형유산전수교육관 등과 함께 많이 찾는 곳 (연관 5회)",,,,N,N,N,,N,Y,Y,,,,,,http://place.map.kakao.com/9029363,서울 서대문구 봉원사길 120 · 한국관광공사 연관 관광지 · 카카오 좌표,
ro848,nation,전국,부산,Busan,,스포원파크,스포원파크,,,heal,힐링·생태·체험,35.29119,129.10522,60,,"도시공원 · 당감시장, 부산시민공원 등과 함께 많이 찾는 곳 (연관 5회)",,,,N,N,N,,N,Y,Y,,,,,,http://place.map.kakao.com/21659212,부산 금정구 체육공원로399번길 324 · 한국관광공사 연관 관광지 · 카카오 좌표,
ro850,nation,전국,예산,Yesan,,충의사,충의사,,忠義祠（梅軒尹奉吉義士遺跡）,herit,문화유산·전통체험,36.68841,126.6528,60,,"역사유적지 · 용봉사, 이응노의집 등과 함께 많이 찾는 곳 (연관 5회)",,,,N,N,N,,N,Y,Y,,,,,,http://place.map.kakao.com/10843698,충남 예산군 덕산면 덕산온천로 183-5 · 한국관광공사 연관 관광지 · 카카오 좌표,
ro851,nation,전국,수원,Suwon,,백세삼계탕 본점,백세삼계탕 본점,,,food,로컬상권·먹거리,37.31804,126.98893,50,,"한식 · 광교호수공원, 수원박물관 등과 함께 많이 찾는 곳 (연관 5회)",,,,N,N,N,,N,Y,Y,,,,,,http://place.map.kakao.com/1590692979,경기 수원시 장안구 경수대로 1200 · 한국관광공사 연관 관광지 · 카카오 좌표,
ro852,nation,전국,청주,Cheongju,,쫄쫄호떡 중앙공원본점,쫄쫄호떡 중앙공원본점,,チョルチョルホットク,food,로컬상권·먹거리,36.633,127.48845,50,,"간이음식 · 상당산성, 서문시장 등과 함께 많이 찾는 곳 (연관 5회)",,,,N,N,N,,N,Y,Y,,,,,,http://place.map.kakao.com/9993446,충북 청주시 상당구 상당로55번길 40-1 · 한국관광공사 연관 관광지 · 카카오 좌표,
ro853,nation,전국,대구,Daegu,,홍구원 가창점,홍구원 가창점,,,food,로컬상권·먹거리,35.78933,128.63647,50,,"외국식 · 대구아쿠아리움, 아르떼수성랜드 등과 함께 많이 찾는 곳 (연관 5회)",,,,N,N,N,,N,Y,Y,,,,,,http://place.map.kakao.com/56027860,대구 달성군 가창면 가창로176길 9 · 한국관광공사 연관 관광지 · 카카오 좌표,
ro854,nation,전국,대구,Daegu,,오퐁드부아,오퐁드부아,,,food,로컬상권·먹거리,35.75253,128.61804,50,,"카페·찻집 · 월광수변공원, 황금시장 등과 함께 많이 찾는 곳 (연관 5회)",,,,N,N,N,,N,Y,Y,,,,,,http://place.map.kakao.com/817232339,대구 달성군 가창면 주리2길 104 · 한국관광공사 연관 관광지 · 카카오 좌표,
ro855,nation,전국,인천,Incheon,,늘솜당,늘솜당,,,food,로컬상권·먹거리,37.41153,126.72248,50,,"간이음식 · 늘솔길공원, 늘솔길공원양떼목장 등과 함께 많이 찾는 곳 (연관 5회)",,,,N,N,N,,N,Y,Y,,,,,,http://place.map.kakao.com/376303608,인천 남동구 논고개로 213-2 · 한국관광공사 연관 관광지 · 카카오 좌표,
ro856,nation,전국,인천,Incheon,,스타벅스 인천용현DT점,스타벅스 인천용현DT점,,,food,로컬상권·먹거리,37.45234,126.63258,50,,"카페·찻집 · 월미도, 월미짱랜드 등과 함께 많이 찾는 곳 (연관 5회)",,,,N,N,N,,N,Y,Y,,,,,,http://place.map.kakao.com/27432241,인천 미추홀구 아암대로 107 · 한국관광공사 연관 관광지 · 카카오 좌표,
ro857,nation,전국,창원,Changwon,,맥도날드 마산석전DT점,맥도날드 마산석전DT점,,,food,로컬상권·먹거리,35.22768,128.57387,50,,"간이음식 · 마산향교, 문신미술관 등과 함께 많이 찾는 곳 (연관 5회)",,,,N,N,N,,N,Y,Y,,,,,,http://place.map.kakao.com/464362995,경남 창원시 마산회원구 3.15대로 601 · 한국관광공사 연관 관광지 · 카카오 좌표,
ro858,nation,전국,고양,Goyang,,유해자의 일산소바 본점,유해자의 일산소바 본점,,,food,로컬상권·먹거리,37.68309,126.74601,50,,"외국식 · 아쿠아플라넷/일산, 현대 모터스튜디오/고양 등과 함께 많이 찾는 곳 (연관 5회)",,,,N,N,N,,N,Y,Y,,,,,,http://place.map.kakao.com/8527115,경기 고양시 일산서구 대화로 362 · 한국관광공사 연관 관광지 · 카카오 좌표,
ro859,nation,전국,청송,Cheongsong,,바우,바우,,,food,로컬상권·먹거리,36.38291,129.12692,50,,"카페·찻집 · 객주문학관, 대전사 등과 함께 많이 찾는 곳 (연관 5회)",,,,N,N,N,,N,Y,Y,,,,,,http://place.map.kakao.com/625815656,경북 청송군 주왕산면 교하로 381 · 한국관광공사 연관 관광지 · 카카오 좌표,
ro860,nation,전국,구미,Gumi,,곤지곤지 남통점,곤지곤지 남통점,,,food,로컬상권·먹거리,36.12182,128.32625,50,,"한식 · 금오산케이블카, 박정희대통령생가 등과 함께 많이 찾는 곳 (연관 5회)",,,,N,N,N,,N,Y,Y,,,,,,http://place.map.kakao.com/393919044,경북 구미시 금오산로 217-20 · 한국관광공사 연관 관광지 · 카카오 좌표,
ro861,nation,전국,서울,Seoul,,함경면옥,함경면옥,,,food,로컬상권·먹거리,37.57849,127.03316,50,,"한식 · 노룬산골목시장, 풍납전통시장 등과 함께 많이 찾는 곳 (연관 5회)",,,,N,N,N,,N,Y,Y,,,,,,http://place.map.kakao.com/11199542,서울 동대문구 왕산로 87 · 한국관광공사 연관 관광지 · 카카오 좌표,
ro862,nation,전국,서울,Seoul,,신토불이떡볶이 본점,신토불이떡볶이 본점,,,food,로컬상권·먹거리,37.55257,127.09048,50,,"간이음식 · 서울상상나라, 아차산 등과 함께 많이 찾는 곳 (연관 5회)",,,,N,N,N,,N,Y,Y,,,,,,http://place.map.kakao.com/13319252,서울 광진구 자양로43길 42 · 한국관광공사 연관 관광지 · 카카오 좌표,
ro863,nation,전국,서울,Seoul,,어머니대성집,어머니대성집,,,food,로컬상권·먹거리,37.57742,127.02858,50,,"한식 · 청계천박물관, 정릉시장 등과 함께 많이 찾는 곳 (연관 5회)",,,,N,N,N,,N,Y,Y,,,,,,http://place.map.kakao.com/907979960,서울 동대문구 왕산로11길 4 · 한국관광공사 연관 관광지 · 카카오 좌표,
ro864,nation,전국,대전,Daejeon,,동춘당역사공원,동춘당역사공원,,,heal,힐링·생태·체험,36.36563,127.44188,60,,"도시공원 · 대전오월드, 대전시립박물관 등과 함께 많이 찾는 곳 (연관 4회)",,,,N,N,N,,N,Y,Y,,,,,,http://place.map.kakao.com/11095487,대전 대덕구 동춘당로 90 · 한국관광공사 연관 관광지 · 카카오 좌표,
ro865,nation,전국,수원,Suwon,,영흥수목원,Yeongheung Arboretum,永兴树木园,ヨンフン樹木園,activity,테마파크·액티비티,37.26325,127.07101,90,,"테마공원 · 광교호수공원, 방죽공원 등과 함께 많이 찾는 곳 (연관 4회)",,,,N,N,N,,N,Y,Y,,,,,,http://place.map.kakao.com/1665097801,경기 수원시 영통구 영통로 435 · 한국관광공사 연관 관광지 · 카카오 좌표,
ro867,nation,전국,수원,Suwon,,수원시립만석전시관,수원시립만석전시관,,,herit,문화유산·전통체험,37.29703,126.99945,60,,"전시시설 · 수원시립미술관, 경기도박물관 등과 함께 많이 찾는 곳 (연관 4회)",,,,N,N,N,,N,Y,Y,,,,,,http://place.map.kakao.com/12721585,경기 수원시 장안구 송정로 19 · 한국관광공사 연관 관광지 · 카카오 좌표,
ro868,nation,전국,보은,Boeun,,속리산CC,속리산CC,,,activity,테마파크·액티비티,36.44718,127.78215,90,,"육상레저스포츠 · 미동산수목원, 말티재전망대 등과 함께 많이 찾는 곳 (연관 4회)",,,,N,N,N,,N,Y,Y,,,,,,http://place.map.kakao.com/1880598737,충북 보은군 탄부면 평각상장로 230 · 한국관광공사 연관 관광지 · 카카오 좌표,
ro869,nation,전국,청주,Cheongju,,초정행궁,Chojeong Haenggung,椒井行宫,椒井行宮,herit,문화유산·전통체험,36.72123,127.60217,60,,"역사유적지 · 국립청주박물관, 상당산성 등과 함께 많이 찾는 곳 (연관 4회)",,,,N,N,N,,N,Y,Y,,,,,,http://place.map.kakao.com/2003377240,충북 청주시 청원구 내수읍 초정약수로 851 · 한국관광공사 연관 관광지 · 카카오 좌표,
ro870,nation,전국,청주,Cheongju,,청주북부시장,청주북부시장,,,food,로컬상권·먹거리,36.64842,127.48585,50,,"시장 · 서문시장, 청주동물원 등과 함께 많이 찾는 곳 (연관 4회)",,,,N,N,N,,N,Y,Y,,,,,,http://place.map.kakao.com/18525194,충북 청주시 청원구 향군로31번길 19 · 한국관광공사 연관 관광지 · 카카오 좌표,
ro871,nation,전국,대구,Daegu,,플레이월드 대구점,플레이월드 대구점,,,activity,테마파크·액티비티,35.84143,128.61316,90,,"테마공원 · 땅땅랜드치킨체험테마파크, 국채보상운동기념공원 등과 함께 많이 찾는 곳 (연관 4회)",,,,N,N,N,,N,Y,Y,,,,,,http://place.map.kakao.com/895892007,대구 수성구 청수로9길 27 · 한국관광공사 연관 관광지 · 카카오 좌표,
ro872,nation,전국,대구,Daegu,,수성아트피아,Suseong Artpia,,寿城アートピア,activity,테마파크·액티비티,35.82934,128.6283,90,,"공연시설 · 반야월종합시장, 달성공원 등과 함께 많이 찾는 곳 (연관 4회)",,,,N,N,N,,N,Y,Y,,,,,,http://place.map.kakao.com/8453110,대구 수성구 무학로 180 · 한국관광공사 연관 관광지 · 카카오 좌표,
ro873,nation,전국,전주,Jeonju,,한국소리문화의전당,한국소리문화의전당,韩国声音文化殿堂,韓国ソリ文化の殿堂,activity,테마파크·액티비티,35.85615,127.13817,90,,"공연시설 · 남부시장한옥마을야시장, 전주자연생태관 등과 함께 많이 찾는 곳 (연관 4회)",,,,N,N,N,,N,Y,Y,,,,,,http://place.map.kakao.com/8150195,전북특별자치도 전주시 덕진구 소리로 31 · 한국관광공사 연관 관광지 · 카카오 좌표,
ro874,nation,전국,인천,Incheon,,남동소래아트홀,남동소래아트홀,,,activity,테마파크·액티비티,37.3875,126.72475,90,,"공연시설 · 소래습지생태공원, 소래포구 등과 함께 많이 찾는 곳 (연관 4회)",,,,N,N,N,,N,Y,Y,,,,,,http://place.map.kakao.com/15238986,인천 남동구 아암대로1437번길 32 · 한국관광공사 연관 관광지 · 카카오 좌표,
ro875,nation,전국,진안,Jinan,,마이산,Maisan Mountain Tafoni Terrain,马耳山蜂窝洞地形,馬耳山タフォニ,sea,해양·자연경관,35.76055,127.4115,40,,"자연경관(산) · 전주역사박물관, 광한루원 등과 함께 많이 찾는 곳 (연관 4회)",,,,N,N,N,,N,Y,Y,,,,,,http://place.map.kakao.com/10351220,전북특별자치도 진안군 마령면 동촌리 산 18 · 한국관광공사 연관 관광지 · 카카오 좌표,
ro877,nation,전국,진안,Jinan,,운일암반일암계곡,Uniram Baniramgyegok Valley,云日岩半日岩溪谷,,sea,해양·자연경관,35.97928,127.3968,40,,"자연경관(산) · 치명자산성지, 덕유산자연휴양림 등과 함께 많이 찾는 곳 (연관 4회)",,,,N,N,N,진안군 관광지 (2008 지정),N,Y,Y,,,,,,http://place.map.kakao.com/8033252,전북특별자치도 진안군 주천면 대불리 · 한국관광공사 연관 관광지 · 카카오 좌표,
ro878,nation,전국,인천,Incheon,,남동물빛놀이터,남동물빛놀이터,,,activity,테마파크·액티비티,37.40294,126.70628,90,,"테마공원 · 논현포대근린공원, 소래포구 등과 함께 많이 찾는 곳 (연관 4회)",,,,N,N,N,,N,Y,Y,,,,,,http://place.map.kakao.com/655750937,인천 남동구 논현동 644-1 · 한국관광공사 연관 관광지 · 카카오 좌표,
ro879,nation,전국,순천,Suncheon,,중앙시장,K2 Suncheon Jungang MS Branch,K2顺天中央MS,,food,로컬상권·먹거리,34.95345,127.48411,50,,"시장 · 여수세계박람회장/해양공원, 순천만국가정원 등과 함께 많이 찾는 곳 (연관 4회)",,,,N,N,N,,N,Y,Y,,,,,,http://place.map.kakao.com/18525478,전남광주통합특별시 순천시 남내동 125-1 · 한국관광공사 연관 관광지 · 카카오 좌표,
ro880,nation,전국,청송,Cheongsong,,신촌약수터,신촌약수터,,,sea,해양·자연경관,36.50573,129.12039,40,,"자연경관(산) · 경상북도독립운동기념관, 대전사 등과 함께 많이 찾는 곳 (연관 4회)",,,,N,N,N,,N,Y,Y,,,,,,http://place.map.kakao.com/25665656,경북 청송군 진보면 신촌리 41-6 · 한국관광공사 연관 관광지 · 카카오 좌표,
ro882,nation,전국,청송,Cheongsong,,백석탄 포트홀,백석탄 포트홀,,,sea,해양·자연경관,36.357,128.97635,40,,"자연경관(산) · 체화정, 백석탄포트홀 등과 함께 많이 찾는 곳 (연관 4회)",,,,N,N,N,,N,Y,Y,,,,,,http://place.map.kakao.com/7884998,경북 청송군 안덕면 고와리 648 · 한국관광공사 연관 관광지 · 카카오 좌표,
ro884,nation,전국,하동,Hadong,,정금정,정금정,,,herit,문화유산·전통체험,35.2151,127.64346,60,,"역사유적지 · 남해대교유람선, 스타웨이하동 등과 함께 많이 찾는 곳 (연관 4회)",,,,N,N,N,,N,Y,Y,,,,,,http://place.map.kakao.com/581851815,경남 하동군 화개면 정금리 산 167 · 한국관광공사 연관 관광지 · 카카오 좌표,
ro886,nation,전국,거창,Geochang,,오도산전망대,오도산전망대,,,activity,테마파크·액티비티,35.67398,128.07501,90,,"랜드마크관광 · 오도산자연휴양림, 해인사 등과 함께 많이 찾는 곳 (연관 4회)",,,,N,N,N,,N,Y,Y,,,,,,http://place.map.kakao.com/27544987,경남 거창군 가조면 도리 산 61-2 · 한국관광공사 연관 관광지 · 카카오 좌표,
ro887,nation,전국,합천,Hapcheon,,황계폭포,Hwanggyepokpo Falls,黄溪瀑布,黄渓滝,sea,해양·자연경관,35.51141,128.06972,40,,"자연경관(산) · 함벽루, 합천박물관 등과 함께 많이 찾는 곳 (연관 4회)",,,,N,N,N,,N,Y,Y,,,,,,http://place.map.kakao.com/8167476,경남 합천군 용주면 황계리 산 156 · 한국관광공사 연관 관광지 · 카카오 좌표,
ro888,nation,전국,합천,Hapcheon,,가야산소리길,가야산소리길,,,activity,테마파크·액티비티,35.78174,128.1159,90,,"기타레저스포츠 · 대장경테마파크, 해인사 등과 함께 많이 찾는 곳 (연관 4회)",,,,N,N,N,,N,Y,Y,,,,,,http://place.map.kakao.com/26564099,경남 합천군 가야면 구원리 642 · 한국관광공사 연관 관광지 · 카카오 좌표,
ro889,nation,전국,임실,Imsil,,옥정호 붕어섬생태공원,옥정호 붕어섬생태공원,,,heal,힐링·생태·체험,35.63418,127.14554,60,,"도시공원 · 서도역/폐역, 혼불문학관 등과 함께 많이 찾는 곳 (연관 4회)",,,,N,N,N,,N,Y,Y,,,,,,http://place.map.kakao.com/25854829,전북특별자치도 임실군 운암면 용운리 · 한국관광공사 연관 관광지 · 카카오 좌표,
ro890,nation,전국,창원,Changwon,,진해보타닉뮤지엄,진해보타닉뮤지엄,,,activity,테마파크·액티비티,35.13006,128.71755,90,,"테마공원 · 삼밀사, 진해내수면환경생태공원 등과 함께 많이 찾는 곳 (연관 4회)",,,,N,N,N,,N,Y,Y,,,,,,http://place.map.kakao.com/1586446306,경남 창원시 진해구 진해대로1137번길 89 · 한국관광공사 연관 관광지 · 카카오 좌표,
ro891,nation,전국,천안,Cheonan,,천안축구센터 본관동,천안축구센터 본관동,,,activity,테마파크·액티비티,36.82146,127.14526,90,,"레저스포츠시설 · 각원사, 천안예술의전당 등과 함께 많이 찾는 곳 (연관 4회)",,,,N,N,N,,N,Y,Y,,,,,,http://place.map.kakao.com/17447947,충남 천안시 서북구 축구센터로 150 · 한국관광공사 연관 관광지 · 카카오 좌표,
ro892,nation,전국,창원,Changwon,,성흥사,성흥사,,,herit,문화유산·전통체험,35.14777,128.77934,60,,"종교성지 · 대광사, 성흥사계곡 등과 함께 많이 찾는 곳 (연관 4회)",,,,N,N,N,,N,Y,Y,,,,,,http://place.map.kakao.com/26589302,경남 창원시 진해구 대장로 273 · 한국관광공사 연관 관광지 · 카카오 좌표,
ro893,nation,전국,익산,Iksan,,북부시장,북부시장,,,food,로컬상권·먹거리,35.95187,126.95789,50,,"시장 · 무녀도, 아가페정원 등과 함께 많이 찾는 곳 (연관 4회)",,,,N,N,N,,N,Y,Y,,,,,,http://place.map.kakao.com/126931724,전북특별자치도 익산시 인북로 259 · 한국관광공사 연관 관광지 · 카카오 좌표,
ro894,nation,전국,용인,Yongin,,용담저수지,용담저수지,,,sea,해양·자연경관,37.18727,127.3074,40,,"자연경관(하천·해양) · 두창저수지, 와우정사 등과 함께 많이 찾는 곳 (연관 4회)",,,,N,N,N,,N,Y,Y,,,,,,http://place.map.kakao.com/10699351,경기 용인시 처인구 원삼면 사암리 55 · 한국관광공사 연관 관광지 · 카카오 좌표,
ro896,nation,전국,정읍,Jeongeup,,백제가요 정읍사문화공원,백제가요 정읍사문화공원,,,heal,힐링·생태·체험,35.55126,126.86201,60,,"도시공원 · 내장사, 무성서원 등과 함께 많이 찾는 곳 (연관 4회)",,,,N,N,N,,N,Y,Y,,,,,,http://place.map.kakao.com/8062460,전북특별자치도 정읍시 정읍사로 541 · 한국관광공사 연관 관광지 · 카카오 좌표,
ro897,nation,전국,보은,Boeun,,국립속리산말티재자연휴양림,국립속리산말티재자연휴양림,,,heal,힐링·생태·체험,36.4903,127.78194,60,,"자연공원 · 말티재전망대, 법주사 등과 함께 많이 찾는 곳 (연관 4회)",,,,N,N,N,,N,Y,Y,,,,,,http://place.map.kakao.com/8452547,충북 보은군 장안면 속리산로 256 · 한국관광공사 연관 관광지 · 카카오 좌표,
ro898,nation,전국,경기광주,Gwangju-gg,,경안천습지생태공원,경안천습지생태공원,,,heal,힐링·생태·체험,37.45749,127.3031,60,,"도시공원 · 정몽주선생묘, 율봄식물원 등과 함께 많이 찾는 곳 (연관 4회)",,,,N,N,N,,N,Y,Y,,,,,,http://place.map.kakao.com/1806494282,경기 광주시 퇴촌면 정지리 571-2 · 한국관광공사 연관 관광지 · 카카오 좌표,
ro899,nation,전국,경기광주,Gwangju-gg,,율봄식물원,율봄식물원,,,activity,테마파크·액티비티,37.46999,127.27043,90,,"테마공원 · 강하생활체육공원, 경안천습지생태공원 등과 함께 많이 찾는 곳 (연관 4회)",,,,N,N,N,,N,Y,Y,,,,,,http://place.map.kakao.com/8043087,경기 광주시 퇴촌면 태허정로 267-54 · 한국관광공사 연관 관광지 · 카카오 좌표,
ro900,nation,전국,거창,Geochang,,거창항노화힐링랜드,Geochang Anti-aging Healing Land,居昌抗衰老治愈乐园,コチャン(居昌)抗老化ヒーリングランド,heal,힐링·생태·체험,35.73669,128.04089,60,,"자연공원 · 용추사, 거창창포원 등과 함께 많이 찾는 곳 (연관 4회)",,,,N,N,N,,N,Y,Y,,,,,,http://place.map.kakao.com/35403477,경남 거창군 가조면 의상봉길 834 · 한국관광공사 연관 관광지 · 카카오 좌표,
ro901,nation,전국,문경,Mungyeong,,문경야구장,문경야구장,,,activity,테마파크·액티비티,36.55422,128.28843,90,,"레저스포츠시설 · 경천섬공원, 상주자전거박물관 등과 함께 많이 찾는 곳 (연관 4회)",,,,N,N,N,,N,Y,Y,,,,,,http://place.map.kakao.com/25627797,경북 문경시 영순면 이목리 51-1 · 한국관광공사 연관 관광지 · 카카오 좌표,
ro902,nation,전국,산청,Sancheong,,덕천서원,덕천서원,,,herit,문화유산·전통체험,35.27465,127.83319,60,,"역사유적지 · 지안재, 칠선계곡 등과 함께 많이 찾는 곳 (연관 4회)",,,,N,N,N,,N,Y,Y,,,,,,http://place.map.kakao.com/7835985,경남 산청군 시천면 남명로 137 · 한국관광공사 연관 관광지 · 카카오 좌표,
ro903,nation,전국,상주,Sangju,,경천섬공원,경천섬공원,,,heal,힐링·생태·체험,36.43992,128.25971,60,,"도시공원 · 상주곶감공원, 상주자전거박물관 등과 함께 많이 찾는 곳 (연관 4회)",,,,N,N,N,,N,Y,Y,,,,,,http://place.map.kakao.com/21997970,경북 상주시 중동면 오상리 · 한국관광공사 연관 관광지 · 카카오 좌표,
ro904,nation,전국,고령,Goryeong,,우륵박물관,Ureuk Museum,,于勒博物館,herit,문화유산·전통체험,35.74235,128.26378,60,,"전시시설 · 상주박물관, 대가야생활촌 등과 함께 많이 찾는 곳 (연관 4회)",,,,N,N,N,,N,Y,Y,,,,,,http://place.map.kakao.com/11363416,경북 고령군 대가야읍 가야금길 98 · 한국관광공사 연관 관광지 · 카카오 좌표,
ro905,nation,전국,창녕,Changnyeong,,창녕우포곤충나라,창녕우포곤충나라,,,herit,문화유산·전통체험,35.56553,128.41797,60,,"전시시설 · 산토끼노래동산, 우포늪 등과 함께 많이 찾는 곳 (연관 4회)",,,,N,N,N,,N,Y,Y,,,,,,http://place.map.kakao.com/803022524,경남 창녕군 대합면 우포2로 333 · 한국관광공사 연관 관광지 · 카카오 좌표,
ro906,nation,전국,창녕,Changnyeong,,화왕산자연휴양림,화왕산자연휴양림,,,heal,힐링·생태·체험,35.54569,128.5689,60,,"자연공원 · 산토끼노래동산, 우포늪 등과 함께 많이 찾는 곳 (연관 4회)",,,,N,N,N,,N,Y,Y,,,,,,http://place.map.kakao.com/20271451,경남 창녕군 고암면 청간길 128-126 · 한국관광공사 연관 관광지 · 카카오 좌표,
ro907,nation,전국,예산,Yesan,,스플라스 스파&워터파크,스플라스 스파&워터파크,,,activity,테마파크·액티비티,36.69395,126.65653,90,,"테마공원 · 아산스파비스, 봉수산자연휴양림 등과 함께 많이 찾는 곳 (연관 4회)",,,,N,N,N,예산군 관광지 (2009 지정),N,Y,Y,,,,,,http://place.map.kakao.com/7835316,충남 예산군 덕산면 온천단지3로 45-7 · 한국관광공사 연관 관광지 · 카카오 좌표,
ro908,nation,전국,양주,Yangju,,가나아트파크,Gana Art Park,Gana艺术公园,カナアートパーク,herit,문화유산·전통체험,37.72557,126.94966,60,,"전시시설 · 서운동산, 국립아세안자연휴양림 등과 함께 많이 찾는 곳 (연관 4회)",,,,N,N,N,,N,Y,Y,,,,,,http://place.map.kakao.com/8064107,경기 양주시 장흥면 권율로 117 · 한국관광공사 연관 관광지 · 카카오 좌표,
ro909,nation,전국,청송,Cheongsong,,청송자연휴양림,청송자연휴양림,,,heal,힐링·생태·체험,36.3179,129.05376,60,,"자연공원 · 송소고택, 주산지 등과 함께 많이 찾는 곳 (연관 4회)",,,,N,N,N,,N,Y,Y,,,,,,http://place.map.kakao.com/8108845,경북 청송군 부남면 청송로 3478-96 · 한국관광공사 연관 관광지 · 카카오 좌표,
ro910,nation,전국,서울,Seoul,,영화사,영화사,,,herit,문화유산·전통체험,37.55417,127.09796,60,,"종교성지 · 서울광나루안전체험관, 어린이대공원 등과 함께 많이 찾는 곳 (연관 4회)",,,,N,N,N,,N,Y,Y,,,,,,http://place.map.kakao.com/8013889,서울 광진구 영화사로 107 · 한국관광공사 연관 관광지 · 카카오 좌표,
ro912,nation,전국,서울,Seoul,,대한불교조계종 연화사,대한불교조계종 연화사,,,herit,문화유산·전통체험,37.59435,127.05047,60,,"종교성지 · 화계사, 허준박물관 등과 함께 많이 찾는 곳 (연관 4회)",,,,N,N,N,,N,Y,Y,,,,,,http://place.map.kakao.com/8001010,서울 동대문구 경희대로3길 56 · 한국관광공사 연관 관광지 · 카카오 좌표,
ro913,nation,전국,서울,Seoul,,뚝도시장,뚝도시장,,,food,로컬상권·먹거리,37.5378,127.05483,50,,"시장 · 북서울꿈의숲, 보신각 등과 함께 많이 찾는 곳 (연관 4회)",,,,N,N,N,,N,Y,Y,,,,,,http://place.map.kakao.com/8280190,서울 성동구 성수이로 32-15 · 한국관광공사 연관 관광지 · 카카오 좌표,
ro914,nation,전국,서울,Seoul,,마곡실내배드민턴장,마곡실내배드민턴장,,,activity,테마파크·액티비티,37.57325,126.83122,90,,"기타레저스포츠 · 긴고랑공원, 화계사 등과 함께 많이 찾는 곳 (연관 4회)",,,,N,N,N,,N,Y,Y,,,,,,http://place.map.kakao.com/7856404,서울 강서구 양천로 251 · 한국관광공사 연관 관광지 · 카카오 좌표,
ro915,nation,전국,서울,Seoul,,흥천사,흥천사,,,herit,문화유산·전통체험,37.59831,127.00925,60,,"종교성지 · 길상사, 정릉 등과 함께 많이 찾는 곳 (연관 4회)",,,,N,N,N,,N,Y,Y,,,,,,http://place.map.kakao.com/8172954,서울 성북구 흥천사길 29 · 한국관광공사 연관 관광지 · 카카오 좌표,
ro916,nation,전국,서울,Seoul,,서울함공원,Seoul Battleship Park,首尔军舰公园,ソウル艦公園,heal,힐링·생태·체험,37.55316,126.8979,60,,"도시공원 · 송화벽화시장, 망원시장 등과 함께 많이 찾는 곳 (연관 4회)",,,,N,N,N,,N,Y,Y,,,,,,http://place.map.kakao.com/2057900176,서울 마포구 마포나루길 407 · 한국관광공사 연관 관광지 · 카카오 좌표,
ro917,nation,전국,부산,Busan,,부산콘서트홀,부산콘서트홀,,,activity,테마파크·액티비티,35.16943,129.0544,90,,"공연시설 · 부산시민공원, UN기념공원 등과 함께 많이 찾는 곳 (연관 4회)",,,,N,N,N,,N,Y,Y,,,,,,http://place.map.kakao.com/1309756273,부산 부산진구 동평로 250 · 한국관광공사 연관 관광지 · 카카오 좌표,
ro918,nation,전국,부산,Busan,,연동시장,연동시장,,,food,로컬상권·먹거리,35.18886,129.09254,50,,"시장 · 삼광사, 아미산전망대 등과 함께 많이 찾는 곳 (연관 4회)",,,,N,N,N,,N,Y,Y,,,,,,http://place.map.kakao.com/18525094,부산 연제구 연동로8번길 22 · 한국관광공사 연관 관광지 · 카카오 좌표,
ro920,nation,전국,부산,Busan,,수영팔도상가시장,수영팔도상가시장,,,food,로컬상권·먹거리,35.1699,129.11692,50,,"시장 · 국립달음산자연휴양림, 부산진시장 등과 함께 많이 찾는 곳 (연관 4회)",,,,N,N,N,,N,Y,Y,,,,,,http://place.map.kakao.com/18525247,부산 수영구 수영성로27번길 15 · 한국관광공사 연관 관광지 · 카카오 좌표,
ro921,nation,전국,거창,Geochang,,거창사과테마파크,거창사과테마파크,,,activity,테마파크·액티비티,35.67401,127.92197,90,,"테마공원 · 거창근대의료박물관, 거창박물관 등과 함께 많이 찾는 곳 (연관 4회)",,,,N,N,N,,N,Y,Y,,,,,,http://place.map.kakao.com/26831511,경남 거창군 거창읍 거함대로 3372-60 · 한국관광공사 연관 관광지 · 카카오 좌표,
ro922,nation,전국,보성,Boseong,,보성열화정,보성열화정,,,herit,문화유산·전통체험,34.76377,127.18788,60,,"역사유적지 · 대원사, 율포해수녹차센터 등과 함께 많이 찾는 곳 (연관 4회)",,,,N,N,N,,N,Y,Y,,,,,,http://place.map.kakao.com/12765217,전남광주통합특별시 보성군 득량면 오봉리 230 · 한국관광공사 연관 관광지 · 카카오 좌표,
ro923,nation,전국,부산,Busan,,대저생태공원,대저생태공원,,,heal,힐링·생태·체험,35.19904,128.97314,60,,"도시공원 · 다대포해수욕장, 부산진성공원 등과 함께 많이 찾는 곳 (연관 4회)",,,,N,N,N,,N,Y,Y,,,,,,http://place.map.kakao.com/26595388,부산 강서구 대저1동 1-34 · 한국관광공사 연관 관광지 · 카카오 좌표,
ro924,nation,전국,서울,Seoul,,청계천박물관,Cheonggyecheon Museum,,,herit,문화유산·전통체험,37.5713,127.03511,60,,"전시시설 · 경동시장, 서울경동약령시장 등과 함께 많이 찾는 곳 (연관 4회)",,,,N,N,N,,N,Y,Y,,,,,,http://place.map.kakao.com/8109515,서울 성동구 청계천로 530 · 한국관광공사 연관 관광지 · 카카오 좌표,
ro925,nation,전국,서울,Seoul,,모래내시장 먹자골목,모래내시장 먹자골목,,,food,로컬상권·먹거리,37.56933,126.91614,50,,"시장 · 망원시장, 백련사 등과 함께 많이 찾는 곳 (연관 4회)",,,,N,N,N,,N,Y,Y,,,,,,http://place.map.kakao.com/1214125139,서울 서대문구 남가좌동 110-4 · 한국관광공사 연관 관광지 · 카카오 좌표,
ro926,nation,전국,횡성,Hoengseong,,횡성호수길축제,횡성호수길축제,,,activity,테마파크·액티비티,37.54978,128.06261,90,,"기타레저스포츠 · 구룡사, 도래미시장 등과 함께 많이 찾는 곳 (연관 4회)",,,,N,N,N,,N,Y,Y,,,,,,http://place.map.kakao.com/156531879,강원특별자치도 횡성군 갑천면 구방리 산 164 · 한국관광공사 연관 관광지 · 카카오 좌표,
ro927,nation,전국,수원,Suwon,,아쿠아플라넷 광교,아쿠아플라넷 광교,,,activity,테마파크·액티비티,37.2844,127.05846,90,,"테마공원 · 광교호수공원, 수원광교박물관 등과 함께 많이 찾는 곳 (연관 3회)",,,,N,N,N,,N,Y,Y,,,,,,http://place.map.kakao.com/1482138481,경기 수원시 영통구 광교호수공원로 300 · 한국관광공사 연관 관광지 · 카카오 좌표,
ro928,nation,전국,용인,Yongin,,기흥레스피아호수공원 반려동물놀이터,기흥레스피아호수공원 반려동물놀이터,,,heal,힐링·생태·체험,37.25374,127.09525,60,,"도시공원 · 광교호수공원, 기흥레스피아호수공원 등과 함께 많이 찾는 곳 (연관 3회)",,,,N,N,N,,N,Y,Y,,,,,,http://place.map.kakao.com/332425481,경기 용인시 기흥구 하갈동 126-6 · 한국관광공사 연관 관광지 · 카카오 좌표,
ro929,nation,전국,시흥,Siheung,,오이도 빨강등대,Oido Island,乌耳岛,烏耳島,activity,테마파크·액티비티,37.34546,126.68751,90,,"랜드마크관광 · 화서문, 용인자연휴양림 등과 함께 많이 찾는 곳 (연관 3회)",,,,N,N,N,,N,Y,Y,,,,,,http://place.map.kakao.com/13498966,경기 시흥시 오이도로 170 · 한국관광공사 연관 관광지 · 카카오 좌표,
ro930,nation,전국,청주,Cheongju,,운보의집,Unbo’s House,,雲甫の家,herit,문화유산·전통체험,36.69223,127.56511,60,,"역사유적지 · 미동산수목원, 상당산성 등과 함께 많이 찾는 곳 (연관 3회)",,,,N,N,N,,N,Y,Y,,,,,,http://place.map.kakao.com/11289362,충북 청주시 청원구 내수읍 형동2길 92-41 · 한국관광공사 연관 관광지 · 카카오 좌표,
ro931,nation,전국,대구,Daegu,,2026 대구치맥페스티벌,2026 대구치맥페스티벌,,,activity,테마파크·액티비티,35.85128,128.55744,90,,"기타문화관광지 · 서문시장, 두류공원 등과 함께 많이 찾는 곳 (연관 3회)",,,,N,N,N,,N,Y,Y,,,,,,http://place.map.kakao.com/1789572131,대구 달서구 두류동 산 133 · 한국관광공사 연관 관광지 · 카카오 좌표,
ro932,nation,전국,전주,Jeonju,,전주한지박물관,전주한지박물관,,,herit,문화유산·전통체험,35.84903,127.10025,60,,"전시시설 · 국립전주박물관, 전주동물원 등과 함께 많이 찾는 곳 (연관 3회)",,,,N,N,N,,N,Y,Y,,,,,,http://place.map.kakao.com/8057057,전북특별자치도 전주시 덕진구 팔복로 59 · 한국관광공사 연관 관광지 · 카카오 좌표,
ro933,nation,전국,완주,Wanju,,고산자연휴양림,고산자연휴양림,,,heal,힐링·생태·체험,35.96224,127.2329,60,,"자연공원 · 천양정, 풍패지관 등과 함께 많이 찾는 곳 (연관 3회)",,,,N,N,N,,N,Y,Y,,,,,,http://place.map.kakao.com/8178392,전북특별자치도 완주군 고산면 고산휴양림로 246 · 한국관광공사 연관 관광지 · 카카오 좌표,
ro934,nation,전국,인천,Incheon,,드림파크야생화단지,드림파크야생화단지,,,heal,힐링·생태·체험,37.57542,126.65349,60,,"도시공원 · 청라호수공원, 북성포구 등과 함께 많이 찾는 곳 (연관 3회)",,,,N,N,N,,N,Y,Y,,,,,,http://place.map.kakao.com/10370423,인천 검단구 · 한국관광공사 연관 관광지 · 카카오 좌표,
ro935,nation,전국,장흥,Jangheung,,보림사,보림사,,,herit,문화유산·전통체험,34.80749,126.89674,60,,"종교성지 · 송광사, 쌍봉사 등과 함께 많이 찾는 곳 (연관 3회)",,,,N,N,N,,N,Y,Y,,,,,,http://place.map.kakao.com/7891117,전남광주통합특별시 장흥군 유치면 보림사로 224 · 한국관광공사 연관 관광지 · 카카오 좌표,
ro936,nation,전국,용인,Yongin,,용인시박물관,용인시박물관,,,herit,문화유산·전통체험,37.27387,127.15721,60,,"전시시설 · 경기도박물관, 동백호수공원 등과 함께 많이 찾는 곳 (연관 3회)",,,,N,N,N,,N,Y,Y,,,,,,http://place.map.kakao.com/11539798,경기 용인시 기흥구 동백3로 79 · 한국관광공사 연관 관광지 · 카카오 좌표,
ro937,nation,전국,보은,Boeun,,보은스포츠파크 야구장,보은스포츠파크 야구장,,,activity,테마파크·액티비티,36.48536,127.73218,90,,"레저스포츠시설 · 말티재전망대, 법주사 등과 함께 많이 찾는 곳 (연관 3회)",,,,N,N,N,,N,Y,Y,,,,,,http://place.map.kakao.com/1139874777,충북 보은군 보은읍 군청길 71 · 한국관광공사 연관 관광지 · 카카오 좌표,
ro938,nation,전국,경기광주,Gwangju-gg,,곤지암호국스포츠타운,곤지암호국스포츠타운,,,heal,힐링·생태·체험,37.36043,127.32125,60,,"도시공원 · 용인중앙시장, 곤지암리조트 등과 함께 많이 찾는 곳 (연관 3회)",,,,N,N,N,,N,Y,Y,,,,,,http://place.map.kakao.com/69889814,경기 광주시 곤지암읍 삼리 612-14 · 한국관광공사 연관 관광지 · 카카오 좌표,
ro939,nation,전국,시흥,Siheung,,연꽃테마파크,연꽃테마파크,,,activity,테마파크·액티비티,37.40225,126.80723,90,,"테마공원 · 명성황후생가, 광교산 등과 함께 많이 찾는 곳 (연관 3회)",,,,N,N,N,,N,Y,Y,,,,,,http://place.map.kakao.com/27081749,경기 시흥시 관곡지로 139 · 한국관광공사 연관 관광지 · 카카오 좌표,
ro940,nation,전국,장성,Jangseong,,황룡시장,황룡시장,,,food,로컬상권·먹거리,35.29135,126.77391,50,,"시장 · 방장산자연휴양림, 필암서원 등과 함께 많이 찾는 곳 (연관 3회)",,,,N,N,N,,N,Y,Y,,,,,,http://place.map.kakao.com/18558848,전남광주통합특별시 장성군 황룡면 삼월길 5 · 한국관광공사 연관 관광지 · 카카오 좌표,
ro941,nation,전국,장성,Jangseong,,국립방장산자연휴양림,국립방장산자연휴양림,,,heal,힐링·생태·체험,35.44441,126.74907,60,,"자연공원 · 국립장성치유의숲, 백양사 등과 함께 많이 찾는 곳 (연관 3회)",,,,N,N,N,,N,Y,Y,,,,,,http://place.map.kakao.com/7895344,전남광주통합특별시 장성군 북이면 죽청리 산 70-1 · 한국관광공사 연관 관광지 · 카카오 좌표,
ro942,nation,전국,고령,Goryeong,,소리체험관,소리체험관,,,herit,문화유산·전통체험,35.74222,128.26427,60,,"전시시설 · 대가야생활촌, 우륵박물관 등과 함께 많이 찾는 곳 (연관 3회)",,,,N,N,N,,N,Y,Y,,,,,,http://place.map.kakao.com/673757556,경북 고령군 대가야읍 가야금길 98 · 한국관광공사 연관 관광지 · 카카오 좌표,
ro943,nation,전국,상주,Sangju,,낙동강 역사이야기관,낙동강 역사이야기관,,,herit,문화유산·전통체험,36.36639,128.30874,60,,"전시시설 · 상주국제승마장, 상주자전거박물관 등과 함께 많이 찾는 곳 (연관 3회)",,,,N,N,N,,N,Y,Y,,,,,,http://place.map.kakao.com/694188603,경북 상주시 낙동면 낙동1길 116 · 한국관광공사 연관 관광지 · 카카오 좌표,
ro944,nation,전국,구미,Gumi,,지산샛강생태공원,지산샛강생태공원,,,heal,힐링·생태·체험,36.13457,128.35277,60,,"도시공원 · 상주자전거박물관, 도리사 등과 함께 많이 찾는 곳 (연관 3회)",,,,N,N,N,,N,Y,Y,,,,,,http://place.map.kakao.com/1478181938,경북 구미시 지산동 847-72 · 한국관광공사 연관 관광지 · 카카오 좌표,
ro945,nation,전국,청송,Cheongsong,,주왕산온천관광호텔 청송솔기온천,주왕산온천관광호텔 청송솔기온천,,,heal,힐링·생태·체험,36.43595,129.06291,60,,"웰니스관광 · 백암온천, 주산지 등과 함께 많이 찾는 곳 (연관 3회)",,,,N,N,N,,N,Y,Y,,,,,,http://place.map.kakao.com/8540329,경북 청송군 청송읍 중앙로 315 · 한국관광공사 연관 관광지 · 카카오 좌표,
ro946,nation,전국,세종,Sejong,,국립어린이박물관,Children's Museum,国立儿童博物馆,国立子ども博物館,herit,문화유산·전통체험,36.48862,127.27338,60,,"전시시설 · 국립세종수목원, 대통령기록관 등과 함께 많이 찾는 곳 (연관 3회)",,,,N,N,N,,N,Y,Y,,,,,,http://place.map.kakao.com/1944321184,세종특별자치시 어울누리로 130 · 한국관광공사 연관 관광지 · 카카오 좌표,
ro947,nation,전국,세종,Sejong,,고복저수지,고복저수지,,,sea,해양·자연경관,36.60634,127.23548,40,,"자연경관(하천·해양) · 국립세종수목원, 비암사 등과 함께 많이 찾는 곳 (연관 3회)",,,,N,N,N,,N,Y,Y,,,,,,http://place.map.kakao.com/10161299,세종특별자치시 연서면 용암리 57 · 한국관광공사 연관 관광지 · 카카오 좌표,
ro948,nation,전국,세종,Sejong,,세종전통시장,세종전통시장,,,food,로컬상권·먹거리,36.60128,127.29956,50,,"시장 · 국립세종수목원, 대통령기록관 등과 함께 많이 찾는 곳 (연관 3회)",,,,N,N,N,,N,Y,Y,,,,,,http://place.map.kakao.com/26175089,세종특별자치시 조치원읍 조치원로 26 · 한국관광공사 연관 관광지 · 카카오 좌표,
ro949,nation,전국,서울,Seoul,,성대전통시장,성대전통시장,,,food,로컬상권·먹거리,37.49921,126.93086,50,,"시장 · 대림중앙시장, 대신시장 등과 함께 많이 찾는 곳 (연관 3회)",,,,N,N,N,,N,Y,Y,,,,,,http://place.map.kakao.com/18524711,서울 동작구 국사봉1길 41 · 한국관광공사 연관 관광지 · 카카오 좌표,
ro950,nation,전국,서울,Seoul,,대신시장,대신시장,,,food,로컬상권·먹거리,37.51093,126.9175,50,,"시장 · 여의도공원, 가리봉시장 등과 함께 많이 찾는 곳 (연관 3회)",,,,N,N,N,,N,Y,Y,,,,,,http://place.map.kakao.com/24725683,서울 영등포구 도신로60길 7 · 한국관광공사 연관 관광지 · 카카오 좌표,
ro952,nation,전국,서울,Seoul,,상계중앙시장,상계중앙시장,,,food,로컬상권·먹거리,37.65965,127.07028,50,,"시장 · 신성종합시장, 북서울꿈의숲 등과 함께 많이 찾는 곳 (연관 3회)",,,,N,N,N,,N,Y,Y,,,,,,http://place.map.kakao.com/18524651,서울 노원구 상계로23나길 33 · 한국관광공사 연관 관광지 · 카카오 좌표,
ro953,nation,전국,서울,Seoul,,서울로봇인공지능과학관,서울로봇인공지능과학관,,,herit,문화유산·전통체험,37.65558,127.04951,60,,"전시시설 · 도선사, 국립항공박물관 등과 함께 많이 찾는 곳 (연관 3회)",,,,N,N,N,,N,Y,Y,,,,,,http://place.map.kakao.com/1258334839,서울 도봉구 마들로13길 56 · 한국관광공사 연관 관광지 · 카카오 좌표,
ro954,nation,전국,서울,Seoul,,점프,점프,,,activity,테마파크·액티비티,37.63747,127.07342,90,,"테마공원 · 북서울꿈의숲, 살곶이체육공원 등과 함께 많이 찾는 곳 (연관 3회)",,,,N,N,N,,N,Y,Y,,,,,,http://place.map.kakao.com/261389524,서울 노원구 한글비석로 102 · 한국관광공사 연관 관광지 · 카카오 좌표,
ro956,nation,전국,서울,Seoul,,삼성동시장,삼성동시장,,,food,로컬상권·먹거리,37.47002,126.93211,50,,"시장 · 개봉중앙시장, 중부시장 등과 함께 많이 찾는 곳 (연관 3회)",,,,N,N,N,,N,Y,Y,,,,,,http://place.map.kakao.com/18526255,서울 관악구 원신2길 55 · 한국관광공사 연관 관광지 · 카카오 좌표,
ro957,nation,전국,서울,Seoul,,서울연극창작센터,서울연극창작센터,,,activity,테마파크·액티비티,37.5892,127.0061,90,,"공연시설 · 길상사, 광희문 등과 함께 많이 찾는 곳 (연관 3회)",,,,N,N,N,,N,Y,Y,,,,,,http://place.map.kakao.com/196729940,서울 성북구 성북로 8 · 한국관광공사 연관 관광지 · 카카오 좌표,
ro958,nation,전국,서울,Seoul,,서울시립 서서울미술관,서울시립 서서울미술관,,,herit,문화유산·전통체험,37.45775,126.89554,60,,"전시시설 · 고척근린공원, 정릉시장 등과 함께 많이 찾는 곳 (연관 3회)",,,,N,N,N,,N,Y,Y,,,,,,http://place.map.kakao.com/874090643,서울 금천구 시흥대로79길 65 · 한국관광공사 연관 관광지 · 카카오 좌표,
ro959,nation,전국,서울,Seoul,,대성사,대성사,,,herit,문화유산·전통체험,37.47602,127.01347,60,,"종교성지 · 예술의전당, 법룡사 등과 함께 많이 찾는 곳 (연관 3회)",,,,N,N,N,,N,Y,Y,,,,,,http://place.map.kakao.com/8524058,서울 서초구 남부순환로328길 49 · 한국관광공사 연관 관광지 · 카카오 좌표,
ro960,nation,전국,서울,Seoul,,강동아트센터,강동아트센터,,,activity,테마파크·액티비티,37.5513,127.15756,90,,"공연시설 · 예술의전당, 대학로 등과 함께 많이 찾는 곳 (연관 3회)",,,,N,N,N,,N,Y,Y,,,,,,http://place.map.kakao.com/13115285,서울 강동구 동남로 870 · 한국관광공사 연관 관광지 · 카카오 좌표,
ro961,nation,전국,부산,Busan,,부산119안전체험관,부산119안전체험관,,,heal,힐링·생태·체험,35.21795,129.07401,60,,"체험관광기타 · 부산시민공원, 부산어린이대공원 등과 함께 많이 찾는 곳 (연관 3회)",,,,N,N,N,,N,Y,Y,,,,,,http://place.map.kakao.com/312537600,부산 동래구 우장춘로 117 · 한국관광공사 연관 관광지 · 카카오 좌표,
ro962,nation,전국,부산,Busan,,을숙도문화회관 들락날락,을숙도문화회관 들락날락,,,activity,테마파크·액티비티,35.11005,128.94468,90,,"테마공원 · 낙동강하구에코센터, 부산현대미술관 등과 함께 많이 찾는 곳 (연관 3회)",,,,N,N,N,,N,Y,Y,,,,,,http://place.map.kakao.com/231364526,부산 사하구 낙동남로1233번길 25 · 한국관광공사 연관 관광지 · 카카오 좌표,
ro963,nation,전국,부산,Busan,,부산광역시교육청 학생안전체험관,부산광역시교육청 학생안전체험관,,,heal,힐링·생태·체험,35.10645,128.92541,60,,"체험관광기타 · 한국신발관, 다대포해수욕장 등과 함께 많이 찾는 곳 (연관 3회)",,,,N,N,N,,N,Y,Y,,,,,,http://place.map.kakao.com/724845539,부산 강서구 영강길81번길 24 · 한국관광공사 연관 관광지 · 카카오 좌표,
ro964,nation,전국,부산,Busan,,낙동아트센터,낙동아트센터,,,activity,테마파크·액티비티,35.10202,128.90405,90,,"공연시설 · 낙동강하구에코센터, 부산현대미술관 등과 함께 많이 찾는 곳 (연관 3회)",,,,N,N,N,,N,Y,Y,,,,,,http://place.map.kakao.com/716052798,부산 강서구 명지국제1로 141 · 한국관광공사 연관 관광지 · 카카오 좌표,
ro965,nation,전국,부산,Busan,,천성항,천성항,,,sea,해양·자연경관,35.0283,128.81538,40,,"자연경관(하천·해양) · 다대포항, 아미산전망대 등과 함께 많이 찾는 곳 (연관 3회)",,,,N,N,N,,N,Y,Y,,,,,,http://place.map.kakao.com/17434234,부산 강서구 천성동 646-2 · 한국관광공사 연관 관광지 · 카카오 좌표,
ro966,nation,전국,고양,Goyang,,행주산성 역사공원,Haengjusanseong Fortress History Park,幸州山城历史公园,幸州山城歴史公園,heal,힐링·생태·체험,37.59726,126.81909,60,,"도시공원 · 고양대덕생태공원, 행주산성 등과 함께 많이 찾는 곳 (연관 3회)",,,,N,N,N,,N,Y,Y,,,,,,http://place.map.kakao.com/226774064,경기 고양시 덕양구 행주외동 500 · 한국관광공사 연관 관광지 · 카카오 좌표,
ro967,nation,전국,고양,Goyang,,고양CC,고양CC,,,activity,테마파크·액티비티,37.63802,126.85837,90,,"육상레저스포츠 · 서오릉, 스타필드/고양 등과 함께 많이 찾는 곳 (연관 3회)",,,,N,N,N,,N,Y,Y,,,,,,http://place.map.kakao.com/13100652,경기 고양시 덕양구 도내동 1129 · 한국관광공사 연관 관광지 · 카카오 좌표,
ro968,nation,전국,부산,Busan,,다대포항,다대포항,,,sea,해양·자연경관,35.05349,128.98389,40,,"자연경관(하천·해양) · 아미산전망대, 부산공동어시장 등과 함께 많이 찾는 곳 (연관 3회)",,,,N,N,N,,N,Y,Y,,,,,,http://place.map.kakao.com/7998563,부산 사하구 다대동 · 한국관광공사 연관 관광지 · 카카오 좌표,
ro969,nation,전국,부산,Busan,,광안리해양레포츠센터,Gwangalli Ocean Leports Center,,,activity,테마파크·액티비티,35.14614,129.11531,90,,"수상레저스포츠 · 더베이101, 암남공원 등과 함께 많이 찾는 곳 (연관 3회)",,,,N,N,N,,N,Y,Y,,,,,,http://place.map.kakao.com/1086385576,부산 수영구 광안해변로54번길 222 · 한국관광공사 연관 관광지 · 카카오 좌표,
ro971,nation,전국,봉화,Bonghwa,,봉화은어축제,봉화은어축제,,,activity,테마파크·액티비티,36.89026,128.73786,90,,"기타문화관광지 · 국립백두대간수목원, 분천역산타마을 등과 함께 많이 찾는 곳 (연관 3회)",,,,N,N,N,,N,Y,Y,,,,,,http://place.map.kakao.com/1784599158,경북 봉화군 봉화읍 내성리 506 · 한국관광공사 연관 관광지 · 카카오 좌표,
ro972,nation,전국,서울,Seoul,,서울시립 남서울미술관,서울시립 남서울미술관,,,herit,문화유산·전통체험,37.47608,126.97948,60,,"전시시설 · 서울시립미술관, 삼청공원 등과 함께 많이 찾는 곳 (연관 3회)",,,,N,N,N,,N,Y,Y,,,,,,http://place.map.kakao.com/7937927,서울 관악구 남부순환로 2076 · 한국관광공사 연관 관광지 · 카카오 좌표,
ro973,nation,전국,서울,Seoul,,서울풍물시장,서울풍물시장,,,food,로컬상권·먹거리,37.57282,127.02539,50,,"시장 · 황학동벼룩시장, 경동시장 등과 함께 많이 찾는 곳 (연관 3회)",,,,N,N,N,,N,Y,Y,,,,,,http://place.map.kakao.com/10500235,서울 동대문구 천호대로4길 21 · 한국관광공사 연관 관광지 · 카카오 좌표,
ro974,nation,전국,서울,Seoul,,홍릉시험림,홍릉시험림,,,heal,힐링·생태·체험,37.59396,127.04485,60,,"자연공원 · 경동시장, 서울경동약령시장 등과 함께 많이 찾는 곳 (연관 3회)",,,,N,N,N,,N,Y,Y,,,,,,http://place.map.kakao.com/443387508,서울 동대문구 회기로 57 · 한국관광공사 연관 관광지 · 카카오 좌표,
ro975,nation,전국,서울,Seoul,,파리문화공원,파리문화공원,,,heal,힐링·생태·체험,37.53477,126.87716,60,,"도시공원 · KT&G상상마당/홍대, 월드컵공원 등과 함께 많이 찾는 곳 (연관 3회)",,,,N,N,N,,N,Y,Y,,,,,,http://place.map.kakao.com/8124474,서울 양천구 목동 906 · 한국관광공사 연관 관광지 · 카카오 좌표,
ro976,nation,전국,서울,Seoul,,노들나루공원,노들나루공원,,,heal,힐링·생태·체험,37.51372,126.95362,60,,"도시공원 · 용양봉저정공원, 노들섬 등과 함께 많이 찾는 곳 (연관 3회)",,,,N,N,N,,N,Y,Y,,,,,,http://place.map.kakao.com/24894850,서울 동작구 노량진로 247 · 한국관광공사 연관 관광지 · 카카오 좌표,
rs1,nation,전국,삼척,Samcheok,,쏠비치 삼척,쏠비치 삼척,,,stay,숙박,37.47143,129.16413,30,,"리조트·콘도 · 논골담길, 동쪽바다중앙시장 등을 찾은 여행자들이 함께 많이 머문 곳 (연관 54회)",,,,N,N,N,삼척시 관광지 (2016 지정),N,Y,Y,,,,,,http://place.map.kakao.com/25657306,강원특별자치도 삼척시 수로부인길 453 · 한국관광공사 연관 관광지(숙박) · 카카오 좌표,
rs2,nation,전국,고성(강원),Goseong-gw,,소노캄 델피노,Del Pino,,,stay,숙박,38.21059,128.49384,30,,"리조트·콘도 · 대포항, 동명항 등을 찾은 여행자들이 함께 많이 머문 곳 (연관 53회)",,,,N,N,N,고성군 관광단지 (2022 지정),N,Y,Y,,,,,,http://place.map.kakao.com/7822925,강원특별자치도 고성군 토성면 미시령옛길 1153 · 한국관광공사 연관 관광지(숙박) · 카카오 좌표,
rs3,nation,전국,고성(강원),Goseong-gw,,소노벨 델피노,Del Pino,,,stay,숙박,38.21196,128.49459,30,,"리조트·콘도 · 국립산악박물관, 대포항 등을 찾은 여행자들이 함께 많이 머문 곳 (연관 48회)",,,,N,N,N,고성군 관광단지 (2022 지정),N,Y,Y,,,,,,http://place.map.kakao.com/1557867647,강원특별자치도 고성군 토성면 미시령옛길 1153 · 한국관광공사 연관 관광지(숙박) · 카카오 좌표,
rs4,nation,전국,속초,Sokcho,,한화리조트 설악 쏘라노,Hanwha Resort Seorak Waterpia,韩华度假村雪岳水上乐园,ハンファリゾート・雪岳ウォーターピア,stay,숙박,38.21062,128.52861,30,,"리조트·콘도 · 국립산악박물관, 대포항 등을 찾은 여행자들이 함께 많이 머문 곳 (연관 45회)",,,,N,N,N,속초시 관광단지 (2010 지정),N,Y,Y,,,,,,http://place.map.kakao.com/27025531,강원특별자치도 속초시 미시령로2983번길 111 · 한국관광공사 연관 관광지(숙박) · 카카오 좌표,
rs5,nation,전국,속초,Sokcho,,현대수리조트,현대수리조트,,,stay,숙박,38.19977,128.54504,30,,"리조트·콘도 · 금호리조트/설악, 대포항 등을 찾은 여행자들이 함께 많이 머문 곳 (연관 41회)",,,,N,N,N,,N,Y,Y,,,,,,http://place.map.kakao.com/17101514,강원특별자치도 속초시 이목로 153 · 한국관광공사 연관 관광지(숙박) · 카카오 좌표,
rs6,nation,전국,속초,Sokcho,,체스터톤스속초,체스터톤스속초,,,stay,숙박,38.19418,128.58053,30,,"호텔 · 국립산악박물관, 대포항 등을 찾은 여행자들이 함께 많이 머문 곳 (연관 39회)",,,,N,N,N,,N,Y,Y,,,,,,http://place.map.kakao.com/191082671,강원특별자치도 속초시 엑스포로 109 · 한국관광공사 연관 관광지(숙박) · 카카오 좌표,
rs7,nation,전국,양양,Yangyang,,쏠비치 양양,Sol Beach Yangyang,SOL BEACH襄阳,SOL BEACH襄陽,stay,숙박,38.08698,128.66567,30,,"리조트·콘도 · 대포항, 동명항 등을 찾은 여행자들이 함께 많이 머문 곳 (연관 38회)",,,,N,N,N,,N,Y,Y,,,,,,http://place.map.kakao.com/26953215,강원특별자치도 양양군 손양면 선사유적로 678 · 한국관광공사 연관 관광지(숙박) · 카카오 좌표,
rs8,nation,전국,통영,Tongyeong,,금호리조트 통영마리나,금호리조트 통영마리나,,,stay,숙박,34.82745,128.44016,30,,"리조트·콘도 · 거제식물원, 거제씨월드 등을 찾은 여행자들이 함께 많이 머문 곳 (연관 33회)",,,,N,N,N,통영시 관광지 (2023 지정),N,Y,Y,,,,,,http://place.map.kakao.com/12068239,경남 통영시 큰발개1길 33 · 한국관광공사 연관 관광지(숙박) · 카카오 좌표,
rs9,nation,전국,속초,Sokcho,,금호리조트 설악,금호리조트 설악,,,stay,숙박,38.18181,128.54954,30,,"리조트·콘도 · 국립산악박물관, 대포항 등을 찾은 여행자들이 함께 많이 머문 곳 (연관 32회)",,,,N,N,N,,N,Y,Y,,,,,,http://place.map.kakao.com/8693759,강원특별자치도 속초시 사당골길 43 · 한국관광공사 연관 관광지(숙박) · 카카오 좌표,
rs10,nation,전국,속초,Sokcho,,속초 아이파크스위트 호텔앤리조트,속초 아이파크스위트 호텔앤리조트,,,stay,숙박,38.21348,128.59668,30,,"호텔 · 국립산악박물관, 대포항 등을 찾은 여행자들이 함께 많이 머문 곳 (연관 32회)",,,,N,N,N,,N,Y,Y,,,,,,http://place.map.kakao.com/423809465,강원특별자치도 속초시 중앙로 266 · 한국관광공사 연관 관광지(숙박) · 카카오 좌표,
rs11,nation,전국,고성(강원),Goseong-gw,,소노펠리체 빌리지 델피노,Del Pino,,,stay,숙박,38.21061,128.49084,30,,"리조트·콘도 · 대포항, 롯데리조트/속초 등을 찾은 여행자들이 함께 많이 머문 곳 (연관 32회)",,,,N,N,N,고성군 관광단지 (2022 지정),N,Y,Y,,,,,,http://place.map.kakao.com/479052243,강원특별자치도 고성군 토성면 미시령옛길 1153 · 한국관광공사 연관 관광지(숙박) · 카카오 좌표,
rs12,nation,전국,고성(강원),Goseong-gw,,켄싱턴리조트 설악비치,켄싱턴리조트 설악비치,,,stay,숙박,38.24291,128.57251,30,,"리조트·콘도 · 대포항, 동명항 등을 찾은 여행자들이 함께 많이 머문 곳 (연관 32회)",,,,N,N,N,,N,Y,Y,,,,,,http://place.map.kakao.com/8589514,강원특별자치도 고성군 토성면 동해대로 4800 · 한국관광공사 연관 관광지(숙박) · 카카오 좌표,
rs13,nation,전국,여수,Yeosu,,소노캄 여수,Sono Calm Yeosu,SONO CALM丽水,SONO Calm麗水,stay,숙박,34.74237,127.75455,30,,"호텔 · 교동시장, 녹테마레 등을 찾은 여행자들이 함께 많이 머문 곳 (연관 29회)",,,,N,N,N,,N,Y,Y,,,,,,http://place.map.kakao.com/17312107,전남광주통합특별시 여수시 오동도로 111 · 한국관광공사 연관 관광지(숙박) · 카카오 좌표,
rs14,nation,전국,인천,Incheon,,인스파이어 엔터테인먼트 리조트,Inspire Entertainment Resort,,,stay,숙박,37.46551,126.38866,30,,"리조트·콘도 · 소래포구종합어시장, 송월동동화마을 등을 찾은 여행자들이 함께 많이 머문 곳 (연관 29회)",,,,N,N,N,,N,Y,Y,,,,,,http://place.map.kakao.com/748861854,인천 영종구 공항문화로 127 · 한국관광공사 연관 관광지(숙박) · 카카오 좌표,
rs15,nation,전국,강릉,Gangneung,,썬크루즈호텔&리조트,썬크루즈호텔&리조트,,,stay,숙박,37.68345,129.04393,30,,"리조트·콘도 · 동쪽바다중앙시장, 동해도째비골스카이밸리 등을 찾은 여행자들이 함께 많이 머문 곳 (연관 28회)",,,,N,N,N,,N,Y,Y,,,,,,http://place.map.kakao.com/26310988,강원특별자치도 강릉시 강동면 헌화로 950-39 · 한국관광공사 연관 관광지(숙박) · 카카오 좌표,
rs16,nation,전국,경주,Gyeongju,,한화리조트 경주 에톤,한화리조트 경주 에톤,,,stay,숙박,35.8608,129.27023,30,,"리조트·콘도 · 감포항, 강동워터파크 등을 찾은 여행자들이 함께 많이 머문 곳 (연관 28회)",,,,N,N,N,경주시 관광단지 (2008 지정),N,Y,Y,,,,,,http://place.map.kakao.com/26507510,경북 경주시 보문로 182-27 · 한국관광공사 연관 관광지(숙박) · 카카오 좌표,
rs17,nation,전국,영덕,Yeongdeok,,파나크 영덕 바이소노벨,Panaq by Sono Belle,,PANAQ盈徳 by SONO Belle,stay,숙박,36.3484,129.3868,30,,"리조트·콘도 · 안동하회마을, 유교랜드 등을 찾은 여행자들이 함께 많이 머문 곳 (연관 28회)",,,,N,N,N,,N,Y,Y,,,,,,http://place.map.kakao.com/1403709971,경북 영덕군 강구면 해상공원길 200 · 한국관광공사 연관 관광지(숙박) · 카카오 좌표,
rs18,nation,전국,속초,Sokcho,,라마다호텔 속초,라마다호텔 속초,,,stay,숙박,38.17424,128.61014,30,,"호텔 · The-K설악산가족호텔, 대포항 등을 찾은 여행자들이 함께 많이 머문 곳 (연관 27회)",,,,N,N,N,,N,Y,Y,,,,,,http://place.map.kakao.com/27436368,강원특별자치도 속초시 대포항희망길 106 · 한국관광공사 연관 관광지(숙박) · 카카오 좌표,
rs19,nation,전국,속초,Sokcho,,롯데리조트 속초,Lotte Resort Sokcho,束草乐天度假村,ロッテリゾート束草,stay,숙박,38.18072,128.6132,30,,"리조트·콘도 · 국립산악박물관, 대포항 등을 찾은 여행자들이 함께 많이 머문 곳 (연관 27회)",,,,N,N,N,속초시 관광지 (2021 지정),N,Y,Y,,,,,,http://place.map.kakao.com/27392264,강원특별자치도 속초시 대포항길 186 · 한국관광공사 연관 관광지(숙박) · 카카오 좌표,
rs20,nation,전국,경주,Gyeongju,,소노캄 경주,소노캄 경주,SONO CALM庆州,SONO Calm慶州,stay,숙박,35.84677,129.28183,30,,"리조트·콘도 · 강동워터파크, 경주동궁원 등을 찾은 여행자들이 함께 많이 머문 곳 (연관 27회)",,,,N,N,N,경주시 관광단지 (2008 지정),N,Y,Y,,,,,,http://place.map.kakao.com/329576189,경북 경주시 보문로 402-12 · 한국관광공사 연관 관광지(숙박) · 카카오 좌표,
rs21,nation,전국,강릉,Gangneung,,SL호텔 강릉,SL호텔 강릉,,,stay,숙박,37.88921,128.82544,30,,"호텔 · 마레몬스호텔, 신흥사 등을 찾은 여행자들이 함께 많이 머문 곳 (연관 27회)",,,,N,N,N,,N,Y,Y,,,,,,http://place.map.kakao.com/1590732817,강원특별자치도 강릉시 주문진읍 주문로 59 · 한국관광공사 연관 관광지(숙박) · 카카오 좌표,
rs22,nation,전국,여수,Yeosu,,신라스테이 여수,신라스테이 여수,,,stay,숙박,34.74406,127.74876,30,,"호텔 · 교동시장, 낭도항 등을 찾은 여행자들이 함께 많이 머문 곳 (연관 27회)",,,,N,N,N,,N,Y,Y,,,,,,http://place.map.kakao.com/940468346,전남광주통합특별시 여수시 수정3길 8 · 한국관광공사 연관 관광지(숙박) · 카카오 좌표,
rs23,nation,전국,부산,Busan,,한화리조트 해운대,한화리조트 해운대,,,stay,숙박,35.15438,129.14496,30,,"리조트·콘도 · 선암사, 양정시장 등을 찾은 여행자들이 함께 많이 머문 곳 (연관 27회)",,,,N,N,N,,N,Y,Y,,,,,,http://place.map.kakao.com/10928789,부산 해운대구 마린시티3로 52 · 한국관광공사 연관 관광지(숙박) · 카카오 좌표,
rs24,nation,전국,강릉,Gangneung,,라카이샌드파인,라카이샌드파인,,,stay,숙박,37.80611,128.9045,30,,"리조트·콘도 · 무릉계곡, 아바이마을갯배/중앙동선착장 등을 찾은 여행자들이 함께 많이 머문 곳 (연관 25회)",,,,N,N,N,,N,Y,Y,,,,,,http://place.map.kakao.com/17439268,강원특별자치도 강릉시 해안로 536 · 한국관광공사 연관 관광지(숙박) · 카카오 좌표,
rs25,nation,전국,태안,Taean,,서초휴양소 태안점,서초휴양소 태안점,,,stay,숙박,36.69898,126.28797,30,,"리조트·콘도 · 국립해양유산연구소/국립태안해양유물전시관, 달산포해수욕장 등을 찾은 여행자들이 함께 많이 머문 곳 (연관 25회)",,,,N,N,N,,N,Y,Y,,,,,,http://place.map.kakao.com/14557997,충남 태안군 남면 안면대로 571-12 · 한국관광공사 연관 관광지(숙박) · 카카오 좌표,
rs26,nation,전국,강릉,Gangneung,,탑스텐호텔,탑스텐호텔,,,stay,숙박,37.65466,129.05292,30,,"호텔 · 논골담길, 동쪽바다중앙시장 등을 찾은 여행자들이 함께 많이 머문 곳 (연관 25회)",,,,N,N,N,,N,Y,Y,,,,,,http://place.map.kakao.com/1860658797,강원특별자치도 강릉시 옥계면 헌화로 455-34 · 한국관광공사 연관 관광지(숙박) · 카카오 좌표,
rs27,nation,전국,여수,Yeosu,,라마다프라자바이윈덤 여수,라마다프라자바이윈덤 여수,,,stay,숙박,34.71701,127.74828,30,,"호텔 · 국동항, 녹테마레 등을 찾은 여행자들이 함께 많이 머문 곳 (연관 25회)",,,,N,N,N,,N,Y,Y,,,,,,http://place.map.kakao.com/1283685448,전남광주통합특별시 여수시 돌산읍 강남로 11 · 한국관광공사 연관 관광지(숙박) · 카카오 좌표,
rs28,nation,전국,고성(강원),Goseong-gw,,켄싱턴리조트 설악밸리,켄싱턴리조트 설악밸리,,,stay,숙박,38.22819,128.49348,30,,"리조트·콘도 · 대포항, 동명항 등을 찾은 여행자들이 함께 많이 머문 곳 (연관 25회)",,,,N,N,N,고성군 관광지 (2023 지정),N,Y,Y,,,,,,http://place.map.kakao.com/766576932,강원특별자치도 고성군 토성면 신평골길 8-25 · 한국관광공사 연관 관광지(숙박) · 카카오 좌표,
rs29,nation,전국,여수,Yeosu,,유탑마리나호텔&리조트,유탑마리나호텔&리조트,,,stay,숙박,34.74443,127.75062,30,,"호텔 · 교동시장, 국동항 등을 찾은 여행자들이 함께 많이 머문 곳 (연관 24회)",,,,N,N,N,,N,Y,Y,,,,,,http://place.map.kakao.com/1421832812,전남광주통합특별시 여수시 오동도로 61-15 · 한국관광공사 연관 관광지(숙박) · 카카오 좌표,
rs30,nation,전국,제주,Jeju,,소노벨 제주,Sono Belle Jeju,SONO Belle济州,SONO Belle済州,stay,숙박,33.54138,126.67167,30,,"리조트·콘도 · 거문오름, 관음사 등을 찾은 여행자들이 함께 많이 머문 곳 (연관 24회)",,,,N,N,N,제주시 관광지 (2013 지정),N,Y,Y,,,,,,http://place.map.kakao.com/11379388,제주특별자치도 제주시 조천읍 신북로 577 · 한국관광공사 연관 관광지(숙박) · 카카오 좌표,
rs31,nation,전국,부안,Buan,,소노벨 변산,소노벨 변산,,,stay,숙박,35.63162,126.47027,30,,"리조트·콘도 · 몽돌해수욕장, 새만금비응공원 등을 찾은 여행자들이 함께 많이 머문 곳 (연관 24회)",,,,N,N,N,,N,Y,Y,,,,,,http://place.map.kakao.com/236647471,전북특별자치도 부안군 변산면 격포리 257 · 한국관광공사 연관 관광지(숙박) · 카카오 좌표,
rs32,nation,전국,서울,Seoul,,그랜드 하얏트 서울,Grand Hyatt Seoul,首尔君悦大酒店,グランドハイアットソウル,stay,숙박,37.53944,126.99708,30,,"호텔 · 마장축산물시장, 대림중앙시장 등을 찾은 여행자들이 함께 많이 머문 곳 (연관 24회)",,,,N,N,N,,N,Y,Y,,,,,,http://place.map.kakao.com/18661190,서울 용산구 소월로 322 · 한국관광공사 연관 관광지(숙박) · 카카오 좌표,
rs33,nation,전국,경주,Gyeongju,,라한셀렉트 경주,라한셀렉트 경주,,,stay,숙박,35.85032,129.27702,30,,"호텔 · 감포항, 강동워터파크 등을 찾은 여행자들이 함께 많이 머문 곳 (연관 23회)",,,,N,N,N,경주시 관광단지 (2008 지정),N,Y,Y,,,,,,http://place.map.kakao.com/2139973957,경북 경주시 보문로 338 · 한국관광공사 연관 관광지(숙박) · 카카오 좌표,
rs34,nation,전국,통영,Tongyeong,,스탠포드호텔앤리조트 통영,스탠포드호텔앤리조트 통영,,,stay,숙박,34.82438,128.43941,30,,"호텔 · 강구안, 나폴리농원 등을 찾은 여행자들이 함께 많이 머문 곳 (연관 23회)",,,,N,N,N,통영시 관광지 (2023 지정),N,Y,Y,,,,,,http://place.map.kakao.com/1538989515,경남 통영시 도남로 347 · 한국관광공사 연관 관광지(숙박) · 카카오 좌표,
rs35,nation,전국,영월,Yeongwol,,탑스텐리조트 동강시스타,탑스텐리조트 동강시스타,,,stay,숙박,37.21776,128.51874,30,,"리조트·콘도 · 병방치스카이워크, 아우라지 등을 찾은 여행자들이 함께 많이 머문 곳 (연관 23회)",,,,N,N,N,,N,Y,Y,,,,,,http://place.map.kakao.com/13314750,강원특별자치도 영월군 영월읍 사지막길 160 · 한국관광공사 연관 관광지(숙박) · 카카오 좌표,
rs36,nation,전국,양양,Yangyang,,더앤리조트,The N Resort,,,stay,숙박,37.94213,128.76959,30,,"리조트·콘도 · 얼라이브하트, BTS버스정류장 등을 찾은 여행자들이 함께 많이 머문 곳 (연관 23회)",,,,N,N,N,,N,Y,Y,,,,,,http://place.map.kakao.com/175026803,강원특별자치도 양양군 현남면 개매길 260 · 한국관광공사 연관 관광지(숙박) · 카카오 좌표,
rs37,nation,전국,동해,Donghae,,동해보양온천컨벤션호텔,Donghae Boyang Hot-spring Convention Hotel,东海保养温泉会议酒店,トンヘ（東海）保養温泉コンベンションホテル,stay,숙박,37.59267,129.08712,30,,"호텔 · 동쪽바다중앙시장, 동해도째비골스카이밸리 등을 찾은 여행자들이 함께 많이 머문 곳 (연관 23회)",,,,N,N,N,,N,Y,Y,,,,,,http://place.map.kakao.com/14742749,강원특별자치도 동해시 동해대로 6285 · 한국관광공사 연관 관광지(숙박) · 카카오 좌표,
rs38,nation,전국,강릉,Gangneung,,스카이베이호텔 경포,스카이베이호텔 경포,,,stay,숙박,37.80431,128.90774,30,,"호텔 · 강남축구공원, 강릉선교장 등을 찾은 여행자들이 함께 많이 머문 곳 (연관 23회)",,,,N,N,N,,N,Y,Y,,,,,,http://place.map.kakao.com/27507368,강원특별자치도 강릉시 해안로 476 · 한국관광공사 연관 관광지(숙박) · 카카오 좌표,
rs39,nation,전국,여수,Yeosu,,디오션리조트,디오션리조트,,,stay,숙박,34.73339,127.64342,30,,"리조트·콘도 · GS칼텍스예울마루, 대경도대합실 등을 찾은 여행자들이 함께 많이 머문 곳 (연관 23회)",,,,N,N,N,,N,Y,Y,,,,,,http://place.map.kakao.com/15943407,전남광주통합특별시 여수시 소호로 295 · 한국관광공사 연관 관광지(숙박) · 카카오 좌표,
rs40,nation,전국,속초,Sokcho,,리센오션파크속초A동,리센오션파크속초A동,,,stay,숙박,38.18898,128.60334,30,,"호텔 · 금호리조트/설악, 대포항 등을 찾은 여행자들이 함께 많이 머문 곳 (연관 22회)",,,,N,N,N,,N,Y,Y,,,,,,http://place.map.kakao.com/400570925,강원특별자치도 속초시 해오름로 167 · 한국관광공사 연관 관광지(숙박) · 카카오 좌표,
rs41,nation,전국,여수,Yeosu,,여수베네치아호텔앤스위트,여수베네치아호텔앤스위트,,,stay,숙박,34.74579,127.75188,30,,"호텔 · 녹테마레, 돌산공원 등을 찾은 여행자들이 함께 많이 머문 곳 (연관 22회)",,,,N,N,N,,N,Y,Y,,,,,,http://place.map.kakao.com/1748504512,전남광주통합특별시 여수시 오동도로 61-13 · 한국관광공사 연관 관광지(숙박) · 카카오 좌표,
rs42,nation,전국,경주,Gyeongju,,켄싱턴리조트 경주,켄싱턴리조트 경주,,,stay,숙박,35.86073,129.2684,30,,"리조트·콘도 · 감포항, 강동워터파크 등을 찾은 여행자들이 함께 많이 머문 곳 (연관 21회)",,,,N,N,N,경주시 관광단지 (2008 지정),N,Y,Y,,,,,,http://place.map.kakao.com/17985482,경북 경주시 보문로 182-29 · 한국관광공사 연관 관광지(숙박) · 카카오 좌표,
rs43,nation,전국,정선,Jeongseon,,메이힐스리조트,메이힐스리조트,,,stay,숙박,37.21127,128.83541,30,,"리조트·콘도 · 고한야한구공탄시장, 민둥산/증산초교지구 등을 찾은 여행자들이 함께 많이 머문 곳 (연관 21회)",,,,N,N,N,,N,Y,Y,,,,,,http://place.map.kakao.com/7945995,강원특별자치도 정선군 고한읍 물한리길 8 · 한국관광공사 연관 관광지(숙박) · 카카오 좌표,
rs44,nation,전국,삼척,Samcheok,,씨스포빌,씨스포빌,,,stay,숙박,37.396,129.22083,30,,"리조트·콘도 · 묵호항, 갈남항 등을 찾은 여행자들이 함께 많이 머문 곳 (연관 21회)",,,,N,N,N,삼척시 관광지 (2009 지정),N,Y,Y,,,,,,http://place.map.kakao.com/17124761,강원특별자치도 삼척시 근덕면 상맹방길 30-80 · 한국관광공사 연관 관광지(숙박) · 카카오 좌표,
rs45,nation,전국,경주,Gyeongju,,경주 코오롱호텔,경주 코오롱호텔,,,stay,숙박,35.78793,129.32185,30,,"호텔 · 감포항, 강동워터파크 등을 찾은 여행자들이 함께 많이 머문 곳 (연관 21회)",,,,N,N,N,,N,Y,Y,,,,,,http://place.map.kakao.com/25021570,경북 경주시 불국로 289-17 · 한국관광공사 연관 관광지(숙박) · 카카오 좌표,
rs46,nation,전국,정선,Jeongseon,,하이원리조트 힐콘도,High1 Wellness,海云（High1）度假村,ハイワンリゾート,stay,숙박,37.20682,128.83772,30,,"리조트·콘도 · 고한야한구공탄시장, 병방치스카이워크 등을 찾은 여행자들이 함께 많이 머문 곳 (연관 21회)",,,,N,N,N,,N,Y,Y,,,,,,http://place.map.kakao.com/27170364,강원특별자치도 정선군 고한읍 하이원길 424 · 한국관광공사 연관 관광지(숙박) · 카카오 좌표,
rs47,nation,전국,여수,Yeosu,,오션힐호텔,오션힐호텔,,,stay,숙박,34.7187,127.74639,30,,"호텔 · GS칼텍스예울마루, 교동시장 등을 찾은 여행자들이 함께 많이 머문 곳 (연관 21회)",,,,N,N,N,,N,Y,Y,,,,,,http://place.map.kakao.com/1740302755,전남광주통합특별시 여수시 돌산읍 강남해안로 81 · 한국관광공사 연관 관광지(숙박) · 카카오 좌표,
rs48,nation,전국,여수,Yeosu,,히든베이호텔,히든베이호텔,,,stay,숙박,34.72142,127.6989,30,,"호텔 · GS칼텍스예울마루, 국동항 등을 찾은 여행자들이 함께 많이 머문 곳 (연관 21회)",,,,N,N,N,,N,Y,Y,,,,,,http://place.map.kakao.com/17429246,전남광주통합특별시 여수시 신월로 496-25 · 한국관광공사 연관 관광지(숙박) · 카카오 좌표,
rs49,nation,전국,여수,Yeosu,,호텔헤이븐,호텔헤이븐,,,stay,숙박,34.73239,127.74909,30,,"호텔 · 돌산공원, 디오션리조트워터파크 등을 찾은 여행자들이 함께 많이 머문 곳 (연관 20회)",,,,N,N,N,,N,Y,Y,,,,,,http://place.map.kakao.com/751925286,전남광주통합특별시 여수시 돌산읍 진두해안길 131 · 한국관광공사 연관 관광지(숙박) · 카카오 좌표,
rs50,nation,전국,제주,Jeju,,휘닉스 아일랜드,휘닉스 아일랜드,,,stay,숙박,33.43032,126.92937,30,,"리조트·콘도 · 김녕미로공원, 김녕해수욕장 등을 찾은 여행자들이 함께 많이 머문 곳 (연관 20회)",,,,N,N,N,서귀포시 관광단지 (2008 지정),N,Y,Y,,,,,,http://place.map.kakao.com/8177478,제주특별자치도 서귀포시 성산읍 섭지코지로 107 · 한국관광공사 연관 관광지(숙박) · 카카오 좌표,
rs51,nation,전국,예산,Yesan,,스플라스 리솜,Splas Resom,,,stay,숙박,36.69394,126.65638,30,,"리조트·콘도 · 마검포해수욕장, 삼봉해수욕장 등을 찾은 여행자들이 함께 많이 머문 곳 (연관 20회)",,,,N,N,N,예산군 관광지 (2009 지정),N,Y,Y,,,,,,http://place.map.kakao.com/247665176,충남 예산군 덕산면 온천단지3로 45-7 · 한국관광공사 연관 관광지(숙박) · 카카오 좌표,
rs52,nation,전국,속초,Sokcho,,씨크루즈호텔속초,씨크루즈호텔속초,,,stay,숙박,38.20132,128.58707,30,,"호텔 · 대포항, 롯데리조트/속초 등을 찾은 여행자들이 함께 많이 머문 곳 (연관 19회)",,,,N,N,N,,N,Y,Y,,,,,,http://place.map.kakao.com/27402545,강원특별자치도 속초시 청초호반로 273 · 한국관광공사 연관 관광지(숙박) · 카카오 좌표,
rs53,nation,전국,양평,Yangpyeong,,소노벨 양평,소노벨 양평,,,stay,숙박,37.46923,127.53267,30,,"리조트·콘도 · 남이섬, 쁘띠프랑스 등을 찾은 여행자들이 함께 많이 머문 곳 (연관 19회)",,,,N,N,N,,N,Y,Y,,,,,,http://place.map.kakao.com/7825452,경기 양평군 개군면 신내길7번길 55 · 한국관광공사 연관 관광지(숙박) · 카카오 좌표,
rs54,nation,전국,양양,Yangyang,,디그니티호텔,디그니티호텔,,,stay,숙박,38.10853,128.64053,30,,"호텔 · 영진항, 춘천막국수체험박물관 등을 찾은 여행자들이 함께 많이 머문 곳 (연관 19회)",,,,N,N,N,,N,Y,Y,,,,,,http://place.map.kakao.com/1932205091,강원특별자치도 양양군 양양읍 일출로 159-5 · 한국관광공사 연관 관광지(숙박) · 카카오 좌표,
rs55,nation,전국,여수,Yeosu,,라테라스리조트앤스파,라테라스리조트앤스파,,,stay,숙박,34.70873,127.75648,30,,"리조트·콘도 · 교동시장, 녹테마레 등을 찾은 여행자들이 함께 많이 머문 곳 (연관 19회)",,,,N,N,N,,N,Y,Y,,,,,,http://place.map.kakao.com/156660229,전남광주통합특별시 여수시 돌산읍 진모1길 29-12 · 한국관광공사 연관 관광지(숙박) · 카카오 좌표,
rs56,nation,전국,속초,Sokcho,,더블루테라호텔,더블루테라호텔,,,stay,숙박,38.18485,128.60147,30,,"호텔 · 국립산악박물관, 대포항 등을 찾은 여행자들이 함께 많이 머문 곳 (연관 18회)",,,,N,N,N,,N,Y,Y,,,,,,http://place.map.kakao.com/2019468275,강원특별자치도 속초시 동해대로 3920 · 한국관광공사 연관 관광지(숙박) · 카카오 좌표,
rs57,nation,전국,울진,Uljin,,덕구온천호텔,덕구온천호텔,,,stay,숙박,37.07875,129.28357,30,,"호텔 · 부석사, 구수곡자연휴양림 등을 찾은 여행자들이 함께 많이 머문 곳 (연관 18회)",,,,N,N,N,,N,Y,Y,,,,,,http://place.map.kakao.com/8888301,경북 울진군 북면 덕구온천로 924 · 한국관광공사 연관 관광지(숙박) · 카카오 좌표,
rs58,nation,전국,부여,Buyeo,,롯데리조트 부여,롯데리조트 부여,,,stay,숙박,36.30403,126.90083,30,,"리조트·콘도 · 구드래선착장, 국립부여박물관 등을 찾은 여행자들이 함께 많이 머문 곳 (연관 18회)",,,,N,N,N,부여군 관광단지 (2025 지정),N,Y,Y,,,,,,http://place.map.kakao.com/12552773,충남 부여군 규암면 백제문로 400 · 한국관광공사 연관 관광지(숙박) · 카카오 좌표,
rs59,nation,전국,서울,Seoul,,포시즌스 호텔 서울,포시즌스 호텔 서울,,,stay,숙박,37.57068,126.9754,30,,"호텔 · 영화사, 개운사 등을 찾은 여행자들이 함께 많이 머문 곳 (연관 18회)",,,,N,N,N,,N,Y,Y,,,,,,http://place.map.kakao.com/22959013,서울 종로구 새문안로 97 · 한국관광공사 연관 관광지(숙박) · 카카오 좌표,
rs60,nation,전국,경주,Gyeongju,,힐튼호텔 경주,힐튼호텔 경주,,,stay,숙박,35.83998,129.28576,30,,"호텔 · 경주엑스포대공원, 경주월드 등을 찾은 여행자들이 함께 많이 머문 곳 (연관 17회)",,,,N,N,N,경주시 관광단지 (2008 지정),N,Y,Y,,,,,,http://place.map.kakao.com/10180266,경북 경주시 보문로 484-7 · 한국관광공사 연관 관광지(숙박) · 카카오 좌표,
rs61,nation,전국,평창,Pyeongchang,,스테이1538 평창,스테이1538 평창,,,stay,숙박,37.66133,128.67197,30,,"숙소 · 무릉계곡, 등명해변 등을 찾은 여행자들이 함께 많이 머문 곳 (연관 17회)",,,,N,N,N,평창군 관광단지 (2022 지정),N,Y,Y,,,,,,http://place.map.kakao.com/1243373023,강원특별자치도 평창군 대관령면 솔봉로 357 · 한국관광공사 연관 관광지(숙박) · 카카오 좌표,
rs62,nation,전국,속초,Sokcho,,속초마리비스타호텔,속초마리비스타호텔,,,stay,숙박,38.18955,128.5938,30,,"호텔 · 대포항, 동명항 등을 찾은 여행자들이 함께 많이 머문 곳 (연관 17회)",,,,N,N,N,,N,Y,Y,,,,,,http://place.map.kakao.com/1938402724,강원특별자치도 속초시 동해대로 4027 · 한국관광공사 연관 관광지(숙박) · 카카오 좌표,
rs63,nation,전국,화순,Hwasun,,금호화순스파리조트,금호화순스파리조트,,,stay,숙박,35.16347,127.08384,30,,"리조트·콘도 · 여수세계박람회장/해양공원, 사직공원전망타워 등을 찾은 여행자들이 함께 많이 머문 곳 (연관 17회)",,,,N,N,N,화순군 관광지 (0000 지정),N,Y,Y,,,,,,http://place.map.kakao.com/25612833,전남광주통합특별시 화순군 백아면 옥리길 14-21 · 한국관광공사 연관 관광지(숙박) · 카카오 좌표,
rs64,nation,전국,정선,Jeongseon,,JS그랜드팰리스,JS그랜드팰리스,,,stay,숙박,37.22663,128.81242,30,,"호텔 · 고한야한구공탄시장, 메이힐스리조트 등을 찾은 여행자들이 함께 많이 머문 곳 (연관 17회)",,,,N,N,N,,N,Y,Y,,,,,,http://place.map.kakao.com/1334859359,강원특별자치도 정선군 사북읍 지장천로 583 · 한국관광공사 연관 관광지(숙박) · 카카오 좌표,
rs65,nation,전국,목포,Mokpo,,신안비치호텔,신안비치호텔,,新安ビーチホテル,stay,숙박,34.78551,126.36922,30,,"호텔 · 갓바위, 고하도선착장 등을 찾은 여행자들이 함께 많이 머문 곳 (연관 17회)",,,,N,N,N,,N,Y,Y,,,,,,http://place.map.kakao.com/7971416,전남광주통합특별시 목포시 해안로 2 · 한국관광공사 연관 관광지(숙박) · 카카오 좌표,
rs66,nation,전국,양평,Yangpyeong,,블룸비스타 호텔앤컨퍼런스,블룸비스타 호텔앤컨퍼런스,,,stay,숙박,37.50037,127.42192,30,,"호텔 · 경기도박물관, 강상체육공원 등을 찾은 여행자들이 함께 많이 머문 곳 (연관 17회)",,,,N,N,N,,N,Y,Y,,,,,,http://place.map.kakao.com/21573522,경기 양평군 강하면 강남로 316 · 한국관광공사 연관 관광지(숙박) · 카카오 좌표,
rs67,nation,전국,거제,Geoje,,호텔리베라 거제,호텔리베라 거제,,,stay,숙박,34.81138,128.70416,30,,"호텔 · 거제관광모노레일, 거제포로수용소유적공원 등을 찾은 여행자들이 함께 많이 머문 곳 (연관 16회)",,,,N,N,N,,N,Y,Y,,,,,,http://place.map.kakao.com/26552162,경남 거제시 일운면 거제대로 2190 · 한국관광공사 연관 관광지(숙박) · 카카오 좌표,
rs68,nation,전국,통영,Tongyeong,,클럽ES통영리조트,클럽ES통영리조트,,,stay,숙박,34.76514,128.40972,30,,"리조트·콘도 · 거제관광모노레일, 달아공원 등을 찾은 여행자들이 함께 많이 머문 곳 (연관 16회)",,,,N,N,N,,N,Y,Y,,,,,,http://place.map.kakao.com/1654151160,경남 통영시 산양읍 척포길 628-113 · 한국관광공사 연관 관광지(숙박) · 카카오 좌표,
rs69,nation,전국,속초,Sokcho,,썬라이즈호텔,썬라이즈호텔,,,stay,숙박,38.20178,128.58891,30,,"호텔 · 대포항, 등대해변 등을 찾은 여행자들이 함께 많이 머문 곳 (연관 16회)",,,,N,N,N,,N,Y,Y,,,,,,http://place.map.kakao.com/2124620638,강원특별자치도 속초시 청초호반로 291 · 한국관광공사 연관 관광지(숙박) · 카카오 좌표,
rs70,nation,전국,태백,Taebaek,,태백호텔,태백호텔,,,stay,숙박,37.13232,128.96021,30,,"호텔 · 메이힐스리조트, 병방치스카이워크 등을 찾은 여행자들이 함께 많이 머문 곳 (연관 16회)",,,,N,N,N,,N,Y,Y,,,,,,http://place.map.kakao.com/937275984,강원특별자치도 태백시 태백산로 4761 · 한국관광공사 연관 관광지(숙박) · 카카오 좌표,
rs71,nation,전국,제주,Jeju,,그랜드조선 제주,그랜드조선 제주,,,stay,숙박,33.25236,126.408,30,,"호텔 · 금능해수욕장, 김녕미로공원 등을 찾은 여행자들이 함께 많이 머문 곳 (연관 15회)",,,,N,N,N,서귀포시 관광단지 (2023 지정),N,Y,Y,,,,,,http://place.map.kakao.com/2102809860,제주특별자치도 서귀포시 중문관광로72번길 60 · 한국관광공사 연관 관광지(숙박) · 카카오 좌표,
rs72,nation,전국,강릉,Gangneung,,컨피네스 오션스위트,Chonpines Ocean Suite Hotel,Chonpines海景套房饭店,,stay,숙박,37.83659,128.87467,30,,"호텔 · 강릉솔향수목원, 강릉중앙시장 등을 찾은 여행자들이 함께 많이 머문 곳 (연관 15회)",,,,N,N,N,,N,Y,Y,,,,,,http://place.map.kakao.com/1662632917,강원특별자치도 강릉시 사천면 진리항구2길 5 · 한국관광공사 연관 관광지(숙박) · 카카오 좌표,
rs73,nation,전국,인천,Incheon,,강화씨사이드리조트,강화씨사이드리조트,,,stay,숙박,37.61715,126.49817,30,,"리조트·콘도 · 송월동동화마을, 강화고려궁지 등을 찾은 여행자들이 함께 많이 머문 곳 (연관 15회)",,,,N,N,N,강화군 관광단지 (2024 지정),N,Y,Y,,,,,,http://place.map.kakao.com/2059564776,인천 강화군 길상면 장흥로 217 · 한국관광공사 연관 관광지(숙박) · 카카오 좌표,
rs74,nation,전국,동해,Donghae,,동해오션시티레지던스호텔,동해오션시티레지던스호텔,,,stay,숙박,37.52084,129.11921,30,,"호텔 · 논골담길, 동쪽바다중앙시장 등을 찾은 여행자들이 함께 많이 머문 곳 (연관 14회)",,,,N,N,N,,N,Y,Y,,,,,,http://place.map.kakao.com/2086964508,강원특별자치도 동해시 한섬로 136-4 · 한국관광공사 연관 관광지(숙박) · 카카오 좌표,
rs75,nation,전국,정선,Jeongseon,,하이원리조트 마운틴콘도,하이원리조트 마운틴콘도,,,stay,숙박,37.20812,128.82597,30,,"리조트·콘도 · 고한야한구공탄시장, 메이힐스리조트 등을 찾은 여행자들이 함께 많이 머문 곳 (연관 14회)",,,,N,N,N,,N,Y,Y,,,,,,http://place.map.kakao.com/27211788,강원특별자치도 정선군 고한읍 하이원길 265-1 · 한국관광공사 연관 관광지(숙박) · 카카오 좌표,
rs76,nation,전국,여수,Yeosu,,여수벨메르,여수벨메르,,,stay,숙박,34.74277,127.67231,30,,"리조트·콘도 · 교동시장, 녹테마레 등을 찾은 여행자들이 함께 많이 머문 곳 (연관 14회)",,,,N,N,N,,N,Y,Y,,,,,,http://place.map.kakao.com/1815634017,전남광주통합특별시 여수시 웅천남4로 17 · 한국관광공사 연관 관광지(숙박) · 카카오 좌표,
rs77,nation,전국,부안,Buan,,모항해나루가족호텔,모항해나루가족호텔,,,stay,숙박,35.58097,126.5078,30,,"호텔 · 학원농장, 개암사 등을 찾은 여행자들이 함께 많이 머문 곳 (연관 14회)",,,,N,N,N,부안군 관광지 (2008 지정),N,Y,Y,,,,,,http://place.map.kakao.com/17596257,전북특별자치도 부안군 변산면 모항해변길 73 · 한국관광공사 연관 관광지(숙박) · 카카오 좌표,
rs78,nation,전국,안동,Andong,,스탠포드호텔 안동,스탠포드호텔 안동,,,stay,숙박,36.56848,128.50913,30,,"호텔 · 도산서원, 병산서원 등을 찾은 여행자들이 함께 많이 머문 곳 (연관 14회)",,,,N,N,N,,N,Y,Y,,,,,,http://place.map.kakao.com/708797081,경북 안동시 풍천면 도청대로 400 · 한국관광공사 연관 관광지(숙박) · 카카오 좌표,
rs79,nation,전국,사천,Sacheon,,사천아르떼리조트 풀빌라,사천아르떼리조트 풀빌라,,,stay,숙박,34.94927,128.0378,30,,"리조트·콘도 · 용문사, 용추사 등을 찾은 여행자들이 함께 많이 머문 곳 (연관 14회)",,,,N,N,N,사천시 관광지 (2020 지정),N,Y,Y,,,,,,http://place.map.kakao.com/479477266,경남 사천시 해안관광로 109-10 · 한국관광공사 연관 관광지(숙박) · 카카오 좌표,
rs80,nation,전국,서울,Seoul,,이비스 앰배서더 서울 인사동,이비스 앰배서더 서울 인사동,,,stay,숙박,37.57441,126.98939,30,,"호텔 · 양곡도매시장, 남산골한옥마을 등을 찾은 여행자들이 함께 많이 머문 곳 (연관 14회)",,,,N,N,N,,N,Y,Y,,,,,,http://place.map.kakao.com/21582653,서울 종로구 삼일대로30길 31 · 한국관광공사 연관 관광지(숙박) · 카카오 좌표,
rs81,nation,전국,단양,Danyang,,소노벨 단양,Sono Belle Danyang,SONO BELLE丹阳,SONO Belle丹陽,stay,숙박,36.97781,128.36412,30,,"리조트·콘도 · 중앙공원, 고수동굴 등을 찾은 여행자들이 함께 많이 머문 곳 (연관 13회)",,,,N,N,N,,N,Y,Y,,,,,,http://place.map.kakao.com/8300177,충북 단양군 단양읍 삼봉로 187-18 · 한국관광공사 연관 관광지(숙박) · 카카오 좌표,
rs82,nation,전국,양양,Yangyang,,설해원,Seolhaeone,雪海园,ソルヘウォン（雪海園）,stay,숙박,38.05352,128.66224,30,,"리조트·콘도 · 민둥산/증산초교지구, 낙산사 등을 찾은 여행자들이 함께 많이 머문 곳 (연관 13회)",,,,N,N,N,양양군 관광단지 (2020 지정),N,Y,Y,,,,,,http://place.map.kakao.com/816955367,강원특별자치도 양양군 손양면 공항로 230 · 한국관광공사 연관 관광지(숙박) · 카카오 좌표,
rs83,nation,전국,대전,Daejeon,,계룡스파텔,계룡스파텔,,,stay,숙박,36.35569,127.34832,30,,"호텔 · 대전근현대사전시관, 대전오월드 등을 찾은 여행자들이 함께 많이 머문 곳 (연관 13회)",,,,N,N,N,유성구 관광특구 (0000 지정),N,Y,Y,,,,,,http://place.map.kakao.com/25613422,대전 유성구 온천로 81 · 한국관광공사 연관 관광지(숙박) · 카카오 좌표,
rs84,nation,전국,속초,Sokcho,,속초마리나베이,Sokcho Marina,束草码头,束草マリーナ,stay,숙박,38.19074,128.592,30,,"호텔 · 대포항, 속초등대전망대 등을 찾은 여행자들이 함께 많이 머문 곳 (연관 13회)",,,,N,N,N,,N,Y,Y,,,,,,http://place.map.kakao.com/1815653016,강원특별자치도 속초시 청초호반로 28 · 한국관광공사 연관 관광지(숙박) · 카카오 좌표,
rs85,nation,전국,강릉,Gangneung,,씨마크호텔,씨마크호텔,,,stay,숙박,37.79715,128.91519,30,,"호텔 · 신흥사, 강남축구공원 등을 찾은 여행자들이 함께 많이 머문 곳 (연관 13회)",,,,N,N,N,,N,Y,Y,,,,,,http://place.map.kakao.com/26820360,강원특별자치도 강릉시 해안로406번길 2 · 한국관광공사 연관 관광지(숙박) · 카카오 좌표,
rs86,nation,전국,평창,Pyeongchang,,켄싱턴호텔 평창,켄싱턴호텔 평창,,ケンジントンホテル平昌,stay,숙박,37.68882,128.59762,30,,"호텔 · 대관령치유의숲, 국립한국자생식물원 등을 찾은 여행자들이 함께 많이 머문 곳 (연관 13회)",,,,N,N,N,,N,Y,Y,,,,,,http://place.map.kakao.com/1081781670,강원특별자치도 평창군 진부면 진고개로 231 · 한국관광공사 연관 관광지(숙박) · 카카오 좌표,
rs87,nation,전국,해남,Haenam,,해남126호텔,해남126호텔,,,stay,숙박,34.66642,126.25697,30,,"호텔 · 4est수목원, 대흥사 등을 찾은 여행자들이 함께 많이 머문 곳 (연관 13회)",,,,N,N,N,해남군 관광단지 (2012 지정),N,Y,Y,,,,,,http://place.map.kakao.com/1195640401,전남광주통합특별시 해남군 화원면 시아로 576-33 · 한국관광공사 연관 관광지(숙박) · 카카오 좌표,
rs88,nation,전국,목포,Mokpo,,목포오션호텔,목포오션호텔,,,stay,숙박,34.78834,126.39072,30,,"호텔 · 갓바위, 국립해양유산연구소 등을 찾은 여행자들이 함께 많이 머문 곳 (연관 13회)",,,,N,N,N,,N,Y,Y,,,,,,http://place.map.kakao.com/821637467,전남광주통합특별시 목포시 해안로279번길 3 · 한국관광공사 연관 관광지(숙박) · 카카오 좌표,
rs89,nation,전국,진주,Jinju,,골든튤립 호텔남강,골든튤립 호텔남강,,,stay,숙박,35.19162,128.08656,30,,"호텔 · 가호서원, 경상남도수목원 등을 찾은 여행자들이 함께 많이 머문 곳 (연관 13회)",,,,N,N,N,,N,Y,Y,,,,,,http://place.map.kakao.com/1670528574,경남 진주시 남강로673번길 16 · 한국관광공사 연관 관광지(숙박) · 카카오 좌표,
rs90,nation,전국,서울,Seoul,,JW 메리어트 호텔 서울,JW 메리어트 호텔 서울,,,stay,숙박,37.50404,127.00469,30,,"호텔 · 에스팩토리/B동, 여의도공원 등을 찾은 여행자들이 함께 많이 머문 곳 (연관 13회)",,,,N,N,N,,N,Y,Y,,,,,,http://place.map.kakao.com/195802694,서울 서초구 신반포로 176 · 한국관광공사 연관 관광지(숙박) · 카카오 좌표,
rs91,nation,전국,춘천,Chuncheon,,벨라스테이호텔 춘천,벨라스테이호텔 춘천,,,stay,숙박,37.88472,127.74985,30,,"호텔 · 강촌레일파크/경강역, 공지천유원지 등을 찾은 여행자들이 함께 많이 머문 곳 (연관 13회)",,,,N,N,N,,N,Y,Y,,,,,,http://place.map.kakao.com/1263325225,강원특별자치도 춘천시 춘천로 352 · 한국관광공사 연관 관광지(숙박) · 카카오 좌표,
rs92,nation,전국,제주,Jeju,,소노캄 제주,Sono Calm Jeju,SONO CALM济州,SONO Calm済州,stay,숙박,33.30553,126.79208,30,,"리조트·콘도 · 메이즈랜드, 송당승마장 등을 찾은 여행자들이 함께 많이 머문 곳 (연관 13회)",,,,N,N,N,서귀포시 관광지 (2020 지정),N,Y,Y,,,,,,http://place.map.kakao.com/8656377,제주특별자치도 서귀포시 표선면 일주동로 6347-17 · 한국관광공사 연관 관광지(숙박) · 카카오 좌표,
rs93,nation,전국,부산,Busan,,해운대센텀호텔,해운대센텀호텔,,,stay,숙박,35.1678,129.13283,30,,"호텔 · 당감시장, 선암사 등을 찾은 여행자들이 함께 많이 머문 곳 (연관 13회)",,,,N,N,N,,N,Y,Y,,,,,,http://place.map.kakao.com/8149129,부산 해운대구 센텀3로 20 · 한국관광공사 연관 관광지(숙박) · 카카오 좌표,
rs94,nation,전국,부산,Busan,,시그니엘 부산,시그니엘 부산,,,stay,숙박,35.16029,129.16922,30,,"호텔 · 양정시장, 한국신발관 등을 찾은 여행자들이 함께 많이 머문 곳 (연관 13회)",,,,N,N,N,,N,Y,Y,,,,,,http://place.map.kakao.com/327520717,부산 해운대구 달맞이길 30 · 한국관광공사 연관 관광지(숙박) · 카카오 좌표,
rs95,nation,전국,동해,Donghae,,망상오토캠핑리조트,망상오토캠핑리조트,,,stay,숙박,37.60042,129.07846,30,,"캠핑장 · 동쪽바다중앙시장, 동해도째비골스카이밸리 등을 찾은 여행자들이 함께 많이 머문 곳 (연관 12회)",,,,N,N,N,동해시 관광지 (2019 지정),N,Y,Y,,,,,,http://place.map.kakao.com/816303389,강원특별자치도 동해시 동해대로 6370 · 한국관광공사 연관 관광지(숙박) · 카카오 좌표,
rs96,nation,전국,양양,Yangyang,,센텀마크호텔 양양,센텀마크호텔 양양,,,stay,숙박,38.07903,128.61521,30,,"호텔 · 월화거리, 광진해변 등을 찾은 여행자들이 함께 많이 머문 곳 (연관 12회)",,,,N,N,N,,N,Y,Y,,,,,,http://place.map.kakao.com/512761708,강원특별자치도 양양군 양양읍 한고개길 9 · 한국관광공사 연관 관광지(숙박) · 카카오 좌표,
rs97,nation,전국,김해,Gimhae,,롯데호텔앤리조트 김해,롯데호텔앤리조트 김해,,,stay,숙박,35.18106,128.82562,30,,"리조트·콘도 · 능포항, 가야랜드엔젤파크 등을 찾은 여행자들이 함께 많이 머문 곳 (연관 12회)",,,,N,N,N,,N,Y,Y,,,,,,http://place.map.kakao.com/945755656,경남 김해시 장유로 505 · 한국관광공사 연관 관광지(숙박) · 카카오 좌표,
rs98,nation,전국,부산,Busan,,해운대부민병원,해운대부민병원,,,stay,숙박,35.16142,129.15565,30,,"호텔 · 국회의사당/국회박물관, 가리봉시장 등을 찾은 여행자들이 함께 많이 머문 곳 (연관 12회)",,,,N,N,N,,N,Y,Y,,,,,,http://place.map.kakao.com/26885380,부산 해운대구 해운대로 584 · 한국관광공사 연관 관광지(숙박) · 카카오 좌표,
rs99,nation,전국,천안,Cheonan,,소노벨 천안,Sono Belle,SONO Belle天安,SONO Belle天安,stay,숙박,36.7574,127.22408,30,,"리조트·콘도 · 각원사, 독립기념관 등을 찾은 여행자들이 함께 많이 머문 곳 (연관 12회)",,,,N,N,N,천안시 관광지 (0000 지정),N,Y,Y,,,,,,http://place.map.kakao.com/1758176279,충남 천안시 동남구 성남면 소노로 1 · 한국관광공사 연관 관광지(숙박) · 카카오 좌표,
rs100,nation,전국,하동,Hadong,,하동야생차박물관,Hadong Tea Museum,河东野生茶博物馆,河東野生茶博物館,stay,숙박,35.22774,127.64271,30,,"리조트·콘도 · 촉석루, 삼천포대교공원 등을 찾은 여행자들이 함께 많이 머문 곳 (연관 12회)",,,,N,N,N,,N,Y,Y,,,,,,http://place.map.kakao.com/1713811912,경남 하동군 화개면 쌍계로 571-25 · 한국관광공사 연관 관광지(숙박) · 카카오 좌표,
rs101,nation,전국,제주,Jeju,,더포그레이스호텔앤리조트,더포그레이스호텔앤리조트,,,stay,숙박,33.47366,126.91043,30,,"리조트·콘도 · 메이즈랜드, 선녀와나무꾼테마공원 등을 찾은 여행자들이 함께 많이 머문 곳 (연관 12회)",,,,N,N,N,,N,Y,Y,,,,,,http://place.map.kakao.com/515269451,제주특별자치도 서귀포시 성산읍 해맞이해안로 2670 · 한국관광공사 연관 관광지(숙박) · 카카오 좌표,
rs102,nation,전국,서울,Seoul,,스위스 그랜드 호텔,스위스 그랜드 호텔,,,stay,숙박,37.58882,126.93413,30,,"호텔 · 달맞이근린공원, 강서농산물도매시장 등을 찾은 여행자들이 함께 많이 머문 곳 (연관 12회)",,,,N,N,N,,N,Y,Y,,,,,,http://place.map.kakao.com/1610123513,서울 서대문구 연희로 353 · 한국관광공사 연관 관광지(숙박) · 카카오 좌표,
rs103,nation,전국,서울,Seoul,,해밀톤호텔,해밀톤호텔,,,stay,숙박,37.53482,126.99356,30,,"호텔 · 이랜드크루즈, 서래마을 등을 찾은 여행자들이 함께 많이 머문 곳 (연관 12회)",,,,N,N,N,,N,Y,Y,,,,,,http://place.map.kakao.com/14560349,서울 용산구 이태원로 179 · 한국관광공사 연관 관광지(숙박) · 카카오 좌표,
rs104,nation,전국,경주,Gyeongju,,코모도호텔 경주,코모도호텔 경주,,,stay,숙박,35.84432,129.28533,30,,"호텔 · 강동워터파크, 경주시 교동 교촌한옥마을 등을 찾은 여행자들이 함께 많이 머문 곳 (연관 11회)",,,,N,N,N,경주시 관광단지 (2008 지정),N,Y,Y,,,,,,http://place.map.kakao.com/8104598,경북 경주시 보문로 422 · 한국관광공사 연관 관광지(숙박) · 카카오 좌표,
rs105,nation,전국,동해,Donghae,,동해현진관광호텔,동해현진관광호텔,,,stay,숙박,37.51942,129.11791,30,,"호텔 · 노봉해변, 논골담길 등을 찾은 여행자들이 함께 많이 머문 곳 (연관 11회)",,,,N,N,N,,N,Y,Y,,,,,,http://place.map.kakao.com/23608452,강원특별자치도 동해시 동굴로 125-3 · 한국관광공사 연관 관광지(숙박) · 카카오 좌표,
rs106,nation,전국,강릉,Gangneung,,호텔위더스,호텔위더스,,,stay,숙박,37.68253,129.04246,30,,"숙소 · 무릉계곡, 묵호항 등을 찾은 여행자들이 함께 많이 머문 곳 (연관 11회)",,,,N,N,N,,N,Y,Y,,,,,,http://place.map.kakao.com/785084679,강원특별자치도 강릉시 강동면 헌화로 920-16 · 한국관광공사 연관 관광지(숙박) · 카카오 좌표,
rs107,nation,전국,통영,Tongyeong,,한산호텔,한산호텔,,,stay,숙박,34.83968,128.42213,30,,"호텔 · 달아공원, 덕동해수욕장 등을 찾은 여행자들이 함께 많이 머문 곳 (연관 11회)",,,,N,N,N,,N,Y,Y,,,,,,http://place.map.kakao.com/9581702,경남 통영시 통영해안로 247 · 한국관광공사 연관 관광지(숙박) · 카카오 좌표,
rs108,nation,전국,여주,Yeoju,,썬밸리호텔,썬밸리호텔,,,stay,숙박,37.29313,127.66105,30,,"호텔 · 금은모래강변공원, 명성황후생가 등을 찾은 여행자들이 함께 많이 머문 곳 (연관 11회)",,,,N,N,N,여주시 관광지 (2020 지정),N,Y,Y,,,,,,http://place.map.kakao.com/24063025,경기 여주시 강변유원지길 45 · 한국관광공사 연관 관광지(숙박) · 카카오 좌표,
rs109,nation,전국,해남,Haenam,,호텔써던힐,호텔써던힐,,,stay,숙박,34.56803,126.60851,30,,"호텔 · 4est수목원, 고산윤선도유적지 등을 찾은 여행자들이 함께 많이 머문 곳 (연관 11회)",,,,N,N,N,,N,Y,Y,,,,,,http://place.map.kakao.com/1533486218,전남광주통합특별시 해남군 해남읍 교육청길 38 · 한국관광공사 연관 관광지(숙박) · 카카오 좌표,
rs110,nation,전국,보성,Boseong,,춘운서옥,춘운서옥,,,stay,숙박,34.77459,127.08278,30,,"숙소 · 남산공원, 쌍봉사 등을 찾은 여행자들이 함께 많이 머문 곳 (연관 11회)",,,,N,N,N,,N,Y,Y,,,,,,http://place.map.kakao.com/1101847503,전남광주통합특별시 보성군 보성읍 송재로 211-9 · 한국관광공사 연관 관광지(숙박) · 카카오 좌표,
rs111,nation,전국,창원,Changwon,,그랜드머큐어앰배서더 창원 창원호텔,그랜드머큐어앰배서더 창원 창원호텔,,,stay,숙박,35.23929,128.65529,30,,"호텔 · 박경리기념관, 광암해수욕장 등을 찾은 여행자들이 함께 많이 머문 곳 (연관 11회)",,,,N,N,N,,N,Y,Y,,,,,,http://place.map.kakao.com/192285768,경남 창원시 성산구 원이대로 332 · 한국관광공사 연관 관광지(숙박) · 카카오 좌표,
rs112,nation,전국,군산,Gunsan,,라마다바이윈덤 군산,라마다바이윈덤 군산,,,stay,숙박,35.95885,126.68992,30,,"호텔 · 군산근대역사박물관, 군산신흥동일본식가옥 등을 찾은 여행자들이 함께 많이 머문 곳 (연관 11회)",,,,N,N,N,,N,Y,Y,,,,,,http://place.map.kakao.com/27281784,전북특별자치도 군산시 대학로 400 · 한국관광공사 연관 관광지(숙박) · 카카오 좌표,
rs113,nation,전국,울진,Uljin,,덕구온천콘도,덕구온천콘도,,,stay,숙박,37.07866,129.28094,30,,"리조트·콘도 · 구산해수욕장, 구수곡자연휴양림 등을 찾은 여행자들이 함께 많이 머문 곳 (연관 11회)",,,,N,N,N,,N,Y,Y,,,,,,http://place.map.kakao.com/1789492060,경북 울진군 북면 덕구온천로 921 · 한국관광공사 연관 관광지(숙박) · 카카오 좌표,
rs114,nation,전국,서울,Seoul,,콘래드 서울,Conrad Seoul,,,stay,숙박,37.52542,126.92674,30,,"호텔 · 여의도공원, 여의도한강공원 등을 찾은 여행자들이 함께 많이 머문 곳 (연관 11회)",,,,N,N,N,,N,Y,Y,,,,,,http://place.map.kakao.com/18206183,서울 영등포구 국제금융로 10 · 한국관광공사 연관 관광지(숙박) · 카카오 좌표,
rs115,nation,전국,제주,Jeju,,켄싱턴리조트 서귀포,켄싱턴리조트 서귀포,,,stay,숙박,33.23378,126.48907,30,,"리조트·콘도 · 새별오름, 강정천 등을 찾은 여행자들이 함께 많이 머문 곳 (연관 11회)",,,,N,N,N,,N,Y,Y,,,,,,http://place.map.kakao.com/24572915,제주특별자치도 서귀포시 이어도로 684 · 한국관광공사 연관 관광지(숙박) · 카카오 좌표,
rs116,nation,전국,제주,Jeju,,더베스트 제주 성산 호텔,더베스트 제주 성산 호텔,,,stay,숙박,33.44977,126.917,30,,"호텔 · 만장굴, 산호해수욕장 등을 찾은 여행자들이 함께 많이 머문 곳 (연관 11회)",,,,N,N,N,,N,Y,Y,,,,,,http://place.map.kakao.com/1303223319,제주특별자치도 서귀포시 성산읍 동류암로 26 · 한국관광공사 연관 관광지(숙박) · 카카오 좌표,
rs117,nation,전국,제주,Jeju,,한화리조트 제주,한화리조트 제주,,,stay,숙박,33.449,126.63736,30,,"리조트·콘도 · 관음사, 교래자연휴양림 등을 찾은 여행자들이 함께 많이 머문 곳 (연관 11회)",,,,N,N,N,제주시 관광지 (2008 지정),N,Y,Y,,,,,,http://place.map.kakao.com/8016361,제주특별자치도 제주시 명림로 575-107 · 한국관광공사 연관 관광지(숙박) · 카카오 좌표,
rs118,nation,전국,경주,Gyeongju,,더케이호텔 경주,더케이호텔 경주,,,stay,숙박,35.83752,129.29203,30,,"호텔 · 강동워터파크, 경주김유신장군묘 등을 찾은 여행자들이 함께 많이 머문 곳 (연관 10회)",,,,N,N,N,경주시 관광단지 (2008 지정),N,Y,Y,,,,,,http://place.map.kakao.com/12487084,경북 경주시 엑스포로 45 · 한국관광공사 연관 관광지(숙박) · 카카오 좌표,
rs119,nation,전국,정선,Jeongseon,,정선랜드,정선랜드,,,stay,숙박,37.20597,128.81397,30,,"리조트·콘도 · 고한야한구공탄시장, 병방치스카이워크 등을 찾은 여행자들이 함께 많이 머문 곳 (연관 10회)",,,,N,N,N,,N,Y,Y,,,,,,http://place.map.kakao.com/1102508738,강원특별자치도 정선군 사북읍 하이원길 202 · 한국관광공사 연관 관광지(숙박) · 카카오 좌표,
rs120,nation,전국,통영,Tongyeong,,포르투나호텔,포르투나호텔,,,stay,숙박,34.83295,128.414,30,,"호텔 · 사곡해수욕장, 강구안 등을 찾은 여행자들이 함께 많이 머문 곳 (연관 10회)",,,,N,N,N,,N,Y,Y,,,,,,http://place.map.kakao.com/657248570,경남 통영시 미수해안로 152 · 한국관광공사 연관 관광지(숙박) · 카카오 좌표,
rs121,nation,전국,대전,Daejeon,,롯데시티호텔 대전,롯데시티호텔 대전,,,stay,숙박,36.37619,127.39303,30,,"호텔 · 대전곤충생태관, 둔산선사유적지 등을 찾은 여행자들이 함께 많이 머문 곳 (연관 10회)",,,,N,N,N,유성구 관광특구 (0000 지정),N,Y,Y,,,,,,http://place.map.kakao.com/23700427,대전 유성구 엑스포로123번길 33 · 한국관광공사 연관 관광지(숙박) · 카카오 좌표,
rs122,nation,전국,동해,Donghae,,뉴동해관광호텔,뉴동해관광호텔,,,stay,숙박,37.52661,129.10308,30,,"호텔 · 노봉해변, 논골담길 등을 찾은 여행자들이 함께 많이 머문 곳 (연관 10회)",,,,N,N,N,,N,Y,Y,,,,,,http://place.map.kakao.com/8222678,강원특별자치도 동해시 평릉길 1 · 한국관광공사 연관 관광지(숙박) · 카카오 좌표,
rs123,nation,전국,전주,Jeonju,,신라스테이 전주,신라스테이 전주,,,stay,숙박,35.81969,127.14854,30,,"호텔 · 국립전주박물관, 전주자연생태관 등을 찾은 여행자들이 함께 많이 머문 곳 (연관 10회)",,,,N,N,N,,N,Y,Y,,,,,,http://place.map.kakao.com/561635019,전북특별자치도 전주시 완산구 현무1길 10 · 한국관광공사 연관 관광지(숙박) · 카카오 좌표,
rs124,nation,전국,태백,Taebaek,,오투리조트 타워콘도,오투리조트 타워콘도,,,stay,숙박,37.17077,128.9482,30,,"리조트·콘도 · 정암사, 365세이프타운 등을 찾은 여행자들이 함께 많이 머문 곳 (연관 10회)",,,,N,N,N,,N,Y,Y,,,,,,http://place.map.kakao.com/27287627,강원특별자치도 태백시 서학로 861 · 한국관광공사 연관 관광지(숙박) · 카카오 좌표,
rs125,nation,전국,순천,Suncheon,,호텔라움,호텔라움,,,stay,숙박,34.94091,127.5084,30,,"호텔 · 장등해변, 선암사 등을 찾은 여행자들이 함께 많이 머문 곳 (연관 10회)",,,,N,N,N,,N,Y,Y,,,,,,http://place.map.kakao.com/1665306634,전남광주통합특별시 순천시 하풍동길 1-1 · 한국관광공사 연관 관광지(숙박) · 카카오 좌표,
rs126,nation,전국,목포,Mokpo,,이음호텔 목포평화광장점,이음호텔 목포평화광장점,,,stay,숙박,34.80435,126.42936,30,,"호텔 · 갓바위, 김대중노벨평화상기념관 등을 찾은 여행자들이 함께 많이 머문 곳 (연관 10회)",,,,N,N,N,,N,Y,Y,,,,,,http://place.map.kakao.com/683698884,전남광주통합특별시 목포시 장미로 79 · 한국관광공사 연관 관광지(숙박) · 카카오 좌표,
rs127,nation,전국,부안,Buan,,태왕리조트,태왕리조트,,,stay,숙박,35.60789,126.46621,30,,"리조트·콘도 · 동학농민혁명기념관, 격포해수욕장 등을 찾은 여행자들이 함께 많이 머문 곳 (연관 10회)",,,,N,N,N,,N,Y,Y,,,,,,http://place.map.kakao.com/370451692,전북특별자치도 부안군 변산면 궁항영상길 68 · 한국관광공사 연관 관광지(숙박) · 카카오 좌표,
rs128,nation,전국,제천,Jecheon,,클럽이에스 제천리조트,클럽이에스 제천리조트,,,stay,숙박,36.99035,128.19511,30,,"리조트·콘도 · 충주호유람선장회나루선착장, 배론성지 등을 찾은 여행자들이 함께 많이 머문 곳 (연관 10회)",,,,N,N,N,제천시 관광지 (0000 지정),N,Y,Y,,,,,,http://place.map.kakao.com/8101660,충북 제천시 수산면 옥순봉로 1248 · 한국관광공사 연관 관광지(숙박) · 카카오 좌표,
rs129,nation,전국,군산,Gunsan,,에이본호텔 군산,에이본호텔 군산,,,stay,숙박,35.97635,126.72446,30,,"호텔 · 군산근대역사박물관, 군산신흥동일본식가옥 등을 찾은 여행자들이 함께 많이 머문 곳 (연관 10회)",,,,N,N,N,,N,Y,Y,,,,,,http://place.map.kakao.com/720422436,전북특별자치도 군산시 해망로 10 · 한국관광공사 연관 관광지(숙박) · 카카오 좌표,
rs130,nation,전국,포천,Pocheon,,한화리조트 산정호수,한화리조트 산정호수,,,stay,숙박,38.0662,127.31396,30,,"리조트·콘도 · 마이애니멀스토리in평강랜드, 백운계곡 등을 찾은 여행자들이 함께 많이 머문 곳 (연관 10회)",,,,N,N,N,포천시 관광지 (0000 지정),N,Y,Y,,,,,,http://place.map.kakao.com/19337494,경기 포천시 영북면 산정호수로 402 · 한국관광공사 연관 관광지(숙박) · 카카오 좌표,
rs131,nation,전국,가평,Gapyeong,,켄싱턴리조트 가평,켄싱턴리조트 가평,,,stay,숙박,37.75972,127.3956,30,,"리조트·콘도 · 강촌레일파크/가평역, 백련사 등을 찾은 여행자들이 함께 많이 머문 곳 (연관 10회)",,,,N,N,N,,N,Y,Y,,,,,,http://place.map.kakao.com/13122738,경기 가평군 상면 청군로 430 · 한국관광공사 연관 관광지(숙박) · 카카오 좌표,
rs132,nation,전국,서울,Seoul,,롯데호텔 월드,롯데호텔 월드,,ロッテホテルワールド,stay,숙박,37.51147,127.10034,30,,"호텔 · 롯데월드아쿠아리움, 송파책박물관 등을 찾은 여행자들이 함께 많이 머문 곳 (연관 10회)",,,,N,N,N,,N,Y,Y,,,,,,http://place.map.kakao.com/7855910,서울 송파구 올림픽로 240 · 한국관광공사 연관 관광지(숙박) · 카카오 좌표,
rs133,nation,전국,영덕,Yeongdeok,,고래불국민야영장,고래불국민야영장,,,stay,숙박,36.57152,129.41901,30,,"캠핑장 · 월송정, 후포해수욕장 등을 찾은 여행자들이 함께 많이 머문 곳 (연관 10회)",,,,N,N,N,영덕군 관광지 (2024 지정),N,Y,Y,,,,,,http://place.map.kakao.com/2027075590,경북 영덕군 병곡면 고래불로 68 · 한국관광공사 연관 관광지(숙박) · 카카오 좌표,
rs134,nation,전국,부산,Busan,,롯데호텔 부산,LOTTE Hotel Busan,乐天酒店釜山店,,stay,숙박,35.15679,129.05642,30,,"호텔 · 선암사, 아미산전망대 등을 찾은 여행자들이 함께 많이 머문 곳 (연관 10회)",,,,N,N,N,,N,Y,Y,,,,,,http://place.map.kakao.com/7862727,부산 부산진구 가야대로 772 · 한국관광공사 연관 관광지(숙박) · 카카오 좌표,
rs135,nation,전국,영월,Yeongwol,,어라연 별관,어라연 별관,,,stay,숙박,37.18031,128.46447,30,,"호텔 · 고씨동굴, 김삿갓문학관 등을 찾은 여행자들이 함께 많이 머문 곳 (연관 10회)",,,,N,N,N,,N,Y,Y,,,,,,http://place.map.kakao.com/951928213,강원특별자치도 영월군 영월읍 은행나무4길 20-3 · 한국관광공사 연관 관광지(숙박) · 카카오 좌표,
rs136,nation,전국,제주,Jeju,,파르나스호텔 제주,파르나스호텔 제주,,,stay,숙박,33.24459,126.40576,30,,"호텔 · 9.81파크, 스누피가든 등을 찾은 여행자들이 함께 많이 머문 곳 (연관 10회)",,,,N,N,N,서귀포시 관광단지 (2023 지정),N,Y,Y,,,,,,http://place.map.kakao.com/1633038054,제주특별자치도 서귀포시 중문관광로72번길 100 · 한국관광공사 연관 관광지(숙박) · 카카오 좌표,
rs137,nation,전국,부산,Busan,,신라스테이 서부산,신라스테이 서부산,,,stay,숙박,35.09668,128.90515,30,,"호텔 · 부산어린이대공원, 다대포해수욕장 등을 찾은 여행자들이 함께 많이 머문 곳 (연관 10회)",,,,N,N,N,,N,Y,Y,,,,,,http://place.map.kakao.com/1483855757,부산 강서구 명지국제7로 38 · 한국관광공사 연관 관광지(숙박) · 카카오 좌표,
rs138,nation,전국,정선,Jeongseon,,하이원리조트 밸리콘도,High1 Wellness,海云（High1）度假村,ハイワンリゾート,stay,숙박,37.20539,128.84031,30,,"리조트·콘도 · 고한야한구공탄시장, 메이힐스리조트 등을 찾은 여행자들이 함께 많이 머문 곳 (연관 9회)",,,,N,N,N,,N,Y,Y,,,,,,http://place.map.kakao.com/8129931,강원특별자치도 정선군 고한읍 하이원길 500 · 한국관광공사 연관 관광지(숙박) · 카카오 좌표,
rs139,nation,전국,정선,Jeongseon,,파크로쉬리조트앤웰니스,Park Roche Resort & Wellness,Park Roche健康度假村,パークロッシュリゾート&ウェルネス,stay,숙박,37.47474,128.61113,30,,"리조트·콘도 · 가리왕산자연휴양림, 몰운대 등을 찾은 여행자들이 함께 많이 머문 곳 (연관 9회)",,,,N,N,N,,N,Y,Y,,,,,,http://place.map.kakao.com/83136700,강원특별자치도 정선군 북평면 중봉길 9-12 · 한국관광공사 연관 관광지(숙박) · 카카오 좌표,
rs140,nation,전국,정선,Jeongseon,,파인포레스트 정선알파인리조트,파인포레스트 정선알파인리조트,,,stay,숙박,37.47563,128.6124,30,,"리조트·콘도 · 가리왕산자연휴양림, 몰운대 등을 찾은 여행자들이 함께 많이 머문 곳 (연관 9회)",,,,N,N,N,,N,Y,Y,,,,,,http://place.map.kakao.com/1672074905,강원특별자치도 정선군 북평면 중봉길 23 · 한국관광공사 연관 관광지(숙박) · 카카오 좌표,
rs141,nation,전국,대전,Daejeon,,라마다바이윈덤 대전,라마다바이윈덤 대전,,,stay,숙박,36.35318,127.3447,30,,"호텔 · 대전곤충생태관, 대전오월드 등을 찾은 여행자들이 함께 많이 머문 곳 (연관 9회)",,,,N,N,N,유성구 관광특구 (0000 지정),N,Y,Y,,,,,,http://place.map.kakao.com/538864273,대전 유성구 계룡로 127 · 한국관광공사 연관 관광지(숙박) · 카카오 좌표,
rs142,nation,전국,통영,Tongyeong,,통영관광호텔,통영관광호텔,,,stay,숙박,34.84604,128.43037,30,,"호텔 · 나폴리농원, 서피랑공원 등을 찾은 여행자들이 함께 많이 머문 곳 (연관 9회)",,,,N,N,N,,N,Y,Y,,,,,,http://place.map.kakao.com/11223563,경남 통영시 항북길 12-9 · 한국관광공사 연관 관광지(숙박) · 카카오 좌표,
rs143,nation,전국,춘천,Chuncheon,,에스턴호텔 춘천,에스턴호텔 춘천,,,stay,숙박,37.87376,127.71413,30,,"호텔 · 공지천유원지, 국립춘천박물관/본관 등을 찾은 여행자들이 함께 많이 머문 곳 (연관 9회)",,,,N,N,N,,N,Y,Y,,,,,,http://place.map.kakao.com/1552678507,강원특별자치도 춘천시 중앙로 193 · 한국관광공사 연관 관광지(숙박) · 카카오 좌표,
rs144,nation,전국,창원,Changwon,,토요코인호텔 창원점,토요코인호텔 창원점,,,stay,숙박,35.22328,128.67889,30,,"호텔 · 삼포항, 마산어시장 등을 찾은 여행자들이 함께 많이 머문 곳 (연관 9회)",,,,N,N,N,,N,Y,Y,,,,,,http://place.map.kakao.com/615253570,경남 창원시 성산구 중앙대로 93 · 한국관광공사 연관 관광지(숙박) · 카카오 좌표,
rs145,nation,전국,보령,Boryeong,,환상의바다리조트,환상의바다리조트,,,stay,숙박,36.32379,126.50721,30,,"리조트·콘도 · 샛별해수욕장, 냉풍욕장 등을 찾은 여행자들이 함께 많이 머문 곳 (연관 9회)",,,,N,N,N,,N,Y,Y,,,,,,http://place.map.kakao.com/9631724,충남 보령시 대천항1길 67-5 · 한국관광공사 연관 관광지(숙박) · 카카오 좌표,
rs146,nation,전국,서울,Seoul,,호텔 베르누이 서울,호텔 베르누이 서울,,,stay,숙박,37.49744,126.84597,30,,"호텔 · 금남시장, 이랜드크루즈 등을 찾은 여행자들이 함께 많이 머문 곳 (연관 9회)",,,,N,N,N,,N,Y,Y,,,,,,http://place.map.kakao.com/1293765275,서울 구로구 경인로 229 · 한국관광공사 연관 관광지(숙박) · 카카오 좌표,
rs147,nation,전국,울진,Uljin,,라벨르호텔앤스파,라벨르호텔앤스파,,,stay,숙박,36.98402,129.39804,30,,"호텔 · 구산해수욕장, 기성망양해수욕장 등을 찾은 여행자들이 함께 많이 머문 곳 (연관 9회)",,,,N,N,N,,N,Y,Y,,,,,,http://place.map.kakao.com/666419064,경북 울진군 울진읍 월변9길 17 · 한국관광공사 연관 관광지(숙박) · 카카오 좌표,
rs148,nation,전국,서울,Seoul,,켄싱턴호텔 여의도,켄싱턴호텔 여의도,,ケンジントンホテル汝矣島（旧レキシントンホテル）,stay,숙박,37.53026,126.92193,30,,"호텔 · 국회의사당/국회박물관, 여의도한강공원 등을 찾은 여행자들이 함께 많이 머문 곳 (연관 9회)",,,,N,N,N,,N,Y,Y,,,,,,http://place.map.kakao.com/328946161,서울 영등포구 국회대로76길 16 · 한국관광공사 연관 관광지(숙박) · 카카오 좌표,
rs149,nation,전국,서울,Seoul,,시그니엘 서울,시그니엘 서울,,,stay,숙박,37.51245,127.10287,30,,"호텔 · 보광사, 뚝섬한강공원 등을 찾은 여행자들이 함께 많이 머문 곳 (연관 9회)",,,,N,N,N,,N,Y,Y,,,,,,http://place.map.kakao.com/460943581,서울 송파구 올림픽로 300 · 한국관광공사 연관 관광지(숙박) · 카카오 좌표,
rs150,nation,전국,서울,Seoul,,서울올림픽파크텔,서울올림픽파크텔,,,stay,숙박,37.52233,127.11655,30,,"호텔 · 정릉시장, 롯데월드아쿠아리움 등을 찾은 여행자들이 함께 많이 머문 곳 (연관 9회)",,,,N,N,N,,N,Y,Y,,,,,,http://place.map.kakao.com/17806940,서울 송파구 올림픽로 448 · 한국관광공사 연관 관광지(숙박) · 카카오 좌표,
rs151,nation,전국,제주,Jeju,,성산마리나호텔,성산마리나호텔,,,stay,숙박,33.4521,126.91453,30,,"호텔 · 세화해수욕장, 스누피가든 등을 찾은 여행자들이 함께 많이 머문 곳 (연관 9회)",,,,N,N,N,,N,Y,Y,,,,,,http://place.map.kakao.com/2142771535,제주특별자치도 서귀포시 성산읍 고성오조로 94 · 한국관광공사 연관 관광지(숙박) · 카카오 좌표,
rs152,nation,전국,서울,Seoul,,이비스 스타일 앰배서더 서울 용산,이비스 스타일 앰배서더 서울 용산,,,stay,숙박,37.53208,126.96176,30,,"호텔 · 여의도공원, 고척근린공원 등을 찾은 여행자들이 함께 많이 머문 곳 (연관 9회)",,,,N,N,N,,N,Y,Y,,,,,,http://place.map.kakao.com/1694378303,서울 용산구 청파로20길 95 · 한국관광공사 연관 관광지(숙박) · 카카오 좌표,
rs153,nation,전국,제주,Jeju,,서귀포KAL호텔,서귀포KAL호텔,,,stay,숙박,33.24648,126.58176,30,,"호텔 · 수월봉, 5.16도로숲터널 등을 찾은 여행자들이 함께 많이 머문 곳 (연관 9회)",,,,N,N,N,,N,Y,Y,,,,,,http://place.map.kakao.com/10500084,제주특별자치도 서귀포시 칠십리로 242 · 한국관광공사 연관 관광지(숙박) · 카카오 좌표,
rs154,nation,전국,서울,Seoul,,웨스틴 서울 파르나스,웨스틴 서울 파르나스,,,stay,숙박,37.51277,127.05729,30,,"호텔 · 이랜드크루즈, 보문사 등을 찾은 여행자들이 함께 많이 머문 곳 (연관 9회)",,,,N,N,N,,N,Y,Y,,,,,,http://place.map.kakao.com/89757736,서울 강남구 봉은사로 524 · 한국관광공사 연관 관광지(숙박) · 카카오 좌표,
rs155,nation,전국,대전,Daejeon,,호텔인터시티,호텔인터시티,,,stay,숙박,36.3543,127.34787,30,,"호텔 · 둔산선사유적지, 대전오월드 등을 찾은 여행자들이 함께 많이 머문 곳 (연관 8회)",,,,N,N,N,유성구 관광특구 (0000 지정),N,Y,Y,,,,,,http://place.map.kakao.com/7967564,대전 유성구 온천로 92 · 한국관광공사 연관 관광지(숙박) · 카카오 좌표,
rs156,nation,전국,강릉,Gangneung,,연곡해변 솔향기 캠핑장,연곡해변 솔향기 캠핑장,,,stay,숙박,37.85893,128.85329,30,,"캠핑장 · 강릉항, 경포호 등을 찾은 여행자들이 함께 많이 머문 곳 (연관 8회)",,,,N,N,N,강릉시 관광지 (2026 지정),N,Y,Y,,,,,,http://place.map.kakao.com/24925337,강원특별자치도 강릉시 연곡면 해안로 1282 · 한국관광공사 연관 관광지(숙박) · 카카오 좌표,
rs157,nation,전국,대전,Daejeon,,호텔오노마 대전 오토그래프컬렉션,호텔오노마 대전 오토그래프컬렉션,,,stay,숙박,36.37497,127.38339,30,,"호텔 · 대전곤충생태관, 한밭수목원 등을 찾은 여행자들이 함께 많이 머문 곳 (연관 8회)",,,,N,N,N,유성구 관광특구 (0000 지정),N,Y,Y,,,,,,http://place.map.kakao.com/31629985,대전 유성구 엑스포로 1 · 한국관광공사 연관 관광지(숙박) · 카카오 좌표,
rs158,nation,전국,정선,Jeongseon,,하이원그랜드호텔,하이원그랜드호텔,,,stay,숙박,37.21241,128.8218,30,,"호텔 · 고한야한구공탄시장, 메이힐스리조트 등을 찾은 여행자들이 함께 많이 머문 곳 (연관 8회)",,,,N,N,N,,N,Y,Y,,,,,,http://place.map.kakao.com/1569474463,강원특별자치도 정선군 사북읍 하이원길 265 · 한국관광공사 연관 관광지(숙박) · 카카오 좌표,
rs159,nation,전국,철원,Cheorwon,,한탄리버스파호텔,한탄리버스파호텔,,,stay,숙박,38.18628,127.29014,30,,"호텔 · 노동당사, 도피안사 등을 찾은 여행자들이 함께 많이 머문 곳 (연관 8회)",,,,N,N,N,철원군 관광지 (2024 지정),N,Y,Y,,,,,,http://place.map.kakao.com/12463638,강원특별자치도 철원군 동송읍 태봉로 1799-22 · 한국관광공사 연관 관광지(숙박) · 카카오 좌표,
rs160,nation,전국,순천,Suncheon,,호텔지뜨,호텔지뜨,,,stay,숙박,34.9337,127.51928,30,,"호텔 · 선암사, 송광사 등을 찾은 여행자들이 함께 많이 머문 곳 (연관 8회)",,,,N,N,N,,N,Y,Y,,,,,,http://place.map.kakao.com/2102101804,전남광주통합특별시 순천시 팔마2길 11 · 한국관광공사 연관 관광지(숙박) · 카카오 좌표,
rs161,nation,전국,남해,Namhae,,남해스포츠파크호텔,남해스포츠파크호텔,,,stay,숙박,34.80416,127.83568,30,,"호텔 · 거북선전시관, 구미동해수욕장 등을 찾은 여행자들이 함께 많이 머문 곳 (연관 8회)",,,,N,N,N,,N,Y,Y,,,,,,http://place.map.kakao.com/10186256,경남 남해군 서면 스포츠파크길 73 · 한국관광공사 연관 관광지(숙박) · 카카오 좌표,
rs162,nation,전국,천안,Cheonan,,신라스테이 천안,신라스테이 천안,,,stay,숙박,36.82575,127.14319,30,,"호텔 · 각원사, 독립기념관 등을 찾은 여행자들이 함께 많이 머문 곳 (연관 8회)",,,,N,N,N,,N,Y,Y,,,,,,http://place.map.kakao.com/27089785,충남 천안시 서북구 동서대로 177 · 한국관광공사 연관 관광지(숙박) · 카카오 좌표,
rs163,nation,전국,영주,Yeongju,,소백산풍기온천리조트,Sobaeksan Punggi Spa Resort,,小白山豊基温泉リゾート,stay,숙박,36.88825,128.47915,30,,"리조트·콘도 · 국립산림치유원, 부석사 등을 찾은 여행자들이 함께 많이 머문 곳 (연관 8회)",,,,N,N,N,영주시 관광지 (2010 지정),N,Y,Y,,,,,,http://place.map.kakao.com/7966923,경북 영주시 풍기읍 죽령로 1400 · 한국관광공사 연관 관광지(숙박) · 카카오 좌표,
rs164,nation,전국,군산,Gunsan,,군산스테이호텔,군산스테이호텔,,,stay,숙박,36.01515,126.7627,30,,"호텔 · 군산근대역사박물관, 군산신흥동일본식가옥 등을 찾은 여행자들이 함께 많이 머문 곳 (연관 8회)",,,,N,N,N,군산시 관광지 (2025 지정),N,Y,Y,,,,,,http://place.map.kakao.com/1889520705,전북특별자치도 군산시 성산면 철새로 56 · 한국관광공사 연관 관광지(숙박) · 카카오 좌표,
rs165,nation,전국,서산,Seosan,,베니키아호텔 서산,베니키아호텔 서산,,,stay,숙박,36.78447,126.43851,30,,"호텔 · 구례포해수욕장, 팜카밀레허브농원 등을 찾은 여행자들이 함께 많이 머문 곳 (연관 8회)",,,,N,N,N,,N,Y,Y,,,,,,http://place.map.kakao.com/836793819,충남 서산시 안견로 465 · 한국관광공사 연관 관광지(숙박) · 카카오 좌표,
rs166,nation,전국,양평,Yangpyeong,,더힐하우스호텔 양평,더힐하우스호텔 양평,,,stay,숙박,37.50558,127.44003,30,,"호텔 · 축령산자연휴양림, 사나사계곡 등을 찾은 여행자들이 함께 많이 머문 곳 (연관 8회)",,,,N,N,N,,N,Y,Y,,,,,,http://place.map.kakao.com/7910624,경기 양평군 강하면 강남로 489 · 한국관광공사 연관 관광지(숙박) · 카카오 좌표,
rs167,nation,전국,익산,Iksan,,탑클라우드호텔 익산점,탑클라우드호텔 익산점,,,stay,숙박,35.93027,126.94976,30,,"호텔 · 국립익산박물관, 미륵사지 등을 찾은 여행자들이 함께 많이 머문 곳 (연관 8회)",,,,N,N,N,,N,Y,Y,,,,,,http://place.map.kakao.com/152786005,전북특별자치도 익산시 인북로 10 · 한국관광공사 연관 관광지(숙박) · 카카오 좌표,
rs168,nation,전국,아산,Asan,,온양관광호텔,온양관광호텔,,,stay,숙박,36.78342,126.99991,30,,"호텔 · 성불사, 신정호수공원 등을 찾은 여행자들이 함께 많이 머문 곳 (연관 8회)",,,,N,N,N,,N,Y,Y,,,,,,http://place.map.kakao.com/8019616,충남 아산시 온천대로 1459 · 한국관광공사 연관 관광지(숙박) · 카카오 좌표,
rs169,nation,전국,부안,Buan,,모항레저타운,모항레저타운,,,stay,숙박,35.58346,126.5042,30,,"펜션·민박 · 격포해수욕장, 곰소염전 등을 찾은 여행자들이 함께 많이 머문 곳 (연관 8회)",,,,N,N,N,,N,Y,Y,,,,,,http://place.map.kakao.com/25627627,전북특별자치도 부안군 변산면 변산로 3554-9 · 한국관광공사 연관 관광지(숙박) · 카카오 좌표,
rs170,nation,전국,서울,Seoul,,글래드 여의도,글래드 여의도,,,stay,숙박,37.52741,126.91727,30,,"호텔 · 뚝도청춘시장, 국회의사당/국회박물관 등을 찾은 여행자들이 함께 많이 머문 곳 (연관 8회)",,,,N,N,N,,N,Y,Y,,,,,,http://place.map.kakao.com/1129396972,서울 영등포구 의사당대로 16 · 한국관광공사 연관 관광지(숙박) · 카카오 좌표,
rs171,nation,전국,보령,Boryeong,,토모노야 호텔&료칸 대천점,토모노야 호텔&료칸 대천점,,,stay,숙박,36.34866,126.55613,30,,"호텔 · 개화예술공원, 군헌갯벌체험장 등을 찾은 여행자들이 함께 많이 머문 곳 (연관 8회)",,,,N,N,N,,N,Y,Y,,,,,,http://place.map.kakao.com/1851982740,충남 보령시 해안로 341 · 한국관광공사 연관 관광지(숙박) · 카카오 좌표,
rs172,nation,전국,서울,Seoul,,그랜드인터컨티넨탈 서울파르나스,그랜드인터컨티넨탈 서울파르나스,,,stay,숙박,37.50919,127.06081,30,,"호텔 · 길음시장, 서래마을 등을 찾은 여행자들이 함께 많이 머문 곳 (연관 8회)",,,,N,N,N,,N,Y,Y,,,,,,http://place.map.kakao.com/8161840,서울 강남구 테헤란로 521 · 한국관광공사 연관 관광지(숙박) · 카카오 좌표,
rs173,nation,전국,경기광주,Gwangju-gg,,곤지암리조트,곤지암리조트,,,stay,숙박,37.33798,127.29409,30,,"리조트·콘도 · 수동국민관광단지, 곤지암도자공원 등을 찾은 여행자들이 함께 많이 머문 곳 (연관 8회)",,,,N,N,N,,N,Y,Y,,,,,,http://place.map.kakao.com/8190409,경기 광주시 도척면 도척윗로 278 · 한국관광공사 연관 관광지(숙박) · 카카오 좌표,
rs174,nation,전국,서울,Seoul,,삼정호텔,삼정호텔,,,stay,숙박,37.50589,127.03116,30,,"호텔 · 성심사, 서울옥션/강남센터 등을 찾은 여행자들이 함께 많이 머문 곳 (연관 8회)",,,,N,N,N,,N,Y,Y,,,,,,http://place.map.kakao.com/8194428,서울 강남구 봉은사로 150 · 한국관광공사 연관 관광지(숙박) · 카카오 좌표,
rs175,nation,전국,서울,Seoul,,오라카이 인사동 스위츠,오라카이 인사동 스위츠,,,stay,숙박,37.57311,126.98735,30,,"호텔 · 가리봉시장, K현대미술관 등을 찾은 여행자들이 함께 많이 머문 곳 (연관 8회)",,,,N,N,N,,N,Y,Y,,,,,,http://place.map.kakao.com/1330378467,서울 종로구 인사동4길 18 · 한국관광공사 연관 관광지(숙박) · 카카오 좌표,
rs176,nation,전국,서울,Seoul,,머큐어 서울 마곡,머큐어 서울 마곡,,,stay,숙박,37.56647,126.82586,30,,"호텔 · 국회의사당/국회박물관, 강서한강공원 등을 찾은 여행자들이 함께 많이 머문 곳 (연관 8회)",,,,N,N,N,,N,Y,Y,,,,,,http://place.map.kakao.com/1787263603,서울 강서구 마곡중앙로 143 · 한국관광공사 연관 관광지(숙박) · 카카오 좌표,
rs177,nation,전국,부산,Busan,,해운대센트럴호텔,해운대센트럴호텔,,,stay,숙박,35.16095,129.16719,30,,"호텔 · 장림골목시장, UN기념공원 등을 찾은 여행자들이 함께 많이 머문 곳 (연관 8회)",,,,N,N,N,,N,Y,Y,,,,,,http://place.map.kakao.com/295042018,부산 해운대구 해운대해변로298번길 33 · 한국관광공사 연관 관광지(숙박) · 카카오 좌표,
rs178,nation,전국,부산,Busan,,그랜드조선 부산,그랜드조선 부산,,,stay,숙박,35.15993,129.16318,30,,"호텔 · 부전마켓타운, 선암사 등을 찾은 여행자들이 함께 많이 머문 곳 (연관 8회)",,,,N,N,N,,N,Y,Y,,,,,,http://place.map.kakao.com/1834608936,부산 해운대구 해운대해변로 292 · 한국관광공사 연관 관광지(숙박) · 카카오 좌표,
rs179,nation,전국,부산,Busan,,코오롱씨클라우드호텔,KOLON SEACLOUD HOTEL,可隆海云酒店（Kolon Seacloud Hotel）,コーロン シークラウドホテル,stay,숙박,35.16045,129.16224,30,,"호텔 · 롯데월드 어드벤처 부산, 정관박물관 등을 찾은 여행자들이 함께 많이 머문 곳 (연관 8회)",,,,N,N,N,,N,Y,Y,,,,,,http://place.map.kakao.com/22923798,부산 해운대구 해운대해변로 287 · 한국관광공사 연관 관광지(숙박) · 카카오 좌표,
rs180,nation,전국,부산,Busan,,동부산온천호텔,동부산온천호텔,,,stay,숙박,35.34334,129.25319,30,,"호텔 · 신평소공원, 안데르센동화마을 등을 찾은 여행자들이 함께 많이 머문 곳 (연관 8회)",,,,N,N,N,,N,Y,Y,,,,,,http://place.map.kakao.com/1179269721,부산 기장군 장안읍 장안로 38 · 한국관광공사 연관 관광지(숙박) · 카카오 좌표,
rs181,nation,전국,부산,Busan,,웨스틴조선 부산,The Westin Josun Busan,,ウェスティンジョソン釜山,stay,숙박,35.15611,129.15402,30,,"호텔 · 해동용궁사, 오륙도스카이워크 등을 찾은 여행자들이 함께 많이 머문 곳 (연관 8회)",,,,N,N,N,해운대구 관광지 (2008 지정),N,Y,Y,,,,,,http://place.map.kakao.com/7897884,부산 해운대구 동백로 67 · 한국관광공사 연관 관광지(숙박) · 카카오 좌표,
rs182,nation,전국,제주,Jeju,,봄그리고가을 리조트,봄그리고가을 리조트,,,stay,숙박,33.47414,126.91102,30,,"리조트·콘도 · 별방진, 세화해수욕장 등을 찾은 여행자들이 함께 많이 머문 곳 (연관 8회)",,,,N,N,N,,N,Y,Y,,,,,,http://place.map.kakao.com/996889508,제주특별자치도 서귀포시 성산읍 해맞이해안로 2660 · 한국관광공사 연관 관광지(숙박) · 카카오 좌표,
rs183,nation,전국,제천,Jecheon,,레스트리리솜,레스트리리솜,,,stay,숙박,37.1578,128.04789,30,,"리조트·콘도 · 덕동생태숲, 박달재 등을 찾은 여행자들이 함께 많이 머문 곳 (연관 8회)",,,,N,N,N,,N,Y,Y,,,,,,http://place.map.kakao.com/65141269,충북 제천시 백운면 금봉로 365 · 한국관광공사 연관 관광지(숙박) · 카카오 좌표,
rs184,nation,전국,경주,Gyeongju,,강동리조트,강동리조트,,,stay,숙박,35.8268,129.28834,30,,"리조트·콘도 · 강동워터파크, 경주엑스포대공원 등을 찾은 여행자들이 함께 많이 머문 곳 (연관 7회)",,,,N,N,N,,N,Y,Y,,,,,,http://place.map.kakao.com/26772861,경북 경주시 천군로 95-32 · 한국관광공사 연관 관광지(숙박) · 카카오 좌표,
rs185,nation,전국,충주,Chungju,,수안보상록호텔,Sangnok Hotel,,,stay,숙박,36.84785,127.98905,30,,"호텔 · 미륵대원지, 수주팔봉 등을 찾은 여행자들이 함께 많이 머문 곳 (연관 7회)",,,,N,N,N,,N,Y,Y,,,,,,http://place.map.kakao.com/24782010,충북 충주시 수안보면 주정산로 22 · 한국관광공사 연관 관광지(숙박) · 카카오 좌표,
rs186,nation,전국,거제,Geoje,,바람의언덕 호텔&리조트,Windy Hill,风之丘,風の丘,stay,숙박,34.73979,128.66345,30,,"리조트·콘도 · 거제자연휴양림, 명사해수욕장 등을 찾은 여행자들이 함께 많이 머문 곳 (연관 7회)",,,,N,N,N,,N,Y,Y,,,,,,http://place.map.kakao.com/16250030,경남 거제시 남부면 해금강로 132 · 한국관광공사 연관 관광지(숙박) · 카카오 좌표,
rs187,nation,전국,동해,Donghae,,코스모스호텔,코스모스호텔,,,stay,숙박,37.52027,129.117,30,,"호텔 · 논골담길, 묵호항 등을 찾은 여행자들이 함께 많이 머문 곳 (연관 7회)",,,,N,N,N,,N,Y,Y,,,,,,http://place.map.kakao.com/27522366,강원특별자치도 동해시 한섬로 114-4 · 한국관광공사 연관 관광지(숙박) · 카카오 좌표,
rs188,nation,전국,정선,Jeongseon,,하이원팰리스호텔,하이원팰리스호텔,,,stay,숙박,37.17333,128.84308,30,,"호텔 · 추암조각공원, 고한야한구공탄시장 등을 찾은 여행자들이 함께 많이 머문 곳 (연관 7회)",,,,N,N,N,,N,Y,Y,,,,,,http://place.map.kakao.com/8125275,강원특별자치도 정선군 고한읍 고한7길 399 · 한국관광공사 연관 관광지(숙박) · 카카오 좌표,
rs189,nation,전국,전주,Jeonju,,글로스터호텔 전주,글로스터호텔 전주,,,stay,숙박,35.82229,127.14489,30,,"호텔 · 경기전, 국립전주박물관 등을 찾은 여행자들이 함께 많이 머문 곳 (연관 7회)",,,,N,N,N,,N,Y,Y,,,,,,http://place.map.kakao.com/1249688963,전북특별자치도 전주시 완산구 팔달로 227 · 한국관광공사 연관 관광지(숙박) · 카카오 좌표,
rs190,nation,전국,양양,Yangyang,,세인트더스위트 양양,세인트더스위트 양양,,,stay,숙박,38.11828,128.63216,30,,"호텔 · 해피아울하우스, 남애항 등을 찾은 여행자들이 함께 많이 머문 곳 (연관 7회)",,,,N,N,N,,N,Y,Y,,,,,,http://place.map.kakao.com/2093342673,강원특별자치도 양양군 강현면 일출로 31-20 · 한국관광공사 연관 관광지(숙박) · 카카오 좌표,
rs191,nation,전국,강릉,Gangneung,,베니키아호텔 산과바다주문진리조트,베니키아호텔 산과바다주문진리조트,,,stay,숙박,37.9088,128.82001,30,,"리조트·콘도 · 베니키아호텔산과바다/대포항, 얼라이브하트 등을 찾은 여행자들이 함께 많이 머문 곳 (연관 7회)",,,,N,N,N,강릉시 관광지 (2016 지정),N,Y,Y,,,,,,http://place.map.kakao.com/1481168459,강원특별자치도 강릉시 주문진읍 해안로 2070 · 한국관광공사 연관 관광지(숙박) · 카카오 좌표,
rs192,nation,전국,속초,Sokcho,,호텔마레몬스,호텔마레몬스,,,stay,숙박,38.16693,128.60651,30,,"호텔 · 설악해맞이공원, 연호리조트 등을 찾은 여행자들이 함께 많이 머문 곳 (연관 7회)",,,,N,N,N,,N,Y,Y,,,,,,http://place.map.kakao.com/12868448,강원특별자치도 속초시 동해대로 3705 · 한국관광공사 연관 관광지(숙박) · 카카오 좌표,
rs193,nation,전국,태백,Taebaek,,태백산국립공원 소도야영장,태백산국립공원 소도야영장,,,stay,숙박,37.11808,128.95174,30,,"캠핑장 · 정암사, 매봉산바람의언덕 등을 찾은 여행자들이 함께 많이 머문 곳 (연관 7회)",,,,N,N,N,,N,Y,Y,,,,,,http://place.map.kakao.com/17951821,강원특별자치도 태백시 천제단길 181 · 한국관광공사 연관 관광지(숙박) · 카카오 좌표,
rs194,nation,전국,여수,Yeosu,,하이락리조트,하이락리조트,,,stay,숙박,34.71027,127.76841,30,,"펜션·민박 · 대경도대합실, 돌산공원 등을 찾은 여행자들이 함께 많이 머문 곳 (연관 7회)",,,,N,N,N,,N,Y,Y,,,,,,http://place.map.kakao.com/1697305542,전남광주통합특별시 여수시 돌산읍 마상포길 40 · 한국관광공사 연관 관광지(숙박) · 카카오 좌표,
rs195,nation,전국,청주,Cheongju,,엔포드호텔,엔포드호텔,,,stay,숙박,36.66656,127.49507,30,,"호텔 · 국립청주박물관, 상당산성 등을 찾은 여행자들이 함께 많이 머문 곳 (연관 7회)",,,,N,N,N,,N,Y,Y,,,,,,http://place.map.kakao.com/492056258,충북 청주시 청원구 충청대로 114 · 한국관광공사 연관 관광지(숙박) · 카카오 좌표,
rs196,nation,전국,안동,Andong,,안동그랜드호텔,안동그랜드호텔,,,stay,숙박,36.56726,128.78052,30,,"호텔 · 구름에, 병산서원 등을 찾은 여행자들이 함께 많이 머문 곳 (연관 7회)",,,,N,N,N,안동시 관광단지 (2008 지정),N,Y,Y,,,,,,http://place.map.kakao.com/26811493,경북 안동시 관광단지로 346-84 · 한국관광공사 연관 관광지(숙박) · 카카오 좌표,
rs197,nation,전국,인천,Incheon,,글로스터호텔 인천,Gloucester Hotel Incheon,仁川君临海域酒店,グロスター ホテル 仁川,stay,숙박,37.40031,126.73546,30,,"호텔 · 소래습지생태공원, 송월동동화마을 등을 찾은 여행자들이 함께 많이 머문 곳 (연관 7회)",,,,N,N,N,,N,Y,Y,,,,,,http://place.map.kakao.com/1866484632,인천 남동구 소래역로 36 · 한국관광공사 연관 관광지(숙박) · 카카오 좌표,
rs198,nation,전국,인천,Incheon,,하버파크호텔,하버파크호텔,,,stay,숙박,37.47215,126.61961,30,,"호텔 · 마이랜드, 수도국산달동네박물관 등을 찾은 여행자들이 함께 많이 머문 곳 (연관 7회)",,,,N,N,N,,N,Y,Y,,,,,,http://place.map.kakao.com/10857387,인천 제물포구 제물량로 217 · 한국관광공사 연관 관광지(숙박) · 카카오 좌표,
rs199,nation,전국,안동,Andong,,월영호텔 바이 뉴시즈,월영호텔 바이 뉴시즈,,,stay,숙박,36.56627,128.71497,30,,"호텔 · 낙강물길공원/공사중(2028년12월31일개장예정), 도산서원 등을 찾은 여행자들이 함께 많이 머문 곳 (연관 7회)",,,,N,N,N,,N,Y,Y,,,,,,http://place.map.kakao.com/845247363,경북 안동시 서동문로 30 · 한국관광공사 연관 관광지(숙박) · 카카오 좌표,
rs200,nation,전국,춘천,Chuncheon,,엘리시안강촌,엘리시안강촌,,,stay,숙박,37.82215,127.58992,30,,"리조트·콘도 · 강촌레일파크/경강역, 강촌유원지 등을 찾은 여행자들이 함께 많이 머문 곳 (연관 7회)",,,,N,N,N,,N,Y,Y,,,,,,http://place.map.kakao.com/864312023,강원특별자치도 춘천시 남산면 북한강변길 688 · 한국관광공사 연관 관광지(숙박) · 카카오 좌표,
rs201,nation,전국,춘천,Chuncheon,,더잭슨나인스호텔,더잭슨나인스호텔,,,stay,숙박,37.87375,127.71413,30,,"호텔 · 국립춘천박물관/본관, 김유정문학촌 등을 찾은 여행자들이 함께 많이 머문 곳 (연관 7회)",,,,N,N,N,,N,Y,Y,,,,,,http://place.map.kakao.com/1810044818,강원특별자치도 춘천시 중앙로 193 · 한국관광공사 연관 관광지(숙박) · 카카오 좌표,
rs202,nation,전국,울릉,Ulleung,,코스모스 울릉도,코스모스 울릉도,,,stay,숙박,37.5337,130.85801,30,,"리조트·콘도 · 나리분지, 내수전몽돌해변 등을 찾은 여행자들이 함께 많이 머문 곳 (연관 7회)",,,,N,N,N,,N,Y,Y,,,,,,http://place.map.kakao.com/492870183,경북 울릉군 북면 추산길 88-13 · 한국관광공사 연관 관광지(숙박) · 카카오 좌표,
rs203,nation,전국,울릉,Ulleung,,학포야영장,학포야영장,,,stay,숙박,37.50356,130.80639,30,,"캠핑장 · 거북바위, 관음도 등을 찾은 여행자들이 함께 많이 머문 곳 (연관 7회)",,,,N,N,N,,N,Y,Y,,,,,,http://place.map.kakao.com/1958118073,경북 울릉군 서면 학포길 133-11 · 한국관광공사 연관 관광지(숙박) · 카카오 좌표,
rs204,nation,전국,태안,Taean,,캐시미르,캐시미르,,,stay,숙박,36.74146,126.29345,30,,"호텔 · 만리포해수욕장, 몽대포구 등을 찾은 여행자들이 함께 많이 머문 곳 (연관 7회)",,,,N,N,N,,N,Y,Y,,,,,,http://place.map.kakao.com/1151609868,충남 태안군 태안읍 안면대로 70-1 · 한국관광공사 연관 관광지(숙박) · 카카오 좌표,
rs205,nation,전국,공주,Gongju,,파크오브드림,파크오브드림,,,stay,숙박,36.36874,127.25802,30,,"캠핑장 · 광덕사, 광덕산 등을 찾은 여행자들이 함께 많이 머문 곳 (연관 7회)",,,,N,N,N,,N,Y,Y,,,,,,http://place.map.kakao.com/1243235780,충남 공주시 반포면 동학사1로 46 · 한국관광공사 연관 관광지(숙박) · 카카오 좌표,
rs206,nation,전국,남해,Namhae,,이제 남해,이제 남해,,,stay,숙박,34.82354,128.04132,30,,"호텔 · 독일마을, 설리스카이워크 등을 찾은 여행자들이 함께 많이 머문 곳 (연관 7회)",,,,N,N,N,,N,Y,Y,,,,,,http://place.map.kakao.com/1800801023,경남 남해군 삼동면 양화금로 59-7 · 한국관광공사 연관 관광지(숙박) · 카카오 좌표,
rs207,nation,전국,보령,Boryeong,,호텔쏠레르,호텔쏠레르,,,stay,숙박,36.31375,126.51215,30,,"호텔 · 장항스카이워크, 개화예술공원 등을 찾은 여행자들이 함께 많이 머문 곳 (연관 7회)",,,,N,N,N,보령시 관광지 (2024 지정),N,Y,Y,,,,,,http://place.map.kakao.com/826065342,충남 보령시 해수욕장8길 28 · 한국관광공사 연관 관광지(숙박) · 카카오 좌표,
rs208,nation,전국,울진,Uljin,,울진그랜드호텔,울진그랜드호텔,,,stay,숙박,36.99177,129.40982,30,,"호텔 · 국립해양과학관, 기성망양해수욕장 등을 찾은 여행자들이 함께 많이 머문 곳 (연관 7회)",,,,N,N,N,,N,Y,Y,,,,,,http://place.map.kakao.com/724289776,경북 울진군 울진읍 현내항길 97 · 한국관광공사 연관 관광지(숙박) · 카카오 좌표,
rs209,nation,전국,서울,Seoul,,신라스테이 역삼,신라스테이 역삼,,,stay,숙박,37.50498,127.04131,30,,"호텔 · 뚝섬한강공원, 세빛섬 등을 찾은 여행자들이 함께 많이 머문 곳 (연관 7회)",,,,N,N,N,,N,Y,Y,,,,,,http://place.map.kakao.com/25539194,서울 강남구 언주로 517 · 한국관광공사 연관 관광지(숙박) · 카카오 좌표,
rs210,nation,전국,서울,Seoul,,노보텔 앰배서더 서울 강남,노보텔 앰배서더 서울 강남,,,stay,숙박,37.50529,127.02891,30,,"호텔 · 뚝도청춘시장, 개운사 등을 찾은 여행자들이 함께 많이 머문 곳 (연관 7회)",,,,N,N,N,,N,Y,Y,,,,,,http://place.map.kakao.com/8233809,서울 강남구 봉은사로 130 · 한국관광공사 연관 관광지(숙박) · 카카오 좌표,
rs211,nation,전국,부산,Busan,,L7 해운대바이롯데,L7 해운대바이롯데,,,stay,숙박,35.16023,129.16007,30,,"호텔 · 롯데월드 어드벤처 부산, UN기념공원 등을 찾은 여행자들이 함께 많이 머문 곳 (연관 7회)",,,,N,N,N,,N,Y,Y,,,,,,http://place.map.kakao.com/2008755459,부산 해운대구 해운대로570번길 55 · 한국관광공사 연관 관광지(숙박) · 카카오 좌표,
rs212,nation,전국,부산,Busan,,해운대영무파라드호텔,해운대영무파라드호텔,,,stay,숙박,35.1609,129.16648,30,,"호텔 · 선암사, 오륙도 등을 찾은 여행자들이 함께 많이 머문 곳 (연관 7회)",,,,N,N,N,,N,Y,Y,,,,,,http://place.map.kakao.com/752967563,부산 해운대구 해운대해변로298번길 25 · 한국관광공사 연관 관광지(숙박) · 카카오 좌표,
rs213,nation,전국,부산,Busan,,하단 레이어스호텔점,하단 레이어스호텔점,,,stay,숙박,35.10656,128.96436,30,,"호텔 · 한국신발관, 아미산전망대 등을 찾은 여행자들이 함께 많이 머문 곳 (연관 7회)",,,,N,N,N,,N,Y,Y,,,,,,http://place.map.kakao.com/1380586783,부산 사하구 낙동남로 1395 · 한국관광공사 연관 관광지(숙박) · 카카오 좌표,
rs214,nation,전국,제주,Jeju,,호텔골든데이지 서귀포오션,호텔골든데이지 서귀포오션,,,stay,숙박,33.24935,126.56745,30,,"호텔 · 송당승마장, 구두미포구 등을 찾은 여행자들이 함께 많이 머문 곳 (연관 7회)",,,,N,N,N,,N,Y,Y,,,,,,http://place.map.kakao.com/825865438,제주특별자치도 서귀포시 동홍로 7 · 한국관광공사 연관 관광지(숙박) · 카카오 좌표,
rs215,nation,전국,인제,Inje,,인제스피디움 호텔,Inje Speedium,麟蹄Speedium,麟蹄スピーディウム,stay,숙박,38.00285,128.29536,30,,"호텔 · 방태산자연휴양림, 속삭이는자작나무숲 등을 찾은 여행자들이 함께 많이 머문 곳 (연관 7회)",,,,N,N,N,인제군 관광지 (2014 지정),N,Y,Y,,,,,,http://place.map.kakao.com/25617734,강원특별자치도 인제군 기린면 상하답로 130 · 한국관광공사 연관 관광지(숙박) · 카카오 좌표,
rs216,nation,전국,제주,Jeju,,서귀포월드컵리조트,서귀포월드컵리조트,,,stay,숙박,33.2446,126.51201,30,,"리조트·콘도 · 교래자연휴양림, 기당미술관 등을 찾은 여행자들이 함께 많이 머문 곳 (연관 7회)",,,,N,N,N,,N,Y,Y,,,,,,http://place.map.kakao.com/1434454665,제주특별자치도 서귀포시 월드컵로45번길 40 · 한국관광공사 연관 관광지(숙박) · 카카오 좌표,
rs217,nation,전국,제주,Jeju,,그랜드하얏트 제주,그랜드하얏트 제주,济州君悦酒店,,stay,숙박,33.48524,126.48141,30,,"호텔 · 넥슨뮤지엄, 도시해녀 등을 찾은 여행자들이 함께 많이 머문 곳 (연관 7회)",,,,N,N,N,,N,Y,Y,,,,,,http://place.map.kakao.com/1105959656,제주특별자치도 제주시 노연로 12 · 한국관광공사 연관 관광지(숙박) · 카카오 좌표,
rs218,nation,전국,서울,Seoul,,몬드리안 서울이태원,몬드리안 서울이태원,,,stay,숙박,37.52856,126.99311,30,,"호텔 · 세빛섬, SJ쿤스트할레 등을 찾은 여행자들이 함께 많이 머문 곳 (연관 7회)",,,,N,N,N,,N,Y,Y,,,,,,http://place.map.kakao.com/1172632105,서울 용산구 장문로 23 · 한국관광공사 연관 관광지(숙박) · 카카오 좌표,
rs219,nation,전국,제주,Jeju,,탐라스테이호텔제주,탐라스테이호텔제주,,,stay,숙박,33.48697,126.39119,30,,"호텔 · 구엄리돌염전, 도시해녀 등을 찾은 여행자들이 함께 많이 머문 곳 (연관 7회)",,,,N,N,N,,N,Y,Y,,,,,,http://place.map.kakao.com/27280262,제주특별자치도 제주시 애월읍 애월해안로 881 · 한국관광공사 연관 관광지(숙박) · 카카오 좌표,
rs220,nation,전국,당진,Dangjin,,어반스테이 당진터미널,어반스테이 당진터미널,,,stay,숙박,36.89975,126.64686,30,,"호텔 · 당진면천읍성, 당진합덕제 등을 찾은 여행자들이 함께 많이 머문 곳 (연관 7회)",,,,N,N,N,,N,Y,Y,,,,,,http://place.map.kakao.com/1272554392,충남 당진시 수청5길 38 · 한국관광공사 연관 관광지(숙박) · 카카오 좌표,
rs221,nation,전국,제주,Jeju,,호텔더본 제주,호텔더본 제주,,ホテル・ザ・ボーン済州,stay,숙박,33.25962,126.40647,30,,"호텔 · 감귤박물관, 논짓물 등을 찾은 여행자들이 함께 많이 머문 곳 (연관 7회)",,,,N,N,N,,N,Y,Y,,,,,,http://place.map.kakao.com/1340230571,제주특별자치도 서귀포시 색달로 18 · 한국관광공사 연관 관광지(숙박) · 카카오 좌표,
rs222,nation,전국,제주,Jeju,,더 시에나 리조트,더 시에나 리조트,,,stay,숙박,33.26484,126.48433,30,,"리조트·콘도 · 강정포구, 기당미술관 등을 찾은 여행자들이 함께 많이 머문 곳 (연관 7회)",,,,N,N,N,,N,Y,Y,,,,,,http://place.map.kakao.com/1473619504,제주특별자치도 서귀포시 용흥로66번길 158-8 · 한국관광공사 연관 관광지(숙박) · 카카오 좌표,
rs223,nation,전국,서울,Seoul,,호텔파크하비오,호텔파크하비오,,,stay,숙박,37.48182,127.12351,30,,"호텔 · 봉은사, 탄허기념불교박물관 등을 찾은 여행자들이 함께 많이 머문 곳 (연관 7회)",,,,N,N,N,,N,Y,Y,,,,,,http://place.map.kakao.com/1805423323,서울 송파구 송파대로 111 · 한국관광공사 연관 관광지(숙박) · 카카오 좌표,
rs224,nation,전국,하동,Hadong,,비바체리조트,비바체리조트,,,stay,숙박,35.16255,127.78281,30,,"리조트·콘도 · 동정호, 삼성궁 등을 찾은 여행자들이 함께 많이 머문 곳 (연관 7회)",,,,N,N,N,,N,Y,Y,,,,,,http://place.map.kakao.com/26436637,경남 하동군 청암면 청학로 876 · 한국관광공사 연관 관광지(숙박) · 카카오 좌표,
rs225,nation,전국,거제,Geoje,,스터번호텔,스터번호텔,,,stay,숙박,34.7777,128.64369,30,,"호텔 · 구조라해수욕장, 근포땅굴 등을 찾은 여행자들이 함께 많이 머문 곳 (연관 6회)",,,,N,N,N,,N,Y,Y,,,,,,http://place.map.kakao.com/2104872675,경남 거제시 동부면 학동7길 2 · 한국관광공사 연관 관광지(숙박) · 카카오 좌표,
rs226,nation,전국,정선,Jeongseon,,하이원그랜드호텔 컨벤션타워,하이원그랜드호텔 컨벤션타워,,,stay,숙박,37.21354,128.82162,30,,"호텔 · 고한야한구공탄시장, 메이힐스리조트 등을 찾은 여행자들이 함께 많이 머문 곳 (연관 6회)",,,,N,N,N,,N,Y,Y,,,,,,http://place.map.kakao.com/1183763154,강원특별자치도 정선군 사북읍 하이원길 265 · 한국관광공사 연관 관광지(숙박) · 카카오 좌표,
rs227,nation,전국,경주,Gyeongju,,경주시티호텔,경주시티호텔,,,stay,숙박,35.84744,129.21568,30,,"호텔 · 경주월드, 대릉원 등을 찾은 여행자들이 함께 많이 머문 곳 (연관 6회)",,,,N,N,N,,N,Y,Y,,,,,,http://place.map.kakao.com/467211309,경북 경주시 북성로 127 · 한국관광공사 연관 관광지(숙박) · 카카오 좌표,
rs228,nation,전국,정선,Jeongseon,,트라움밸리호텔,트라움밸리호텔,,,stay,숙박,37.22668,128.8124,30,,"호텔 · 타임캡슐공원, 화암동굴 등을 찾은 여행자들이 함께 많이 머문 곳 (연관 6회)",,,,N,N,N,,N,Y,Y,,,,,,http://place.map.kakao.com/1555383808,강원특별자치도 정선군 사북읍 지장천로 583 · 한국관광공사 연관 관광지(숙박) · 카카오 좌표,
rs229,nation,전국,전주,Jeonju,,베스트웨스턴플러스 전주호텔,베스트웨스턴플러스 전주호텔,,,stay,숙박,35.82226,127.14682,30,,"호텔 · 경기전, 남부시장한옥마을야시장 등을 찾은 여행자들이 함께 많이 머문 곳 (연관 6회)",,,,N,N,N,,N,Y,Y,,,,,,http://place.map.kakao.com/2063815289,전북특별자치도 전주시 완산구 현무1길 41 · 한국관광공사 연관 관광지(숙박) · 카카오 좌표,
rs230,nation,전국,태백,Taebaek,,매봉산 천상의 숲,매봉산 천상의 숲,,,stay,숙박,37.22759,128.97726,30,,"캠핑장 · 매봉산바람의언덕, 석탄박물관 등을 찾은 여행자들이 함께 많이 머문 곳 (연관 6회)",,,,N,N,N,,N,Y,Y,,,,,,http://place.map.kakao.com/676758816,강원특별자치도 태백시 백두대간로 563 · 한국관광공사 연관 관광지(숙박) · 카카오 좌표,
rs231,nation,전국,양양,Yangyang,,E7양양죽도호텔,E7양양죽도호텔,,,stay,숙박,37.97789,128.75897,30,,"호텔 · 주문진항, 광진해변 등을 찾은 여행자들이 함께 많이 머문 곳 (연관 6회)",,,,N,N,N,,N,Y,Y,,,,,,http://place.map.kakao.com/184308930,강원특별자치도 양양군 현남면 동산큰길 21 · 한국관광공사 연관 관광지(숙박) · 카카오 좌표,
rs232,nation,전국,인천,Incheon,,라마다송도호텔,라마다송도호텔,,,stay,숙박,37.41399,126.6553,30,,"호텔 · 소래포구종합어시장, 송월동동화마을 등을 찾은 여행자들이 함께 많이 머문 곳 (연관 6회)",,,,N,N,N,,N,Y,Y,,,,,,http://place.map.kakao.com/8178578,인천 연수구 능허대로267번길 29 · 한국관광공사 연관 관광지(숙박) · 카카오 좌표,
rs233,nation,전국,진주,Jinju,,아시아레이크사이드호텔,아시아레이크사이드호텔,,,stay,숙박,35.17613,128.03376,30,,"호텔 · 세병관, 국립진주박물관 등을 찾은 여행자들이 함께 많이 머문 곳 (연관 6회)",,,,N,N,N,,N,Y,Y,,,,,,http://place.map.kakao.com/8481028,경남 진주시 남강로1번길 133 · 한국관광공사 연관 관광지(숙박) · 카카오 좌표,
rs234,nation,전국,속초,Sokcho,,팜파스호텔&리조트,팜파스호텔&리조트,,,stay,숙박,38.1888,128.60073,30,,"리조트·콘도 · 대포항, 속초항 등을 찾은 여행자들이 함께 많이 머문 곳 (연관 6회)",,,,N,N,N,,N,Y,Y,,,,,,http://place.map.kakao.com/26903867,강원특별자치도 속초시 동해대로 3964 · 한국관광공사 연관 관광지(숙박) · 카카오 좌표,
rs235,nation,전국,양양,Yangyang,,다이아메르호텔 속초 양양 바이 스테이네오,다이아메르호텔 속초 양양 바이 스테이네오,,,stay,숙박,38.15847,128.60778,30,,"호텔 · 청초호, 경포생태저류지 등을 찾은 여행자들이 함께 많이 머문 곳 (연관 6회)",,,,N,N,N,,N,Y,Y,,,,,,http://place.map.kakao.com/240727099,강원특별자치도 양양군 강현면 물치3길 4-57 · 한국관광공사 연관 관광지(숙박) · 카카오 좌표,
rs236,nation,전국,강릉,Gangneung,,스테이안목을담다,스테이안목을담다,,,stay,숙박,37.77289,128.94688,30,,"리조트·콘도 · 강릉중앙시장, 강릉향교 등을 찾은 여행자들이 함께 많이 머문 곳 (연관 6회)",,,,N,N,N,,N,Y,Y,,,,,,http://place.map.kakao.com/1836055633,강원특별자치도 강릉시 창해로14번길 16 · 한국관광공사 연관 관광지(숙박) · 카카오 좌표,
rs237,nation,전국,인천,Incheon,,오션파크나인호텔,오션파크나인호텔,,,stay,숙박,37.49275,126.57921,30,,"호텔 · 소래포구종합어시장, 송월동동화마을 등을 찾은 여행자들이 함께 많이 머문 곳 (연관 6회)",,,,N,N,N,,N,Y,Y,,,,,,http://place.map.kakao.com/489252671,인천 영종구 영종진광장로 10 · 한국관광공사 연관 관광지(숙박) · 카카오 좌표,
rs238,nation,전국,안동,Andong,,브라운도트호텔 안동태화점,브라운도트호텔 안동태화점,,,stay,숙박,36.56517,128.71625,30,,"호텔 · 고산정, 도산서원 등을 찾은 여행자들이 함께 많이 머문 곳 (연관 6회)",,,,N,N,N,,N,Y,Y,,,,,,http://place.map.kakao.com/1014095417,경북 안동시 대안로 34 · 한국관광공사 연관 관광지(숙박) · 카카오 좌표,
rs239,nation,전국,안동,Andong,,브라운도트 안동문화의거리점,브라운도트 안동문화의거리점,,,stay,숙박,36.56388,128.73117,30,,"호텔 · 낙강물길공원/공사중(2028년12월31일개장예정), 병산서원 등을 찾은 여행자들이 함께 많이 머문 곳 (연관 6회)",,,,N,N,N,,N,Y,Y,,,,,,http://place.map.kakao.com/1924664304,경북 안동시 문화광장길 16-13 · 한국관광공사 연관 관광지(숙박) · 카카오 좌표,
rs240,nation,전국,안동,Andong,,브라운도트 풍산점,브라운도트 풍산점,,,stay,숙박,36.57913,128.57093,30,,"호텔 · 안동하회마을, 안동학가산온천 등을 찾은 여행자들이 함께 많이 머문 곳 (연관 6회)",,,,N,N,N,,N,Y,Y,,,,,,http://place.map.kakao.com/2104261420,경북 안동시 풍산읍 풍산태사로 1023-6 · 한국관광공사 연관 관광지(숙박) · 카카오 좌표,
rs241,nation,전국,부여,Buyeo,,부여파크아트빌라스,부여파크아트빌라스,,,stay,숙박,36.3166,126.89715,30,,"호텔 · 구드래선착장, 국립부여박물관 등을 찾은 여행자들이 함께 많이 머문 곳 (연관 6회)",,,,N,N,N,,N,Y,Y,,,,,,http://place.map.kakao.com/105681672,충남 부여군 규암면 서궁로 129 · 한국관광공사 연관 관광지(숙박) · 카카오 좌표,
rs242,nation,전국,군산,Gunsan,,베스트웨스턴호텔 군산,베스트웨스턴호텔 군산,,,stay,숙박,35.94846,126.58384,30,,"호텔 · 무녀도, 새만금비응공원 등을 찾은 여행자들이 함께 많이 머문 곳 (연관 6회)",,,,N,N,N,,N,Y,Y,,,,,,http://place.map.kakao.com/19732106,전북특별자치도 군산시 새만금북로 435 · 한국관광공사 연관 관광지(숙박) · 카카오 좌표,
rs243,nation,전국,상주,Sangju,,브라운도트호텔 상주점,브라운도트호텔 상주점,,,stay,숙박,36.41971,128.16348,30,,"호텔 · 경천섬공원, 낙동강역사이야기관 등을 찾은 여행자들이 함께 많이 머문 곳 (연관 6회)",,,,N,N,N,,N,Y,Y,,,,,,http://place.map.kakao.com/346509753,경북 상주시 복룡냉림길 16 · 한국관광공사 연관 관광지(숙박) · 카카오 좌표,
rs244,nation,전국,남원,Namwon,,산리지호텔,산리지호텔,,,stay,숙박,35.40654,127.38988,30,,"호텔 · 남원항공우주천문대, 서도역/폐역 등을 찾은 여행자들이 함께 많이 머문 곳 (연관 6회)",,,,N,N,N,남원시 관광지 (2008 지정),N,Y,Y,,,,,,http://place.map.kakao.com/1434987628,전북특별자치도 남원시 소리길 124 · 한국관광공사 연관 관광지(숙박) · 카카오 좌표,
rs245,nation,전국,가평,Gapyeong,,아난티 코드,아난티 코드,,,stay,숙박,37.62549,127.48022,30,,"리조트·콘도 · 남이섬, 어비계곡 등을 찾은 여행자들이 함께 많이 머문 곳 (연관 6회)",,,,N,N,N,,N,Y,Y,,,,,,http://place.map.kakao.com/27261828,경기 가평군 설악면 유명로 1007-90 · 한국관광공사 연관 관광지(숙박) · 카카오 좌표,
rs246,nation,전국,군산,Gunsan,,노을바다펜션,노을바다펜션,,,stay,숙박,35.82029,126.41996,30,,"펜션·민박 · 국립신시도자연휴양림, 몽돌해수욕장 등을 찾은 여행자들이 함께 많이 머문 곳 (연관 6회)",,,,N,N,N,,N,Y,Y,,,,,,http://place.map.kakao.com/308041604,전북특별자치도 군산시 옥도면 선유도2길 71 · 한국관광공사 연관 관광지(숙박) · 카카오 좌표,
rs247,nation,전국,양평,Yangpyeong,,데이지호텔 양평,데이지호텔 양평,,,stay,숙박,37.48394,127.57558,30,,"호텔 · 갈산공원, 세미원/연꽃박물관 등을 찾은 여행자들이 함께 많이 머문 곳 (연관 6회)",,,,N,N,N,,N,Y,Y,,,,,,http://place.map.kakao.com/125083829,경기 양평군 용문면 경강로 2742 · 한국관광공사 연관 관광지(숙박) · 카카오 좌표,
rs248,nation,전국,공주,Gongju,,공주호텔,공주호텔,,,stay,숙박,36.46994,127.12981,30,,"호텔 · 공산성, 국립공주박물관 등을 찾은 여행자들이 함께 많이 머문 곳 (연관 6회)",,,,N,N,N,,N,Y,Y,,,,,,http://place.map.kakao.com/791457477,충남 공주시 전막2길 10-6 · 한국관광공사 연관 관광지(숙박) · 카카오 좌표,
rs249,nation,전국,아산,Asan,,아산온천호텔,아산온천호텔,,,stay,숙박,36.85438,126.98011,30,,"호텔 · 태조산, 선장포노을공원 등을 찾은 여행자들이 함께 많이 머문 곳 (연관 6회)",,,,N,N,N,아산시 관광지 (2007 지정),N,Y,Y,,,,,,http://place.map.kakao.com/17125502,충남 아산시 음봉면 아산온천로 217-7 · 한국관광공사 연관 관광지(숙박) · 카카오 좌표,
rs250,nation,전국,창원,Changwon,,호텔인터내셔널,호텔인터내셔널,,,stay,숙박,35.22173,128.67693,30,,"호텔 · 마산로봇랜드, 저도연육교스카이워크 등을 찾은 여행자들이 함께 많이 머문 곳 (연관 6회)",,,,N,N,N,,N,Y,Y,,,,,,http://place.map.kakao.com/16237055,경남 창원시 성산구 중앙대로 69 · 한국관광공사 연관 관광지(숙박) · 카카오 좌표,
rs251,nation,전국,태안,Taean,,호텔마리스테이 태안,호텔마리스테이 태안,,,stay,숙박,36.74838,126.30234,30,,"호텔 · 만리포해수욕장, 신두리해수욕장 등을 찾은 여행자들이 함께 많이 머문 곳 (연관 6회)",,,,N,N,N,,N,Y,Y,,,,,,http://place.map.kakao.com/1901664400,충남 태안군 태안읍 군청7길 13-12 · 한국관광공사 연관 관광지(숙박) · 카카오 좌표,
rs252,nation,전국,가평,Gapyeong,,자라섬캠핑장,자라섬캠핑장,,チャラ島キャンプ場,stay,숙박,37.82088,127.52106,30,,"캠핑장 · 강촌레일파크/가평역, 산장관광지 등을 찾은 여행자들이 함께 많이 머문 곳 (연관 6회)",,,,N,N,N,,N,Y,Y,,,,,,http://place.map.kakao.com/8057455,경기 가평군 가평읍 자라섬로 60 · 한국관광공사 연관 관광지(숙박) · 카카오 좌표,
rs253,nation,전국,아산,Asan,,베스트웨스턴 아산호텔,베스트웨스턴 아산호텔,,,stay,숙박,36.79616,127.05341,30,,"호텔 · 당림미술관, 아산스파비스 등을 찾은 여행자들이 함께 많이 머문 곳 (연관 6회)",,,,N,N,N,,N,Y,Y,,,,,,http://place.map.kakao.com/2063683301,충남 아산시 탕정면 온샘로 32 · 한국관광공사 연관 관광지(숙박) · 카카오 좌표,
rs254,nation,전국,단양,Danyang,,한국호텔관광고등학교,한국호텔관광고등학교,,,stay,숙박,36.92755,128.33732,30,,"호텔 · 고수동굴, 단양강잔도 등을 찾은 여행자들이 함께 많이 머문 곳 (연관 6회)",,,,N,N,N,,N,Y,Y,,,,,,http://place.map.kakao.com/8217614,충북 단양군 단성면 북상하리길 69 · 한국관광공사 연관 관광지(숙박) · 카카오 좌표,
rs255,nation,전국,보령,Boryeong,,국군대천콘도,국군대천콘도,,,stay,숙박,36.30134,126.52217,30,,"리조트·콘도 · 개화예술공원, 군헌갯벌체험장 등을 찾은 여행자들이 함께 많이 머문 곳 (연관 6회)",,,,N,N,N,보령시 관광지 (2024 지정),N,Y,Y,,,,,,http://place.map.kakao.com/1208051589,충남 보령시 갓바위1길 10-30 · 한국관광공사 연관 관광지(숙박) · 카카오 좌표,
rs256,nation,전국,서울,Seoul,,안토 서울,안토 서울,,,stay,숙박,37.66382,127.00917,30,,"리조트·콘도 · 도선사, 북서울꿈의숲 등을 찾은 여행자들이 함께 많이 머문 곳 (연관 6회)",,,,N,N,N,,N,Y,Y,,,,,,http://place.map.kakao.com/1820675401,서울 강북구 삼양로 689 · 한국관광공사 연관 관광지(숙박) · 카카오 좌표,
rs257,nation,전국,영덕,Yeongdeok,,호텔글로리엘,호텔글로리엘,,,stay,숙박,36.34502,129.38225,30,,"호텔 · 강구항, 남호해수욕장 등을 찾은 여행자들이 함께 많이 머문 곳 (연관 6회)",,,,N,N,N,,N,Y,Y,,,,,,http://place.map.kakao.com/1721971696,경북 영덕군 강구면 삼사길 109 · 한국관광공사 연관 관광지(숙박) · 카카오 좌표,
rs258,nation,전국,보령,Boryeong,,엘리스테이 보령,엘리스테이 보령,,,stay,숙박,36.23387,126.53636,30,,"리조트·콘도 · 대천해수욕장, 무창포항 등을 찾은 여행자들이 함께 많이 머문 곳 (연관 6회)",,,,N,N,N,,N,Y,Y,,,,,,http://place.map.kakao.com/1478035748,충남 보령시 웅천읍 독산로 746 · 한국관광공사 연관 관광지(숙박) · 카카오 좌표,
rs259,nation,전국,서울,Seoul,,신라스테이 서대문,신라스테이 서대문,,,stay,숙박,37.56519,126.9668,30,,"호텔 · 마장축산물시장, 서울옥션/강남센터 등을 찾은 여행자들이 함께 많이 머문 곳 (연관 6회)",,,,N,N,N,,N,Y,Y,,,,,,http://place.map.kakao.com/26431813,서울 서대문구 충정로 76 · 한국관광공사 연관 관광지(숙박) · 카카오 좌표,
rs260,nation,전국,서울,Seoul,,서울가든호텔,서울가든호텔,,,stay,숙박,37.54068,126.94836,30,,"호텔 · 중곡제일시장, 여의도공원 등을 찾은 여행자들이 함께 많이 머문 곳 (연관 6회)",,,,N,N,N,,N,Y,Y,,,,,,http://place.map.kakao.com/14559009,서울 마포구 마포대로 58 · 한국관광공사 연관 관광지(숙박) · 카카오 좌표,
rs261,nation,전국,서울,Seoul,,그랜드 머큐어 앰배서더 호텔 앤 레지던스 서울 용산,그랜드 머큐어 앰배서더 호텔 앤 레지던스 서울 용산,,,stay,숙박,37.53218,126.96094,30,,"호텔 · 서울광나루안전체험관, 국회의사당/국회박물관 등을 찾은 여행자들이 함께 많이 머문 곳 (연관 6회)",,,,N,N,N,,N,Y,Y,,,,,,http://place.map.kakao.com/59564823,서울 용산구 청파로20길 95 · 한국관광공사 연관 관광지(숙박) · 카카오 좌표,
rs262,nation,전국,서울,Seoul,,인터시티서울호텔,인터시티서울호텔,,,stay,숙박,37.55972,126.83579,30,,"호텔 · 여의도한강공원, 송화벽화시장 등을 찾은 여행자들이 함께 많이 머문 곳 (연관 6회)",,,,N,N,N,,N,Y,Y,,,,,,http://place.map.kakao.com/27305736,서울 강서구 마곡중앙6로 76-3 · 한국관광공사 연관 관광지(숙박) · 카카오 좌표,
rs263,nation,전국,부산,Busan,,부산도시공사 아르피나,부산도시공사 아르피나,,,stay,숙박,35.16466,129.13827,30,,"호스텔 · 서면1번가, 벡스코/제1전시장 등을 찾은 여행자들이 함께 많이 머문 곳 (연관 6회)",,,,N,N,N,,N,Y,Y,,,,,,http://place.map.kakao.com/23151637,부산 해운대구 해운대해변로 35 · 한국관광공사 연관 관광지(숙박) · 카카오 좌표,
rs264,nation,전국,부산,Busan,,호텔아쿠아펠리스,호텔아쿠아펠리스,,,stay,숙박,35.15408,129.11881,30,,"호텔 · 양정시장, 롯데월드 어드벤처 부산 등을 찾은 여행자들이 함께 많이 머문 곳 (연관 6회)",,,,N,N,N,,N,Y,Y,,,,,,http://place.map.kakao.com/25037625,부산 수영구 광안해변로 225 · 한국관광공사 연관 관광지(숙박) · 카카오 좌표,
rs265,nation,전국,부산,Busan,,팔라티움 해운대 바이 소노펠리체,Palatium Haeundae by Sono Felice,Palatium海云台 by Sono Felice,PALATIUM海雲台 by SONO FELICE,stay,숙박,35.16114,129.1596,30,,"호텔 · 부산시민공원, 더베이101 등을 찾은 여행자들이 함께 많이 머문 곳 (연관 6회)",,,,N,N,N,,N,Y,Y,,,,,,http://place.map.kakao.com/477417662,부산 해운대구 구남로30번길 18 · 한국관광공사 연관 관광지(숙박) · 카카오 좌표,
rs266,nation,전국,부산,Busan,,신라스테이 해운대,신라스테이 해운대,,,stay,숙박,35.1598,129.15874,30,,"호텔 · KT&G상상마당/부산, 을숙도공원 등을 찾은 여행자들이 함께 많이 머문 곳 (연관 6회)",,,,N,N,N,,N,Y,Y,,,,,,http://place.map.kakao.com/1295735325,부산 해운대구 해운대로570번길 46 · 한국관광공사 연관 관광지(숙박) · 카카오 좌표,
rs267,nation,전국,평창,Pyeongchang,,알펜시아 홀리데이인리조트호텔,알펜시아 홀리데이인리조트호텔,,,stay,숙박,37.65694,128.67374,30,,"호텔 · 대관령양떼목장, 대관령하늘목장 등을 찾은 여행자들이 함께 많이 머문 곳 (연관 6회)",,,,N,N,N,평창군 관광단지 (2022 지정),N,Y,Y,,,,,,http://place.map.kakao.com/1894917882,강원특별자치도 평창군 대관령면 솔봉로 325 · 한국관광공사 연관 관광지(숙박) · 카카오 좌표,
rs268,nation,전국,밀양,Miryang,,호텔아리나,호텔아리나,,,stay,숙박,35.47897,128.75382,30,,"호텔 · 밀양아리랑대공원, 밀양아리랑시장 등을 찾은 여행자들이 함께 많이 머문 곳 (연관 6회)",,,,N,N,N,,N,Y,Y,,,,,,http://place.map.kakao.com/261958270,경남 밀양시 삼문강변로 82 · 한국관광공사 연관 관광지(숙박) · 카카오 좌표,
rs269,nation,전국,서울,Seoul,,나인트리 프리미어 로카우스 호텔 서울 용산,나인트리 프리미어 로카우스 호텔 서울 용산,,,stay,숙박,37.52747,126.96439,30,,"호텔 · 성심사, 방이시장 등을 찾은 여행자들이 함께 많이 머문 곳 (연관 6회)",,,,N,N,N,,N,Y,Y,,,,,,http://place.map.kakao.com/346968986,서울 용산구 한강대로23길 25 · 한국관광공사 연관 관광지(숙박) · 카카오 좌표,
rs270,nation,전국,제주,Jeju,,켄싱턴리조트 제주중문,켄싱턴리조트 제주중문,,,stay,숙박,33.24752,126.41266,30,,"리조트·콘도 · 싱계물공원, 1100고지습지 등을 찾은 여행자들이 함께 많이 머문 곳 (연관 6회)",,,,N,N,N,서귀포시 관광단지 (2023 지정),N,Y,Y,,,,,,http://place.map.kakao.com/796916033,제주특별자치도 서귀포시 중문관광로72번길 29-29 · 한국관광공사 연관 관광지(숙박) · 카카오 좌표,
rs271,nation,전국,제주,Jeju,,스위트호텔 제주점,스위트호텔 제주점,,,stay,숙박,33.24904,126.40843,30,,"호텔 · 김녕미로공원, 도치돌목장 등을 찾은 여행자들이 함께 많이 머문 곳 (연관 6회)",,,,N,N,N,서귀포시 관광단지 (2023 지정),N,Y,Y,,,,,,http://place.map.kakao.com/27184194,제주특별자치도 서귀포시 중문관광로72번길 67 · 한국관광공사 연관 관광지(숙박) · 카카오 좌표,
rs272,nation,전국,서울,Seoul,,서머셋팰리스 서울,서머셋팰리스 서울,,,stay,숙박,37.57495,126.98108,30,,"호텔 · 국립어린이과학관, 대한민국역사박물관 등을 찾은 여행자들이 함께 많이 머문 곳 (연관 6회)",,,,N,N,N,,N,Y,Y,,,,,,http://place.map.kakao.com/25626178,서울 종로구 율곡로2길 7 · 한국관광공사 연관 관광지(숙박) · 카카오 좌표,
rs273,nation,전국,경주,Gyeongju,,체스터톤스 경주,체스터톤스 경주,,,stay,숙박,35.87931,129.22442,30,,"호텔 · 경주동궁원, 보문호 등을 찾은 여행자들이 함께 많이 머문 곳 (연관 5회)",,,,N,N,N,,N,Y,Y,,,,,,http://place.map.kakao.com/1877668018,경북 경주시 광중길 11 · 한국관광공사 연관 관광지(숙박) · 카카오 좌표,
rs274,nation,전국,충주,Chungju,,보훈휴양원,보훈휴양원,,,stay,숙박,37.05785,127.83154,30,,"리조트·콘도 · 봉은사, 수주팔봉 등을 찾은 여행자들이 함께 많이 머문 곳 (연관 5회)",,,,N,N,N,,N,Y,Y,,,,,,http://place.map.kakao.com/7900986,충북 충주시 중앙탑면 수룡봉황길 553-17 · 한국관광공사 연관 관광지(숙박) · 카카오 좌표,
rs275,nation,전국,경주,Gyeongju,,교원프라퍼티 키녹,교원프라퍼티 키녹,,,stay,숙박,35.8538,129.2774,30,,"호텔 · 기림사, 보문정 등을 찾은 여행자들이 함께 많이 머문 곳 (연관 5회)",,,,N,N,N,경주시 관광단지 (2008 지정),N,Y,Y,,,,,,http://place.map.kakao.com/7975335,경북 경주시 보문로 280-12 · 한국관광공사 연관 관광지(숙박) · 카카오 좌표,
rs276,nation,전국,경주,Gyeongju,,신라레거시호텔,신라레거시호텔,,,stay,숙박,35.84203,129.20249,30,,"호텔 · 경주시 교동 교촌한옥마을, 경주엑스포대공원 등을 찾은 여행자들이 함께 많이 머문 곳 (연관 5회)",,,,N,N,N,,N,Y,Y,,,,,,http://place.map.kakao.com/1985199137,경북 경주시 원효로 14-1 · 한국관광공사 연관 관광지(숙박) · 카카오 좌표,
rs277,nation,전국,용인,Yongin,,선봉레스텔,선봉레스텔,,,stay,숙박,37.24233,127.19009,30,,"숙소 · 아쿠아플라넷/광교, 경기도박물관 등을 찾은 여행자들이 함께 많이 머문 곳 (연관 5회)",,,,N,N,N,,N,Y,Y,,,,,,http://place.map.kakao.com/25613744,경기 용인시 처인구 금학로235번길 26 · 한국관광공사 연관 관광지(숙박) · 카카오 좌표,
rs278,nation,전국,거제,Geoje,,프래밀리풀빌라호텔,프래밀리풀빌라호텔,,,stay,숙박,34.8181,128.70467,30,,"호텔 · 구조라유람선터미널, 구조라해수욕장 등을 찾은 여행자들이 함께 많이 머문 곳 (연관 5회)",,,,N,N,N,,N,Y,Y,,,,,,http://place.map.kakao.com/27537493,경남 거제시 일운면 거제대로 2308 · 한국관광공사 연관 관광지(숙박) · 카카오 좌표,
rs279,nation,전국,정선,Jeongseon,,마이애미정선호텔,마이애미정선호텔,,,stay,숙박,37.20755,128.8442,30,,"호텔 · 고한야한구공탄시장, 병방치스카이워크 등을 찾은 여행자들이 함께 많이 머문 곳 (연관 5회)",,,,N,N,N,,N,Y,Y,,,,,,http://place.map.kakao.com/947225352,강원특별자치도 정선군 고한읍 고한로 45 · 한국관광공사 연관 관광지(숙박) · 카카오 좌표,
rs280,nation,전국,정선,Jeongseon,,하이원리조트 마운틴콘도 아테나키친,하이원리조트 마운틴콘도 아테나키친,,,stay,숙박,37.20814,128.82595,30,,"리조트·콘도 · 메이힐스리조트, 병방치스카이워크 등을 찾은 여행자들이 함께 많이 머문 곳 (연관 5회)",,,,N,N,N,,N,Y,Y,,,,,,http://place.map.kakao.com/2011958837,강원특별자치도 정선군 고한읍 하이원길 265-1 · 한국관광공사 연관 관광지(숙박) · 카카오 좌표,
rs281,nation,전국,여수,Yeosu,,해미리온풀빌라&리조트,해미리온풀빌라&리조트,,,stay,숙박,34.69768,127.75451,30,,"리조트·콘도 · 교동시장, 대경도대합실 등을 찾은 여행자들이 함께 많이 머문 곳 (연관 5회)",,,,N,N,N,,N,Y,Y,,,,,,http://place.map.kakao.com/886301512,전남광주통합특별시 여수시 돌산읍 몰둠벙길 72 · 한국관광공사 연관 관광지(숙박) · 카카오 좌표,
rs282,nation,전국,인천,Incheon,,쉐라톤그랜드 인천호텔,쉐라톤그랜드 인천호텔,,,stay,숙박,37.3902,126.64539,30,,"호텔 · 소래포구, 월미바다역 등을 찾은 여행자들이 함께 많이 머문 곳 (연관 5회)",,,,N,N,N,,N,Y,Y,,,,,,http://place.map.kakao.com/7963305,인천 연수구 컨벤시아대로 153 · 한국관광공사 연관 관광지(숙박) · 카카오 좌표,
rs283,nation,전국,여수,Yeosu,,호텔케니 여수,호텔케니 여수,,,stay,숙박,34.74127,127.73166,30,,"호텔 · 돌산공원, 돌산항 등을 찾은 여행자들이 함께 많이 머문 곳 (연관 5회)",,,,N,N,N,,N,Y,Y,,,,,,http://place.map.kakao.com/495204350,전남광주통합특별시 여수시 충무로 54-2 · 한국관광공사 연관 관광지(숙박) · 카카오 좌표,
rs284,nation,전국,청송,Cheongsong,,주왕산관광호텔,주왕산관광호텔,,,stay,숙박,36.43625,129.06254,30,,"호텔 · 묵계서원, 대전사 등을 찾은 여행자들이 함께 많이 머문 곳 (연관 5회)",,,,N,N,N,,N,Y,Y,,,,,,http://place.map.kakao.com/12487639,경북 청송군 청송읍 중앙로 315 · 한국관광공사 연관 관광지(숙박) · 카카오 좌표,
rs285,nation,전국,수원,Suwon,,노보텔 앰배서더 수원,노보텔 앰배서더 수원,,,stay,숙박,37.26848,126.9991,30,,"호텔 · 수원사, 수원화성박물관 등을 찾은 여행자들이 함께 많이 머문 곳 (연관 5회)",,,,N,N,N,,N,Y,Y,,,,,,http://place.map.kakao.com/27315730,경기 수원시 팔달구 덕영대로 902 · 한국관광공사 연관 관광지(숙박) · 카카오 좌표,
rs286,nation,전국,여수,Yeosu,,깔라까따 호텔&리조트,깔라까따 호텔&리조트,,,stay,숙박,34.70721,127.75706,30,,"호텔 · 녹테마레, 돌산공원 등을 찾은 여행자들이 함께 많이 머문 곳 (연관 5회)",,,,N,N,N,,N,Y,Y,,,,,,http://place.map.kakao.com/138570783,전남광주통합특별시 여수시 돌산읍 진모1길 29-26 · 한국관광공사 연관 관광지(숙박) · 카카오 좌표,
rs287,nation,전국,안동,Andong,,CM파크호텔,CM파크호텔,,,stay,숙박,36.57564,128.49524,30,,"호텔 · 안동하회마을, 안동학가산온천 등을 찾은 여행자들이 함께 많이 머문 곳 (연관 5회)",,,,N,N,N,,N,Y,Y,,,,,,http://place.map.kakao.com/976177244,경북 안동시 풍천면 검무로 10-17 · 한국관광공사 연관 관광지(숙박) · 카카오 좌표,
rs288,nation,전국,안동,Andong,,하운드호텔 안동문화의거리점,하운드호텔 안동문화의거리점,,,stay,숙박,36.56434,128.73626,30,,"호텔 · 도산서원, 병산서원 등을 찾은 여행자들이 함께 많이 머문 곳 (연관 5회)",,,,N,N,N,,N,Y,Y,,,,,,http://place.map.kakao.com/2071824201,경북 안동시 동흥3길 12 · 한국관광공사 연관 관광지(숙박) · 카카오 좌표,
rs289,nation,전국,통영,Tongyeong,,통영갤러리호텔,통영갤러리호텔,,,stay,숙박,34.8292,128.43223,30,,"호텔 · 서피랑공원, 수륙해수욕장 등을 찾은 여행자들이 함께 많이 머문 곳 (연관 5회)",,,,N,N,N,,N,Y,Y,,,,,,http://place.map.kakao.com/11888472,경남 통영시 도남로 257-27 · 한국관광공사 연관 관광지(숙박) · 카카오 좌표,
rs290,nation,전국,김해,Gimhae,,아이스퀘어호텔,아이스퀘어호텔,,,stay,숙박,35.22602,128.88508,30,,"호텔 · 성전암, 김해롯데워터파크/본관 등을 찾은 여행자들이 함께 많이 머문 곳 (연관 5회)",,,,N,N,N,,N,Y,Y,,,,,,http://place.map.kakao.com/25637828,경남 김해시 김해대로 2360 · 한국관광공사 연관 관광지(숙박) · 카카오 좌표,
rs291,nation,전국,울릉,Ulleung,,대아울릉리조트 울릉지점,대아울릉리조트 울릉지점,,,stay,숙박,37.47657,130.89176,30,,"리조트·콘도 · 거북바위, 나리분지 등을 찾은 여행자들이 함께 많이 머문 곳 (연관 5회)",,,,N,N,N,,N,Y,Y,,,,,,http://place.map.kakao.com/8030305,경북 울릉군 울릉읍 사동1길 43 · 한국관광공사 연관 관광지(숙박) · 카카오 좌표,
rs292,nation,전국,남해,Namhae,,엘림마리나앤리조트,엘림마리나앤리조트,,,stay,숙박,34.80096,128.05272,30,,"리조트·콘도 · 독일마을, 물건방조어부림 등을 찾은 여행자들이 함께 많이 머문 곳 (연관 5회)",,,,N,N,N,,N,Y,Y,,,,,,http://place.map.kakao.com/2066818070,경남 남해군 삼동면 동부대로1122번길 74-19 · 한국관광공사 연관 관광지(숙박) · 카카오 좌표,
rs293,nation,전국,양주,Yangju,,호텔그리다,호텔그리다,,,stay,숙박,37.77909,126.95727,30,,"호텔 · 한국등잔박물관, 마장호수 등을 찾은 여행자들이 함께 많이 머문 곳 (연관 5회)",,,,N,N,N,,N,Y,Y,,,,,,http://place.map.kakao.com/402413530,경기 양주시 백석읍 권율로 912 · 한국관광공사 연관 관광지(숙박) · 카카오 좌표,
rs294,nation,전국,양양,Yangyang,,웨이블런트 양양,웨이블런트 양양,,,stay,숙박,37.97746,128.75864,30,,"호텔 · 오산리선사유적지, 인구해변 등을 찾은 여행자들이 함께 많이 머문 곳 (연관 5회)",,,,N,N,N,,N,Y,Y,,,,,,http://place.map.kakao.com/1228765821,강원특별자치도 양양군 현남면 동산큰길 17-5 · 한국관광공사 연관 관광지(숙박) · 카카오 좌표,
rs295,nation,전국,서울,Seoul,,더 리버사이드호텔,더 리버사이드호텔,,,stay,숙박,37.51857,127.01809,30,,"호텔 · 방신재래시장, 예술의전당 등을 찾은 여행자들이 함께 많이 머문 곳 (연관 5회)",,,,N,N,N,,N,Y,Y,,,,,,http://place.map.kakao.com/23201274,서울 서초구 강남대로107길 6 · 한국관광공사 연관 관광지(숙박) · 카카오 좌표,
rs296,nation,전국,목포,Mokpo,,클라우드인호텔 평화광장점,클라우드인호텔 평화광장점,,,stay,숙박,34.80032,126.42983,30,,"호텔 · 갓바위, 국립해양유산연구소 등을 찾은 여행자들이 함께 많이 머문 곳 (연관 5회)",,,,N,N,N,,N,Y,Y,,,,,,http://place.map.kakao.com/1601200611,전남광주통합특별시 목포시 번영로 9 · 한국관광공사 연관 관광지(숙박) · 카카오 좌표,
rs297,nation,전국,인천,Incheon,,오크우드프리미어 인천,오크우드프리미어 인천,,,stay,숙박,37.38914,126.64422,30,,"호텔 · 송도컨벤시아, 송도코마린웨스트보트하우스 등을 찾은 여행자들이 함께 많이 머문 곳 (연관 5회)",,,,N,N,N,,N,Y,Y,,,,,,http://place.map.kakao.com/24976409,인천 연수구 컨벤시아대로 165 · 한국관광공사 연관 관광지(숙박) · 카카오 좌표,
rs298,nation,전국,울릉,Ulleung,,울릉아일랜드펜션,울릉아일랜드펜션,,,stay,숙박,37.53429,130.85564,30,,"펜션·민박 · 포항여객선터미널, 관음도 등을 찾은 여행자들이 함께 많이 머문 곳 (연관 5회)",,,,N,N,N,,N,Y,Y,,,,,,http://place.map.kakao.com/12273349,경북 울릉군 북면 울릉순환로 2938 · 한국관광공사 연관 관광지(숙박) · 카카오 좌표,
rs299,nation,전국,울릉,Ulleung,,시에스타펜션,시에스타펜션,,,stay,숙박,37.5058,130.91352,30,,"펜션·민박 · 관음도, 나리분지 등을 찾은 여행자들이 함께 많이 머문 곳 (연관 5회)",,,,N,N,N,,N,Y,Y,,,,,,http://place.map.kakao.com/137860252,경북 울릉군 울릉읍 울릉순환로 31-19 · 한국관광공사 연관 관광지(숙박) · 카카오 좌표,
rs300,nation,전국,울릉,Ulleung,,스테이22,스테이22,,,stay,숙박,37.47308,130.881,30,,"펜션·민박 · 나리분지, 내수전몽돌해변 등을 찾은 여행자들이 함께 많이 머문 곳 (연관 5회)",,,,N,N,N,,N,Y,Y,,,,,,http://place.map.kakao.com/1660731959,경북 울릉군 울릉읍 옥천2길 24 · 한국관광공사 연관 관광지(숙박) · 카카오 좌표,
rs301,nation,전국,남해,Namhae,,호텔 어반아일랜드,호텔 어반아일랜드,,,stay,숙박,34.91932,128.02543,30,,"호텔 · 구미동해수욕장, 독일마을 등을 찾은 여행자들이 함께 많이 머문 곳 (연관 5회)",,,,N,N,N,,N,Y,Y,,,,,,http://place.map.kakao.com/474367963,경남 남해군 창선면 서부로 1503-22 · 한국관광공사 연관 관광지(숙박) · 카카오 좌표,
rs302,nation,전국,남해,Namhae,,상주비치유스호스텔&펜션,상주비치유스호스텔&펜션,,,stay,숙박,34.721,127.98333,30,,"호스텔 · 독일마을, 물건방조어부림 등을 찾은 여행자들이 함께 많이 머문 곳 (연관 5회)",,,,N,N,N,,N,Y,Y,,,,,,http://place.map.kakao.com/11838623,경남 남해군 상주면 상주로60번길 15 · 한국관광공사 연관 관광지(숙박) · 카카오 좌표,
rs303,nation,전국,영덕,Yeongdeok,,씨아일랜드펜션,씨아일랜드펜션,,,stay,숙박,36.34035,129.38178,30,,"펜션·민박 · 경상북도수목원, 남호해수욕장 등을 찾은 여행자들이 함께 많이 머문 곳 (연관 5회)",,,,N,N,N,,N,Y,Y,,,,,,http://place.map.kakao.com/12412594,경북 영덕군 강구면 동해대로 4280 · 한국관광공사 연관 관광지(숙박) · 카카오 좌표,
rs304,nation,전국,창원,Changwon,,AT비지니스호텔,AT비지니스호텔,,,stay,숙박,35.22435,128.67843,30,,"호텔 · 마산로봇랜드, 마산어시장 등을 찾은 여행자들이 함께 많이 머문 곳 (연관 5회)",,,,N,N,N,,N,Y,Y,,,,,,http://place.map.kakao.com/1290286018,경남 창원시 성산구 용지로 102 · 한국관광공사 연관 관광지(숙박) · 카카오 좌표,
rs305,nation,전국,태안,Taean,,태안비치리조텔,태안비치리조텔,,,stay,숙박,36.68226,126.13654,30,,"리조트·콘도 · 갈음이해수욕장, 국립해양유산연구소/국립태안해양유물전시관 등을 찾은 여행자들이 함께 많이 머문 곳 (연관 5회)",,,,N,N,N,,N,Y,Y,,,,,,http://place.map.kakao.com/16482139,충남 태안군 근흥면 마도길 116 · 한국관광공사 연관 관광지(숙박) · 카카오 좌표,
rs306,nation,전국,논산,Nonsan,,더 시티 호텔,더 시티 호텔,,,stay,숙박,36.20345,127.08914,30,,"호텔 · 관촉사, 논산시민가족공원 등을 찾은 여행자들이 함께 많이 머문 곳 (연관 5회)",,,,N,N,N,,N,Y,Y,,,,,,http://place.map.kakao.com/1941926682,충남 논산시 계백로 1008-4 · 한국관광공사 연관 관광지(숙박) · 카카오 좌표,
rs307,nation,전국,고창,Gochang,,상하농원 파머스빌리지,상하농원 파머스빌리지,,,stay,숙박,35.44522,126.4529,30,,"펜션·민박 · 고창세계유산고인돌박물관, 고창운곡람사르습지자연생태공원 등을 찾은 여행자들이 함께 많이 머문 곳 (연관 5회)",,,,N,N,N,,N,Y,Y,,,,,,http://place.map.kakao.com/1525291873,전북특별자치도 고창군 상하면 상하농원길 6-36 · 한국관광공사 연관 관광지(숙박) · 카카오 좌표,
rs308,nation,전국,여주,Yeoju,,일성남한강콘도&리조트,일성남한강콘도&리조트,,,stay,숙박,37.30133,127.65079,30,,"리조트·콘도 · 세종대왕릉, 여주박물관 등을 찾은 여행자들이 함께 많이 머문 곳 (연관 5회)",,,,N,N,N,,N,Y,Y,,,,,,http://place.map.kakao.com/8061541,경기 여주시 신륵로 5 · 한국관광공사 연관 관광지(숙박) · 카카오 좌표,
rs309,nation,전국,양양,Yangyang,,오색그린야드호텔,Osaek Greenyard Hotel,五色绿园酒店,オセク(五色)グリーンヤードホテル,stay,숙박,38.08022,128.44751,30,,"호텔 · 백담사, 필례게르마늄온천 등을 찾은 여행자들이 함께 많이 머문 곳 (연관 5회)",,,,N,N,N,,N,Y,Y,,,,,,http://place.map.kakao.com/8458713,강원특별자치도 양양군 서면 대청봉길 34 · 한국관광공사 연관 관광지(숙박) · 카카오 좌표,
rs310,nation,전국,아산,Asan,,호텔라그라스 아산점,호텔라그라스 아산점,,,stay,숙박,36.78139,127.00651,30,,"호텔 · 모나밸리, 외암리민속마을 등을 찾은 여행자들이 함께 많이 머문 곳 (연관 5회)",,,,N,N,N,,N,Y,Y,,,,,,http://place.map.kakao.com/448229912,충남 아산시 충무로8번길 22 · 한국관광공사 연관 관광지(숙박) · 카카오 좌표,
rs311,nation,전국,예산,Yesan,,스파뷰호텔,스파뷰호텔,,,stay,숙박,36.68875,126.66213,30,,"호텔 · 아산퍼스트빌리지공룡월드, 서산마애여래삼존상 등을 찾은 여행자들이 함께 많이 머문 곳 (연관 5회)",,,,N,N,N,예산군 관광지 (2009 지정),N,Y,Y,,,,,,http://place.map.kakao.com/27583806,충남 예산군 덕산면 온천단지2로 77 · 한국관광공사 연관 관광지(숙박) · 카카오 좌표,
rs312,nation,전국,인제,Inje,,만해마을,만해마을,,,stay,숙박,38.18636,128.31629,30,,"숙소 · 매바위인공폭포, 백담사 등을 찾은 여행자들이 함께 많이 머문 곳 (연관 5회)",,,,N,N,N,인제군 관광지 (2008 지정),N,Y,Y,,,,,,http://place.map.kakao.com/18087919,강원특별자치도 인제군 북면 만해로 91 · 한국관광공사 연관 관광지(숙박) · 카카오 좌표,
rs313,nation,전국,서울,Seoul,,신라스테이 삼성,신라스테이 삼성,,,stay,숙박,37.50991,127.06318,30,,"호텔 · 신성종합시장, 잠실한강공원 등을 찾은 여행자들이 함께 많이 머문 곳 (연관 5회)",,,,N,N,N,,N,Y,Y,,,,,,http://place.map.kakao.com/1117108402,서울 강남구 영동대로 506 · 한국관광공사 연관 관광지(숙박) · 카카오 좌표,
rs314,nation,전국,구미,Gumi,,라마다바이윈덤 구미호텔,라마다바이윈덤 구미호텔,,,stay,숙박,36.10983,128.41832,30,,"호텔 · 금오랜드, 금오산 등을 찾은 여행자들이 함께 많이 머문 곳 (연관 5회)",,,,N,N,N,,N,Y,Y,,,,,,http://place.map.kakao.com/415540825,경북 구미시 인동중앙로3길 41 · 한국관광공사 연관 관광지(숙박) · 카카오 좌표,
rs315,nation,전국,서울,Seoul,,페어필드 바이 메리어트 서울,페어필드 바이 메리어트 서울,,,stay,숙박,37.51699,126.90928,30,,"호텔 · 국회의사당/국회박물관, 타임스퀘어 등을 찾은 여행자들이 함께 많이 머문 곳 (연관 5회)",,,,N,N,N,,N,Y,Y,,,,,,http://place.map.kakao.com/1580149613,서울 영등포구 경인로 870 · 한국관광공사 연관 관광지(숙박) · 카카오 좌표,
rs316,nation,전국,서울,Seoul,,하이서울유스호스텔,하이서울유스호스텔,,,stay,숙박,37.52561,126.90325,30,,"호스텔 · 삼각어린이공원, 정동1928 등을 찾은 여행자들이 함께 많이 머문 곳 (연관 5회)",,,,N,N,N,,N,Y,Y,,,,,,http://place.map.kakao.com/12827468,서울 영등포구 영신로 200 · 한국관광공사 연관 관광지(숙박) · 카카오 좌표,
rs317,nation,전국,서울,Seoul,,아미드호텔서울,아미드호텔서울,,,stay,숙박,37.57257,126.98424,30,,"호텔 · 대림중앙시장, 양화한강공원 등을 찾은 여행자들이 함께 많이 머문 곳 (연관 5회)",,,,N,N,N,,N,Y,Y,,,,,,http://place.map.kakao.com/1792810417,서울 종로구 인사동5길 38 · 한국관광공사 연관 관광지(숙박) · 카카오 좌표,
rs318,nation,전국,서울,Seoul,,레이크호텔,레이크호텔,,,stay,숙박,37.50687,127.10099,30,,"호텔 · 가락동농수산물도매시장, 올림픽공원 등을 찾은 여행자들이 함께 많이 머문 곳 (연관 5회)",,,,N,N,N,,N,Y,Y,,,,,,http://place.map.kakao.com/7858588,서울 송파구 석촌호수로 216 · 한국관광공사 연관 관광지(숙박) · 카카오 좌표,
rs319,nation,전국,서울,Seoul,,메이필드호텔 서울,Mayfield Hotel Seoul,首尔Mayfield酒店,メイフィールドホテル・ソウル,stay,숙박,37.54714,126.8191,30,,"호텔 · 겸재정선미술관, 국립항공박물관 등을 찾은 여행자들이 함께 많이 머문 곳 (연관 5회)",,,,N,N,N,,N,Y,Y,,,,,,http://place.map.kakao.com/7870546,서울 강서구 방화대로 94 · 한국관광공사 연관 관광지(숙박) · 카카오 좌표,
rs320,nation,전국,제주,Jeju,,호텔브릿지 서귀포,호텔브릿지 서귀포,,,stay,숙박,33.24549,126.56662,30,,"호텔 · 스누피가든, 강정천 등을 찾은 여행자들이 함께 많이 머문 곳 (연관 5회)",,,,N,N,N,,N,Y,Y,,,,,,http://place.map.kakao.com/2121670383,제주특별자치도 서귀포시 태평로 436 · 한국관광공사 연관 관광지(숙박) · 카카오 좌표,
rs321,nation,전국,제주,Jeju,,JW 메리어트 제주 리조트 & 스파,JW Marriott Jeju Resort & Spa,JW万豪济州度假村及水疗中心,JWマリオット・チェジュ(済州)・リゾート＆スパ,stay,숙박,33.2438,126.53854,30,,"호텔 · 걸매생태공원, 기당미술관 등을 찾은 여행자들이 함께 많이 머문 곳 (연관 5회)",,,,N,N,N,,N,Y,Y,,,,,,http://place.map.kakao.com/1292047314,제주특별자치도 서귀포시 태평로 152 · 한국관광공사 연관 관광지(숙박) · 카카오 좌표,
rs322,nation,전국,제주,Jeju,,더그랜드섬오름,더그랜드섬오름,,,stay,숙박,33.23283,126.50972,30,,"호텔 · 구두미포구, 논짓물 등을 찾은 여행자들이 함께 많이 머문 곳 (연관 5회)",,,,N,N,N,,N,Y,Y,,,,,,http://place.map.kakao.com/207515165,제주특별자치도 서귀포시 막숙포로 118 · 한국관광공사 연관 관광지(숙박) · 카카오 좌표,
rs323,nation,전국,제주,Jeju,,롯데시티호텔 제주,롯데시티호텔 제주,,,stay,숙박,33.49069,126.48648,30,,"호텔 · 김만덕기념관, 도두봉 등을 찾은 여행자들이 함께 많이 머문 곳 (연관 5회)",,,,N,N,N,,N,Y,Y,,,,,,http://place.map.kakao.com/23183577,제주특별자치도 제주시 도령로 83 · 한국관광공사 연관 관광지(숙박) · 카카오 좌표,
rs324,nation,전국,제주,Jeju,,롯데리조트 제주아트빌라스,롯데리조트 제주아트빌라스,,,stay,숙박,33.28795,126.41603,30,,"리조트·콘도 · 기당미술관, 대유ATV수렵사격랜드 등을 찾은 여행자들이 함께 많이 머문 곳 (연관 5회)",,,,N,N,N,,N,Y,Y,,,,,,http://place.map.kakao.com/12789053,제주특별자치도 서귀포시 색달중앙로252번길 124 · 한국관광공사 연관 관광지(숙박) · 카카오 좌표,
rs325,nation,전국,영월,Yeongwol,,김삿갓계곡캠핑장,김삿갓계곡캠핑장,,,stay,숙박,37.07951,128.6023,30,,"캠핑장 · 김삿갓문학관, 내리계곡솔밭캠핑장 등을 찾은 여행자들이 함께 많이 머문 곳 (연관 5회)",,,,N,N,N,,N,Y,Y,,,,,,http://place.map.kakao.com/20596224,강원특별자치도 영월군 김삿갓면 김삿갓로 216-26 · 한국관광공사 연관 관광지(숙박) · 카카오 좌표,
rs326,nation,전국,태백,Taebaek,,태백눈꽃야영장,태백눈꽃야영장,,,stay,숙박,37.13208,128.9614,30,,"캠핑장 · 365세이프타운, 석탄박물관 등을 찾은 여행자들이 함께 많이 머문 곳 (연관 4회)",,,,N,N,N,,N,Y,Y,,,,,,http://place.map.kakao.com/389443199,강원특별자치도 태백시 태백산로 4771 · 한국관광공사 연관 관광지(숙박) · 카카오 좌표,
rs327,nation,전국,인천,Incheon,,골든튤립 호텔&스위트,골든튤립 호텔&스위트,,,stay,숙박,37.49226,126.49241,30,,"호텔 · 송월동동화마을, 인천국제공항/제1여객터미널 등을 찾은 여행자들이 함께 많이 머문 곳 (연관 4회)",,,,N,N,N,,N,Y,Y,,,,,,http://place.map.kakao.com/1966288943,인천 영종구 흰바위로59번길 8 · 한국관광공사 연관 관광지(숙박) · 카카오 좌표,
rs328,nation,전국,안동,Andong,,안동케이스호텔,안동케이스호텔,,,stay,숙박,36.5514,128.73551,30,,"호텔 · 경상북도독립운동기념관, 안동소주전통음식박물관 등을 찾은 여행자들이 함께 많이 머문 곳 (연관 4회)",,,,N,N,N,,N,Y,Y,,,,,,http://place.map.kakao.com/385555451,경북 안동시 강남2길 60-16 · 한국관광공사 연관 관광지(숙박) · 카카오 좌표,
rs329,nation,전국,공주,Gongju,,공주관광호텔잉크,공주관광호텔잉크,,,stay,숙박,36.46975,127.13012,30,,"호텔 · 공산성, 국립공주박물관 등을 찾은 여행자들이 함께 많이 머문 곳 (연관 4회)",,,,N,N,N,,N,Y,Y,,,,,,http://place.map.kakao.com/345028285,충남 공주시 전막2길 10-10 · 한국관광공사 연관 관광지(숙박) · 카카오 좌표,
rs330,nation,전국,고창,Gochang,,동호비치호텔,동호비치호텔,,,stay,숙박,35.51969,126.48489,30,,"호텔 · 고창읍성, 고창판소리박물관 등을 찾은 여행자들이 함께 많이 머문 곳 (연관 4회)",,,,N,N,N,,N,Y,Y,,,,,,http://place.map.kakao.com/634536002,전북특별자치도 고창군 해리면 구동호1길 42 · 한국관광공사 연관 관광지(숙박) · 카카오 좌표,
rs331,nation,전국,양양,Yangyang,,연화문호텔 양양,연화문호텔 양양,,,stay,숙박,38.04338,128.66207,30,,"호텔 · 인구해변, 하조대 등을 찾은 여행자들이 함께 많이 머문 곳 (연관 4회)",,,,N,N,N,,N,Y,Y,,,,,,http://place.map.kakao.com/366877899,강원특별자치도 양양군 손양면 서양길 12 · 한국관광공사 연관 관광지(숙박) · 카카오 좌표,
rs332,nation,전국,아산,Asan,,더위트도고,더위트도고,,,stay,숙박,36.76118,126.88813,30,,"리조트·콘도 · 신정호공원, 아산스파비스 등을 찾은 여행자들이 함께 많이 머문 곳 (연관 4회)",,,,N,N,N,,N,Y,Y,,,,,,http://place.map.kakao.com/26422941,충남 아산시 도고면 기곡로62번길 6-8 · 한국관광공사 연관 관광지(숙박) · 카카오 좌표,
rs333,nation,전국,단양,Danyang,,오무아무아 풀빌라,오무아무아 풀빌라,,,stay,숙박,36.91018,128.34612,30,,"펜션·민박 · 고수동굴, 사인암 등을 찾은 여행자들이 함께 많이 머문 곳 (연관 4회)",,,,N,N,N,,N,Y,Y,,,,,,http://place.map.kakao.com/602180492,충북 단양군 대강면 사인암로 621 · 한국관광공사 연관 관광지(숙박) · 카카오 좌표,
rs334,nation,전국,부산,Busan,,더클럽호텔 연화리점,더클럽호텔 연화리점,,,stay,숙박,35.22044,129.22709,30,,"호텔 · 오시리아해안산책로, 일광해수욕장 등을 찾은 여행자들이 함께 많이 머문 곳 (연관 4회)",,,,N,N,N,,N,Y,Y,,,,,,http://place.map.kakao.com/1283394432,부산 기장군 기장읍 연화길 78 · 한국관광공사 연관 관광지(숙박) · 카카오 좌표,
rs335,nation,전국,원주,Wonju,,원주 센트럴호텔,원주 센트럴호텔,,,stay,숙박,37.34034,127.92397,30,,"호텔 · 법흥사, 국형사 등을 찾은 여행자들이 함께 많이 머문 곳 (연관 4회)",,,,N,N,N,,N,Y,Y,,,,,,http://place.map.kakao.com/351741112,강원특별자치도 원주시 시청로 29-3 · 한국관광공사 연관 관광지(숙박) · 카카오 좌표,
rs336,nation,전국,영월,Yeongwol,,산골초가펜션,산골초가펜션,,,stay,숙박,37.3167,128.45162,30,,"펜션·민박 · 라디오스타박물관, 물무리골생태학습장 등을 찾은 여행자들이 함께 많이 머문 곳 (연관 4회)",,,,N,N,N,,N,Y,Y,,,,,,http://place.map.kakao.com/11808018,강원특별자치도 영월군 북면 굴앞마을길 64-98 · 한국관광공사 연관 관광지(숙박) · 카카오 좌표,
rs337,nation,전국,서울,Seoul,,JW 메리어트 동대문 스퀘어 서울,JW 메리어트 동대문 스퀘어 서울,,,stay,숙박,37.57023,127.00875,30,,"호텔 · 서울풍물시장, 안중근의사기념관 등을 찾은 여행자들이 함께 많이 머문 곳 (연관 4회)",,,,N,N,N,,N,Y,Y,,,,,,http://place.map.kakao.com/23323052,서울 종로구 청계천로 279 · 한국관광공사 연관 관광지(숙박) · 카카오 좌표,
rs338,nation,전국,충주,Chungju,,라마다 바이윈덤 호텔 충주 수안보,라마다 바이윈덤 호텔 충주 수안보,,,stay,숙박,36.84569,127.99399,30,,"호텔 · 미륵대원지, 중앙탑공원 등을 찾은 여행자들이 함께 많이 머문 곳 (연관 4회)",,,,N,N,N,,N,Y,Y,,,,,,http://place.map.kakao.com/1676229293,충북 충주시 수안보면 조산공원길 99 · 한국관광공사 연관 관광지(숙박) · 카카오 좌표,
rs339,nation,전국,경주,Gyeongju,,마우나오션리조트,마우나오션리조트,,,stay,숙박,35.68652,129.37001,30,,"리조트·콘도 · 경주양남주상절리, 경주화랑의언덕 등을 찾은 여행자들이 함께 많이 머문 곳 (연관 4회)",,,,N,N,N,경주시 관광단지 (2026 지정),N,Y,Y,,,,,,http://place.map.kakao.com/14872645,경북 경주시 양남면 동남로 1021 · 한국관광공사 연관 관광지(숙박) · 카카오 좌표,
rs340,nation,전국,영덕,Yeongdeok,,옥계계곡 야영장,옥계계곡 야영장,,,stay,숙박,36.33273,129.27022,30,,"캠핑장 · 관성솔밭해변, 청송얼음골 등을 찾은 여행자들이 함께 많이 머문 곳 (연관 4회)",,,,N,N,N,,N,Y,Y,,,,,,http://place.map.kakao.com/17653026,경북 영덕군 달산면 옥계리 232 · 한국관광공사 연관 관광지(숙박) · 카카오 좌표,
rs341,nation,전국,용인,Yongin,,더트리니 어반스위트,더트리니 어반스위트,,,stay,숙박,37.23754,127.18074,30,,"호텔 · 창룡문, 한국민속촌 등을 찾은 여행자들이 함께 많이 머문 곳 (연관 4회)",,,,N,N,N,,N,Y,Y,,,,,,http://place.map.kakao.com/747338094,경기 용인시 처인구 중부대로 1218 · 한국관광공사 연관 관광지(숙박) · 카카오 좌표,
rs342,nation,전국,철원,Cheorwon,,브라운도트호텔 동송점,브라운도트호텔 동송점,,,stay,숙박,38.20728,127.21676,30,,"호텔 · 노동당사, 삼부연폭포 등을 찾은 여행자들이 함께 많이 머문 곳 (연관 4회)",,,,N,N,N,,N,Y,Y,,,,,,http://place.map.kakao.com/638274690,강원특별자치도 철원군 동송읍 이평1로12번길 10 · 한국관광공사 연관 관광지(숙박) · 카카오 좌표,
rs343,nation,전국,인천,Incheon,,오라카이 송도파크호텔 BW 프리미어 컬렉션,오라카이 송도파크호텔 BW 프리미어 컬렉션,,,stay,숙박,37.38812,126.6408,30,,"호텔 · 약사사, 짜장면박물관 등을 찾은 여행자들이 함께 많이 머문 곳 (연관 4회)",,,,N,N,N,,N,Y,Y,,,,,,http://place.map.kakao.com/19357136,인천 연수구 테크노파크로 151 · 한국관광공사 연관 관광지(숙박) · 카카오 좌표,
rs344,nation,전국,담양,Damyang,,브라운도트 전남담양점,브라운도트 전남담양점,,,stay,숙박,35.30937,126.98358,30,,"호텔 · 낭도, 메타프로방스 등을 찾은 여행자들이 함께 많이 머문 곳 (연관 4회)",,,,N,N,N,,N,Y,Y,,,,,,http://place.map.kakao.com/32158095,전남광주통합특별시 담양군 담양읍 무정로 23 · 한국관광공사 연관 관광지(숙박) · 카카오 좌표,
rs345,nation,전국,인천,Incheon,,골드코스트인천오피스텔,골드코스트인천오피스텔,,,stay,숙박,37.40243,126.70795,30,,"호텔 · 논현포대근린공원, 늘솔길공원양떼목장 등을 찾은 여행자들이 함께 많이 머문 곳 (연관 4회)",,,,N,N,N,,N,Y,Y,,,,,,http://place.map.kakao.com/400489466,인천 남동구 논현로26번길 46 · 한국관광공사 연관 관광지(숙박) · 카카오 좌표,
rs346,nation,전국,여수,Yeosu,,여수스테이호텔,여수스테이호텔,,,stay,숙박,34.73182,127.7238,30,,"호텔 · 돌산공원, 모사금해변 등을 찾은 여행자들이 함께 많이 머문 곳 (연관 4회)",,,,N,N,N,,N,Y,Y,,,,,,http://place.map.kakao.com/2145345022,전남광주통합특별시 여수시 봉산남8길 17-15 · 한국관광공사 연관 관광지(숙박) · 카카오 좌표,
rs347,nation,전국,인천,Incheon,,웨스턴그레이스호텔,웨스턴그레이스호텔,,,stay,숙박,37.49026,126.58147,30,,"호텔 · 송월동동화마을, 광명항선착장 등을 찾은 여행자들이 함께 많이 머문 곳 (연관 4회)",,,,N,N,N,,N,Y,Y,,,,,,http://place.map.kakao.com/220761012,인천 영종구 은하수로29번길 36 · 한국관광공사 연관 관광지(숙박) · 카카오 좌표,
rs348,nation,전국,목포,Mokpo,,호텔더시티,호텔더시티,,,stay,숙박,34.81127,126.44762,30,,"호텔 · 고하도선착장, 고하도전망대 등을 찾은 여행자들이 함께 많이 머문 곳 (연관 4회)",,,,N,N,N,,N,Y,Y,,,,,,http://place.map.kakao.com/201363522,전남광주통합특별시 목포시 남악1로52번길 23-6 · 한국관광공사 연관 관광지(숙박) · 카카오 좌표,
rs349,nation,전국,진주,Jinju,,라온스테이인페를라,라온스테이인페를라,,,stay,숙박,35.17808,128.13957,30,,"호텔 · 경상남도수목원, 국립진주박물관 등을 찾은 여행자들이 함께 많이 머문 곳 (연관 4회)",,,,N,N,N,,N,Y,Y,,,,,,http://place.map.kakao.com/217742410,경남 진주시 영천강로 164 · 한국관광공사 연관 관광지(숙박) · 카카오 좌표,
rs350,nation,전국,인천,Incheon,,브라운도트호텔 공항신도시점,브라운도트호텔 공항신도시점,,,stay,숙박,37.49451,126.48889,30,,"호텔 · 인천상륙작전기념관, 삼목선착장 등을 찾은 여행자들이 함께 많이 머문 곳 (연관 4회)",,,,N,N,N,,N,Y,Y,,,,,,http://place.map.kakao.com/642152400,인천 영종구 신도시남로149번길 15 · 한국관광공사 연관 관광지(숙박) · 카카오 좌표,
rs351,nation,전국,영주,Yeongju,,영주온천관광호텔,영주온천관광호텔,,,stay,숙박,36.81663,128.60572,30,,"호텔 · 국립산림치유원, 부석사 등을 찾은 여행자들이 함께 많이 머문 곳 (연관 4회)",,,,N,N,N,,N,Y,Y,,,,,,http://place.map.kakao.com/19939480,경북 영주시 대학로240번길 8 · 한국관광공사 연관 관광지(숙박) · 카카오 좌표,
rs352,nation,전국,인천,Incheon,,어반스테이 인천차이나타운,어반스테이 인천차이나타운,,,stay,숙박,37.46368,126.63208,30,,"숙소 · 신흥시장, 인천항연안여객터미널 등을 찾은 여행자들이 함께 많이 머문 곳 (연관 4회)",,,,N,N,N,,N,Y,Y,,,,,,http://place.map.kakao.com/1724163363,인천 제물포구 서해대로417번길 1 · 한국관광공사 연관 관광지(숙박) · 카카오 좌표,
rs353,nation,전국,울릉,Ulleung,,다온프라임호텔,다온프라임호텔,,,stay,숙박,37.49463,130.90881,30,,"호텔 · 포항여객선터미널, 거북바위 등을 찾은 여행자들이 함께 많이 머문 곳 (연관 4회)",,,,N,N,N,,N,Y,Y,,,,,,http://place.map.kakao.com/779162783,경북 울릉군 울릉읍 봉래길 6-75 · 한국관광공사 연관 관광지(숙박) · 카카오 좌표,
rs354,nation,전국,울릉,Ulleung,,추산노을빛펜션,추산노을빛펜션,,,stay,숙박,37.5342,130.84972,30,,"펜션·민박 · 포항여객선터미널, 관음도 등을 찾은 여행자들이 함께 많이 머문 곳 (연관 4회)",,,,N,N,N,,N,Y,Y,,,,,,http://place.map.kakao.com/185233645,경북 울릉군 북면 울릉순환로 2882 · 한국관광공사 연관 관광지(숙박) · 카카오 좌표,
rs355,nation,전국,울릉,Ulleung,,비치온관광호텔,비치온관광호텔,,,stay,숙박,37.46191,130.87583,30,,"호텔 · 거북바위, 도동항 등을 찾은 여행자들이 함께 많이 머문 곳 (연관 4회)",,,,N,N,N,,N,Y,Y,,,,,,http://place.map.kakao.com/563043423,경북 울릉군 울릉읍 울릉순환로 772 · 한국관광공사 연관 관광지(숙박) · 카카오 좌표,
rs356,nation,전국,울릉,Ulleung,,웅포야영장,웅포야영장,,,stay,숙박,37.52599,130.82002,30,,"캠핑장 · 거북바위, 관음도 등을 찾은 여행자들이 함께 많이 머문 곳 (연관 4회)",,,,N,N,N,,N,Y,Y,,,,,,http://place.map.kakao.com/1479483184,경북 울릉군 북면 현포리 714-1 · 한국관광공사 연관 관광지(숙박) · 카카오 좌표,
rs357,nation,전국,순천,Suncheon,,브라운도트호텔 순천역점,브라운도트호텔 순천역점,,,stay,숙박,34.9445,127.50489,30,,"호텔 · 선암사, 순천만국가정원 등을 찾은 여행자들이 함께 많이 머문 곳 (연관 4회)",,,,N,N,N,,N,Y,Y,,,,,,http://place.map.kakao.com/1170072110,전남광주통합특별시 순천시 팔마로 153 · 한국관광공사 연관 관광지(숙박) · 카카오 좌표,
rs358,nation,전국,순천,Suncheon,,에코그라드호텔,에코그라드호텔,,,stay,숙박,34.95402,127.5217,30,,"호텔 · 선암사, 순천만습지 등을 찾은 여행자들이 함께 많이 머문 곳 (연관 4회)",,,,N,N,N,,N,Y,Y,,,,,,http://place.map.kakao.com/8247986,전남광주통합특별시 순천시 백강로 234 · 한국관광공사 연관 관광지(숙박) · 카카오 좌표,
rs359,nation,전국,용인,Yongin,,얼레이호텔,얼레이호텔,,,stay,숙박,37.2885,127.09776,30,,"호텔 · 백남준아트센터, 한국민속촌 등을 찾은 여행자들이 함께 많이 머문 곳 (연관 4회)",,,,N,N,N,,N,Y,Y,,,,,,http://place.map.kakao.com/27491581,경기 용인시 기흥구 신정로 231 · 한국관광공사 연관 관광지(숙박) · 카카오 좌표,
rs360,nation,전국,남원,Namwon,,일성지리산콘도&리조트,일성지리산콘도&리조트,,,stay,숙박,35.42306,127.62071,30,,"리조트·콘도 · 남원항공우주천문대, 실상사 등을 찾은 여행자들이 함께 많이 머문 곳 (연관 4회)",,,,N,N,N,,N,Y,Y,,,,,,http://place.map.kakao.com/11291963,전북특별자치도 남원시 산내면 천왕봉로 626-25 · 한국관광공사 연관 관광지(숙박) · 카카오 좌표,
rs361,nation,전국,아산,Asan,,온양제일호텔,온양제일호텔,,,stay,숙박,36.78213,126.99965,30,,"호텔 · 광덕사, 영인산자연휴양림 등을 찾은 여행자들이 함께 많이 머문 곳 (연관 4회)",,,,N,N,N,,N,Y,Y,,,,,,http://place.map.kakao.com/8016904,충남 아산시 온천대로 1462 · 한국관광공사 연관 관광지(숙박) · 카카오 좌표,
rs362,nation,전국,군산,Gunsan,,탑클라우드호텔 군산점,탑클라우드호텔 군산점,,,stay,숙박,35.96475,126.73577,30,,"호텔 · 국립신시도자연휴양림, 무녀도 등을 찾은 여행자들이 함께 많이 머문 곳 (연관 4회)",,,,N,N,N,,N,Y,Y,,,,,,http://place.map.kakao.com/365251950,전북특별자치도 군산시 번영로 150-13 · 한국관광공사 연관 관광지(숙박) · 카카오 좌표,
rs363,nation,전국,군산,Gunsan,,브라운도트호텔 군산터미널점,브라운도트호텔 군산터미널점,,,stay,숙박,35.97701,126.72308,30,,"호텔 · 무녀도, 옥돌해변 등을 찾은 여행자들이 함께 많이 머문 곳 (연관 4회)",,,,N,N,N,,N,Y,Y,,,,,,http://place.map.kakao.com/2090037700,전북특별자치도 군산시 중앙로 18-5 · 한국관광공사 연관 관광지(숙박) · 카카오 좌표,
rs364,nation,전국,군산,Gunsan,,베니키아아리울호텔,베니키아아리울호텔,,,stay,숙박,35.9463,126.56159,30,,"호텔 · 새만금비응공원, 옥돌해변 등을 찾은 여행자들이 함께 많이 머문 곳 (연관 4회)",,,,N,N,N,,N,Y,Y,,,,,,http://place.map.kakao.com/13577876,전북특별자치도 군산시 가도안1길 45 · 한국관광공사 연관 관광지(숙박) · 카카오 좌표,
rs365,nation,전국,태안,Taean,,골든비치펜션,골든비치펜션,,,stay,숙박,36.83677,126.18426,30,,"펜션·민박 · 민어도선착장, 천리포수목원 등을 찾은 여행자들이 함께 많이 머문 곳 (연관 4회)",,,,N,N,N,,N,Y,Y,,,,,,http://place.map.kakao.com/23210229,충남 태안군 원북면 신두해변길 141 · 한국관광공사 연관 관광지(숙박) · 카카오 좌표,
rs366,nation,전국,창원,Changwon,,그랜드시티 호텔 창원,그랜드시티 호텔 창원,,,stay,숙박,35.22149,128.67908,30,,"호텔 · 속천항, 문신미술관 등을 찾은 여행자들이 함께 많이 머문 곳 (연관 4회)",,,,N,N,N,,N,Y,Y,,,,,,http://place.map.kakao.com/312506778,경남 창원시 성산구 중앙대로 78 · 한국관광공사 연관 관광지(숙박) · 카카오 좌표,
rs367,nation,전국,태안,Taean,,말리오션스파펜션,말리오션스파펜션,,,stay,숙박,36.78657,126.14504,30,,"펜션·민박 · 신두리사구센터, 유류피해극복기념관 등을 찾은 여행자들이 함께 많이 머문 곳 (연관 4회)",,,,N,N,N,태안군 관광지 (2015 지정),N,Y,Y,,,,,,http://place.map.kakao.com/1692246980,충남 태안군 소원면 만리포1길 95 · 한국관광공사 연관 관광지(숙박) · 카카오 좌표,
rs368,nation,전국,가평,Gapyeong,,연인산리조트,연인산리조트,,,stay,숙박,37.90308,127.50236,30,,"펜션·민박 · 강촌레일파크/가평역, 대원사 등을 찾은 여행자들이 함께 많이 머문 곳 (연관 4회)",,,,N,N,N,,N,Y,Y,,,,,,http://place.map.kakao.com/25047405,경기 가평군 북면 가화로 1575-16 · 한국관광공사 연관 관광지(숙박) · 카카오 좌표,
rs369,nation,전국,가평,Gapyeong,,농업회사법인 산들애파크 188다산트라,농업회사법인 산들애파크 188다산트라,,,stay,숙박,37.85852,127.34471,30,,"펜션·민박 · 강촌레일파크/가평역, 쁘띠프랑스 등을 찾은 여행자들이 함께 많이 머문 곳 (연관 4회)",,,,N,N,N,,N,Y,Y,,,,,,http://place.map.kakao.com/1518827808,경기 가평군 조종면 현등사길 55-430 · 한국관광공사 연관 관광지(숙박) · 카카오 좌표,
rs370,nation,전국,함양,Hamyang,,용추계곡제2야영장,용추계곡제2야영장,,,stay,숙박,35.68419,127.76564,30,,"캠핑장 · 용추자연휴양림, 함양남계서원 등을 찾은 여행자들이 함께 많이 머문 곳 (연관 4회)",,,,N,N,N,,N,Y,Y,,,,,,http://place.map.kakao.com/17606552,경남 함양군 안의면 용추계곡로 625 · 한국관광공사 연관 관광지(숙박) · 카카오 좌표,
rs371,nation,전국,부안,Buan,,연화문호텔 변산,연화문호텔 변산,,,stay,숙박,35.66776,126.51626,30,,"호텔 · 고창고인돌군, 곰소염전 등을 찾은 여행자들이 함께 많이 머문 곳 (연관 4회)",,,,N,N,N,,N,Y,Y,,,,,,http://place.map.kakao.com/82268573,전북특별자치도 부안군 변산면 변산해변로 799-47 · 한국관광공사 연관 관광지(숙박) · 카카오 좌표,
rs372,nation,전국,김해,Gimhae,,파인그로브호텔,파인그로브호텔,,,stay,숙박,35.19296,128.79785,30,,"호텔 · 함양대봉산휴양밸리, 김해천문대 등을 찾은 여행자들이 함께 많이 머문 곳 (연관 4회)",,,,N,N,N,,N,Y,Y,,,,,,http://place.map.kakao.com/25495918,경남 김해시 번화1로67번길 20 · 한국관광공사 연관 관광지(숙박) · 카카오 좌표,
rs373,nation,전국,영덕,Yeongdeok,,풀빌라식스,풀빌라식스,,,stay,숙박,36.31098,129.3793,30,,"펜션·민박 · 남호해수욕장, 삼사해상공원 등을 찾은 여행자들이 함께 많이 머문 곳 (연관 4회)",,,,N,N,N,,N,Y,Y,,,,,,http://place.map.kakao.com/183173983,경북 영덕군 남정면 동해대로 3934 · 한국관광공사 연관 관광지(숙박) · 카카오 좌표,
rs374,nation,전국,밀양,Miryang,,밀양댐오토캠핑장,밀양댐오토캠핑장,,,stay,숙박,35.49311,128.92847,30,,"캠핑장 · 여여정사, 영남알프스얼음골케이블카 등을 찾은 여행자들이 함께 많이 머문 곳 (연관 4회)",,,,N,N,N,,N,Y,Y,,,,,,http://place.map.kakao.com/25968152,경남 밀양시 단장면 고례로 855 · 한국관광공사 연관 관광지(숙박) · 카카오 좌표,
rs375,nation,전국,세종,Sejong,,베스트웨스턴 플러스 호텔세종,베스트웨스턴 플러스 호텔세종,,,stay,숙박,36.50008,127.25843,30,,"호텔 · 국립세종수목원, 대통령기록관 등을 찾은 여행자들이 함께 많이 머문 곳 (연관 4회)",,,,N,N,N,,N,Y,Y,,,,,,http://place.map.kakao.com/1605125936,세종특별자치시 도움1로 7 · 한국관광공사 연관 관광지(숙박) · 카카오 좌표,
rs376,nation,전국,서울,Seoul,,토요코인호텔 서울강남점,토요코인호텔 서울강남점,,,stay,숙박,37.49188,127.02997,30,,"호텔 · 어린이대공원, 신사공원 등을 찾은 여행자들이 함께 많이 머문 곳 (연관 4회)",,,,N,N,N,,N,Y,Y,,,,,,http://place.map.kakao.com/798211435,서울 서초구 강남대로 323 · 한국관광공사 연관 관광지(숙박) · 카카오 좌표,
rs377,nation,전국,서울,Seoul,,로이넷호텔 서울마포,로이넷호텔 서울마포,,,stay,숙박,37.54185,126.94829,30,,"호텔 · 여의도한강공원, 세빛섬 등을 찾은 여행자들이 함께 많이 머문 곳 (연관 4회)",,,,N,N,N,,N,Y,Y,,,,,,http://place.map.kakao.com/1990395068,서울 마포구 마포대로 67 · 한국관광공사 연관 관광지(숙박) · 카카오 좌표,
rs378,nation,전국,서울,Seoul,,강동그린웨이 가족캠핑장,강동그린웨이 가족캠핑장,,,stay,숙박,37.53587,127.15409,30,,"캠핑장 · 화계사, 통인시장 등을 찾은 여행자들이 함께 많이 머문 곳 (연관 4회)",,,,N,N,N,,N,Y,Y,,,,,,http://place.map.kakao.com/11455878,서울 강동구 천호대로206길 87 · 한국관광공사 연관 관광지(숙박) · 카카오 좌표,
rs379,nation,전국,서울,Seoul,,오라카이대학로호텔 BW시그니처컬렉션,오라카이대학로호텔 BW시그니처컬렉션,,,stay,숙박,37.57557,126.99872,30,,"호텔 · 아차산배수지체육공원, 롯데월드아쿠아리움 등을 찾은 여행자들이 함께 많이 머문 곳 (연관 4회)",,,,N,N,N,,N,Y,Y,,,,,,http://place.map.kakao.com/32093597,서울 종로구 율곡로 180 · 한국관광공사 연관 관광지(숙박) · 카카오 좌표,
rs380,nation,전국,서울,Seoul,,로얄스퀘어호텔,로얄스퀘어호텔,,,stay,숙박,37.5607,126.81029,30,,"호텔 · 미타사, 강서농산물도매시장 등을 찾은 여행자들이 함께 많이 머문 곳 (연관 4회)",,,,N,N,N,,N,Y,Y,,,,,,http://place.map.kakao.com/1715589119,서울 강서구 공항대로 30 · 한국관광공사 연관 관광지(숙박) · 카카오 좌표,
rs381,nation,전국,서울,Seoul,,코트야드 바이메리어트 서울보타닉파크,코트야드 바이메리어트 서울보타닉파크,,,stay,숙박,37.56695,126.82939,30,,"호텔 · 겸재정선미술관, 서울식물원 등을 찾은 여행자들이 함께 많이 머문 곳 (연관 4회)",,,,N,N,N,,N,Y,Y,,,,,,http://place.map.kakao.com/2108390728,서울 강서구 마곡중앙12로 10 · 한국관광공사 연관 관광지(숙박) · 카카오 좌표,
rs382,nation,전국,서울,Seoul,,신라스테이 마포,신라스테이 마포,,,stay,숙박,37.54278,126.94968,30,,"호텔 · 개봉중앙시장, 덕수궁 등을 찾은 여행자들이 함께 많이 머문 곳 (연관 4회)",,,,N,N,N,,N,Y,Y,,,,,,http://place.map.kakao.com/26431825,서울 마포구 마포대로 83 · 한국관광공사 연관 관광지(숙박) · 카카오 좌표,
rs384,nation,전국,평창,Pyeongchang,,모나용평 빌라콘도,모나용평 빌라콘도,,,stay,숙박,37.64259,128.68311,30,,"리조트·콘도 · 대관령양떼목장, 모나용평/용평콘도 등을 찾은 여행자들이 함께 많이 머문 곳 (연관 4회)",,,,N,N,N,평창군 관광단지 (2021 지정),N,Y,Y,,,,,,http://place.map.kakao.com/17808835,강원특별자치도 평창군 대관령면 올림픽로 715 · 한국관광공사 연관 관광지(숙박) · 카카오 좌표,
rs385,nation,전국,평창,Pyeongchang,,모나용평 그린피아콘도,모나용평 그린피아콘도,,,stay,숙박,37.64307,128.67705,30,,"리조트·콘도 · 대관령양떼목장, 비엔나인형박물관 등을 찾은 여행자들이 함께 많이 머문 곳 (연관 4회)",,,,N,N,N,평창군 관광단지 (2021 지정),N,Y,Y,,,,,,http://place.map.kakao.com/17808648,강원특별자치도 평창군 대관령면 올림픽로 715 · 한국관광공사 연관 관광지(숙박) · 카카오 좌표,
rs386,nation,전국,부산,Busan,,하운드호텔 기장오시리아점,하운드호텔 기장오시리아점,,,stay,숙박,35.23485,129.21528,30,,"호텔 · 롯데월드 어드벤처 부산, 월전방파제 등을 찾은 여행자들이 함께 많이 머문 곳 (연관 4회)",,,,N,N,N,,N,Y,Y,,,,,,http://place.map.kakao.com/1018348548,부산 기장군 기장읍 기장대로413번길 32 · 한국관광공사 연관 관광지(숙박) · 카카오 좌표,
rs387,nation,전국,제주,Jeju,,베스트웨스턴 제주호텔,베스트웨스턴 제주호텔,,,stay,숙박,33.48783,126.48185,30,,"호텔 · 검멀레해수욕장, 서문공설시장 등을 찾은 여행자들이 함께 많이 머문 곳 (연관 4회)",,,,N,N,N,,N,Y,Y,,,,,,http://place.map.kakao.com/26621840,제주특별자치도 제주시 도령로 27 · 한국관광공사 연관 관광지(숙박) · 카카오 좌표,
rs388,nation,전국,부산,Busan,,라마다 앙코르바이윈덤 부산 해운대,라마다 앙코르바이윈덤 부산 해운대,,,stay,숙박,35.16328,129.1596,30,,"호텔 · 더베이101, 미포항 등을 찾은 여행자들이 함께 많이 머문 곳 (연관 4회)",,,,N,N,N,,N,Y,Y,,,,,,http://place.map.kakao.com/1601267897,부산 해운대구 구남로 9 · 한국관광공사 연관 관광지(숙박) · 카카오 좌표,
rs389,nation,전국,제주,Jeju,,다인리조트,다인리조트,,,stay,숙박,33.47152,126.35111,30,,"리조트·콘도 · 곽지해수욕장, 구엄포구 등을 찾은 여행자들이 함께 많이 머문 곳 (연관 4회)",,,,N,N,N,,N,Y,Y,,,,,,http://place.map.kakao.com/16260352,제주특별자치도 제주시 애월읍 애월해안로 400-9 · 한국관광공사 연관 관광지(숙박) · 카카오 좌표,
rs390,nation,전국,제주,Jeju,,다인오세아노호텔,다인오세아노호텔,,,stay,숙박,33.47249,126.35047,30,,"호텔 · 곽지해수욕장, 도시해녀 등을 찾은 여행자들이 함께 많이 머문 곳 (연관 4회)",,,,N,N,N,,N,Y,Y,,,,,,http://place.map.kakao.com/233994951,제주특별자치도 제주시 애월읍 애월해안로 394 · 한국관광공사 연관 관광지(숙박) · 카카오 좌표,
rs391,nation,전국,제주,Jeju,,호텔시리우스,호텔시리우스,,,stay,숙박,33.4934,126.49102,30,,"호텔 · 관덕정, 관음사 등을 찾은 여행자들이 함께 많이 머문 곳 (연관 4회)",,,,N,N,N,,N,Y,Y,,,,,,http://place.map.kakao.com/1777793812,제주특별자치도 제주시 도령로 133 · 한국관광공사 연관 관광지(숙박) · 카카오 좌표,
rs392,nation,전국,제주,Jeju,,엠버 퓨어힐 호텔 앤 리조트 제주,엠버 퓨어힐 호텔 앤 리조트 제주,,,stay,숙박,33.42647,126.4873,30,,"리조트·콘도 · 관덕정, 동문재래시장 등을 찾은 여행자들이 함께 많이 머문 곳 (연관 4회)",,,,N,N,N,,N,Y,Y,,,,,,http://place.map.kakao.com/1730860321,제주특별자치도 제주시 1100로 2671-30 · 한국관광공사 연관 관광지(숙박) · 카카오 좌표,
rs393,nation,전국,제주,Jeju,,메종 글래드 제주,메종 글래드 제주,,,stay,숙박,33.48521,126.48853,30,,"호텔 · 국립제주박물관, 스누피가든 등을 찾은 여행자들이 함께 많이 머문 곳 (연관 4회)",,,,N,N,N,,N,Y,Y,,,,,,http://place.map.kakao.com/2041005677,제주특별자치도 제주시 노연로 80 · 한국관광공사 연관 관광지(숙박) · 카카오 좌표,
rs394,nation,전국,제주,Jeju,,해비치 호텔&리조트 제주,Haevichi Hotel & Resort Jeju,济州海比奇酒店度假村,ヘビチホテル&リゾートチェジュ,stay,숙박,33.32144,126.84467,30,,"리조트·콘도 · 노형수퍼마켙, 송당승마장 등을 찾은 여행자들이 함께 많이 머문 곳 (연관 4회)",,,,N,N,N,서귀포시 관광지 (2020 지정),N,Y,Y,,,,,,http://place.map.kakao.com/16261247,제주특별자치도 서귀포시 표선면 민속해안로 537 · 한국관광공사 연관 관광지(숙박) · 카카오 좌표,
rs395,nation,전국,제주,Jeju,,오션스타콘도,오션스타콘도,,,stay,숙박,33.42734,126.92655,30,,"리조트·콘도 · 다랑쉬오름, 광치기해변 등을 찾은 여행자들이 함께 많이 머문 곳 (연관 4회)",,,,N,N,N,서귀포시 관광단지 (2008 지정),N,Y,Y,,,,,,http://place.map.kakao.com/25612365,제주특별자치도 서귀포시 성산읍 섭지코지로 169 · 한국관광공사 연관 관광지(숙박) · 카카오 좌표,
rs396,nation,전국,제주,Jeju,,포도호텔,포도호텔,,,stay,숙박,33.31745,126.38754,30,,"호텔 · WE호텔, 본태박물관 등을 찾은 여행자들이 함께 많이 머문 곳 (연관 4회)",,,,N,N,N,,N,Y,Y,,,,,,http://place.map.kakao.com/12501795,제주특별자치도 서귀포시 안덕면 산록남로 863 · 한국관광공사 연관 관광지(숙박) · 카카오 좌표,
rs397,nation,전국,제주,Jeju,,야크마을,야크마을,,,stay,숙박,33.26971,126.41772,30,,"펜션·민박 · WE호텔, 대포포구 등을 찾은 여행자들이 함께 많이 머문 곳 (연관 4회)",,,,N,N,N,,N,Y,Y,,,,,,http://place.map.kakao.com/280733379,제주특별자치도 서귀포시 색달중앙로 162 · 한국관광공사 연관 관광지(숙박) · 카카오 좌표,
rs398,nation,전국,제주,Jeju,,제주디아일랜드블루호텔,제주디아일랜드블루호텔,,,stay,숙박,33.24582,126.56577,30,,"호텔 · 감귤박물관, 군산오름 등을 찾은 여행자들이 함께 많이 머문 곳 (연관 4회)",,,,N,N,N,,N,Y,Y,,,,,,http://place.map.kakao.com/1786235947,제주특별자치도 서귀포시 태평로431번길 3 · 한국관광공사 연관 관광지(숙박) · 카카오 좌표,
rs399,nation,전국,제주,Jeju,,블룸호텔,블룸호텔,,,stay,숙박,33.24987,126.40811,30,,"호텔 · 논짓물, 대포포구 등을 찾은 여행자들이 함께 많이 머문 곳 (연관 4회)",,,,N,N,N,서귀포시 관광단지 (2023 지정),N,Y,Y,,,,,,http://place.map.kakao.com/953071258,제주특별자치도 서귀포시 중문관광로72번길 53 · 한국관광공사 연관 관광지(숙박) · 카카오 좌표,
rs400,nation,전국,제주,Jeju,,벨룸리조트,벨룸리조트,,,stay,숙박,33.27935,126.58144,30,,"리조트·콘도 · 감귤박물관, 고근산 등을 찾은 여행자들이 함께 많이 머문 곳 (연관 4회)",,,,N,N,N,,N,Y,Y,,,,,,http://place.map.kakao.com/1301573963,제주특별자치도 서귀포시 516로277번길 45 · 한국관광공사 연관 관광지(숙박) · 카카오 좌표,
rs401,nation,전국,제주,Jeju,,WE호텔 제주,WE호텔 제주,,,stay,숙박,33.2862,126.44408,30,,"호텔 · 법화사, 본태박물관 등을 찾은 여행자들이 함께 많이 머문 곳 (연관 4회)",,,,N,N,N,,N,Y,Y,,,,,,http://place.map.kakao.com/8619771,제주특별자치도 서귀포시 1100로 453-95 · 한국관광공사 연관 관광지(숙박) · 카카오 좌표,
rs402,nation,전국,대구,Daegu,,아리아나호텔,아리아나호텔,,,stay,숙박,35.83269,128.62289,30,,"호텔 · 동성로, 광덕사 등을 찾은 여행자들이 함께 많이 머문 곳 (연관 3회)",,,,N,N,N,,N,Y,Y,,,,,,http://place.map.kakao.com/7980736,대구 수성구 동대구로 27 · 한국관광공사 연관 관광지(숙박) · 카카오 좌표,
rs403,nation,전국,통영,Tongyeong,,통영767,통영767,,,stay,숙박,34.77017,128.40746,30,,"펜션·민박 · 미래사편백나무숲, 박경리기념관 등을 찾은 여행자들이 함께 많이 머문 곳 (연관 3회)",,,,N,N,N,,N,Y,Y,,,,,,http://place.map.kakao.com/826877821,경남 통영시 산양읍 달아1길 38 · 한국관광공사 연관 관광지(숙박) · 카카오 좌표,
rs404,nation,전국,목포,Mokpo,,바반트 관광호텔,바반트 관광호텔,,,stay,숙박,34.80191,126.36832,30,,"호텔 · 갓바위, 연희네슈퍼 등을 찾은 여행자들이 함께 많이 머문 곳 (연관 3회)",,,,N,N,N,,N,Y,Y,,,,,,http://place.map.kakao.com/235225899,전남광주통합특별시 목포시 북항로 149 · 한국관광공사 연관 관광지(숙박) · 카카오 좌표,
rs405,nation,전국,가평,Gapyeong,,환타지콜라보,환타지콜라보,,,stay,숙박,37.82418,127.4944,30,,"리조트·콘도 · 강촌레일파크/가평역, 명지계곡 등을 찾은 여행자들이 함께 많이 머문 곳 (연관 3회)",,,,N,N,N,,N,Y,Y,,,,,,http://place.map.kakao.com/2144082113,경기 가평군 가평읍 석봉로3번길 157-5 · 한국관광공사 연관 관광지(숙박) · 카카오 좌표,
rs406,nation,전국,서울,Seoul,,메이플레이스호텔 서울동대문,메이플레이스호텔 서울동대문,,,stay,숙박,37.5761,126.99875,30,,"호텔 · 세빛섬, 남산골한옥마을 등을 찾은 여행자들이 함께 많이 머문 곳 (연관 3회)",,,,N,N,N,,N,Y,Y,,,,,,http://place.map.kakao.com/24787361,서울 종로구 율곡로 179 · 한국관광공사 연관 관광지(숙박) · 카카오 좌표,
rs407,nation,전국,파주,Paju,,브라운도트호텔 파주헤이리점,브라운도트호텔 파주헤이리점,,,stay,숙박,37.77703,126.68767,30,,"호텔 · 국립민속박물관/파주, 대교미디어센터 등을 찾은 여행자들이 함께 많이 머문 곳 (연관 3회)",,,,N,N,N,,N,Y,Y,,,,,,http://place.map.kakao.com/58922233,경기 파주시 탄현면 성동로 34 · 한국관광공사 연관 관광지(숙박) · 카카오 좌표,
rs408,nation,전국,제주,Jeju,,빠레브호텔 제주,빠레브호텔 제주,,,stay,숙박,33.25229,126.50663,30,,"호텔 · 1100고지습지, 아프리카박물관 등을 찾은 여행자들이 함께 많이 머문 곳 (연관 3회)",,,,N,N,N,,N,Y,Y,,,,,,http://place.map.kakao.com/22646362,제주특별자치도 서귀포시 김정문화로 15 · 한국관광공사 연관 관광지(숙박) · 카카오 좌표,
rs409,nation,전국,제주,Jeju,,디아넥스호텔,디아넥스호텔,,,stay,숙박,33.30299,126.39282,30,,"호텔 · 서귀포자연휴양림, 소정방폭포 등을 찾은 여행자들이 함께 많이 머문 곳 (연관 3회)",,,,N,N,N,,N,Y,Y,,,,,,http://place.map.kakao.com/26919010,제주특별자치도 서귀포시 안덕면 산록남로762번길 71 · 한국관광공사 연관 관광지(숙박) · 카카오 좌표,
rs410,nation,전국,영월,Yeongwol,,내리계곡솔밭캠핑장,내리계곡솔밭캠핑장,,,stay,숙박,37.1022,128.68282,30,,"캠핑장 · 별마로천문대, 영월중앙시장 등을 찾은 여행자들이 함께 많이 머문 곳 (연관 3회)",,,,N,N,N,,N,Y,Y,,,,,,http://place.map.kakao.com/9723250,강원특별자치도 영월군 김삿갓면 내리계곡로 1039-18 · 한국관광공사 연관 관광지(숙박) · 카카오 좌표,
rs411,nation,전국,대전,Daejeon,,호텔ICC,호텔ICC,,,stay,숙박,36.37706,127.39282,30,,"호텔 · 남선공원, 대전오월드 등을 찾은 여행자들이 함께 많이 머문 곳 (연관 3회)",,,,N,N,N,유성구 관광특구 (0000 지정),N,Y,Y,,,,,,http://place.map.kakao.com/19732151,대전 유성구 엑스포로123번길 55 · 한국관광공사 연관 관광지(숙박) · 카카오 좌표,
rs412,nation,전국,제천,Jecheon,,월악산국립공원 덕주야영장 피크닉전용영지,월악산국립공원 덕주야영장 피크닉전용영지,,,stay,숙박,36.86652,128.08802,30,,"캠핑장 · 미륵대원지, 악어봉 등을 찾은 여행자들이 함께 많이 머문 곳 (연관 3회)",,,,N,N,N,,N,Y,Y,,,,,,http://place.map.kakao.com/1814270683,충북 제천시 한수면 송계리 136 · 한국관광공사 연관 관광지(숙박) · 카카오 좌표,
rs413,nation,전국,대전,Daejeon,,호텔 스카이파크 대전1호점,호텔 스카이파크 대전1호점,,,stay,숙박,36.42474,127.39806,30,,"호텔 · 뿌리공원, 대전시민천문대 등을 찾은 여행자들이 함께 많이 머문 곳 (연관 3회)",,,,N,N,N,,N,Y,Y,,,,,,http://place.map.kakao.com/1688492272,대전 유성구 테크노중앙로 161 · 한국관광공사 연관 관광지(숙박) · 카카오 좌표,
rs414,nation,전국,경주,Gyeongju,,강동리조트 패밀리콘도,강동리조트 패밀리콘도,,,stay,숙박,35.82614,129.28787,30,,"리조트·콘도 · 강동워터파크, 경주동궁원 등을 찾은 여행자들이 함께 많이 머문 곳 (연관 3회)",,,,N,N,N,,N,Y,Y,,,,,,http://place.map.kakao.com/1168371026,경북 경주시 천군로 95-32 · 한국관광공사 연관 관광지(숙박) · 카카오 좌표,
rs415,nation,전국,경주,Gyeongju,,강동프라이빗콘도,강동프라이빗콘도,,,stay,숙박,35.82316,129.28897,30,,"리조트·콘도 · 강동워터파크, 경주월드 등을 찾은 여행자들이 함께 많이 머문 곳 (연관 3회)",,,,N,N,N,,N,Y,Y,,,,,,http://place.map.kakao.com/27176831,경북 경주시 천군로 95-32 · 한국관광공사 연관 관광지(숙박) · 카카오 좌표,
rs416,nation,전국,동해,Donghae,,망상제2오토캠핑장,망상제2오토캠핑장,,,stay,숙박,37.59142,129.09264,30,,"캠핑장 · 동쪽바다중앙시장, 연곡해변솔향기캠핑장 등을 찾은 여행자들이 함께 많이 머문 곳 (연관 3회)",,,,N,N,N,동해시 관광지 (2019 지정),N,Y,Y,,,,,,http://place.map.kakao.com/25115394,강원특별자치도 동해시 동해대로 6270-14 · 한국관광공사 연관 관광지(숙박) · 카카오 좌표,
rs417,nation,전국,거제,Geoje,,거제돔관광호텔,거제돔관광호텔,,,stay,숙박,34.82245,128.70996,30,,"호텔 · 구조라해수욕장, 망치몽돌해수욕장 등을 찾은 여행자들이 함께 많이 머문 곳 (연관 3회)",,,,N,N,N,,N,Y,Y,,,,,,http://place.map.kakao.com/26515744,경남 거제시 일운면 거제대로 2372 · 한국관광공사 연관 관광지(숙박) · 카카오 좌표,
rs418,nation,전국,동해,Donghae,,동해무릉건강숲,Donghae Mureung Health Forest,东海武陵健康林,トンへ・ムルン(東海武陵)健康の森,stay,숙박,37.46511,129.03124,30,,"숙소 · 추암해변, 해랑전망대 등을 찾은 여행자들이 함께 많이 머문 곳 (연관 3회)",,,,N,N,N,,N,Y,Y,,,,,,http://place.map.kakao.com/27299636,강원특별자치도 동해시 삼화로 455 · 한국관광공사 연관 관광지(숙박) · 카카오 좌표,
rs419,nation,전국,정선,Jeongseon,,정선아리아리호텔,정선아리아리호텔,,,stay,숙박,37.22687,128.81172,30,,"호텔 · 고한야한구공탄시장, 하이원리조트 등을 찾은 여행자들이 함께 많이 머문 곳 (연관 3회)",,,,N,N,N,,N,Y,Y,,,,,,http://place.map.kakao.com/271409650,강원특별자치도 정선군 사북읍 지장천로 579 · 한국관광공사 연관 관광지(숙박) · 카카오 좌표,
rs420,nation,전국,전주,Jeonju,,메종드온유호텔 전주한옥마을점,메종드온유호텔 전주한옥마을점,,,stay,숙박,35.83034,127.17439,30,,"호텔 · 경기전, 청연루 등을 찾은 여행자들이 함께 많이 머문 곳 (연관 3회)",,,,N,N,N,,N,Y,Y,,,,,,http://place.map.kakao.com/793010394,전북특별자치도 전주시 덕진구 아중4길 9-3 · 한국관광공사 연관 관광지(숙박) · 카카오 좌표,
rs421,nation,전국,통영,Tongyeong,,아스트로펜션,아스트로펜션,,,stay,숙박,34.87912,128.46521,30,,"펜션·민박 · 강구안, 통영삼도수군통제영 등을 찾은 여행자들이 함께 많이 머문 곳 (연관 3회)",,,,N,N,N,,N,Y,Y,,,,,,http://place.map.kakao.com/468175073,경남 통영시 용남면 연기길 170 · 한국관광공사 연관 관광지(숙박) · 카카오 좌표,
rs422,nation,전국,통영,Tongyeong,,브룩스호텔,브룩스호텔,,,stay,숙박,34.84584,128.43093,30,,"호텔 · 달아항, 통영해저터널 등을 찾은 여행자들이 함께 많이 머문 곳 (연관 3회)",,,,N,N,N,,N,Y,Y,,,,,,http://place.map.kakao.com/909123882,경남 통영시 통영해안로 407 · 한국관광공사 연관 관광지(숙박) · 카카오 좌표,
rs423,nation,전국,통영,Tongyeong,,통영마티스비치스파펜션,통영마티스비치스파펜션,,,stay,숙박,34.83494,128.39234,30,,"호스텔 · 달아항, 전혁림미술관 등을 찾은 여행자들이 함께 많이 머문 곳 (연관 3회)",,,,N,N,N,,N,Y,Y,,,,,,http://place.map.kakao.com/1125265359,경남 통영시 국치1길 52-24 · 한국관광공사 연관 관광지(숙박) · 카카오 좌표,
rs424,nation,전국,강릉,Gangneung,,파인아트라벨,파인아트라벨,,,stay,숙박,37.77574,128.94196,30,,"호텔 · 강릉항, 참소리축음기에디슨과학박물관 등을 찾은 여행자들이 함께 많이 머문 곳 (연관 3회)",,,,N,N,N,,N,Y,Y,,,,,,http://place.map.kakao.com/73718251,강원특별자치도 강릉시 해안로 32 · 한국관광공사 연관 관광지(숙박) · 카카오 좌표,
rs425,nation,전국,속초,Sokcho,,호텔리츠,호텔리츠,,,stay,숙박,38.21273,128.59956,30,,"호텔 · 소돌항, 백담사 등을 찾은 여행자들이 함께 많이 머문 곳 (연관 3회)",,,,N,N,N,,N,Y,Y,,,,,,http://place.map.kakao.com/22756774,강원특별자치도 속초시 영금정로 27 · 한국관광공사 연관 관광지(숙박) · 카카오 좌표,
rs426,nation,전국,평창,Pyeongchang,,오리엔트리조트 평창본점,오리엔트리조트 평창본점,,,stay,숙박,37.58698,128.31878,30,,"리조트·콘도 · 소돌해변, 대관령주주파크 등을 찾은 여행자들이 함께 많이 머문 곳 (연관 3회)",,,,N,N,N,,N,Y,Y,,,,,,http://place.map.kakao.com/13641457,강원특별자치도 평창군 봉평면 태기로 80-56 · 한국관광공사 연관 관광지(숙박) · 카카오 좌표,
rs427,nation,전국,여수,Yeosu,,르그랑블루리조트,르그랑블루리조트,,,stay,숙박,34.68745,127.77776,30,,"리조트·콘도 · 돌산공원, 두문포 등을 찾은 여행자들이 함께 많이 머문 곳 (연관 3회)",,,,N,N,N,,N,Y,Y,,,,,,http://place.map.kakao.com/1441445986,전남광주통합특별시 여수시 돌산읍 무술목길 34 · 한국관광공사 연관 관광지(숙박) · 카카오 좌표,
rs428,nation,전국,안동,Andong,,고려호텔,고려호텔,,,stay,숙박,36.56443,128.73276,30,,"호텔 · 구름에, 병산서원 등을 찾은 여행자들이 함께 많이 머문 곳 (연관 3회)",,,,N,N,N,,N,Y,Y,,,,,,http://place.map.kakao.com/9211273,경북 안동시 영가로 13 · 한국관광공사 연관 관광지(숙박) · 카카오 좌표,
rs429,nation,전국,양산,Yangsan,,베니키아 양산호텔,베니키아 양산호텔,,,stay,숙박,35.3148,129.02606,30,,"호텔 · 진주농산물도매시장, 양산시립박물관 등을 찾은 여행자들이 함께 많이 머문 곳 (연관 3회)",,,,N,N,N,,N,Y,Y,,,,,,http://place.map.kakao.com/789016742,경남 양산시 동면 금오10길 51 · 한국관광공사 연관 관광지(숙박) · 카카오 좌표,
rs430,nation,전국,영주,Yeongju,,소백산국립공원 삼가야영장,소백산국립공원 삼가야영장,,,stay,숙박,36.92656,128.50199,30,,"캠핑장 · 부석사, 인삼박물관 등을 찾은 여행자들이 함께 많이 머문 곳 (연관 3회)",,,,N,N,N,,N,Y,Y,,,,,,http://place.map.kakao.com/12591888,경북 영주시 풍기읍 삼가로 509 · 한국관광공사 연관 관광지(숙박) · 카카오 좌표,
rs431,nation,전국,영주,Yeongju,,알토호텔,알토호텔,,,stay,숙박,36.81116,128.6231,30,,"호텔 · 소수서원, 영주선비촌 등을 찾은 여행자들이 함께 많이 머문 곳 (연관 3회)",,,,N,N,N,,N,Y,Y,,,,,,http://place.map.kakao.com/1756990062,경북 영주시 꽃동산로1번길 10 · 한국관광공사 연관 관광지(숙박) · 카카오 좌표,
rs432,nation,전국,목포,Mokpo,,하운드호텔 목포평화광장점,Mokpo Peace Plaza,木浦和平广场,木浦平和広場,stay,숙박,34.79799,126.4287,30,,"호텔 · 갓바위, 목포스카이워크 등을 찾은 여행자들이 함께 많이 머문 곳 (연관 3회)",,,,N,N,N,,N,Y,Y,,,,,,http://place.map.kakao.com/927288195,전남광주통합특별시 목포시 원형서로 20 · 한국관광공사 연관 관광지(숙박) · 카카오 좌표,
rs433,nation,전국,울릉,Ulleung,,울릉도일등펜션,울릉도일등펜션,,,stay,숙박,37.46908,130.88147,30,,"펜션·민박 · 거북바위, 저동항 등을 찾은 여행자들이 함께 많이 머문 곳 (연관 3회)",,,,N,N,N,,N,Y,Y,,,,,,http://place.map.kakao.com/1804588817,경북 울릉군 울릉읍 울릉순환로 678 · 한국관광공사 연관 관광지(숙박) · 카카오 좌표,
rs434,nation,전국,울릉,Ulleung,,호텔울릉드림,호텔울릉드림,,,stay,숙박,37.48121,130.88846,30,,"펜션·민박 · 나리분지, 죽암몽돌해변 등을 찾은 여행자들이 함께 많이 머문 곳 (연관 3회)",,,,N,N,N,울릉군 관광지 (2008 지정),N,Y,Y,,,,,,http://place.map.kakao.com/24065717,경북 울릉군 울릉읍 사동2길 190 · 한국관광공사 연관 관광지(숙박) · 카카오 좌표,
rs435,nation,전국,군산,Gunsan,,맨션브릿지호텔 군산,맨션브릿지호텔 군산,,,stay,숙박,35.97686,126.72568,30,,"호텔 · 군산근대역사박물관, 몽돌해수욕장 등을 찾은 여행자들이 함께 많이 머문 곳 (연관 3회)",,,,N,N,N,,N,Y,Y,,,,,,http://place.map.kakao.com/1011927575,전북특별자치도 군산시 서래내길 28 · 한국관광공사 연관 관광지(숙박) · 카카오 좌표,
rs436,nation,전국,담양,Damyang,,담양리조트,담양리조트,,潭陽リゾート,stay,숙박,35.36549,127.02563,30,,"리조트·콘도 · 광주시민의숲, 소쇄원 등을 찾은 여행자들이 함께 많이 머문 곳 (연관 3회)",,,,N,N,N,,N,Y,Y,,,,,,http://place.map.kakao.com/10258362,전남광주통합특별시 담양군 금성면 금성산성길 202 · 한국관광공사 연관 관광지(숙박) · 카카오 좌표,
rs437,nation,전국,군산,Gunsan,,브라운도트호텔 근대화거리점,브라운도트호텔 근대화거리점,,,stay,숙박,35.98779,126.71767,30,,"호텔 · 월명공원, 진포해양테마공원 등을 찾은 여행자들이 함께 많이 머문 곳 (연관 3회)",,,,N,N,N,,N,Y,Y,,,,,,http://place.map.kakao.com/689644966,전북특별자치도 군산시 장미2길 6 · 한국관광공사 연관 관광지(숙박) · 카카오 좌표,
rs438,nation,전국,태안,Taean,,파도와노을캠핑장,파도와노을캠핑장,,,stay,숙박,36.73352,126.13093,30,,"캠핑장 · 만리포해수욕장, 신두리사구센터 등을 찾은 여행자들이 함께 많이 머문 곳 (연관 3회)",,,,N,N,N,,N,Y,Y,,,,,,http://place.map.kakao.com/889952931,충남 태안군 소원면 아치내길 60-70 · 한국관광공사 연관 관광지(숙박) · 카카오 좌표,
rs439,nation,전국,가평,Gapyeong,,더스테이힐링파크,더스테이힐링파크,,,stay,숙박,37.66182,127.52435,30,,"리조트·콘도 · 어비계곡, 에델바이스스위스테마파크 등을 찾은 여행자들이 함께 많이 머문 곳 (연관 3회)",,,,N,N,N,,N,Y,Y,,,,,,http://place.map.kakao.com/1394026667,경기 가평군 설악면 한서로268번길 157 · 한국관광공사 연관 관광지(숙박) · 카카오 좌표,
rs440,nation,전국,김해,Gimhae,,아세라빌라드아쿠아호텔,아세라빌라드아쿠아호텔,,,stay,숙박,35.22885,128.88418,30,,"호텔 · 국립김해박물관, 김해롯데워터파크/본관 등을 찾은 여행자들이 함께 많이 머문 곳 (연관 3회)",,,,N,N,N,,N,Y,Y,,,,,,http://place.map.kakao.com/376557835,경남 김해시 가락로24번길 15 · 한국관광공사 연관 관광지(숙박) · 카카오 좌표,
rs441,nation,전국,포천,Pocheon,,신북온심재,신북온심재,,,stay,숙박,37.97427,127.10438,30,,"호텔 · 신북온천, 어메이징파크 등을 찾은 여행자들이 함께 많이 머문 곳 (연관 3회)",,,,N,N,N,,N,Y,Y,,,,,,http://place.map.kakao.com/7967651,경기 포천시 신북면 청신로 571 · 한국관광공사 연관 관광지(숙박) · 카카오 좌표,
rs442,nation,전국,울진,Uljin,,동해바다펜션,동해바다펜션,,,stay,숙박,37.05058,129.41285,30,,"펜션·민박 · 국립해양과학관, 죽변해안스카이레일/죽변승하차장 등을 찾은 여행자들이 함께 많이 머문 곳 (연관 3회)",,,,N,N,N,,N,Y,Y,,,,,,http://place.map.kakao.com/12531925,경북 울진군 죽변면 죽변중앙로 33-5 · 한국관광공사 연관 관광지(숙박) · 카카오 좌표,
rs443,nation,전국,부안,Buan,,스테이80,스테이80,,,stay,숙박,35.6546,126.5096,30,,"펜션·민박 · 고사포해수욕장, 곰소염전 등을 찾은 여행자들이 함께 많이 머문 곳 (연관 3회)",,,,N,N,N,,N,Y,Y,,,,,,http://place.map.kakao.com/926631079,전북특별자치도 부안군 변산면 고사길 80 · 한국관광공사 연관 관광지(숙박) · 카카오 좌표,
rs444,nation,전국,부안,Buan,,가온리조트,가온리조트,,,stay,숙박,35.6781,126.53149,30,,"리조트·콘도 · 곰소염전, 궁항 등을 찾은 여행자들이 함께 많이 머문 곳 (연관 3회)",,,,N,N,N,부안군 관광지 (2025 지정),N,Y,Y,,,,,,http://place.map.kakao.com/1527066860,전북특별자치도 부안군 변산면 변산우회길 3-16 · 한국관광공사 연관 관광지(숙박) · 카카오 좌표,
rs445,nation,전국,양양,Yangyang,,코게러지 호텔,코게러지 호텔,,,stay,숙박,38.00549,128.72927,30,,"펜션·민박 · 기사문해변, 인구해변 등을 찾은 여행자들이 함께 많이 머문 곳 (연관 3회)",,,,N,N,N,,N,Y,Y,,,,,,http://place.map.kakao.com/1638357448,강원특별자치도 양양군 현북면 동해대로 1269-7 · 한국관광공사 연관 관광지(숙박) · 카카오 좌표,
rs446,nation,전국,양양,Yangyang,,서프리조트인더시티 양양,서프리조트인더시티 양양,,,stay,숙박,37.97162,128.76086,30,,"호텔 · 낙산항, 북분리해변 등을 찾은 여행자들이 함께 많이 머문 곳 (연관 3회)",,,,N,N,N,,N,Y,Y,,,,,,http://place.map.kakao.com/36667258,강원특별자치도 양양군 현남면 새나루길 5 · 한국관광공사 연관 관광지(숙박) · 카카오 좌표,
rs447,nation,전국,보령,Boryeong,,동백관,동백관,,,stay,숙박,36.26193,126.54881,30,,"숙소 · 무창포항, 무창포해수욕장 등을 찾은 여행자들이 함께 많이 머문 곳 (연관 3회)",,,,N,N,N,,N,Y,Y,,,,,,http://place.map.kakao.com/1728911101,충남 보령시 남포면 용두욕장2길 40 · 한국관광공사 연관 관광지(숙박) · 카카오 좌표,
rs448,nation,전국,영덕,Yeongdeok,,연화문호텔 영덕,연화문호텔 영덕,,,stay,숙박,36.27179,129.37691,30,,"호텔 · 강구항, 장사해수욕장 등을 찾은 여행자들이 함께 많이 머문 곳 (연관 3회)",,,,N,N,N,,N,Y,Y,,,,,,http://place.map.kakao.com/2060736276,경북 영덕군 남정면 동해대로 3472 · 한국관광공사 연관 관광지(숙박) · 카카오 좌표,
rs449,nation,전국,서울,Seoul,,조선호텔 포포인츠바이쉐라톤 서울역,조선호텔 포포인츠바이쉐라톤 서울역,,,stay,숙박,37.55106,126.97292,30,,"호텔 · 서울숲, 국회의사당/국회박물관 등을 찾은 여행자들이 함께 많이 머문 곳 (연관 3회)",,,,N,N,N,,N,Y,Y,,,,,,http://place.map.kakao.com/1821839394,서울 용산구 한강대로 366 · 한국관광공사 연관 관광지(숙박) · 카카오 좌표,
rs450,nation,전국,부산,Busan,,브라운도트호텔 엄궁점,브라운도트호텔 엄궁점,,,stay,숙박,35.12866,128.96882,30,,"호텔 · 부산현대미술관, 을숙도공원 등을 찾은 여행자들이 함께 많이 머문 곳 (연관 3회)",,,,N,N,N,,N,Y,Y,,,,,,http://place.map.kakao.com/427448597,부산 사상구 낙동대로 753-17 · 한국관광공사 연관 관광지(숙박) · 카카오 좌표,
rs451,nation,전국,부산,Busan,,하얏트 플레이스 부산 연산,하얏트 플레이스 부산 연산,,,stay,숙박,35.1877,129.0806,30,,"호텔 · 부산현대미술관, 용두산공원 등을 찾은 여행자들이 함께 많이 머문 곳 (연관 3회)",,,,N,N,N,,N,Y,Y,,,,,,http://place.map.kakao.com/1698734413,부산 연제구 중앙대로 1121 · 한국관광공사 연관 관광지(숙박) · 카카오 좌표,
rs452,nation,전국,부산,Busan,,케니스테이 기장,케니스테이 기장,,,stay,숙박,35.24259,129.2158,30,,"호텔 · 롯데월드 어드벤처 부산, 일광해수욕장 등을 찾은 여행자들이 함께 많이 머문 곳 (연관 3회)",,,,N,N,N,,N,Y,Y,,,,,,http://place.map.kakao.com/87133967,부산 기장군 기장읍 차성남로51번길 26 · 한국관광공사 연관 관광지(숙박) · 카카오 좌표,
rs453,nation,전국,부산,Busan,,소노문 해운대,Sono Moon Haeundae,SONO MOON海云台,SONO MOON海雲台,stay,숙박,35.15992,129.15797,30,,"호텔 · 부산박물관, APEC나루공원 등을 찾은 여행자들이 함께 많이 머문 곳 (연관 3회)",,,,N,N,N,,N,Y,Y,,,,,,http://place.map.kakao.com/1517063649,부산 해운대구 해운대해변로237번길 12 · 한국관광공사 연관 관광지(숙박) · 카카오 좌표,
rs454,nation,전국,부산,Busan,,썬클라우드호텔,썬클라우드호텔,,,stay,숙박,35.16044,129.16225,30,,"호텔 · 더베이101, 청사포다릿돌전망대 등을 찾은 여행자들이 함께 많이 머문 곳 (연관 3회)",,,,N,N,N,,N,Y,Y,,,,,,http://place.map.kakao.com/1788378113,부산 해운대구 해운대해변로 287 · 한국관광공사 연관 관광지(숙박) · 카카오 좌표,
rs455,nation,전국,부산,Busan,,해운대블루스토리호텔,Blue Story Hotel,Blue Story酒店,ブルーストーリーホテル,stay,숙박,35.15991,129.15748,30,,"호텔 · 벡스코/제1전시장, 청사포다릿돌전망대 등을 찾은 여행자들이 함께 많이 머문 곳 (연관 3회)",,,,N,N,N,,N,Y,Y,,,,,,http://place.map.kakao.com/270098143,부산 해운대구 해운대해변로237번길 11 · 한국관광공사 연관 관광지(숙박) · 카카오 좌표,
rs456,nation,전국,제주,Jeju,,호텔난타,호텔난타,,,stay,숙박,33.44583,126.54791,30,,"호텔 · 관덕정, 관음사 등을 찾은 여행자들이 함께 많이 머문 곳 (연관 3회)",,,,N,N,N,,N,Y,Y,,,,,,http://place.map.kakao.com/97355052,제주특별자치도 제주시 선돌목동길 56-26 · 한국관광공사 연관 관광지(숙박) · 카카오 좌표,
rs457,nation,전국,제주,Jeju,,더스테이센추리호텔,더스테이센추리호텔,,,stay,숙박,33.48491,126.40893,30,,"호텔 · 관덕정, 구엄포구 등을 찾은 여행자들이 함께 많이 머문 곳 (연관 3회)",,,,N,N,N,,N,Y,Y,,,,,,http://place.map.kakao.com/2023794563,제주특별자치도 제주시 애월읍 일주서로 7113 · 한국관광공사 연관 관광지(숙박) · 카카오 좌표,
rs458,nation,전국,제주,Jeju,,베니키아호텔 제주,베니키아호텔 제주,,,stay,숙박,33.47763,126.36223,30,,"호텔 · 관음사, 도두동무지개해안도로 등을 찾은 여행자들이 함께 많이 머문 곳 (연관 3회)",,,,N,N,N,,N,Y,Y,,,,,,http://place.map.kakao.com/26517493,제주특별자치도 제주시 애월읍 애월해안로 554-6 · 한국관광공사 연관 관광지(숙박) · 카카오 좌표,
rs459,nation,전국,제주,Jeju,,신라스테이 플러스 이호테우,신라스테이 플러스 이호테우,,,stay,숙박,33.49268,126.423,30,,"호텔 · 교래자연휴양림, 삼성혈 등을 찾은 여행자들이 함께 많이 머문 곳 (연관 3회)",,,,N,N,N,,N,Y,Y,,,,,,http://place.map.kakao.com/358584859,제주특별자치도 제주시 연대마을길 76 · 한국관광공사 연관 관광지(숙박) · 카카오 좌표,
rs460,nation,전국,제주,Jeju,,제주리조트,제주리조트,,,stay,숙박,33.48292,126.39306,30,,"리조트·콘도 · 구엄리돌염전, 삼성혈 등을 찾은 여행자들이 함께 많이 머문 곳 (연관 3회)",,,,N,N,N,,N,Y,Y,,,,,,http://place.map.kakao.com/23707246,제주특별자치도 제주시 애월읍 가문동상4길 11 · 한국관광공사 연관 관광지(숙박) · 카카오 좌표,
rs461,nation,전국,제주,Jeju,,몽돌스테이1119,몽돌스테이1119,,,stay,숙박,33.41282,126.26537,30,,"숙소 · 금능해수욕장, 금오름 등을 찾은 여행자들이 함께 많이 머문 곳 (연관 3회)",,,,N,N,N,,N,Y,Y,,,,,,http://place.map.kakao.com/692640317,제주특별자치도 제주시 한림읍 한림남1길 3 · 한국관광공사 연관 관광지(숙박) · 카카오 좌표,
rs462,nation,전국,제주,Jeju,,코업시티호텔 성산,코업시티호텔 성산,,,stay,숙박,33.46599,126.93189,30,,"호텔 · 다랑쉬오름, 빛의벙커 등을 찾은 여행자들이 함께 많이 머문 곳 (연관 3회)",,,,N,N,N,,N,Y,Y,,,,,,http://place.map.kakao.com/27422261,제주특별자치도 서귀포시 성산읍 성산등용로 28 · 한국관광공사 연관 관광지(숙박) · 카카오 좌표,
rs463,nation,전국,제주,Jeju,,신라스테이 제주,신라스테이 제주,,,stay,숙박,33.48554,126.4909,30,,"호텔 · 도두봉, 동문재래시장 등을 찾은 여행자들이 함께 많이 머문 곳 (연관 3회)",,,,N,N,N,,N,Y,Y,,,,,,http://place.map.kakao.com/26485988,제주특별자치도 제주시 노연로 100 · 한국관광공사 연관 관광지(숙박) · 카카오 좌표,
rs464,nation,전국,당진,Dangjin,,모든날펜션,모든날펜션,,,stay,숙박,37.03347,126.55612,30,,"펜션·민박 · 마섬포구, 솔뫼성지 등을 찾은 여행자들이 함께 많이 머문 곳 (연관 3회)",,,,N,N,N,,N,Y,Y,,,,,,http://place.map.kakao.com/2001897770,충남 당진시 석문면 장고항로 368-12 · 한국관광공사 연관 관광지(숙박) · 카카오 좌표,
rs465,nation,전국,서산,Seosan,,저스트슬립호텔 서산대산점,저스트슬립호텔 서산대산점,,,stay,숙박,36.94033,126.43033,30,,"호텔 · 벌천포해수욕장, 부석사 등을 찾은 여행자들이 함께 많이 머문 곳 (연관 3회)",,,,N,N,N,,N,Y,Y,,,,,,http://place.map.kakao.com/1334165865,충남 서산시 대산읍 충의로 1981 · 한국관광공사 연관 관광지(숙박) · 카카오 좌표,
rs466,nation,전국,제천,Jecheon,,휴가 게스트하우스,휴가 게스트하우스,,,stay,숙박,37.1557,128.2184,30,,"호스텔 · 배론성지, 제천한방엑스포공원 등을 찾은 여행자들이 함께 많이 머문 곳 (연관 3회)",,,,N,N,N,,N,Y,Y,,,,,,http://place.map.kakao.com/1758752880,충북 제천시 용두천로42길 7 · 한국관광공사 연관 관광지(숙박) · 카카오 좌표,
rs467,nation,전국,서울,Seoul,,난지캠핑장,난지캠핑장,汉江公园兰芝露营场,,stay,숙박,37.57,126.87217,30,,"캠핑장 · 난지한강공원, 평화의공원 등을 찾은 여행자들이 함께 많이 머문 곳 (연관 3회)",,,,N,N,N,,N,Y,Y,,,,,,http://place.map.kakao.com/11017626,서울 마포구 한강난지로 22 · 한국관광공사 연관 관광지(숙박) · 카카오 좌표,
rs468,nation,전국,서울,Seoul,,호텔씨에스에비뉴,호텔씨에스에비뉴,,,stay,숙박,37.59908,126.9365,30,,"호텔 · 청와대사랑채, 통인시장 등을 찾은 여행자들이 함께 많이 머문 곳 (연관 3회)",,,,N,N,N,,N,Y,Y,,,,,,http://place.map.kakao.com/26883995,서울 은평구 통일로 585-1 · 한국관광공사 연관 관광지(숙박) · 카카오 좌표,
rs469,nation,전국,하동,Hadong,,소소화개,소소화개,,,stay,숙박,35.20252,127.63461,30,,"펜션·민박 · 최참판댁, 하동야생차박물관 등을 찾은 여행자들이 함께 많이 머문 곳 (연관 3회)",,,,N,N,N,,N,Y,Y,,,,,,http://place.map.kakao.com/885909821,경남 하동군 화개면 백혜길 10 · 한국관광공사 연관 관광지(숙박) · 카카오 좌표,
rs470,nation,전국,강릉,Gangneung,,망상비치호텔,망상비치호텔,,,stay,숙박,37.60647,129.06895,30,,"호텔 · 동쪽바다중앙시장, 망상해수욕장 등을 찾은 여행자들이 함께 많이 머문 곳 (연관 2회)",,,,N,N,N,,N,Y,Y,,,,,,http://place.map.kakao.com/728033498,강원특별자치도 강릉시 옥계면 도직길 7-22 · 한국관광공사 연관 관광지(숙박) · 카카오 좌표,
rs471,nation,전국,통영,Tongyeong,,데이지호텔,데이지호텔,,,stay,숙박,34.8857,128.42141,30,,"호텔 · 서피랑공원, 통영삼도수군통제영 등을 찾은 여행자들이 함께 많이 머문 곳 (연관 2회)",,,,N,N,N,,N,Y,Y,,,,,,http://place.map.kakao.com/561216529,경남 통영시 광도면 죽림5로 25-55 · 한국관광공사 연관 관광지(숙박) · 카카오 좌표,
rs472,nation,전국,통영,Tongyeong,,통영 한산마리나호텔&리조트,통영 한산마리나호텔&리조트,,,stay,숙박,34.80486,128.43458,30,,"호텔 · 통영시 서호동 서피랑마을, 통영해저터널 등을 찾은 여행자들이 함께 많이 머문 곳 (연관 2회)",,,,N,N,N,,N,Y,Y,,,,,,http://place.map.kakao.com/1741976709,경남 통영시 산양읍 삼칭이해안길 820 · 한국관광공사 연관 관광지(숙박) · 카카오 좌표,
rs473,nation,전국,울릉,Ulleung,,섬바디관광호텔,섬바디관광호텔,,,stay,숙박,37.48415,130.9053,30,,"호텔 · 관음도, 저동항 등을 찾은 여행자들이 함께 많이 머문 곳 (연관 2회)",,,,N,N,N,,N,Y,Y,,,,,,http://place.map.kakao.com/1645417178,경북 울릉군 울릉읍 도동3길 20 · 한국관광공사 연관 관광지(숙박) · 카카오 좌표,
rs474,nation,전국,인천,Incheon,,제이앤파크호텔,제이앤파크호텔,,,stay,숙박,37.44501,126.3793,30,,"호텔 · 을왕리해수욕장, 인천국제공항/제1여객터미널 등을 찾은 여행자들이 함께 많이 머문 곳 (연관 2회)",,,,N,N,N,,N,Y,Y,,,,,,http://place.map.kakao.com/1911531576,인천 영종구 용유서로 262-15 · 한국관광공사 연관 관광지(숙박) · 카카오 좌표,
rs475,nation,전국,태안,Taean,,리틀베이 풀빌라,리틀베이 풀빌라,,,stay,숙박,36.64298,126.30165,30,,"펜션·민박 · 마검포해수욕장, 홍주읍성 등을 찾은 여행자들이 함께 많이 머문 곳 (연관 2회)",,,,N,N,N,,N,Y,Y,,,,,,http://place.map.kakao.com/973513279,충남 태안군 남면 청포대길 101 · 한국관광공사 연관 관광지(숙박) · 카카오 좌표,
rs476,nation,전국,포천,Pocheon,,유식물원캠핑장,유식물원캠핑장,,,stay,숙박,37.97403,127.15023,30,,"캠핑장 · 신북온천, 허브아일랜드 등을 찾은 여행자들이 함께 많이 머문 곳 (연관 2회)",,,,N,N,N,,N,Y,Y,,,,,,http://place.map.kakao.com/26624907,경기 포천시 신북면 간자동길 138-100 · 한국관광공사 연관 관광지(숙박) · 카카오 좌표,
rs477,nation,전국,구미,Gumi,,스테이더공단호텔,스테이더공단호텔,,,stay,숙박,36.10998,128.37715,30,,"호텔 · 금오랜드, 새마을운동테마공원 등을 찾은 여행자들이 함께 많이 머문 곳 (연관 2회)",,,,N,N,N,,N,Y,Y,,,,,,http://place.map.kakao.com/2010369218,경북 구미시 1공단로5길 86-15 · 한국관광공사 연관 관광지(숙박) · 카카오 좌표,
rs478,nation,전국,평창,Pyeongchang,,휘닉스파크,휘닉스파크,,,stay,숙박,37.58135,128.32741,30,,"리조트·콘도 · 비엔나인형박물관, 허브나라농원 등을 찾은 여행자들이 함께 많이 머문 곳 (연관 2회)",,,,N,N,N,평창군 관광단지 (2011 지정),N,Y,Y,,,,,,http://place.map.kakao.com/27217918,강원특별자치도 평창군 봉평면 태기로 174 · 한국관광공사 연관 관광지(숙박) · 카카오 좌표,
rs479,nation,전국,제주,Jeju,,팜파스호텔 제주,팜파스호텔 제주,,,stay,숙박,33.51156,126.48499,30,,"호텔 · 관덕정, 동문재래시장 등을 찾은 여행자들이 함께 많이 머문 곳 (연관 2회)",,,,N,N,N,,N,Y,Y,,,,,,http://place.map.kakao.com/2025257355,제주특별자치도 제주시 서해안로 368-3 · 한국관광공사 연관 관광지(숙박) · 카카오 좌표,
rs480,nation,전국,서산,Seosan,,서라온,서라온,,,stay,숙박,36.78535,126.5315,30,,"펜션·민박 · 개심사, 해미읍성 등을 찾은 여행자들이 함께 많이 머문 곳 (연관 2회)",,,,N,N,N,,N,Y,Y,,,,,,http://place.map.kakao.com/687503884,충남 서산시 음암면 부장양지길 34-35 · 한국관광공사 연관 관광지(숙박) · 카카오 좌표,
rs481,nation,전국,서울,Seoul,,머큐어 앰배서더 서울 홍대,머큐어 앰배서더 서울 홍대,,,stay,숙박,37.55519,126.92247,30,,"호텔 · 남산골한옥마을, 성촌공원 등을 찾은 여행자들이 함께 많이 머문 곳 (연관 2회)",,,,N,N,N,,N,Y,Y,,,,,,http://place.map.kakao.com/106952975,서울 마포구 양화로 144 · 한국관광공사 연관 관광지(숙박) · 카카오 좌표,
rs482,nation,전국,제천,Jecheon,,닷돈재4색야영장,닷돈재4색야영장,,,stay,숙박,36.84317,128.09379,30,,"캠핑장 · 미륵대원지, 덕주사 등을 찾은 여행자들이 함께 많이 머문 곳 (연관 2회)",,,,N,N,N,,N,Y,Y,,,,,,http://place.map.kakao.com/701780248,충북 제천시 한수면 송계리 67 · 한국관광공사 연관 관광지(숙박) · 카카오 좌표,
rs483,nation,전국,경주,Gyeongju,,경주화랑마을 오토캠핑장,경주화랑마을 오토캠핑장,,,stay,숙박,35.85883,129.18223,30,,"캠핑장 · 경주김유신장군묘, 금관총 등을 찾은 여행자들이 함께 많이 머문 곳 (연관 2회)",,,,N,N,N,,N,Y,Y,,,,,,http://place.map.kakao.com/1332821781,경북 경주시 석현로 123 · 한국관광공사 연관 관광지(숙박) · 카카오 좌표,
rs484,nation,전국,경주,Gyeongju,,황남관,황남관,,,stay,숙박,35.8336,129.2097,30,,"호텔 · 경주시 교동 교촌한옥마을, 천마총 등을 찾은 여행자들이 함께 많이 머문 곳 (연관 2회)",,,,N,N,N,,N,Y,Y,,,,,,http://place.map.kakao.com/27317596,경북 경주시 포석로 1038 · 한국관광공사 연관 관광지(숙박) · 카카오 좌표,
rs485,nation,전국,경주,Gyeongju,,신라부티크호텔,신라부티크호텔,,,stay,숙박,35.84207,129.20199,30,,"호텔 · 월정교, 이현세만화매화벽화거리 등을 찾은 여행자들이 함께 많이 머문 곳 (연관 2회)",,,,N,N,N,,N,Y,Y,,,,,,http://place.map.kakao.com/27359611,경북 경주시 강변로 200 · 한국관광공사 연관 관광지(숙박) · 카카오 좌표,
rs486,nation,전국,경주,Gyeongju,,덴바스타호텔 헤리티지 경주점,덴바스타호텔 헤리티지 경주점,,,stay,숙박,35.83904,129.20409,30,,"호텔 · 보문호, 월정교 등을 찾은 여행자들이 함께 많이 머문 곳 (연관 2회)",,,,N,N,N,,N,Y,Y,,,,,,http://place.map.kakao.com/517688097,경북 경주시 태종로 691-20 · 한국관광공사 연관 관광지(숙박) · 카카오 좌표,
rs487,nation,전국,거제,Geoje,,흑진주마리나리조트,흑진주마리나리조트,,,stay,숙박,34.77765,128.65325,30,,"리조트·콘도 · 버드앤피쉬체험장, 여차홍포전망대 등을 찾은 여행자들이 함께 많이 머문 곳 (연관 2회)",,,,N,N,N,,N,Y,Y,,,,,,http://place.map.kakao.com/11696480,경남 거제시 동부면 거제대로 1080-15 · 한국관광공사 연관 관광지(숙박) · 카카오 좌표,
rs488,nation,전국,거제,Geoje,,까사델문도,까사델문도,,,stay,숙박,34.81358,128.67915,30,,"펜션·민박 · 구조라해수욕장, 와현모래숲해변 등을 찾은 여행자들이 함께 많이 머문 곳 (연관 2회)",,,,N,N,N,,N,Y,Y,,,,,,http://place.map.kakao.com/1111208417,경남 거제시 일운면 윤돌길 23 · 한국관광공사 연관 관광지(숙박) · 카카오 좌표,
rs489,nation,전국,거제,Geoje,,브라운도트 거제근 포항점,브라운도트 거제근 포항점,,,stay,숙박,34.71535,128.59063,30,,"호텔 · 명사해수욕장, 신선대전망대 등을 찾은 여행자들이 함께 많이 머문 곳 (연관 2회)",,,,N,N,N,,N,Y,Y,,,,,,http://place.map.kakao.com/956210610,경남 거제시 남부면 대포길 18 · 한국관광공사 연관 관광지(숙박) · 카카오 좌표,
rs490,nation,전국,거제,Geoje,,포시즌펜션,포시즌펜션,,,stay,숙박,34.97999,128.69402,30,,"펜션·민박 · 신선대전망대, 흥남해수욕장 등을 찾은 여행자들이 함께 많이 머문 곳 (연관 2회)",,,,N,N,N,,N,Y,Y,,,,,,http://place.map.kakao.com/524079107,경남 거제시 장목면 두모실길 16-23 · 한국관광공사 연관 관광지(숙박) · 카카오 좌표,
rs491,nation,전국,청주,Cheongju,,천경대키즈풀빌라,천경대키즈풀빌라,,,stay,숙박,36.6141,127.70115,30,,"펜션·민박 · 미동산수목원, 옥화1경청석굴 등을 찾은 여행자들이 함께 많이 머문 곳 (연관 2회)",,,,N,N,N,,N,Y,Y,,,,,,http://place.map.kakao.com/1615663411,충북 청주시 상당구 미원면 옥화길 22-22 · 한국관광공사 연관 관광지(숙박) · 카카오 좌표,
rs492,nation,전국,거제,Geoje,,거제로펜션,거제로펜션,,,stay,숙박,34.77795,128.64174,30,,"펜션·민박 · 여차홍포전망대, 함목몽돌해변 등을 찾은 여행자들이 함께 많이 머문 곳 (연관 2회)",,,,N,N,N,,N,Y,Y,,,,,,http://place.map.kakao.com/8787684,경남 거제시 동부면 학동7길 24 · 한국관광공사 연관 관광지(숙박) · 카카오 좌표,
rs493,nation,전국,삼척,Samcheok,,덕풍계곡 제2야영장,덕풍계곡 제2야영장,,,stay,숙박,37.1039,129.17833,30,,"캠핑장 · 통리탄탄파크, 장호비치캠핑장 등을 찾은 여행자들이 함께 많이 머문 곳 (연관 2회)",,,,N,N,N,,N,Y,Y,,,,,,http://place.map.kakao.com/2113355557,강원특별자치도 삼척시 가곡면 풍곡리 산 103-1 · 한국관광공사 연관 관광지(숙박) · 카카오 좌표,
rs494,nation,전국,통영,Tongyeong,,물개스테이,물개스테이,,,stay,숙박,34.76894,128.42149,30,,"펜션·민박 · 미래사편백나무숲, 박경리기념관 등을 찾은 여행자들이 함께 많이 머문 곳 (연관 2회)",,,,N,N,N,,N,Y,Y,,,,,,http://place.map.kakao.com/1190080521,경남 통영시 산양읍 물개길 37-7 · 한국관광공사 연관 관광지(숙박) · 카카오 좌표,
rs495,nation,전국,통영,Tongyeong,,바다52스파펜션,바다52스파펜션,,,stay,숙박,34.83511,128.39205,30,,"펜션·민박 · 달아공원, 용화사 등을 찾은 여행자들이 함께 많이 머문 곳 (연관 2회)",,,,N,N,N,,N,Y,Y,,,,,,http://place.map.kakao.com/1474235245,경남 통영시 국치1길 52-30 · 한국관광공사 연관 관광지(숙박) · 카카오 좌표,
rs496,nation,전국,여수,Yeosu,,호텔더엘,호텔더엘,,,stay,숙박,34.73788,127.7388,30,,"호텔 · 용월사, 웅천친수공원 등을 찾은 여행자들이 함께 많이 머문 곳 (연관 2회)",,,,N,N,N,,N,Y,Y,,,,,,http://place.map.kakao.com/129675568,전남광주통합특별시 여수시 이순신광장로 135 · 한국관광공사 연관 관광지(숙박) · 카카오 좌표,
rs497,nation,전국,여수,Yeosu,,여수 디아크리조트,여수 디아크리조트,,,stay,숙박,34.70177,127.75755,30,,"리조트·콘도 · 돌산공원, 해양수산과학관 등을 찾은 여행자들이 함께 많이 머문 곳 (연관 2회)",,,,N,N,N,,N,Y,Y,,,,,,http://place.map.kakao.com/799520809,전남광주통합특별시 여수시 돌산읍 돌산로 3169-30 · 한국관광공사 연관 관광지(숙박) · 카카오 좌표,
rs498,nation,전국,안동,Andong,,리첼호텔,리첼호텔,,,stay,숙박,36.5683,128.78228,30,,"호텔 · 안동학가산온천, 월영교 등을 찾은 여행자들이 함께 많이 머문 곳 (연관 2회)",,,,N,N,N,안동시 관광단지 (2008 지정),N,Y,Y,,,,,,http://place.map.kakao.com/19713350,경북 안동시 관광단지로 346-69 · 한국관광공사 연관 관광지(숙박) · 카카오 좌표,
rs499,nation,전국,안동,Andong,,전통리조트 구름에,전통리조트 구름에,,,stay,숙박,36.57337,128.76881,30,,"리조트·콘도 · 월영교, 유교랜드 등을 찾은 여행자들이 함께 많이 머문 곳 (연관 2회)",,,,N,N,N,,N,Y,Y,,,,,,http://place.map.kakao.com/24892279,경북 안동시 민속촌길 190 · 한국관광공사 연관 관광지(숙박) · 카카오 좌표,
rs500,nation,전국,진주,Jinju,,브라운도트호텔,브라운도트호텔,,,stay,숙박,35.17856,128.14029,30,,"호텔 · 경상남도수목원, 촉석루 등을 찾은 여행자들이 함께 많이 머문 곳 (연관 2회)",,,,N,N,N,,N,Y,Y,,,,,,http://place.map.kakao.com/1718713955,경남 진주시 에나로 103-9 · 한국관광공사 연관 관광지(숙박) · 카카오 좌표,
rs501,nation,전국,남해,Namhae,,슬로우남해,슬로우남해,,,stay,숙박,34.83946,127.98205,30,,"펜션·민박 · 촉석루, 남해상상양떼목장편백숲 등을 찾은 여행자들이 함께 많이 머문 곳 (연관 2회)",,,,N,N,N,,N,Y,Y,,,,,,http://place.map.kakao.com/840830759,경남 남해군 창선면 서부로 177-7 · 한국관광공사 연관 관광지(숙박) · 카카오 좌표,
rs502,nation,전국,영주,Yeongju,,풍기관광호텔,풍기관광호텔,,,stay,숙박,36.86978,128.5248,30,,"호텔 · 부석사, 국립백두대간수목원 등을 찾은 여행자들이 함께 많이 머문 곳 (연관 2회)",,,,N,N,N,,N,Y,Y,,,,,,http://place.map.kakao.com/25478573,경북 영주시 풍기읍 풍기로 53 · 한국관광공사 연관 관광지(숙박) · 카카오 좌표,
rs503,nation,전국,목포,Mokpo,,호텔야자 목포평화광장점,Mokpo Peace Plaza,木浦和平广场,木浦平和広場,stay,숙박,34.80054,126.43026,30,,"호텔 · 갓바위, 자유시장 등을 찾은 여행자들이 함께 많이 머문 곳 (연관 2회)",,,,N,N,N,,N,Y,Y,,,,,,http://place.map.kakao.com/394799122,전남광주통합특별시 목포시 하당남부로61번길 3 · 한국관광공사 연관 관광지(숙박) · 카카오 좌표,
rs504,nation,전국,울릉,Ulleung,,가고싶다펜션,가고싶다펜션,,,stay,숙박,37.49142,130.90929,30,,"펜션·민박 · 내수전몽돌해변, 태하향목관광모노레일 등을 찾은 여행자들이 함께 많이 머문 곳 (연관 2회)",,,,N,N,N,,N,Y,Y,,,,,,http://place.map.kakao.com/687113972,경북 울릉군 울릉읍 봉래1길 52-1 · 한국관광공사 연관 관광지(숙박) · 카카오 좌표,
rs505,nation,전국,울릉,Ulleung,,학포다이브리조트,학포다이브리조트,,,stay,숙박,37.50143,130.80782,30,,"펜션·민박 · 대아울릉리조트, 태하향목관광모노레일 등을 찾은 여행자들이 함께 많이 머문 곳 (연관 2회)",,,,N,N,N,,N,Y,Y,,,,,,http://place.map.kakao.com/717394057,경북 울릉군 서면 학포길 35-7 · 한국관광공사 연관 관광지(숙박) · 카카오 좌표,
rs506,nation,전국,합천,Hapcheon,,마노아워터캠핑장,마노아워터캠핑장,,,stay,숙박,35.6426,128.05778,30,,"캠핑장 · 대장경테마파크, 합천영상테마파크 등을 찾은 여행자들이 함께 많이 머문 곳 (연관 2회)",,,,N,N,N,,N,Y,Y,,,,,,http://place.map.kakao.com/472557759,경남 합천군 봉산면 압곡3길 9 · 한국관광공사 연관 관광지(숙박) · 카카오 좌표,
rs507,nation,전국,남해,Namhae,,여여담,여여담,,,stay,숙박,34.88408,127.90997,30,,"펜션·민박 · 물건방조어부림, 송정솔바람해변 등을 찾은 여행자들이 함께 많이 머문 곳 (연관 2회)",,,,N,N,N,,N,Y,Y,,,,,,http://place.map.kakao.com/1443752957,경남 남해군 설천면 설천로 176-132 · 한국관광공사 연관 관광지(숙박) · 카카오 좌표,
rs508,nation,전국,남해,Namhae,,상주은모래비치 오토캠핑장,Sangju Silver Sand Beach,尚州银沙滩海边,尚州銀砂ビーチ,stay,숙박,34.71992,127.98536,30,,"캠핑장 · 송정솔바람해변, 이순신바다공원 등을 찾은 여행자들이 함께 많이 머문 곳 (연관 2회)",,,,N,N,N,,N,Y,Y,,,,,,http://place.map.kakao.com/17672211,경남 남해군 상주면 상주리 1248-1 · 한국관광공사 연관 관광지(숙박) · 카카오 좌표,
rs509,nation,전국,울산,Ulsan,,삼성산장,삼성산장,,,stay,숙박,35.55955,129.06776,30,,"펜션·민박 · 배내골, 신명해변 등을 찾은 여행자들이 함께 많이 머문 곳 (연관 2회)",,,,N,N,N,,N,Y,Y,,,,,,http://place.map.kakao.com/228129640,울산 울주군 상북면 등억알프스로 483 · 한국관광공사 연관 관광지(숙박) · 카카오 좌표,
rs510,nation,전국,울산,Ulsan,,온더웨이브호텔,온더웨이브호텔,,,stay,숙박,35.3561,129.35036,30,,"호텔 · 솔개해수욕장, 진하해수욕장 등을 찾은 여행자들이 함께 많이 머문 곳 (연관 2회)",,,,N,N,N,,N,Y,Y,,,,,,http://place.map.kakao.com/365776212,울산 울주군 서생면 간절곶해안길 37 · 한국관광공사 연관 관광지(숙박) · 카카오 좌표,
rs511,nation,전국,창원,Changwon,,CNN호텔,CNN호텔,,,stay,숙박,35.22347,128.68312,30,,"호텔 · 성주사, 창원컨벤션센터 등을 찾은 여행자들이 함께 많이 머문 곳 (연관 2회)",,,,N,N,N,,N,Y,Y,,,,,,http://place.map.kakao.com/7993434,경남 창원시 성산구 상남로 118 · 한국관광공사 연관 관광지(숙박) · 카카오 좌표,
rs512,nation,전국,태안,Taean,,무이림,무이림,,,stay,숙박,36.75743,126.17055,30,,"호텔 · 만리포해수욕장, 어은돌해수욕장 등을 찾은 여행자들이 함께 많이 머문 곳 (연관 2회)",,,,N,N,N,,N,Y,Y,,,,,,http://place.map.kakao.com/1266342235,충남 태안군 소원면 대소산길 350-87 · 한국관광공사 연관 관광지(숙박) · 카카오 좌표,
rs513,nation,전국,태안,Taean,,나문재카페,나문재카페,,,stay,숙박,36.5866,126.37431,30,,"펜션·민박 · 만대항, 천리포수목원 등을 찾은 여행자들이 함께 많이 머문 곳 (연관 2회)",,,,N,N,N,,N,Y,Y,,,,,,http://place.map.kakao.com/590725586,충남 태안군 안면읍 통샘길 87-340 · 한국관광공사 연관 관광지(숙박) · 카카오 좌표,
rs514,nation,전국,창원,Changwon,,호텔에비뉴,호텔에비뉴,,,stay,숙박,35.23012,128.68152,30,,"호텔 · 용지호수공원, 경남도립미술관 등을 찾은 여행자들이 함께 많이 머문 곳 (연관 2회)",,,,N,N,N,,N,Y,Y,,,,,,http://place.map.kakao.com/8495872,경남 창원시 성산구 용지로169번길 5 · 한국관광공사 연관 관광지(숙박) · 카카오 좌표,
rs515,nation,전국,가평,Gapyeong,,호텔하우스,호텔하우스,,,stay,숙박,37.69797,127.48978,30,,"호텔 · 어비계곡, 자라섬 등을 찾은 여행자들이 함께 많이 머문 곳 (연관 2회)",,,,N,N,N,,N,Y,Y,,,,,,http://place.map.kakao.com/821141726,경기 가평군 설악면 자잠로 279 · 한국관광공사 연관 관광지(숙박) · 카카오 좌표,
rs516,nation,전국,상주,Sangju,,객주촌한옥펜션,객주촌한옥펜션,,,stay,숙박,36.44342,128.26555,30,,"펜션·민박 · 상주자전거박물관, 성주봉자연휴양림 등을 찾은 여행자들이 함께 많이 머문 곳 (연관 2회)",,,,N,N,N,상주시 관광지 (2024 지정),N,Y,Y,,,,,,http://place.map.kakao.com/704648736,경북 상주시 중동면 갱다불길 113 · 한국관광공사 연관 관광지(숙박) · 카카오 좌표,
rs517,nation,전국,김해,Gimhae,,덴바스타 테마 키즈호텔,덴바스타 테마 키즈호텔,,,stay,숙박,35.27536,128.88914,30,,"호텔 · 가야랜드엔젤파크, 김해천문대 등을 찾은 여행자들이 함께 많이 머문 곳 (연관 2회)",,,,N,N,N,,N,Y,Y,,,,,,http://place.map.kakao.com/238667381,경남 김해시 생림면 인제로 545-20 · 한국관광공사 연관 관광지(숙박) · 카카오 좌표,
rs518,nation,전국,김해,Gimhae,,잠101호텔,잠101호텔,,,stay,숙박,35.17056,128.82324,30,,"호텔 · 김해롯데워터파크/본관, 장유사 등을 찾은 여행자들이 함께 많이 머문 곳 (연관 2회)",,,,N,N,N,,N,Y,Y,,,,,,http://place.map.kakao.com/916198833,경남 김해시 율하숲길 17 · 한국관광공사 연관 관광지(숙박) · 카카오 좌표,
rs519,nation,전국,익산,Iksan,,한옥펜션 수수헌,한옥펜션 수수헌,,,stay,숙박,35.99236,127.05024,30,,"펜션·민박 · 서동공원, 왕궁리유적 등을 찾은 여행자들이 함께 많이 머문 곳 (연관 2회)",,,,N,N,N,,N,Y,Y,,,,,,http://place.map.kakao.com/1967088972,전북특별자치도 익산시 금마면 미륵사지로5길 24-1 · 한국관광공사 연관 관광지(숙박) · 카카오 좌표,
rs520,nation,전국,전주,Jeonju,,전주관광호텔,전주관광호텔,,,stay,숙박,35.82042,127.14541,30,,"호텔 · 아가페정원, 한국도로공사/전주수목원 등을 찾은 여행자들이 함께 많이 머문 곳 (연관 2회)",,,,N,N,N,,N,Y,Y,,,,,,http://place.map.kakao.com/2126483278,전북특별자치도 전주시 완산구 전주객사5길 44-5 · 한국관광공사 연관 관광지(숙박) · 카카오 좌표,
rs521,nation,전국,울진,Uljin,,불영계곡캠핑장,불영계곡캠핑장,,,stay,숙박,36.96603,129.32047,30,,"캠핑장 · 불영사, 통고산자연휴양림 등을 찾은 여행자들이 함께 많이 머문 곳 (연관 2회)",,,,N,N,N,,N,Y,Y,,,,,,http://place.map.kakao.com/26879686,경북 울진군 울진읍 불영계곡로 2758 · 한국관광공사 연관 관광지(숙박) · 카카오 좌표,
rs522,nation,전국,고창,Gochang,,선운산유스호스텔,선운산유스호스텔,,,stay,숙박,35.50348,126.58311,30,,"호스텔 · 고창운곡람사르습지자연생태공원, 고창읍성 등을 찾은 여행자들이 함께 많이 머문 곳 (연관 2회)",,,,N,N,N,,N,Y,Y,,,,,,http://place.map.kakao.com/8370352,전북특별자치도 고창군 아산면 선운사로 158-36 · 한국관광공사 연관 관광지(숙박) · 카카오 좌표,
rs523,nation,전국,고양,Goyang,,밀레니엄호텔,밀레니엄호텔,,,stay,숙박,37.67497,126.74834,30,,"호텔 · 원마운트워터파크, 킨텍스/제1전시장 등을 찾은 여행자들이 함께 많이 머문 곳 (연관 2회)",,,,N,N,N,,N,Y,Y,,,,,,http://place.map.kakao.com/7880252,경기 고양시 일산서구 주화로 190 · 한국관광공사 연관 관광지(숙박) · 카카오 좌표,
rs524,nation,전국,고양,Goyang,,호텔 클라움,호텔 클라움,,,stay,숙박,37.67509,126.74799,30,,"호텔 · 킨텍스/제1전시장, 중산체육공원 등을 찾은 여행자들이 함께 많이 머문 곳 (연관 2회)",,,,N,N,N,,N,Y,Y,,,,,,http://place.map.kakao.com/1080614036,경기 고양시 일산서구 중앙로 1559-11 · 한국관광공사 연관 관광지(숙박) · 카카오 좌표,
rs525,nation,전국,고양,Goyang,,글로스터호텔 킨텍스,Korea International Exhibition Center (KINTEX),韩国国际展览中心(KINTEX),,stay,숙박,37.66842,126.74807,30,,"호텔 · 킨텍스/제1전시장, 원각사 등을 찾은 여행자들이 함께 많이 머문 곳 (연관 2회)",,,,N,N,N,,N,Y,Y,,,,,,http://place.map.kakao.com/2077606313,경기 고양시 일산서구 킨텍스로 255-3 · 한국관광공사 연관 관광지(숙박) · 카카오 좌표,
rs526,nation,전국,담양,Damyang,,퀸즈캐슬,퀸즈캐슬,,,stay,숙박,35.19191,126.99417,30,,"펜션·민박 · 소쇄원, 추월산 등을 찾은 여행자들이 함께 많이 머문 곳 (연관 2회)",,,,N,N,N,,N,Y,Y,,,,,,http://place.map.kakao.com/115284455,전남광주통합특별시 담양군 가사문학면 가사문학로 760-12 · 한국관광공사 연관 관광지(숙박) · 카카오 좌표,
rs527,nation,전국,인제,Inje,,아침뜨락황토마을,아침뜨락황토마을,,,stay,숙박,37.95519,128.34152,30,,"펜션·민박 · 아침가리계곡, 인제스피디움 등을 찾은 여행자들이 함께 많이 머문 곳 (연관 2회)",,,,N,N,N,,N,Y,Y,,,,,,http://place.map.kakao.com/27074106,강원특별자치도 인제군 기린면 두루미길 7-18 · 한국관광공사 연관 관광지(숙박) · 카카오 좌표,
rs528,nation,전국,양양,Yangyang,,브리드호텔 양양,브리드호텔 양양,,,stay,숙박,37.97094,128.76209,30,,"호텔 · 하조대, 공현진1리해변 등을 찾은 여행자들이 함께 많이 머문 곳 (연관 2회)",,,,N,N,N,,N,Y,Y,,,,,,http://place.map.kakao.com/1563065148,강원특별자치도 양양군 현남면 인구항길 17 · 한국관광공사 연관 관광지(숙박) · 카카오 좌표,
rs529,nation,전국,청송,Cheongsong,,송소고택펜션,송소고택펜션,,,stay,숙박,36.43621,129.0264,30,,"호스텔 · 주산지, 청송얼음골 등을 찾은 여행자들이 함께 많이 머문 곳 (연관 2회)",,,,N,N,N,,N,Y,Y,,,,,,http://place.map.kakao.com/427169846,경북 청송군 파천면 송소고택길 15-2 · 한국관광공사 연관 관광지(숙박) · 카카오 좌표,
rs530,nation,전국,영덕,Yeongdeok,,클라우드나인호텔모텔,클라우드나인호텔모텔,,,stay,숙박,36.35734,129.38668,30,,"호텔 · 주산지, 강구항 등을 찾은 여행자들이 함께 많이 머문 곳 (연관 2회)",,,,N,N,N,,N,Y,Y,,,,,,http://place.map.kakao.com/1922230927,경북 영덕군 강구면 신강구6길 25 · 한국관광공사 연관 관광지(숙박) · 카카오 좌표,
rs531,nation,전국,보령,Boryeong,,대천사과나무펜션,대천사과나무펜션,,,stay,숙박,36.31118,126.51629,30,,"펜션·민박 · 대천항, 무창포해수욕장 등을 찾은 여행자들이 함께 많이 머문 곳 (연관 2회)",,,,N,N,N,보령시 관광지 (2024 지정),N,Y,Y,,,,,,http://place.map.kakao.com/2111938327,충남 보령시 고잠2길 10 · 한국관광공사 연관 관광지(숙박) · 카카오 좌표,
rs532,nation,전국,보령,Boryeong,,더반힐글램핑&리조트펜션,더반힐글램핑&리조트펜션,,,stay,숙박,36.42511,126.50392,30,,"펜션·민박 · 오천항, 충청수영성 등을 찾은 여행자들이 함께 많이 머문 곳 (연관 2회)",,,,N,N,N,,N,Y,Y,,,,,,http://place.map.kakao.com/1091594946,충남 보령시 오천면 오천해안로 557 · 한국관광공사 연관 관광지(숙박) · 카카오 좌표,
rs533,nation,전국,영덕,Yeongdeok,,영덕프라다호텔,영덕프라다호텔,,,stay,숙박,36.34328,129.38176,30,,"호텔 · 남호해수욕장, 삼사해상공원 등을 찾은 여행자들이 함께 많이 머문 곳 (연관 2회)",,,,N,N,N,,N,Y,Y,,,,,,http://place.map.kakao.com/1314490696,경북 영덕군 강구면 동해대로 4312 · 한국관광공사 연관 관광지(숙박) · 카카오 좌표,
rs534,nation,전국,영덕,Yeongdeok,,영덕바다펜션,영덕바다펜션,,,stay,숙박,36.32999,129.37917,30,,"펜션·민박 · 주산지, 영덕어촌민속전시관 등을 찾은 여행자들이 함께 많이 머문 곳 (연관 2회)",,,,N,N,N,,N,Y,Y,,,,,,http://place.map.kakao.com/8008626,경북 영덕군 남정면 동해대로 4156 · 한국관광공사 연관 관광지(숙박) · 카카오 좌표,
rs535,nation,전국,부산,Busan,,브라운도트호텔 다대포해수욕장점,브라운도트호텔 다대포해수욕장점,,,stay,숙박,35.0574,128.97273,30,,"호텔 · 다대포해수욕장, 아미산전망대 등을 찾은 여행자들이 함께 많이 머문 곳 (연관 2회)",,,,N,N,N,,N,Y,Y,,,,,,http://place.map.kakao.com/572651120,부산 사하구 다대동로 45 · 한국관광공사 연관 관광지(숙박) · 카카오 좌표,
rs536,nation,전국,부산,Busan,,에이치에비뉴 정관점,에이치에비뉴 정관점,,,stay,숙박,35.31617,129.18322,30,,"호텔 · 소두방공원, 임랑해수욕장 등을 찾은 여행자들이 함께 많이 머문 곳 (연관 2회)",,,,N,N,N,,N,Y,Y,,,,,,http://place.map.kakao.com/1649511110,부산 기장군 정관읍 산단2로 31-24 · 한국관광공사 연관 관광지(숙박) · 카카오 좌표,
rs537,nation,전국,고양,Goyang,,호텔더윈,호텔더윈,,,stay,숙박,37.64766,126.87513,30,,"호텔 · 서오릉, 스타필드/고양 등을 찾은 여행자들이 함께 많이 머문 곳 (연관 2회)",,,,N,N,N,,N,Y,Y,,,,,,http://place.map.kakao.com/1487954593,경기 고양시 덕양구 원흥3로 6-14 · 한국관광공사 연관 관광지(숙박) · 카카오 좌표,
rs538,nation,전국,부산,Busan,,더블유레지던스호텔,더블유레지던스호텔,,,stay,숙박,35.16761,129.13284,30,,"호텔 · UN기념공원, 오륙도스카이워크 등을 찾은 여행자들이 함께 많이 머문 곳 (연관 2회)",,,,N,N,N,,N,Y,Y,,,,,,http://place.map.kakao.com/1676228858,부산 해운대구 센텀3로 20 · 한국관광공사 연관 관광지(숙박) · 카카오 좌표,
rs539,nation,전국,거창,Geochang,,덕유공방펜션,덕유공방펜션,,,stay,숙박,35.74538,127.82456,30,,"펜션·민박 · 금원산자연휴양림, 수승대 등을 찾은 여행자들이 함께 많이 머문 곳 (연관 2회)",,,,N,N,N,,N,Y,Y,,,,,,http://place.map.kakao.com/1791202984,경남 거창군 위천면 서원길 13-13 · 한국관광공사 연관 관광지(숙박) · 카카오 좌표,
rs540,nation,전국,부산,Busan,,베니키아 프리미어 호텔 해운대,베니키아 프리미어 호텔 해운대,,,stay,숙박,35.16224,129.16481,30,,"호텔 · 미포항, 허심청 등을 찾은 여행자들이 함께 많이 머문 곳 (연관 2회)",,,,N,N,N,,N,Y,Y,,,,,,http://place.map.kakao.com/25645011,부산 해운대구 해운대해변로 317 · 한국관광공사 연관 관광지(숙박) · 카카오 좌표,
rs541,nation,전국,거창,Geochang,,패밀리관광호텔,패밀리관광호텔,,,stay,숙박,35.69893,128.02547,30,,"호텔 · 거창창포원, 수승대 등을 찾은 여행자들이 함께 많이 머문 곳 (연관 2회)",,,,N,N,N,거창군 관광지 (0000 지정),N,Y,Y,,,,,,http://place.map.kakao.com/328472345,경남 거창군 가조면 온천길 108-11 · 한국관광공사 연관 관광지(숙박) · 카카오 좌표,
rs542,nation,전국,거창,Geochang,,거창국민여가캠핑장 미리내숲,거창국민여가캠핑장 미리내숲,,,stay,숙박,35.7612,127.724,30,,"캠핑장 · 금원산자연휴양림, 월성계곡 등을 찾은 여행자들이 함께 많이 머문 곳 (연관 2회)",,,,N,N,N,,N,Y,Y,,,,,,http://place.map.kakao.com/25537013,경남 거창군 북상면 덕유월성로 1312-96 · 한국관광공사 연관 관광지(숙박) · 카카오 좌표,
rs543,nation,전국,부산,Busan,,광수호텔,광수호텔,,,stay,숙박,35.16027,129.15653,30,,"호텔 · 벡스코/제1전시장, 범어사 등을 찾은 여행자들이 함께 많이 머문 곳 (연관 2회)",,,,N,N,N,,N,Y,Y,,,,,,http://place.map.kakao.com/1628949784,부산 해운대구 해운대해변로221번길 22 · 한국관광공사 연관 관광지(숙박) · 카카오 좌표,
rs544,nation,전국,제주,Jeju,,까사로마호텔,까사로마호텔,,,stay,숙박,33.24681,126.55811,30,,"호텔 · 교래자연휴양림, 감귤박물관 등을 찾은 여행자들이 함께 많이 머문 곳 (연관 2회)",,,,N,N,N,,N,Y,Y,,,,,,http://place.map.kakao.com/848156554,제주특별자치도 서귀포시 태평로 347 · 한국관광공사 연관 관광지(숙박) · 카카오 좌표,
rs545,nation,전국,제주,Jeju,,제주노블레스관광호텔,제주노블레스관광호텔,,,stay,숙박,33.50117,126.50345,30,,"호텔 · 국립제주박물관, 사라봉공원 등을 찾은 여행자들이 함께 많이 머문 곳 (연관 2회)",,,,N,N,N,,N,Y,Y,,,,,,http://place.map.kakao.com/1199603041,제주특별자치도 제주시 월성로4길 19 · 한국관광공사 연관 관광지(숙박) · 카카오 좌표,
rs546,nation,전국,제주,Jeju,,제주항공우주호텔,제주항공우주호텔,,,stay,숙박,33.30253,126.29471,30,,"호텔 · 금오름, 산방산탄산온천 등을 찾은 여행자들이 함께 많이 머문 곳 (연관 2회)",,,,N,N,N,서귀포시 관광단지 (2010 지정),N,Y,Y,,,,,,http://place.map.kakao.com/25611491,제주특별자치도 서귀포시 안덕면 녹차분재로 216 · 한국관광공사 연관 관광지(숙박) · 카카오 좌표,
rs547,nation,전국,제주,Jeju,,일성제주비치콘도&리조트,일성제주비치콘도&리조트,,,stay,숙박,33.38568,126.22129,30,,"리조트·콘도 · 금능해수욕장, 금오름 등을 찾은 여행자들이 함께 많이 머문 곳 (연관 2회)",,,,N,N,N,,N,Y,Y,,,,,,http://place.map.kakao.com/1041102067,제주특별자치도 제주시 한림읍 한림로 127 · 한국관광공사 연관 관광지(숙박) · 카카오 좌표,
rs548,nation,전국,제주,Jeju,,소노벨제주 신관,Sono Belle Jeju,SONO Belle济州,SONO Belle済州,stay,숙박,33.54052,126.67082,30,,"리조트·콘도 · 다랑쉬오름, 신흥해수욕장 등을 찾은 여행자들이 함께 많이 머문 곳 (연관 2회)",,,,N,N,N,제주시 관광지 (2013 지정),N,Y,Y,,,,,,http://place.map.kakao.com/27446161,제주특별자치도 제주시 조천읍 신북로 577 · 한국관광공사 연관 관광지(숙박) · 카카오 좌표,
rs549,nation,전국,제주,Jeju,,제주해군호텔,제주해군호텔,,,stay,숙박,33.45899,126.44865,30,,"호텔 · 도두봉, 서문공설시장 등을 찾은 여행자들이 함께 많이 머문 곳 (연관 2회)",,,,N,N,N,,N,Y,Y,,,,,,http://place.map.kakao.com/16352592,제주특별자치도 제주시 해안마을서2길 19 · 한국관광공사 연관 관광지(숙박) · 카카오 좌표,
rs550,nation,전국,제주,Jeju,,머큐어 앰배서더 제주,머큐어 앰배서더 제주,,,stay,숙박,33.2937,126.3487,30,,"호텔 · 모슬포중앙시장, 본태박물관 등을 찾은 여행자들이 함께 많이 머문 곳 (연관 2회)",,,,N,N,N,,N,Y,Y,,,,,,http://place.map.kakao.com/1316216570,제주특별자치도 서귀포시 안덕면 한창로 365 · 한국관광공사 연관 관광지(숙박) · 카카오 좌표,
rs551,nation,전국,영월,Yeongwol,,느티나무캠핑장,느티나무캠핑장,,,stay,숙박,37.10401,128.67849,30,,"캠핑장 · 단종역사관, 영월중앙시장 등을 찾은 여행자들이 함께 많이 머문 곳 (연관 2회)",,,,N,N,N,,N,Y,Y,,,,,,http://place.map.kakao.com/17591877,강원특별자치도 영월군 김삿갓면 내리계곡로 1061 · 한국관광공사 연관 관광지(숙박) · 카카오 좌표,
rs552,nation,전국,영월,Yeongwol,,영월키즈캠핑장,영월키즈캠핑장,,,stay,숙박,37.36411,128.2734,30,,"캠핑장 · 법흥사, 원주역사박물관 등을 찾은 여행자들이 함께 많이 머문 곳 (연관 2회)",,,,N,N,N,,N,Y,Y,,,,,,http://place.map.kakao.com/687013415,강원특별자치도 영월군 무릉도원면 무릉법흥로 1208-7 · 한국관광공사 연관 관광지(숙박) · 카카오 좌표,
rs553,nation,전국,제주,Jeju,,천지연크리스탈호텔,천지연크리스탈호텔,,,stay,숙박,33.24232,126.56206,30,,"호텔 · 본태박물관, 송악카트체험장 등을 찾은 여행자들이 함께 많이 머문 곳 (연관 2회)",,,,N,N,N,,N,Y,Y,,,,,,http://place.map.kakao.com/446343765,제주특별자치도 서귀포시 천지연로 39 · 한국관광공사 연관 관광지(숙박) · 카카오 좌표,
rs554,nation,전국,홍성,Hongseong,,브라운도트호텔 홍성내포점,브라운도트호텔 홍성내포점,,,stay,숙박,36.59897,126.66365,30,,"호텔 · 이응노의집, 홍주읍성 등을 찾은 여행자들이 함께 많이 머문 곳 (연관 2회)",,,,N,N,N,,N,Y,Y,,,,,,http://place.map.kakao.com/1510383273,충남 홍성군 홍성읍 내포로 42 · 한국관광공사 연관 관광지(숙박) · 카카오 좌표,
rs555,nation,전국,제천,Jecheon,,하운드호텔,하운드호텔,,,stay,숙박,37.13137,128.20681,30,,"호텔 · 정방사, 제천옥순봉출렁다리 등을 찾은 여행자들이 함께 많이 머문 곳 (연관 2회)",,,,N,N,N,,N,Y,Y,,,,,,http://place.map.kakao.com/1299692599,충북 제천시 의림대로 33 · 한국관광공사 연관 관광지(숙박) · 카카오 좌표,
rs556,nation,전국,보성,Boseong,,보성여관,보성여관,,,stay,숙박,34.84394,127.34342,30,,"숙소 · 율포해수욕장, 태백산맥문학관 등을 찾은 여행자들이 함께 많이 머문 곳 (연관 2회)",,,,N,N,N,,N,Y,Y,,,,,,http://place.map.kakao.com/18635052,전남광주통합특별시 보성군 벌교읍 태백산맥길 19 · 한국관광공사 연관 관광지(숙박) · 카카오 좌표,
rs557,nation,전국,서울,Seoul,,글래드 강남 코엑스센터,글래드 강남 코엑스센터,,,stay,숙박,37.50882,127.06454,30,,"호텔 · 경동시장, 신사공원 등을 찾은 여행자들이 함께 많이 머문 곳 (연관 2회)",,,,N,N,N,,N,Y,Y,,,,,,http://place.map.kakao.com/1061735080,서울 강남구 테헤란로 610 · 한국관광공사 연관 관광지(숙박) · 카카오 좌표,
rs558,nation,전국,서울,Seoul,,크라운호텔,크라운호텔,,,stay,숙박,37.57406,126.98819,30,,"호텔 · 학동공원, 국립고궁박물관 등을 찾은 여행자들이 함께 많이 머문 곳 (연관 2회)",,,,N,N,N,,N,Y,Y,,,,,,http://place.map.kakao.com/10817967,서울 종로구 삼일대로30길 9 · 한국관광공사 연관 관광지(숙박) · 카카오 좌표,
rs559,nation,전국,서울,Seoul,,노을공원 노을캠핑장,노을공원 노을캠핑장,,,stay,숙박,37.5734,126.87367,30,,"캠핑장 · 노을공원, 하늘공원 등을 찾은 여행자들이 함께 많이 머문 곳 (연관 2회)",,,,N,N,N,,N,Y,Y,,,,,,http://place.map.kakao.com/840293269,서울 마포구 상암동 478-1 · 한국관광공사 연관 관광지(숙박) · 카카오 좌표,
rs560,nation,전국,부산,Busan,,호텔이목,호텔이목,,,stay,숙박,35.20458,129.08328,30,,"호텔 · 허심청, 황령산 등을 찾은 여행자들이 함께 많이 머문 곳 (연관 2회)",,,,N,N,N,,N,Y,Y,,,,,,http://place.map.kakao.com/1361295304,부산 동래구 명륜로112번가길 22 · 한국관광공사 연관 관광지(숙박) · 카카오 좌표,
rs561,nation,전국,서울,Seoul,,홀리데이 인 익스프레스 서울 홍대,홀리데이 인 익스프레스 서울 홍대,,,stay,숙박,37.55756,126.92673,30,,"호텔 · 국립중앙박물관, 리움미술관/M1 등을 찾은 여행자들이 함께 많이 머문 곳 (연관 2회)",,,,N,N,N,,N,Y,Y,,,,,,http://place.map.kakao.com/1503578811,서울 마포구 양화로 188 · 한국관광공사 연관 관광지(숙박) · 카카오 좌표,
rs562,nation,전국,삼척,Samcheok,,코아페바다,코아페바다,,,stay,숙박,37.29065,129.30078,30,,"펜션·민박 · 민물고기전시관, 장호항 등을 찾은 여행자들이 함께 많이 머문 곳 (연관 2회)",,,,N,N,N,,N,Y,Y,,,,,,http://place.map.kakao.com/1349233497,강원특별자치도 삼척시 근덕면 용화길 27-34 · 한국관광공사 연관 관광지(숙박) · 카카오 좌표,
rs563,nation,전국,양주,Yangju,,장흥수목원펜션,장흥수목원펜션,,,stay,숙박,37.74439,126.94923,30,,"펜션·민박 · 양주시립장욱진미술관, 장흥한옥수영장 등을 찾은 여행자들이 함께 많이 머문 곳 (연관 2회)",,,,N,N,N,,N,Y,Y,,,,,,http://place.map.kakao.com/829145427,경기 양주시 장흥면 권율로309번길 167-26 · 한국관광공사 연관 관광지(숙박) · 카카오 좌표,
rs564,nation,전국,하동,Hadong,,3층사진관펜션,3층사진관펜션,,,stay,숙박,35.22233,127.64225,30,,"펜션·민박 · 최참판댁, 화개장터 등을 찾은 여행자들이 함께 많이 머문 곳 (연관 2회)",,,,N,N,N,,N,Y,Y,,,,,,http://place.map.kakao.com/17462509,경남 하동군 화개면 쌍계로 478 · 한국관광공사 연관 관광지(숙박) · 카카오 좌표,
na1,nation,전국,수원,Suwon,22,수원화성,Suwon Hwaseong,水原华城,水原華城,herit,문화유산·전통체험,37.2818,127.0135,120,09:00–18:00,성곽 둘레 5.7km. 서장대 구간이 영상에 나온다.,A 5.7 km fortress wall; the Seojangdae stretch appears in the video.,城墙周长5.7公里，影片中出现的是西将台一段。,城壁は周囲5.7km。映像に登場するのは西将台の区間。,N,Y,N,수원시 관광특구 (2016 지정),N,N,N,3kzZaHU72Ps,국가유산청 공식 유튜브,리센느와 함께 알아보는 수원 화성 상생정책,https://upload.wikimedia.org/wikipedia/commons/f/fb/Bifyu_8.jpg,Wikimedia Commons,,정조로 825 지오코딩 확인,Verified: Jeongjo-ro 825
na22,nation,전국,수원,Suwon,23,수원화성 국궁체험장,Suwon Hwaseong Archery Range,,,herit,문화유산·전통체험,37.2885,127.023,90,10:00–18:00,수원화성 내 전통 국궁 체험장. 영상에서 멤버들의 국궁 체험 장면이 촬영된 곳.,Traditional Korean archery experience within Hwaseong; featured in the members' archery segment.,,,N,Y,N,수원시 관광특구 (2016 지정),N,N,N,AprhNzAcfdc,,,,,,연무대(창룡대로103번길 20) 지오코딩 확인,"Verified: Yeonmudae, Changnyongdae-ro 103beon-gil 20"
na23,nation,전국,수원,Suwon,24,화홍문,Hwahongmun,华虹门,華虹門,herit,문화유산·전통체험,37.2875,127.0178,40,상시 개방,"수원화성 북수문. 수문 일곱 칸 위로 누각이 올라앉은 구조로, 영상에서 방화수류정으로 이어지는 구간에 등장한다.","Hwaseong's north water gate, with a pavilion set over seven arches; it appears on the stretch leading to Banghwasuryujeong.",,,N,Y,N,수원시 관광특구 (2016 지정),N,N,N,AprhNzAcfdc,,,,,,북수동 화홍문 지오코딩 확인,"Verified: Hwahongmun, Buksu-dong"
na2,nation,전국,수원,Suwon,25,수원전통문화관,Suwon Traditional Culture Center,水原传统文化馆,水原伝統文化館,herit,문화유산·전통체험,37.2878,127.0146,70,10:00–18:00,전통식생활체험관과 예절교육관. 화성행궁에서 도보 이동 가능.,"Food and etiquette halls, walkable from Hwaseong Haenggung.",传统饮食体验馆与礼节教育馆，从华城行宫可步行前往。,伝統食生活体験館と礼節教育館。華城行宮から徒歩圏。,N,N,N,수원시 관광특구 (2016 지정),N,N,N,3kzZaHU72Ps,국가유산청 공식 유튜브,리센느와 함께 알아보는 수원 화성 상생정책,,,,정조로 893 지오코딩 확인,Verified: Jeongjo-ro 893
na3,nation,전국,수원,Suwon,26,행리단길,Haengridan-gil,幸理团路,ヘンリダン通り,food,로컬상권·먹거리,37.2851,127.0142,100,11:00–22:00,화성 성벽 바로 안쪽 골목 상권. 관람 후 저녁 코스로 붙이기 좋다.,An alley district just inside the fortress wall; a natural post-tour dinner stop.,紧邻华城城墙内侧的巷弄商圈，适合作为游览后的晚餐行程。,城壁のすぐ内側にある路地の商圏。観覧後の夕食コースに向く。,N,N,N,수원시 관광특구 (2016 지정),N,N,N,3kzZaHU72Ps,국가유산청 공식 유튜브,리센느와 함께 알아보는 수원 화성 상생정책,,,,행궁동 상권 중심 기준점,Haenggung-dong district midpoint
na4,nation,전국,정선,Jeongseon,27,정선 하이원 스키장 / 워터월드,High1 Ski & Water World,旌善High1滑雪场 / 水上世界,旌善ハイワンスキー場 / ウォーターワールド,activity,테마파크·액티비티,37.2055,128.8377,300,시즌별 상이,"겨울 스키장, 여름 워터월드로 운영. 첫 여름휴가 편의 무대.",A ski resort in winter and a water park in summer; the setting of the first summer-holiday episode.,冬季为滑雪场，夏季为水上世界，第一次暑假篇的舞台。,冬はスキー場、夏はウォーターワールド。初の夏休み回の舞台。,N,N,N,,N,N,N,rsEpyq1Lzc4,KBS 마이데이트립,찐으로 놀고 먹는 리센느의 첫 여름휴가🏖️ 마이마이 주이소,https://upload.wikimedia.org/wikipedia/commons/d/d7/From_the_top_of_the_hike.jpg,Wikimedia Commons,,하이원길 424 지오코딩 확인,High1 Resort official coordinates
na5,nation,전국,정선,Jeongseon,28,하이원 리조트 (동물농장 / 알파인코스터),High1 Resort (Animal Farm & Alpine Coaster),High1度假村(动物农场 / 高山过山车),ハイワンリゾート(動物農場 / アルパインコースター),stay,숙박,37.2053,128.8402,180,10:00–17:00,알파인코스터는 산 정상부에서 출발한다. 동물농장은 우천 시 단축 운영.,The alpine coaster starts at the summit; the animal farm runs short hours in rain.,高山过山车从山顶出发，动物农场雨天缩短营业。,アルパインコースターは山頂から出発。動物農場は雨天時に短縮営業。,N,N,N,,N,N,N,L16ezTKcwrY,KBS 마이데이트립,1화보다 더 재밌을걸?😆 리센느의 스릴 넘치는 여름휴가 보러 오이데~⭐️,,,,하이원길 500 지오코딩 확인,Verified: High1-gil 500
na6,nation,전국,대전,Daejeon,29,성심당,Sungsimdang,圣心堂,聖心堂,food,로컬상권·먹거리,36.3277,127.4273,60,08:00–22:00,빵투어의 출발점. 튀김소보로 대기 줄은 평일 오전이 가장 짧다.,The start of the bread tour; the queue is shortest on weekday mornings.,面包之旅的起点，炸馅面包的队伍在工作日上午最短。,パン巡りの出発点。ツイソボロの行列は平日午前が最短。,N,N,N,,N,N,N,yMeBhxSGvVw,벨리곰 콜라보,갸루 출신 일본인에게 대전 빵투어를 시켜준다면? (feat. 대전 빵택시),https://upload.wikimedia.org/wikipedia/commons/f/fc/Sungsimdang_2019.jpg,Wikimedia Commons,,대종로480번길 15 지오코딩 확인,Verified: Daejong-ro 480beon-gil 15
na7a,nation,전국,대전,Daejeon,30,미미 제과점,Mimi Bakery,美美西饼店,ミミ製菓店,food,로컬상권·먹거리,36.3525,127.3732,50,09:00–21:00,빵투어 두 번째 코스. 원도심 골목 안에 있어 빵택시로 이동했다.,"The second stop on the tour, in a downtown alley reached by bread taxi.",面包之旅第二站，位于老城区巷内，影片中乘面包出租车前往。,パン巡り2軒目。旧市街の路地にあり、パンタクシーで移動した。,N,N,N,,N,N,N,yMeBhxSGvVw,벨리곰 콜라보,갸루 출신 일본인에게 대전 빵투어를 시켜준다면? (feat. 대전 빵택시),,,,서구 갈마역로25번길 17-7 지오코딩 확인,Verified: Galmayeok-ro 25beon-gil 17-7
na7b,nation,전국,대전,Daejeon,31,파이가든,Pie Garden,派花园 Pie Garden,パイガーデン,food,로컬상권·먹거리,36.3275,127.4238,50,10:00–21:00,둔산 상권. 파이 종류가 오후에 가장 많이 나온다.,In the Dunsan district; the pie selection is widest in the afternoon.,屯山商圈，下午的派种类最齐全。,屯山エリア。午後にパイの種類が最も揃う。,N,N,N,,N,N,N,yMeBhxSGvVw,벨리곰 콜라보,갸루 출신 일본인에게 대전 빵투어를 시켜준다면? (feat. 대전 빵택시),,,,중구 중앙로 124 지오코딩 확인,"Verified: Jung-gu, Jungang-ro 124"
na7c,nation,전국,대전,Daejeon,32,파티세리 소신,Patisserie Sosin,甜点店 Sosin,パティスリー ソシン,food,로컬상권·먹거리,36.3616,127.3527,50,11:00–20:00,빵투어 마지막 코스. 소량 생산이라 늦은 시간엔 품목이 준다.,The final stop; small batches mean fewer items late in the day.,面包之旅最后一站，少量生产，越晚品项越少。,パン巡りの最終地点。少量生産のため遅い時間は品数が減る。,N,N,N,유성구 관광특구 (0000 지정),N,N,N,yMeBhxSGvVw,벨리곰 콜라보,갸루 출신 일본인에게 대전 빵투어를 시켜준다면? (feat. 대전 빵택시),,,,유성구 농대로15번길 7 지오코딩 확인,"Verified: Yuseong-gu, Nongdae-ro 15beon-gil 7"
na8,nation,전국,충주,Chungju,33,충주 악어다리,Chungju Crocodile Bridge,忠州鳄鱼桥,忠州ワニ橋,heal,힐링·생태·체험,36.924,128.0481,50,상시 개방,수면 위를 지그재그로 건너는 부교. 바람 강한 날은 출렁임이 크다.,A zigzag pontoon bridge over the water; it sways noticeably on windy days.,在水面上呈之字形横渡的浮桥，风大时晃动明显。,水面をジグザグに渡る浮橋。風の強い日は揺れが大きい。,N,N,N,,N,N,N,W0cpLR0rz0Q,벨리곰 콜라보,충주맨 없는 충주시 다녀왔습니다 (feat. 최지호 주무관),,,,살미면 월악로 927 지오코딩 확인,"Verified: Salmi-myeon, Worak-ro 927"
na9,nation,전국,충주,Chungju,34,충주 무학시장,Chungju Muhak Market,忠州舞鹤市场,忠州舞鶴市場,food,로컬상권·먹거리,36.9741,127.9281,60,09:00–20:00,전통시장. 영상 후반 먹거리 코너가 여기서 촬영됐다.,A traditional market; the food segment late in the video was shot here.,传统市场，影片后段的美食环节在此拍摄。,伝統市場。映像後半のグルメ企画はここで撮影された。,N,N,N,,N,N,N,W0cpLR0rz0Q,벨리곰 콜라보,충주맨 없는 충주시 다녀왔습니다 (feat. 최지호 주무관),,,,시장 대표 좌표,Market reference coordinates
na10,nation,전국,동해,Donghae,35,망상해수욕장,Mangsang Beach,,,sea,해양·자연경관,37.5922,129.0897,90,상시 개방 (해수욕 기간 07/01–08/31),동해안 최대 규모의 백사장. 오토캠핑리조트와 해변이 바로 이어져 있다.,"One of the East Coast's largest sand beaches, with an auto-camping resort directly behind it.",,,N,N,Y,동해시 관광지 (2019 지정),N,N,N,Tl8f4RWJnUc,RESCENE 공식 유튜브,덜컹 덜컹 달려간다 동해 버스야~🚌 | 리센느닷없이 EP.01,https://upload.wikimedia.org/wikipedia/commons/9/99/%EB%A7%9D%EC%83%81%ED%95%B4%EC%88%98%EC%9A%95%EC%9E%A5%28AMJ%29.jpg,Wikimedia Commons,,망상동 망상해수욕장 지오코딩 확인,"Verified: Mangsang-dong, Mangsang Beach"
na11,nation,전국,동해,Donghae,36,동해망상해변한옥촌,Donghae Mangsang Beach Hanok Village,望祥海边,,stay,숙박,37.5927,129.0908,180,15:00 IN / 11:00 OUT,망상오토캠핑리조트 안의 한옥 숙소 단지. 해송 숲에 둘러싸여 있고 객실 24개(원룸형·연립형·동해당형)를 운영한다. 숙소 바로 앞이 망상해수욕장이다.,"A hanok lodging complex inside Mangsang Auto Camping Resort, set among black-pine woods with 24 rooms; the beach is directly in front.",,,N,N,N,동해시 관광지 (2019 지정),N,N,N,Tl8f4RWJnUc,,,,,,"동해대로 6370 (망상동, 망상오토캠핑리조트 내) 기준 좌표","Donghae-daero 6370, inside Mangsang Auto Camping Resort"
nax1,nation,전국,수원,Suwon,,광교호수공원,Gwanggyo Lake Park,,,heal,힐링·생태·체험,37.2831,127.0659,80,상시 개방,원천·신대 두 호수를 잇는 수변 공원.,A waterside park linking the Woncheon and Sindae reservoirs.,,,N,N,N,,N,N,Y,,,,https://upload.wikimedia.org/wikipedia/commons/thumb/e/e6/Gwanggyo_Lake_Park%2C_Yeongtong_District.jpg/960px-Gwanggyo_Lake_Park%2C_Yeongtong_District.jpg,Wikimedia Commons,,한국관광 데이터랩 인기 관광지 · 광교호수로 102 지오코딩 확인,Korea Tourism Data Lab top-visited spot; geocoded
nax2,nation,전국,정선,Jeongseon,,정선아리랑시장,Jeongseon Arirang Market,,,food,로컬상권·먹거리,37.3908,128.6393,70,끝자리 2·7일 장,2·7일에 서는 오일장. 곤드레밥과 메밀전병.,A five-day market on dates ending in 2 and 7.,,,N,N,N,,N,N,Y,,,,https://upload.wikimedia.org/wikipedia/commons/thumb/3/34/Korea_Jeongseon_Traditional_Market_Train_03_%2814387312222%29.jpg/960px-Korea_Jeongseon_Traditional_Market_Train_03_%2814387312222%29.jpg,Wikimedia Commons,,한국관광 데이터랩 인기 관광지 · 정선읍 봉양리 지오코딩 확인,Korea Tourism Data Lab top-visited spot; geocoded
nax3,nation,전국,정선,Jeongseon,,병방치 스카이워크,Byeongbangchi Skywalk,,,activity,테마파크·액티비티,37.3405,128.627,50,09:00–18:00,동강 한반도 지형을 내려다보는 유리 전망대.,A glass deck over the Donggang river bend.,,,N,N,N,,N,N,Y,,,,https://upload.wikimedia.org/wikipedia/commons/thumb/b/b7/%ED%95%9C%EB%B0%98%EB%8F%84%EC%8A%B5%EC%A7%80.jpg/960px-%ED%95%9C%EB%B0%98%EB%8F%84%EC%8A%B5%EC%A7%80.jpg,Wikimedia Commons,,한국관광 데이터랩 인기 관광지 · 병방치길 225 지오코딩 확인,Korea Tourism Data Lab top-visited spot; geocoded
nax4,nation,전국,대전,Daejeon,,한밭수목원,Hanbat Arboretum,大田树木园,ハンバッ樹木園,heal,힐링·생태·체험,36.3679,127.3878,80,09:00–18:00,도심 속 대형 수목원. 빵투어 사이 휴식 코스.,A large downtown arboretum; a rest stop between bakeries.,,,N,N,N,,N,N,Y,,,,https://upload.wikimedia.org/wikipedia/commons/thumb/e/e2/Hanbat_Treegarden_West_Flowers.JPG/960px-Hanbat_Treegarden_West_Flowers.JPG,Wikimedia Commons,,한국관광 데이터랩 인기 관광지 · 둔산대로 169 지오코딩 확인,Korea Tourism Data Lab top-visited spot; geocoded
nax5,nation,전국,대전,Daejeon,,대전 오월드,Daejeon O-World,大田O-World,大田O-WORLD,activity,테마파크·액티비티,36.2923,127.3959,180,09:30–18:00,동물원과 놀이공원이 함께 있는 복합 테마파크.,A combined zoo and amusement park.,,,N,N,N,,N,N,Y,,,,https://upload.wikimedia.org/wikipedia/commons/thumb/d/d5/Daejeon_Zooland.JPG/960px-Daejeon_Zooland.JPG,Wikimedia Commons,,한국관광 데이터랩 인기 관광지 · 사정공원로 70 지오코딩 확인,Korea Tourism Data Lab top-visited spot; geocoded
nax6,nation,전국,충주,Chungju,,탄금호 무지개길,Tangeum Lake Rainbow Trail,,,heal,힐링·생태·체험,37.0262,127.858,60,상시 개방,탄금호 수변 자전거·보행 길. 중앙탑공원과 이어진다.,A lakeside cycling and walking path linked to Jungangtap Park.,,,N,N,N,,N,N,Y,,,,https://upload.wikimedia.org/wikipedia/commons/thumb/4/4b/Chungju_20151104_01_%2822404595979%29.jpg/960px-Chungju_20151104_01_%2822404595979%29.jpg,Wikimedia Commons,,한국관광 데이터랩 인기 관광지 · 중앙탑면 탑평리 지오코딩 확인,Korea Tourism Data Lab top-visited spot; geocoded
nax7,nation,전국,충주,Chungju,,수안보온천,Suanbo Hot Springs,水安堡温泉观光特区,水安堡温泉観光特区,heal,힐링·생태·체험,36.8484,127.9865,90,업소별 상이,조선시대부터 알려진 온천 지구.,A hot-spring district known since the Joseon era.,,,N,N,N,,N,N,Y,,,,https://upload.wikimedia.org/wikipedia/commons/thumb/6/6e/Suanbo_Oncheon_Certification_Center.jpg/960px-Suanbo_Oncheon_Certification_Center.jpg,Wikimedia Commons,,한국관광 데이터랩 인기 관광지 · 수안보면 온천리 지오코딩 확인,Korea Tourism Data Lab top-visited spot; geocoded
nax8,nation,전국,동해,Donghae,,추암 촛대바위,Chuam Candlestick Rock,湫岩烛台岩石,湫岩燭台岩,sea,해양·자연경관,37.4785,129.1568,50,상시 개방,애국가 일출 장면의 해안 기암.,The sea stack from the national anthem sunrise footage.,,,N,N,N,,N,N,Y,,,,https://upload.wikimedia.org/wikipedia/commons/thumb/e/e8/%EC%B6%94%EC%95%94%EC%B4%9B%EB%8C%80%EB%B0%94%EC%9C%84_2.jpg/960px-%EC%B6%94%EC%95%94%EC%B4%9B%EB%8C%80%EB%B0%94%EC%9C%84_2.jpg,Wikimedia Commons,,한국관광 데이터랩 인기 관광지 · 추암해변 지오코딩 확인,Korea Tourism Data Lab top-visited spot; geocoded
nax9,nation,전국,동해,Donghae,,무릉계곡,Mureung Valley,,武陵渓谷 龍湫瀑布（江原）,heal,힐링·생태·체험,37.4636,129.0141,120,입장 08:00–17:00,두타산 아래 계곡. 무릉반석과 용추폭포.,A valley below Dutasan with broad rock slabs and waterfalls.,,,Y,N,N,,N,N,Y,,,,https://upload.wikimedia.org/wikipedia/commons/thumb/f/f3/%EB%AC%B4%EB%A6%89%EA%B3%84%EA%B3%A1%28AMJ%29.jpg/960px-%EB%AC%B4%EB%A6%89%EA%B3%84%EA%B3%A1%28AMJ%29.jpg,Wikimedia Commons,,한국관광 데이터랩 인기 관광지 · 삼화로 584 지오코딩 확인,Korea Tourism Data Lab top-visited spot; geocoded
nax10,nation,전국,동해,Donghae,,묵호항,Mukho Port,墨湖港,,sea,해양·자연경관,37.5519,129.1152,50,상시 개방 · 무료,울릉도 여객선이 드나드는 항구. 등대 언덕에서 항과 동해가 함께 내려다보인다.,"The harbour for Ulleungdo ferries, with the lighthouse hill looking over port and sea.",,,N,N,N,,N,N,Y,,,,https://upload.wikimedia.org/wikipedia/commons/thumb/e/e8/%EB%AC%B5%ED%98%B8%ED%95%AD%EC%97%AC%EA%B0%9D%EC%84%A0%ED%84%B0%EB%AF%B8%EB%84%90.jpg/960px-%EB%AC%B5%ED%98%B8%ED%95%AD%EC%97%AC%EA%B0%9D%EC%84%A0%ED%84%B0%EB%AF%B8%EB%84%90.jpg,Wikimedia Commons,,동해시 관광 안내 · 묵호진동 묵호항 지오코딩 확인,Donghae tourism listing; geocoded
nax11,nation,전국,동해,Donghae,,동쪽바다중앙시장,East Sea Central Market,,,food,로컬상권·먹거리,37.5515,129.108,60,08:00–19:00 · 033-533-4001,"동해 대표 전통시장. 물회와 곰치국, 건어물 좌판이 이어진다.","Donghae's main market, lined with cold raw-fish soup, gomchi stew and dried-seafood stalls.",,,N,N,N,,N,N,Y,,,,,,,동해시 관광 안내 · 중앙시장길 21 지오코딩 확인,Donghae tourism listing; geocoded
nax12,nation,전국,동해,Donghae,,도째비골 스카이밸리,Dojaebigol Skyvalley,鬼怪谷天空园区,トッチェビゴルスカイバレー,activity,테마파크·액티비티,37.5524,129.1157,70,10:00–18:00 · 스카이워크 무료 · 자이언트 슬라이드 유료,해발 59m 절벽에 놓인 스카이워크와 슬라이드. 묵호항과 논골담길이 바로 아래다.,"A skywalk and slide on a 59 m cliff, directly above Mukho Port and Nongol Damgil.",,,Y,N,N,,N,N,Y,,,,,,,동해시 관광 안내 · 묵호진동 15-45 지오코딩 확인,Donghae tourism listing; geocoded
nax14,nation,전국,동해,Donghae,,천곡황금박쥐동굴,Cheongok Cave,,泉谷黄金バット洞窟,heal,힐링·생태·체험,37.517,129.1107,60,"09:00–18:00 · 어른 4,000원 · 033-539-3630",시내 한복판 석회암 동굴. 4억 년 전 지층에 황금박쥐가 서식한다.,"A limestone cave in the middle of town, home to golden bats in 400-million-year-old strata.",,,N,N,N,,N,N,Y,,,,https://upload.wikimedia.org/wikipedia/commons/2/2c/CGC-CEp1.jpg,Wikimedia Commons,,동해시 관광 안내 · 천곡동 1003 지오코딩 확인,Donghae tourism listing; geocoded
nax15,nation,전국,동해,Donghae,,한섬해변,Hanseom Beach,,,sea,해양·자연경관,37.4925,129.1106,50,상시 개방 · 무료,감추사와 이어지는 조용한 해변. 해파랑길 구간으로 산책하기 좋다.,"A quiet beach linked to Gamchusa, on the Haeparang trail.",,,N,N,N,,N,N,Y,,,,,,,동해시 관광 안내 · 고산1길 82 지오코딩 확인,Donghae tourism listing; geocoded
nax16,nation,전국,동해,Donghae,,추암해변,Chuam Beach,,湫岩海辺,sea,해양·자연경관,37.4781,129.1538,50,상시 개방 · 무료,촛대바위 앞 해변. 출렁다리와 조각공원이 함께 있다.,"The beach in front of Candlestick Rock, with a suspension bridge and sculpture park.",,,N,N,N,,N,N,Y,,,,https://upload.wikimedia.org/wikipedia/commons/thumb/e/e8/%EC%B6%94%EC%95%94%EC%B4%9B%EB%8C%80%EB%B0%94%EC%9C%84_2.jpg/960px-%EC%B6%94%EC%95%94%EC%B4%9B%EB%8C%80%EB%B0%94%EC%9C%84_2.jpg,Wikimedia Commons,,동해시 관광 안내 · 추암동 411 지오코딩 확인,Donghae tourism listing; geocoded
nax17,nation,전국,대전,Daejeon,,엑스포과학공원 한빛탑,Expo Park Hanbit Tower,韩光塔,ハンビッ塔,activity,테마파크·액티비티,36.3747,127.3873,70,09:30–18:00 · 전망대 유료,1993년 대전엑스포의 상징탑. 전망대에서 갑천 일대가 보인다.,The symbol tower of Expo 1993; the observatory looks over the Gapcheon area.,,,N,N,N,유성구 관광특구 (0000 지정),N,N,Y,,,,,,,유성구 대덕대로 480 주소 기반 좌표,"Address-based: 480 Daedeok-daero, Yuseong-gu"
nax18,nation,전국,대전,Daejeon,,국립중앙과학관,National Science Museum,,,activity,테마파크·액티비티,36.3762,127.376,110,09:30–17:50 · 월 휴관 · 상설 무료,천체관과 자연사관이 함께 있는 국립 과학관.,A national science museum with planetarium and natural history halls.,,,N,N,N,,N,N,Y,,,,,,,유성구 대덕대로 481 주소 기반 좌표,"Address-based: 481 Daedeok-daero, Yuseong-gu"
nax19,nation,전국,대전,Daejeon,,계족산 황톳길,Gyejoksan Red Clay Trail,,,heal,힐링·생태·체험,36.403,127.452,120,상시 개방 · 무료,맨발로 걷는 14.5km 황톳길. 숲길이 완만하다.,A 14.5 km barefoot red-clay trail on gentle forest slopes.,,,N,N,N,,N,N,Y,,,,,,,대덕구 장동 계족산 주소 기반 좌표,"Address-based: Gyejoksan, Jang-dong, Daedeok-gu"
nax20,nation,전국,대전,Daejeon,,대청호 오백리길,Daecheongho 500-ri Trail,,,heal,힐링·생태·체험,36.478,127.483,100,상시 개방 · 무료,대청호를 따라 도는 둘레길. 추동 습지 구간이 대표적이다.,A lakeside loop around Daecheongho; the Chudong wetland stretch is the best known.,,,N,N,N,,N,N,Y,,,,,,,동구 추동 대청호 주소 기반 좌표,"Address-based: Chu-dong, Dong-gu"
nax21,nation,전국,대전,Daejeon,,으능정이 스카이로드,Eunhaengdong Sky Road,,,food,로컬상권·먹거리,36.3282,127.427,60,상시 · 영상 19:00–22:00,길 위 214m LED 스크린이 덮인 번화가. 성심당이 가깝다.,"A downtown street under a 214 m LED canopy, a short walk from Sungsimdang.",,,N,N,N,,N,N,Y,,,,,,,중구 은행동 으능정이거리 주소 기반 좌표,"Address-based: Eunhaeng-dong, Jung-gu"
nax22,nation,전국,대전,Daejeon,,뿌리공원,Ppuri Park,,,heal,힐링·생태·체험,36.2828,127.4055,70,상시 개방 · 무료,성씨 조형물 244기가 놓인 공원. 족보박물관이 함께 있다.,A park of 244 clan monuments with a genealogy museum.,,,N,N,N,,N,N,Y,,,,,,,중구 뿌리공원로 47 주소 기반 좌표,"Address-based: 47 Ppurigongwon-ro, Jung-gu"
nax23,nation,전국,수원,Suwon,,화성행궁,Hwaseong Haenggung,,華城行宮,herit,문화유산·전통체험,37.2814,127.0126,80,09:00–18:00 · 유료,정조가 머물던 행궁. 무예24기 시연이 열린다.,The palace where King Jeongjo stayed; martial-arts demonstrations are held here.,,,N,N,Y,수원시 관광특구 (2016 지정),N,N,Y,,,,,,,팔달구 정조로 825 주소 기반 좌표,"Address-based: 825 Jeongjo-ro, Paldal-gu"
nax24,nation,전국,수원,Suwon,,수원화성박물관,Suwon Hwaseong Museum,,水原華城博物館,herit,문화유산·전통체험,37.2833,127.0182,70,09:00–18:00 · 월 휴관 · 유료,화성 축성 과정과 정조 시대를 다룬 박물관.,A museum on the building of Hwaseong and the reign of King Jeongjo.,,,N,N,N,수원시 관광특구 (2016 지정),N,N,Y,,,,,,,팔달구 창룡대로 21 주소 기반 좌표,"Address-based: 21 Changnyongdae-ro, Paldal-gu"
nax25,nation,전국,수원,Suwon,,팔달문시장,Paldalmun Market,,,food,로컬상권·먹거리,37.2778,127.0166,60,09:00–21:00 · 점포별 상이,팔달문 앞 재래시장 군락. 통닭거리가 이어진다.,"Traditional markets clustered at Paldalmun, running into the fried-chicken alley.",,,N,N,N,수원시 관광특구 (2016 지정),N,N,Y,,,,,,,팔달구 팔달문로 주소 기반 좌표,"Address-based: Paldalmun-ro, Paldal-gu"
nax26,nation,전국,수원,Suwon,,월화원,Wolhwawon,,,heal,힐링·생태·체험,37.2846,127.0568,40,09:00–22:00 · 무료,광둥식 정원을 그대로 옮겨 지은 중국 정원.,A Chinese garden built in the Guangdong style inside Hyowon Park.,,,N,N,N,,N,N,Y,,,,,,,팔달구 인계동 효원공원 내 좌표,"Inside Hyowon Park, Ingye-dong, Paldal-gu"
nax27,nation,전국,수원,Suwon,,수원 스타필드,Starfield Suwon,,,food,로컬상권·먹거리,37.2723,126.9987,90,10:00–22:00,별마당 도서관과 식당가가 있는 복합몰.,A mall with the Byeolmadang Library and a large dining floor.,,,N,N,N,,N,N,Y,,,,,,,장안구 정자동 주소 기반 좌표,"Address-based: Jeongja-dong, Jangan-gu"
nax28,nation,전국,수원,Suwon,,광교 갤러리아,Galleria Gwanggyo,,,activity,테마파크·액티비티,37.2874,127.053,60,10:30–20:00,OMA가 설계한 백화점. 유리 띠가 건물을 감는다.,"A department store by OMA, wrapped in a ribbon of glass.",,,N,N,N,,N,N,Y,,,,,,,영통구 광교중앙로 124 주소 기반 좌표,"Address-based: 124 Gwanggyojungang-ro, Yeongtong-gu"
nax29,nation,전국,정선,Jeongseon,,정선 5일장,Jeongseon Five-day Market,,,food,로컬상권·먹거리,37.3805,128.6606,80,매월 2·7일 장 · 09:00–17:00,끝자리 2·7일에 서는 장. 곤드레밥과 메밀전병을 판다.,"A market on days ending in 2 and 7, selling gondre rice and buckwheat rolls.",,,N,N,N,,N,N,Y,,,,,,,정선읍 봉양리 주소 기반 좌표,"Address-based: Bongyang-ri, Jeongseon-eup"
nax30,nation,전국,정선,Jeongseon,,화암동굴,Hwaam Cave,,,heal,힐링·생태·체험,37.3232,128.7856,90,09:00–16:00 · 유료,금광 갱도를 걸어 들어가는 석회동굴. 모노레일로 오른다.,"A limestone cave entered through old gold-mine tunnels, reached by monorail.",,,N,N,N,,N,N,Y,,,,,,,화암면 화암리 주소 기반 좌표,"Address-based: Hwaam-ri, Hwaam-myeon"
nax31,nation,전국,정선,Jeongseon,,아우라지,Auraji,,,heal,힐링·생태·체험,37.472,128.746,50,상시 개방 · 무료,송천과 골지천이 만나는 물목. 정선아리랑의 배경이다.,"The confluence of the Songcheon and Goljicheon, the setting of the Jeongseon Arirang.",,,N,N,N,,N,N,Y,,,,,,,여량면 여량리 주소 기반 좌표,"Address-based: Yeoryang-ri, Yeoryang-myeon"
nax32,nation,전국,정선,Jeongseon,,정암사,Jeongamsa Temple,,,herit,문화유산·전통체험,37.201,128.933,50,상시 개방 · 무료,자장율사가 세운 절. 수마노탑이 국보로 지정돼 있다.,A temple founded by Jajang; its Sumanotap pagoda is a national treasure.,,,N,N,N,,N,N,Y,,,,,,,고한읍 함백산로 1410 주소 기반 좌표,"Address-based: 1410 Hambaeksan-ro, Gohan-eup"
nax33,nation,전국,정선,Jeongseon,,삼탄아트마인,Samtan Art Mine,,,activity,테마파크·액티비티,37.2306,128.848,90,09:30–18:00 · 월 휴관 · 유료,폐광 시설을 그대로 둔 예술 단지. 갱도와 세탁실이 전시장이다.,"An art complex in a closed coal mine, using the shafts and washrooms as galleries.",,,N,N,Y,,N,N,Y,,,,,,,고한읍 함백산로 1445-44 주소 기반 좌표,"Address-based: 1445-44 Hambaeksan-ro, Gohan-eup"
nax34,nation,전국,정선,Jeongseon,,레일바이크 (구절리~아우라지),Jeongseon Rail Bike,,,activity,테마파크·액티비티,37.48,128.715,90,운행 시간대별 · 유료 · 예약 권장,폐선 철길 7.2km를 내려가는 레일바이크.,A rail bike running 7.2 km downhill along a closed railway.,,,N,N,N,,N,N,Y,,,,,,,여량면 구절리 주소 기반 좌표,"Address-based: Gujeol-ri, Yeoryang-myeon"
nax35,nation,전국,충주,Chungju,,중앙탑공원,Jungangtap Park,中央塔公园(忠州),中央塔公園（忠州）,herit,문화유산·전통체험,37.0163,127.8656,60,상시 개방 · 무료,통일신라 7층 석탑이 선 강변 공원. 탄금호와 이어진다.,"A riverside park around a seven-storey Unified Silla pagoda, next to Tangeum Lake.",,,N,N,Y,,N,N,Y,,,,,,,중앙탑면 탑평리 주소 기반 좌표,"Address-based: Tappyeong-ri, Jungangtap-myeon"
nax36,nation,전국,충주,Chungju,,충주 고구려비 전시관,Chungju Goguryeo Stele Museum,,,herit,문화유산·전통체험,37.053,127.924,50,09:00–18:00 · 월 휴관 · 무료,남한에 하나뿐인 고구려비를 보관한 전시관.,The museum holding the only Goguryeo stele found in South Korea.,,,N,N,N,,N,N,Y,,,,,,,중앙탑면 감노로 2319 주소 기반 좌표,"Address-based: 2319 Gamno-ro, Jungangtap-myeon"
nax37,nation,전국,충주,Chungju,,충주호 유람선 (충주나루),Chungjuho Cruise,,,activity,테마파크·액티비티,36.997,128.051,90,운항 시간대별 · 유료,충주호를 도는 유람선. 월악산 자락을 물 위에서 본다.,"A lake cruise on Chungjuho, viewing the Woraksan ridges from the water.",,,N,N,N,,N,N,Y,,,,,,,동량면 지등로 882 주소 기반 좌표,"Address-based: 882 Jideung-ro, Dongnyang-myeon"
nax38,nation,전국,충주,Chungju,,미륵대원지,Mireuksaji Temple Site,,,herit,문화유산·전통체험,36.828,128.013,50,상시 개방 · 무료,하늘재 아래 고려 절터. 석굴 형식의 미륵불이 서 있다.,"A Goryeo temple site below Haneuljae, with a grotto-style standing Maitreya.",,,N,N,N,,N,N,Y,,,,,,,수안보면 미륵리 주소 기반 좌표,"Address-based: Mireuk-ri, Suanbo-myeon"
nax39,nation,전국,충주,Chungju,,활옥동굴,Hwarok Cave,,,activity,테마파크·액티비티,36.991,127.888,70,09:00–18:00 · 유료,활석 광산을 고친 동굴. 지하 호수에서 카약을 탄다.,"A former talc mine turned cave attraction, with kayaking on the underground lake.",,,N,N,N,,N,N,Y,,,,,,,목벌안길 26 주소 기반 좌표,Address-based: 26 Mokbeol-an-gil
nax40,nation,전국,충주,Chungju,,충주 라이트월드,Chungju Light World,,,activity,테마파크·액티비티,36.988,127.892,80,일몰 후 개장 · 유료,야간 조명 테마파크. 호수 옆 산책 코스와 이어진다.,A night-lighting theme park beside the lake walking course.,,,N,N,N,,N,N,Y,,,,,,,충주호수로 １ 주소 기반 좌표,Address-based: Chungju Lake area
nax101,nation,전국,대구,Daegu,,서문시장,Seomun Market,,,food,로컬상권·먹거리,35.86889,128.58079,70,09:00–19:00 · 야시장 19:00–23:30,조선 3대 시장에서 이어진 대구 최대 시장. 저녁에는 야시장이 선다.,"The largest market in Daegu, descended from one of the three great Joseon markets; a night market opens after dark.",,,Y,N,N,,N,N,Y,,,,,,,중구 큰장로26길 45 구글 지오코딩,Google geocoding: 중구 큰장로26길 45
nax102,nation,전국,대구,Daegu,,동성로,Dongseong-ro,,Olive Young・テグドンソンロ（大邱東城路）店,food,로컬상권·먹거리,35.87082,128.59554,80,상시 · 상점별 상이,대구 도심 최대 번화가. 대구역과 반월당 사이를 걷는다.,"The main downtown strip, walked between Daegu Station and Banwoldang.",,,N,N,N,,N,N,Y,,,,,,,중구 동성로 구글 지오코딩,Google geocoding: 중구 동성로
nax103,nation,전국,대구,Daegu,,김광석다시그리기길,Kim Kwang-seok Road,金光石街(重现金光石街),金光石キル（金光石タシクリギキル）,activity,테마파크·액티비티,35.85997,128.60663,60,상시 개방 · 무료,가수 김광석을 기린 벽화 골목. 방천시장과 붙어 있다.,"A mural alley honouring the singer Kim Kwang-seok, beside Bangcheon Market.",,,N,N,N,,N,N,Y,,,,,,,중구 대봉동 구글 지오코딩,Google geocoding: 중구 대봉동
nax104,nation,전국,대구,Daegu,,앞산전망대,Apsan Observatory,,,heal,힐링·생태·체험,35.82433,128.58709,90,케이블카 10:30–일몰 후 · 유료,케이블카로 오르는 전망대. 대구 분지가 한눈에 들어온다.,A cable-car observatory with the whole Daegu basin in view.,,,N,N,N,,N,N,Y,,,,,,,남구 앞산순환로 574-114 구글 지오코딩,Google geocoding: 남구 앞산순환로 574-114
nax105,nation,전국,대구,Daegu,,이월드 83타워,E-World & 83 Tower,,,activity,테마파크·액티비티,35.85331,128.56657,150,10:00–22:00 · 유료,두류공원 안 놀이공원과 전망탑. 야간 조명이 알려져 있다.,"A theme park and observation tower in Duryu Park, known for its night lighting.",,,N,N,N,,N,N,Y,,,,,,,달서구 두류공원로 200 구글 지오코딩,Google geocoding: 달서구 두류공원로 200
nax106,nation,전국,대구,Daegu,,팔공산 동화사,Donghwasa Temple,,,herit,문화유산·전통체험,35.99291,128.704,90,08:00–18:00 · 무료,신라 때 세운 절. 통일약사여래대불이 서 있다.,A Silla-era temple with a great stone Medicine Buddha.,,,N,N,N,,N,N,Y,,,,,,,동구 팔공산로237길 1 구글 지오코딩,Google geocoding: 동구 팔공산로237길 1
nax107,nation,전국,대구,Daegu,,국립대구박물관,Daegu National Museum,国立大邱博物馆,国立大邱博物館,herit,문화유산·전통체험,35.84561,128.63792,80,10:00–18:00 · 월 휴관 · 무료,대구·경북 유물을 모은 국립박물관.,The national museum for Daegu and Gyeongbuk artefacts.,,,N,N,N,,N,N,Y,,,,,,,수성구 청호로 321 구글 지오코딩,Google geocoding: 수성구 청호로 321
nax108,nation,전국,대구,Daegu,,수성못,Suseong Lake,,,heal,힐링·생태·체험,35.82764,128.61772,60,상시 개방 · 무료,오리배와 음악분수가 있는 도심 호수. 카페가 둘러싼다.,"A city lake with swan boats and a music fountain, ringed by cafés.",,,N,N,N,,N,N,Y,,,,,,,수성구 두산동 구글 지오코딩,Google geocoding: 수성구 두산동
nax109,nation,전국,전주,Jeonju,,전주한옥마을,Jeonju Hanok Village,,,herit,문화유산·전통체험,35.81754,127.15204,120,상시 · 시설별 상이,한옥 700여 채가 모인 마을. 골목마다 공방과 찻집이 있다.,"A village of some 700 hanok, with workshops and tea houses along the lanes.",,,Y,N,Y,,N,N,Y,,,,,,,완산구 기린대로 99 구글 지오코딩,Google geocoding: 완산구 기린대로 99
nax110,nation,전국,전주,Jeonju,,경기전,Gyeonggijeon Shrine,庆基殿,慶基殿,herit,문화유산·전통체험,35.81535,127.14979,60,09:00–19:00 · 유료,태조 이성계의 어진을 모신 사당. 대숲길이 이어진다.,"The shrine holding the portrait of King Taejo, with a bamboo path behind.",,,N,N,Y,,N,N,Y,,,,,,,완산구 태조로 44 구글 지오코딩,Google geocoding: 완산구 태조로 44
nax111,nation,전국,전주,Jeonju,,전동성당,Jeondong Catholic Church,,全州殿洞聖堂,herit,문화유산·전통체험,35.81336,127.14926,40,09:00–17:00 · 무료,1914년 벽돌 로마네스크 성당. 한옥마을 입구에 있다.,A 1914 brick Romanesque church at the entrance to the hanok village.,,,N,N,N,,N,N,Y,,,,,,,완산구 태조로 51 구글 지오코딩,Google geocoding: 완산구 태조로 51
nax112,nation,전국,전주,Jeonju,,자만벽화마을,Jaman Mural Village,,,activity,테마파크·액티비티,35.81422,127.15721,50,상시 개방 · 무료,오목대 뒤 언덕의 벽화 골목. 마을에서 한옥마을이 내려다보인다.,"A mural alley on the hill behind Omokdae, looking down on the hanok village.",,,N,N,N,,N,N,Y,,,,,,,완산구 교동 자만마을 구글 지오코딩,Google geocoding: 완산구 교동 자만마을
nax113,nation,전국,전주,Jeonju,,남부시장,Nambu Market,,,food,로컬상권·먹거리,35.81269,127.14686,70,06:00–20:00 · 야시장 금·토,콩나물국밥과 청년몰로 알려진 전주 대표 시장.,"The main Jeonju market, known for bean-sprout soup and its youth arcade.",,,N,N,Y,,N,N,Y,,,,,,,완산구 풍남문1길 19-3 구글 지오코딩,Google geocoding: 완산구 풍남문1길 19-3
nax114,nation,전국,전주,Jeonju,,오목대,Omokdae,,梧木台と梨木台,herit,문화유산·전통체험,35.81439,127.1546,40,상시 개방 · 무료,이성계가 승전 잔치를 벌였다는 언덕. 한옥 지붕이 펼쳐진다.,"The hill where Yi Seong-gye is said to have feasted after victory, over the hanok roofs.",,,N,N,Y,,N,N,Y,,,,,,,완산구 전주천동로 55 구글 지오코딩,Google geocoding: 완산구 전주천동로 55
nax115,nation,전국,전주,Jeonju,,전주향교,Jeonju Hyanggyo,,全州郷校,herit,문화유산·전통체험,35.81262,127.15723,50,09:00–18:00 · 무료,조선 향교. 가을에는 400년 은행나무가 노랗게 물든다.,A Joseon Confucian school; its 400-year ginkgos turn gold in autumn.,,,N,N,Y,,N,N,Y,,,,,,,완산구 향교길 139 구글 지오코딩,Google geocoding: 완산구 향교길 139
nax116,nation,전국,전주,Jeonju,,덕진공원,Deokjin Park,德津公园,,heal,힐링·생태·체험,35.84757,127.12189,60,상시 개방 · 무료,연꽃으로 이름난 호수 공원. 여름에 연지가 가득 찬다.,A lake park famous for lotuses that fill the pond in summer.,,,N,N,Y,,N,N,Y,,,,,,,덕진구 권삼득로 390 구글 지오코딩,Google geocoding: 덕진구 권삼득로 390
nax117,nation,전국,강릉,Gangneung,,경포해변,Gyeongpo Beach,,,sea,해양·자연경관,37.80549,128.90783,80,상시 개방 · 해수욕 7–8월,동해안 대표 백사장. 소나무숲과 경포호가 뒤에 있다.,"A landmark East Sea beach, backed by pine woods and Gyeongpo Lake.",,,N,N,Y,,N,N,Y,,,,,,,강릉시 경포로 구글 지오코딩,Google geocoding: 강릉시 경포로
nax118,nation,전국,강릉,Gangneung,,강릉중앙시장,Gangneung Jungang Market,,,food,로컬상권·먹거리,37.75399,128.89861,60,08:00–20:00 · 점포별 상이,닭강정과 수제어묵으로 붐비는 시내 시장.,A downtown market busy with dakgangjeong and hand-made fishcakes.,,,N,N,N,,N,N,Y,,,,,,,강릉시 금성로 21 구글 지오코딩,Google geocoding: 강릉시 금성로 21
nax119,nation,전국,강릉,Gangneung,,안목해변 커피거리,Anmok Coffee Street,安木海边,安木海辺,food,로컬상권·먹거리,37.77316,128.94727,70,상시 · 카페별 상이,바다를 마주한 카페 거리. 강릉 커피 문화의 출발점이다.,"A café street facing the sea, the starting point of Gangneung coffee culture.",,,N,N,N,,N,N,Y,,,,,,,강릉시 창해로14번길 구글 지오코딩,Google geocoding: 강릉시 창해로14번길
nax120,nation,전국,강릉,Gangneung,,오죽헌,Ojukheon,,,herit,문화유산·전통체험,37.77924,128.87752,70,09:00–18:00 · 유료,신사임당과 율곡 이이가 태어난 집. 검은 대나무가 자란다.,"The house where Shin Saimdang and Yi I were born, among black bamboo.",,,N,N,N,,N,N,Y,,,,,,,강릉시 율곡로3139번길 24 구글 지오코딩,Google geocoding: 강릉시 율곡로3139번길 24
nax121,nation,전국,강릉,Gangneung,,정동진,Jeongdongjin,正东津海边,正東津海辺,sea,해양·자연경관,37.69188,129.02139,60,상시 개방 · 무료,바다에 가장 가까운 기차역. 일출 명소로 알려져 있다.,"The train station closest to the sea, known for its sunrises.",,,N,N,N,,N,N,Y,,,,,,,강동면 정동진리 구글 지오코딩,Google geocoding: 강동면 정동진리
nax122,nation,전국,강릉,Gangneung,,선교장,Seongyojang House,江陵船桥庄,江陵船橋荘,herit,문화유산·전통체험,37.78654,128.88512,60,09:00–18:00 · 유료,300년 된 사대부 저택. 연못 위 활래정이 있다.,A 300-year-old gentry estate with the Hwallaejeong pavilion over its pond.,,,N,N,N,,N,N,Y,,,,,,,강릉시 운정길 63 구글 지오코딩,Google geocoding: 강릉시 운정길 63
nax123,nation,전국,강릉,Gangneung,,주문진항,Jumunjin Port,注文津港,注文津港,food,로컬상권·먹거리,37.89206,128.82989,60,수산시장 06:00–20:00,활어시장과 건어물 좌판이 늘어선 항구.,A harbour lined with live-fish markets and dried-seafood stalls.,,,N,N,N,,N,N,Y,,,,,,,주문진읍 주문진항 구글 지오코딩,Google geocoding: 주문진읍 주문진항
nax124,nation,전국,강릉,Gangneung,,경포호,Gyeongpo Lake,,,heal,힐링·생태·체험,37.7967,128.90205,60,상시 개방 · 무료,해변 뒤 석호. 둘레 4.3km 산책로가 돈다.,"A lagoon behind the beach, circled by a 4.3 km path.",,,N,N,N,,N,N,Y,,,,,,,강릉시 저동 94 구글 지오코딩,Google geocoding: 강릉시 저동 94
nax125,nation,전국,여수,Yeosu,,오동도,Odongdo,,,sea,해양·자연경관,34.74467,127.7665,80,상시 개방 · 동백열차 유료,방파제로 이어진 섬. 동백나무 숲과 등대가 있다.,"An island joined by a breakwater, with camellia woods and a lighthouse.",,,N,N,Y,,N,N,Y,,,,,,,여수시 오동도로 구글 지오코딩,Google geocoding: 여수시 오동도로
nax126,nation,전국,여수,Yeosu,,향일암,Hyangiram Hermitage,向日庵（丽水）,向日庵（麗水）,herit,문화유산·전통체험,34.59162,127.80393,90,07:00–19:00 · 유료,금오산 절벽에 앉은 암자. 남해 일출로 알려져 있다.,"A hermitage on the cliffs of Geumosan, known for South Sea sunrises.",,,N,N,N,,N,N,Y,,,,,,,돌산읍 향일암로 1 구글 지오코딩,Google geocoding: 돌산읍 향일암로 1
nax127,nation,전국,여수,Yeosu,,여수해상케이블카,Yeosu Maritime Cable Car,丽水海上缆车,麗水海上ケーブルカー,activity,테마파크·액티비티,34.73056,127.74157,70,09:30–21:30 · 유료,돌산과 자산공원을 잇는 해상 케이블카.,A cable car over the water between Dolsan and Jasan Park.,,,N,N,N,,N,N,Y,,,,,,,돌산읍 돌산로 3600-1 구글 지오코딩,Google geocoding: 돌산읍 돌산로 3600-1
nax128,nation,전국,여수,Yeosu,,이순신광장,Yi Sun-sin Square,李舜臣广场,李舜臣広場,herit,문화유산·전통체험,34.73951,127.73601,40,상시 개방 · 무료,거북선 모형이 선 광장. 밤바다 산책의 시작점이다.,"A square with a turtle-ship replica, the start of the night-harbour walk.",,,N,N,N,,N,N,Y,,,,,,,여수시 중앙로 74 구글 지오코딩,Google geocoding: 여수시 중앙로 74
nax129,nation,전국,여수,Yeosu,,진남관,Jinnamgwan,丽水镇南馆,麗水 鎮南館,herit,문화유산·전통체험,34.74192,127.73661,50,09:00–18:00 · 무료,임진왜란 수군 본영 자리의 객사. 국보로 지정돼 있다.,"The hall on the site of the Joseon naval headquarters, designated a national treasure.",,,N,N,N,,N,N,Y,,,,,,,여수시 진남로 11 구글 지오코딩,Google geocoding: 여수시 진남로 11
nax130,nation,전국,여수,Yeosu,,돌산공원,Dolsan Park,突山公园,突山公園,heal,힐링·생태·체험,34.73046,127.73966,50,상시 개방 · 무료,거북선대교와 여수항 야경이 내려다보이는 공원.,A park looking over the Geobukseon Bridge and the lit harbour.,,,N,N,N,,N,N,Y,,,,,,,돌산읍 우두리 산1 구글 지오코딩,Google geocoding: 돌산읍 우두리 산1
nax131,nation,전국,여수,Yeosu,,낭만포차거리,Nangman Pojang Street,浪漫大排档一条街,ロマン屋台通り,food,로컬상권·먹거리,34.73641,127.74933,70,19:00–01:00 (계절별 상이),밤바다를 따라 늘어선 포장마차 거리.,A row of night food carts strung along the harbour front.,,,N,N,N,,N,N,Y,,,,,,,여수시 하멜로 102 구글 지오코딩,Google geocoding: 여수시 하멜로 102
nax132,nation,전국,여수,Yeosu,,여수해양공원,Yeosu Maritime Park,,,heal,힐링·생태·체험,34.73841,127.74491,50,상시 개방 · 무료,항구를 따라 난 해안 공원. 밤바다 노래의 무대다.,"A shoreline park along the harbour, the setting of the famous night-sea song.",,,N,N,Y,,N,N,Y,,,,,,,여수시 종화동 526-7 구글 지오코딩,Google geocoding: 여수시 종화동 526-7
nax133,nation,전국,통영,Tongyeong,,동피랑벽화마을,Dongpirang Mural Village,,,activity,테마파크·액티비티,34.84564,128.42761,60,상시 개방 · 무료,강구안이 내려다보이는 언덕 벽화마을.,A hillside mural village looking down on Gangguan harbour.,,,N,N,N,,N,N,Y,,,,,,,통영시 동피랑1길 6-18 구글 지오코딩,Google geocoding: 통영시 동피랑1길 6-18
nax134,nation,전국,통영,Tongyeong,,통영중앙시장,Tongyeong Jungang Market,,,food,로컬상권·먹거리,34.84528,128.42464,60,06:00–20:00 · 점포별 상이,"활어와 충무김밥, 꿀빵이 모인 항구 시장.","A harbour market of live fish, chungmu gimbap and honey bread.",,,N,N,N,,N,N,Y,,,,,,,통영시 중앙시장1길 14-16 구글 지오코딩,Google geocoding: 통영시 중앙시장1길 14-16
nax135,nation,전국,통영,Tongyeong,,한려수도 조망케이블카,Hallyeosudo Cable Car,,,activity,테마파크·액티비티,34.82643,128.42542,90,09:30–17:00 · 유료 · 기상 휴업,미륵산 정상으로 오르는 케이블카. 한려수도가 펼쳐진다.,"A cable car to the top of Mireuksan, opening onto the Hallyeo waterway.",,,N,N,Y,,N,N,Y,,,,,,,통영시 도남동 349-1 구글 지오코딩,Google geocoding: 통영시 도남동 349-1
nax136,nation,전국,통영,Tongyeong,,이순신공원,Yi Sun-sin Park,李舜臣公园,,heal,힐링·생태·체험,34.84381,128.4429,60,상시 개방 · 무료,한산대첩 해역을 마주한 해안 공원.,A shoreline park facing the waters of the Hansan battle.,,,N,N,N,,N,N,Y,,,,,,,통영시 멘데해안길 205 구글 지오코딩,Google geocoding: 통영시 멘데해안길 205
nax137,nation,전국,통영,Tongyeong,,달아공원,Dara Park,,,sea,해양·자연경관,34.76915,128.39958,50,상시 개방 · 무료,다도해 일몰로 알려진 전망 공원.,A lookout park known for sunsets over the island sea.,,,N,N,N,,N,N,Y,,,,,,,산양읍 산양일주로 1115 구글 지오코딩,Google geocoding: 산양읍 산양일주로 1115
nax138,nation,전국,통영,Tongyeong,,삼도수군통제영,Tongjeyeong Naval HQ,,,herit,문화유산·전통체험,34.84755,128.42315,70,09:00–18:00 · 유료,조선 수군 총사령부. 세병관이 국보로 남아 있다.,The Joseon navy headquarters; its Sebyeonggwan hall is a national treasure.,,,N,N,N,,N,N,Y,,,,,,,통영시 세병로 27 구글 지오코딩,Google geocoding: 통영시 세병로 27
nax139,nation,전국,통영,Tongyeong,,통영해저터널,Tongyeong Undersea Tunnel,,海底トンネル（統営）,herit,문화유산·전통체험,34.83615,128.41149,40,상시 개방 · 무료,1932년에 뚫린 동양 최초의 해저 터널.,"The first undersea tunnel in East Asia, opened in 1932.",,,N,N,N,,N,N,Y,,,,,,,통영시 당동 1-3 구글 지오코딩,Google geocoding: 통영시 당동 1-3
nax140,nation,전국,통영,Tongyeong,,강구안,Gangguan,,江口岸,heal,힐링·생태·체험,34.84842,128.42404,50,상시 개방 · 무료,어선이 드나드는 도심 포구. 거북선 모형이 떠 있다.,"A town harbour where fishing boats come and go, with turtle-ship replicas afloat.",,,N,N,N,,N,N,Y,,,,,,,통영시 중앙동 구글 지오코딩,Google geocoding: 통영시 중앙동
nax141,nation,전국,속초,Sokcho,,속초관광수산시장,Sokcho Tourist & Fishery Market,,,food,로컬상권·먹거리,38.20445,128.59015,70,08:00–21:00 · 점포별 상이,닭강정과 오징어순대로 붐비는 시장.,A market busy with dakgangjeong and squid sundae.,,,Y,N,N,,N,N,Y,,,,,,,속초시 중앙로147번길 16 구글 지오코딩,Google geocoding: 속초시 중앙로147번길 16
nax142,nation,전국,속초,Sokcho,,영금정,Yeonggeumjeong,灵琴亭,霊琴亭,sea,해양·자연경관,38.21184,128.60145,40,상시 개방 · 무료,파도가 바위에 부딪히는 정자 전망대. 일출 자리로 알려져 있다.,"A pavilion lookout over wave-struck rocks, a known sunrise spot.",,,N,N,N,,N,N,Y,,,,,,,속초시 영금정로5길 구글 지오코딩,Google geocoding: 속초시 영금정로5길
nax143,nation,전국,속초,Sokcho,,아바이마을,Abai Village,,アバイ村,herit,문화유산·전통체험,38.20068,128.59474,60,상시 · 갯배 05:00–23:00,실향민이 이룬 마을. 갯배를 타고 건넌다.,"A village settled by war refugees, crossed by the hand-pulled ferry.",,,N,N,Y,,N,N,Y,,,,,,,속초시 청호동 구글 지오코딩,Google geocoding: 속초시 청호동
nax144,nation,전국,속초,Sokcho,,속초해수욕장,Sokcho Beach,束草海水浴场,束草海水浴場,sea,해양·자연경관,38.19058,128.60354,70,상시 개방 · 해수욕 7–8월,시내와 붙은 백사장. 설악산 능선이 배경이다.,"A sand beach beside the town, with the Seoraksan ridge behind.",,,N,N,Y,,N,N,Y,,,,,,,속초시 해오름로 186 구글 지오코딩,Google geocoding: 속초시 해오름로 186
nax145,nation,전국,속초,Sokcho,,설악산 소공원,Seoraksan Sogongwon,,,heal,힐링·생태·체험,38.17296,128.49251,180,05:00–일몰 · 유료 · 케이블카 별도,설악산 북쪽 입구. 권금성 케이블카와 신흥사가 있다.,"The northern gateway to Seoraksan, with the Gwongeumseong cable car and Sinheungsa.",,,N,N,N,,N,N,Y,,,,,,,속초시 설악동 구글 지오코딩,Google geocoding: 속초시 설악동
nax146,nation,전국,속초,Sokcho,,청초호수공원,Cheongchoho Park,青草湖,青草湖,heal,힐링·생태·체험,38.19585,128.58242,50,상시 개방 · 무료,석호를 두른 공원. 엑스포타워 전망대가 있다.,"A park around the lagoon, with the Expo Tower observatory.",,,N,N,N,,N,N,Y,,,,,,,속초시 엑스포로 140 구글 지오코딩,Google geocoding: 속초시 엑스포로 140
nax147,nation,전국,속초,Sokcho,,대포항,Daepo Port,大浦港,大浦港,food,로컬상권·먹거리,38.17546,128.60679,60,수산시장 08:00–21:00,활어회와 튀김이 유명한 항구.,A harbour known for live sashimi and fried seafood.,,,N,N,N,,N,N,Y,,,,,,,속초시 대포동 421-6 구글 지오코딩,Google geocoding: 속초시 대포동 421-6
nax148,nation,전국,속초,Sokcho,,외옹치 바다향기로,Oeongchi Seaside Trail,束草外翁峙海香路,束草外瓮峙パダヒャンギ路,sea,해양·자연경관,38.1794,128.61173,60,06:00–20:00 · 무료,군 경계 철책을 걷어낸 해안 데크길.,A coastal boardwalk opened where military fencing once stood.,,,N,N,N,속초시 관광지 (2021 지정),N,N,Y,,,,,,,속초시 대포동 구글 지오코딩,Google geocoding: 속초시 대포동
nax149,nation,전국,철원,Cheorwon,,고석정,Goseokjeong,孤石亭国民观光地,孤石亭国民観光地,heal,힐링·생태·체험,38.18524,127.28796,60,09:00–18:00 · 무료,한탄강 협곡의 기암과 정자. 래프팅 출발점이다.,"A pavilion above the Hantan River gorge rocks, the rafting put-in.",,,N,N,N,철원군 관광지 (2024 지정),N,N,Y,,,,,,,동송읍 태봉로 1825 구글 지오코딩,Google geocoding: 동송읍 태봉로 1825
nax150,nation,전국,철원,Cheorwon,,한탄강 물윗길,Hantan River Water Trail,,,activity,테마파크·액티비티,38.20577,127.26989,120,11월–3월 개방 · 유료,강 위에 띄운 부교를 걷는 겨울 코스.,A winter route over pontoon walkways floated on the river.,,,N,N,N,,N,N,Y,,,,,,,동송읍 태봉대교길 구글 지오코딩,Google geocoding: 동송읍 태봉대교길
nax151,nation,전국,철원,Cheorwon,,철원 노동당사,Cheorwon Workers Party HQ,铁原劳动党舍,鉄原労働党舎,herit,문화유산·전통체험,38.25517,127.20197,40,상시 개방 · 무료,분단 전 지어진 건물 골조가 남은 근대 유적.,"The shell of a pre-division party building, left as a modern heritage site.",,,N,N,N,,N,N,Y,,,,,,,철원읍 금강산로 265 구글 지오코딩,Google geocoding: 철원읍 금강산로 265
nax152,nation,전국,철원,Cheorwon,,제2땅굴,Second Infiltration Tunnel,,,herit,문화유산·전통체험,38.30969,127.3116,60,09:00–16:00 · 안보관광 예약,1975년 발견된 남침용 땅굴. 안보관광으로 들어간다.,"A 1975 infiltration tunnel, entered on the security tour.",,,N,N,N,,N,N,Y,,,,,,,동송읍 양지2길 15-19 구글 지오코딩,Google geocoding: 동송읍 양지2길 15-19
nax153,nation,전국,철원,Cheorwon,,철원평화전망대,Cheorwon Peace Observatory,,,heal,힐링·생태·체험,38.30919,127.25132,60,09:00–16:30 · 유료,비무장지대와 철원평야가 보이는 전망대.,An observatory over the DMZ and the Cheorwon plain.,,,N,N,N,,N,N,Y,,,,,,,동송읍 중강리 588-14 구글 지오코딩,Google geocoding: 동송읍 중강리 588-14
nax154,nation,전국,철원,Cheorwon,,삼부연폭포,Sambuyeon Falls,三釜渊瀑布,三釜淵滝,heal,힐링·생태·체험,38.14011,127.32766,40,상시 개방 · 무료,바위벽을 세 단으로 떨어지는 폭포.,A waterfall dropping in three tiers down a rock wall.,,,N,N,N,,N,N,Y,,,,,,,갈말읍 삼부연로 216 구글 지오코딩,Google geocoding: 갈말읍 삼부연로 216
nax155,nation,전국,철원,Cheorwon,,직탕폭포,Jiktang Falls,,,heal,힐링·생태·체험,38.20971,127.26648,40,상시 개방 · 무료,한탄강을 가로지르는 넓고 낮은 폭포.,"A wide, low falls running straight across the Hantan River.",,,N,N,N,,N,N,Y,,,,,,,동송읍 장흥리 구글 지오코딩,Google geocoding: 동송읍 장흥리
nax156,nation,전국,철원,Cheorwon,,한탄강 은하수교,Hantan River Sky Bridge,铁原汉滩江银河桥,鉄原漢灘江銀河水橋,activity,테마파크·액티비티,38.20076,127.27825,50,09:00–18:00 · 무료,협곡을 건너는 보행 현수교.,A pedestrian suspension bridge across the gorge.,,,N,N,N,,N,N,Y,,,,,,,동송읍 장흥리 725-12 구글 지오코딩,Google geocoding: 동송읍 장흥리 725-12
nax157,nation,전국,안동,Andong,,안동하회마을,Hahoe Folk Village,,,herit,문화유산·전통체험,36.53903,128.51764,120,09:00–18:00 · 유료,낙동강이 감아 도는 씨족 마을. 유네스코 세계유산이다.,"A clan village in a bend of the Nakdong, a UNESCO World Heritage site.",,,Y,Y,N,,N,N,Y,,,,,,,풍천면 하회종가길 구글 지오코딩,Google geocoding: 풍천면 하회종가길
nax158,nation,전국,안동,Andong,,부용대,Buyongdae,芙蓉台,芙蓉台,heal,힐링·생태·체험,36.54291,128.51662,50,상시 개방 · 무료,하회마을이 한눈에 보이는 절벽.,A cliff with the whole Hahoe village in view.,,,N,N,N,,N,N,Y,,,,,,,풍천면 광덕솔밭길 72 구글 지오코딩,Google geocoding: 풍천면 광덕솔밭길 72
nax159,nation,전국,안동,Andong,,월영교,Woryeonggyo Bridge,月映桥,月映橋,heal,힐링·생태·체험,36.57666,128.76089,50,상시 개방 · 야간 조명,안동호를 건너는 목책교. 밤에 조명이 켜진다.,"A wooden bridge over Andong Lake, lit at night.",,,N,N,N,,N,N,Y,,,,,,,안동시 상아동 569 구글 지오코딩,Google geocoding: 안동시 상아동 569
nax160,nation,전국,안동,Andong,,도산서원,Dosan Seowon,陶山书院,陶山書院,herit,문화유산·전통체험,36.7271,128.8432,80,09:00–18:00 · 유료,퇴계 이황이 세운 서원. 유네스코 세계유산이다.,"The academy founded by Yi Hwang, a UNESCO World Heritage site.",,,N,Y,N,,N,N,Y,,,,,,,도산면 도산서원길 154 구글 지오코딩,Google geocoding: 도산면 도산서원길 154
nax161,nation,전국,안동,Andong,,안동구시장 찜닭골목,Andong Jjimdak Alley,,,food,로컬상권·먹거리,36.5655,128.72801,60,10:00–21:00 · 점포별 상이,안동찜닭 가게가 모인 골목.,The alley where the Andong braised-chicken shops cluster.,,,N,N,N,,N,N,Y,,,,,,,안동시 번영1길 55 구글 지오코딩,Google geocoding: 안동시 번영1길 55
nax162,nation,전국,안동,Andong,,병산서원,Byeongsan Seowon,屏山书院,屏山書院,herit,문화유산·전통체험,36.54049,128.55265,70,09:00–18:00 · 무료,만대루에서 강과 병산이 액자처럼 보이는 서원.,An academy where the Mandaeru pavilion frames the river and Byeongsan.,,,N,Y,N,,N,N,Y,,,,,,,풍천면 병산길 386 구글 지오코딩,Google geocoding: 풍천면 병산길 386
nax163,nation,전국,안동,Andong,,안동민속촌,Andong Folk Village,,安東民俗村,herit,문화유산·전통체험,36.57699,128.76511,60,상시 개방 · 무료,수몰 마을에서 옮겨 온 민가와 정자.,Houses and pavilions moved here from villages lost to the reservoir.,,,N,N,N,,N,N,Y,,,,,,,안동시 성곡동 822-3 구글 지오코딩,Google geocoding: 안동시 성곡동 822-3
nax164,nation,전국,안동,Andong,,임청각,Imcheonggak,安东临清阁,安東 臨清閣,herit,문화유산·전통체험,36.56514,128.74475,50,09:00–18:00 · 무료,독립운동가 이상룡의 생가. 99칸 고택이다.,"The birthplace of independence leader Yi Sang-ryong, a 99-bay house.",,,N,N,N,,N,N,Y,,,,,,,안동시 임청각길 63 구글 지오코딩,Google geocoding: 안동시 임청각길 63
nax165,nation,전국,인천,Incheon,,인천 차이나타운,Incheon Chinatown,仁川中国城,仁川チャイナタウン,food,로컬상권·먹거리,37.47559,126.61788,70,상시 · 상점별 상이,짜장면의 시작점으로 알려진 화교 거리.,The Chinese quarter known as the birthplace of jajangmyeon.,,,Y,N,N,,N,N,Y,,,,,,,중구 차이나타운로26번길 12-17 구글 지오코딩,Google geocoding: 중구 차이나타운로26번길 12-17
nax166,nation,전국,인천,Incheon,,송월동 동화마을,Songwol Fairy Tale Village,松月洞童话村,松月洞童話村,activity,테마파크·액티비티,37.47766,126.62058,50,상시 개방 · 무료,동화 벽화로 채운 골목 마을.,An alley village painted with fairy-tale murals.,,,N,N,N,,N,N,Y,,,,,,,중구 자유공원서로45번길 구글 지오코딩,Google geocoding: 중구 자유공원서로45번길
nax167,nation,전국,인천,Incheon,,월미도,Wolmido,,,heal,힐링·생태·체험,37.4754,126.59781,90,상시 · 놀이시설 별도,문화의거리와 놀이공원이 있는 섬. 유람선이 뜬다.,"An island with a culture street, amusement rides and harbour cruises.",,,N,N,Y,,N,N,Y,,,,,,,중구 월미문화로 구글 지오코딩,Google geocoding: 중구 월미문화로
nax168,nation,전국,인천,Incheon,,인천 개항장 거리,Open Port Street,,開港場通り,herit,문화유산·전통체험,37.47343,126.62115,70,상시 개방 · 무료,옛 영사관과 은행 건물이 남은 근대 거리.,A modern-era street of former consulates and bank buildings.,,,N,N,Y,,N,N,Y,,,,,,,중구 관동1가 10-1 구글 지오코딩,Google geocoding: 중구 관동1가 10-1
nax169,nation,전국,인천,Incheon,,소래포구,Sorae Port,苏莱浦口,蘇莱浦,food,로컬상권·먹거리,37.39787,126.73927,70,수산시장 08:00–21:00,새우와 꽃게로 알려진 어시장. 옛 철교가 남아 있다.,"A fish market known for shrimp and blue crab, beside the old rail bridge.",,,N,N,N,,N,N,Y,,,,,,,남동구 장도로 86-17 구글 지오코딩,Google geocoding: 남동구 장도로 86-17
nax170,nation,전국,인천,Incheon,,송도 센트럴파크,Songdo Central Park,,,heal,힐링·생태·체험,37.39349,126.63486,70,상시 개방 · 무료,해수를 끌어들인 도심 수변공원. 수상택시가 다닌다.,"A city waterfront park filled with seawater, crossed by water taxis.",,,Y,N,N,,N,N,Y,,,,,,,연수구 컨벤시아대로 160 구글 지오코딩,Google geocoding: 연수구 컨벤시아대로 160
nax171,nation,전국,인천,Incheon,,강화 고인돌 유적,Ganghwa Dolmen Site,,,herit,문화유산·전통체험,37.7065,126.4434,60,상시 개방 · 무료,청동기 고인돌군. 유네스코 세계유산이다.,"A Bronze Age dolmen group, a UNESCO World Heritage site.",,,N,Y,N,,N,N,Y,,,,,,,강화군 하점면 부근리 구글 지오코딩,Google geocoding: 강화군 하점면 부근리
nax172,nation,전국,인천,Incheon,,을왕리해수욕장,Eurwangni Beach,乙旺里海水浴场,乙旺里海水浴場,sea,해양·자연경관,37.44773,126.3725,80,상시 개방 · 해수욕 7–8월,영종도 서쪽 해변. 일몰과 조개구이로 알려져 있다.,"A beach on western Yeongjongdo, known for sunsets and grilled clams.",,,N,N,N,,N,N,Y,,,,,,,중구 용유서로 구글 지오코딩,Google geocoding: 중구 용유서로
nax181,nation,전국,인천,Incheon,,인천대공원,Incheon Grand Park,仁川大公园,仁川大公園,heal,힐링·생태·체험,37.45924,126.75222,90,05:00–23:00 · 무료,수목원과 호수를 둔 대형 공원. 봄에는 벚꽃길이 이어진다.,"A large park with an arboretum and lake, its cherry road blooming in spring.",,,N,N,N,,N,N,Y,,,,,,,남동구 무네미로 236 구글 지오코딩,Google geocoding: 남동구 무네미로 236
nax182,nation,전국,인천,Incheon,,자유공원,Jayu Park,自由公园(仁川),自由公園（仁川）,herit,문화유산·전통체험,37.47508,126.62202,50,상시 개방 · 무료,1888년에 연 한국 최초의 서구식 공원. 항구가 내려다보인다.,"Korea’s first Western-style park, opened in 1888, looking down on the harbour.",,,N,N,N,,N,N,Y,,,,,,,중구 송학동1가 11-1 구글 지오코딩,Google geocoding: 중구 송학동1가 11-1
nax183,nation,전국,인천,Incheon,,인천상륙작전기념관,Incheon Landing Memorial,仁川登陆战纪念馆,仁川上陸作戦記念館,herit,문화유산·전통체험,37.41961,126.65426,70,09:00–18:00 · 월 휴관 · 무료,1950년 상륙작전을 기록한 기념관. 야외에 장비가 전시된다.,"A memorial to the 1950 landing, with equipment displayed outdoors.",,,N,N,N,,N,N,Y,,,,,,,연수구 청량로 138 구글 지오코딩,Google geocoding: 연수구 청량로 138
nax184,nation,전국,인천,Incheon,,강화 전등사,Jeondeungsa Temple,,江華 伝灯寺,herit,문화유산·전통체험,37.63179,126.48455,80,08:00–18:30 · 유료,삼랑성 안에 자리한 절. 한국에서 가장 오래된 사찰로 꼽힌다.,"A temple inside the Samnangseong fortress, counted among the oldest in Korea.",,,N,N,N,,N,N,Y,,,,,,,강화군 길상면 전등사로 37-41 구글 지오코딩,Google geocoding: 강화군 길상면 전등사로 37-41
nax185,nation,전국,인천,Incheon,,강화 마니산,Manisan,,,heal,힐링·생태·체험,37.70998,126.45076,180,09:00–17:00 입산 · 유료,단군이 제를 올렸다는 참성단이 있는 산.,"The mountain holding Chamseongdan, where Dangun is said to have made offerings.",,,N,N,N,,N,N,Y,,,,,,,강화군 화도면 마니산로 구글 지오코딩,Google geocoding: 강화군 화도면 마니산로
nax186,nation,전국,인천,Incheon,,강화 광성보,Gwangseongbo Fort,,広城堡,herit,문화유산·전통체험,37.66494,126.53009,60,09:00–18:00 · 유료,신미양요의 격전지. 돈대와 성벽이 해안을 따라 남아 있다.,"The battleground of the 1871 Shinmiyangyo, its redoubts still lining the shore.",,,N,N,N,,N,N,Y,,,,,,,강화군 불은면 해안동로466번길 27 구글 지오코딩,Google geocoding: 강화군 불은면 해안동로466번길 27
nax187,nation,전국,인천,Incheon,,정서진,Jeongseojin,,,sea,해양·자연경관,37.55689,126.60486,50,상시 개방 · 무료,정동진과 마주 보는 서해 일몰 지점. 아라뱃길 끝에 있다.,"The West Sea sunset point facing Jeongdongjin, at the end of the Ara Waterway.",,,N,N,N,,N,N,Y,,,,,,,서구 정서진1로 구글 지오코딩,Google geocoding: 서구 정서진1로
nax188,nation,전국,인천,Incheon,,배다리 헌책방거리,Baedari Old Book Street,,,activity,테마파크·액티비티,37.47252,126.63649,50,10:00–19:00 · 점포별 상이,오래된 헌책방이 줄지어 남은 골목.,An alley where the old second-hand bookshops still stand in a row.,,,N,N,N,,N,N,Y,,,,,,,동구 중앙로 2 구글 지오코딩,Google geocoding: 동구 중앙로 2
nax189,nation,전국,인천,Incheon,,신포국제시장,Sinpo Market,,,food,로컬상권·먹거리,37.47139,126.62721,60,09:00–21:00 · 점포별 상이,닭강정과 공갈빵으로 알려진 개항기 시장.,An open-port-era market known for dakgangjeong and hollow bread.,,,N,N,N,,N,N,Y,,,,,,,중구 신포동 6-6 구글 지오코딩,Google geocoding: 중구 신포동 6-6
nax190,nation,전국,인천,Incheon,,인천 아트플랫폼,Incheon Art Platform,仁川艺术平台,,activity,테마파크·액티비티,37.47314,126.61932,60,11:00–18:00 · 월 휴관 · 무료,근대 창고를 고친 복합 예술공간.,A complex of modern-era warehouses converted into art spaces.,,,N,N,N,,N,N,Y,,,,,,,중구 제물량로218번길 3 구글 지오코딩,Google geocoding: 중구 제물량로218번길 3
nax191,nation,전국,인천,Incheon,,수도국산달동네박물관,Daldongne Museum,,,herit,문화유산·전통체험,37.47792,126.63925,50,09:00–18:00 · 월 휴관 · 유료,1960–70년대 산동네 살림을 재현한 박물관.,A museum recreating hillside tenement life of the 1960s–70s.,,,N,N,N,,N,N,Y,,,,,,,동구 솔빛로 51 구글 지오코딩,Google geocoding: 동구 솔빛로 51
nax192,nation,전국,인천,Incheon,,영종도 구읍뱃터,Yeongjong Guyeop Ferry Pier,,,sea,해양·자연경관,37.49254,126.5809,50,상시 · 카페별 상이,월미도행 배가 뜨는 옛 선착장. 노을 카페가 늘어선다.,"The old pier for Wolmido boats, lined with sunset cafés.",,,N,N,N,,N,N,Y,,,,,,,중구 중산동 구글 지오코딩,Google geocoding: 중구 중산동
nax193,nation,전국,인천,Incheon,,무의도 하나개해수욕장,Hanagae Beach,巨滩海水浴场,ハナゲ海水浴場,sea,해양·자연경관,37.38465,126.40927,90,상시 개방 · 해수욕 7–8월,무의대교로 이어진 섬 해변. 갯벌 체험을 한다.,"An island beach reached by the Muui Bridge, with tidal-flat walks.",,,N,N,Y,,N,N,Y,,,,,,,중구 무의동 구글 지오코딩,Google geocoding: 중구 무의동
nax194,nation,전국,인천,Incheon,,청라호수공원,Cheongna Lake Park,青罗湖水公园,青羅湖水公園,heal,힐링·생태·체험,37.52797,126.63438,60,상시 개방 · 무료,신도시 한가운데의 호수 공원. 음악분수가 선다.,"A lake park at the centre of the new town, with a music fountain.",,,N,N,N,,N,N,Y,,,,,,,서구 크리스탈로 131 구글 지오코딩,Google geocoding: 서구 크리스탈로 131
nax201,nation,전국,진주,Jinju,,진주성,Jinjuseong Fortress,晋州城,晋州城,herit,문화유산·전통체험,35.18902,128.078,80,05:00–23:00 · 유료,임진왜란 진주대첩의 성. 남강을 따라 성벽이 돈다.,"The fortress of the Jinju siege, its wall running along the Nam River.",,,Y,N,N,,N,N,Y,,,,,,,진주시 남강로 626 구글 지오코딩,Google geocoding: 진주시 남강로 626
nax202,nation,전국,진주,Jinju,,촉석루,Chokseongnu,矗石楼,,herit,문화유산·전통체험,35.18944,128.08186,40,09:00–18:00 · 성 입장료 포함,남강 절벽 위의 누각. 논개의 의암이 아래에 있다.,"A pavilion on the river cliff, with Nongae’s rock below.",,,N,N,N,,N,N,Y,,,,,,,진주시 남강로 626 구글 지오코딩,Google geocoding: 진주시 남강로 626
nax203,nation,전국,진주,Jinju,,진주 남강,Nam River,,,heal,힐링·생태·체험,35.18203,128.0932,50,상시 개방 · 유등축제 10월,유등축제가 열리는 강변. 밤에 등이 뜬다.,"The riverfront of the lantern festival, lit with floating lamps at night.",,,N,N,N,,N,N,Y,,,,,,,진주시 남강로 구글 지오코딩,Google geocoding: 진주시 남강로
nax204,nation,전국,진주,Jinju,,국립진주박물관,Jinju National Museum,,国立晋州博物館,herit,문화유산·전통체험,35.1889,128.07694,70,09:00–18:00 · 월 휴관 · 무료,임진왜란사를 다룬 국립박물관. 성 안에 있다.,"A national museum of the Imjin War, inside the fortress.",,,N,N,N,,N,N,Y,,,,,,,진주시 남강로 626-35 구글 지오코딩,Google geocoding: 진주시 남강로 626-35
nax205,nation,전국,진주,Jinju,,진주중앙시장,Jinju Jungang Market,,,food,로컬상권·먹거리,35.19431,128.08521,60,08:00–20:00 · 점포별 상이,진주냉면과 비빔밥으로 알려진 도심 시장.,A downtown market known for Jinju naengmyeon and bibimbap.,,,N,N,N,,N,N,Y,,,,,,,진주시 대안동 8-600 구글 지오코딩,Google geocoding: 진주시 대안동 8-600
nax206,nation,전국,진주,Jinju,,월아산 숲속의 진주,Wolasan Forest Park,,,heal,힐링·생태·체험,35.19991,128.1942,80,09:00–18:00 · 무료,편백숲과 전망대를 둔 산림공원.,A forest park of cypress woods and lookouts.,,,N,N,N,,N,N,Y,,,,,,,진주시 진성면 달음산로 313 구글 지오코딩,Google geocoding: 진주시 진성면 달음산로 313
nax207,nation,전국,순천,Suncheon,,순천만습지,Suncheonman Wetland,顺天湾湿地,順天湾湿地,heal,힐링·생태·체험,34.88597,127.50903,100,08:00–일몰 · 유료,세계 5대 연안습지. 갈대밭과 철새가 있다.,"One of the world’s great coastal wetlands, of reed beds and migratory birds.",,,Y,N,Y,,N,N,Y,,,,,,,순천시 순천만길 513-25 구글 지오코딩,Google geocoding: 순천시 순천만길 513-25
nax208,nation,전국,순천,Suncheon,,순천만국가정원,Suncheonman National Garden,,,heal,힐링·생태·체험,34.92844,127.49827,120,09:00–19:00 · 유료,국가정원 1호. 세계 정원과 호수정원이 있다.,"Korea’s first national garden, with world gardens and a lake garden.",,,Y,N,Y,,N,N,Y,,,,,,,순천시 국가정원1호길 47 구글 지오코딩,Google geocoding: 순천시 국가정원1호길 47
nax209,nation,전국,순천,Suncheon,,낙안읍성,Naganeupseong Folk Village,,,herit,문화유산·전통체험,34.9073,127.34113,80,09:00–18:00 · 유료,조선 읍성이 마을째 남은 곳. 아직 주민이 산다.,"A Joseon walled town that survives as a village, still inhabited.",,,N,N,Y,,N,N,Y,,,,,,,순천시 낙안면 평촌리 6-4 구글 지오코딩,Google geocoding: 순천시 낙안면 평촌리 6-4
nax210,nation,전국,순천,Suncheon,,선암사,Seonamsa Temple,仙岩寺,仙岩寺,herit,문화유산·전통체험,34.99605,127.33048,80,08:00–18:00 · 유료,조계산 태고종 본산. 승선교 무지개다리가 있다.,"A Taego-order head temple on Jogyesan, with the Seungseongyo arch bridge.",,,N,Y,N,,N,N,Y,,,,,,,순천시 승주읍 선암사길 450 구글 지오코딩,Google geocoding: 순천시 승주읍 선암사길 450
nax211,nation,전국,순천,Suncheon,,순천 드라마촬영장,Suncheon Drama Film Set,顺天影视城,順天ドラマ撮影場,activity,테마파크·액티비티,34.957,127.5376,70,09:00–18:00 · 유료,1960–80년대 거리를 재현한 세트장.,A film set recreating streets of the 1960s–80s.,,,N,N,Y,,N,N,Y,,,,,,,순천시 비례골길 24 구글 지오코딩,Google geocoding: 순천시 비례골길 24
nax212,nation,전국,순천,Suncheon,,와온해변,Waon Beach,,,sea,해양·자연경관,34.8464,127.52538,50,상시 개방 · 무료,순천만 서쪽의 갯벌 해변. 일몰로 알려져 있다.,"A tidal-flat beach west of the bay, known for its sunsets.",,,N,N,N,,N,N,Y,,,,,,,순천시 해룡면 상내리 구글 지오코딩,Google geocoding: 순천시 해룡면 상내리
nax213,nation,전국,목포,Mokpo,,목포근대역사관,Mokpo Modern History Museum,木浦近代历史馆1馆,木浦近代歴史館1館,herit,문화유산·전통체험,34.78757,126.38209,60,09:00–18:00 · 월 휴관 · 유료,옛 일본영사관 건물을 쓴 역사관.,A history museum in the former Japanese consulate building.,,,Y,N,N,,N,N,Y,,,,,,,목포시 영산로29번길 6 구글 지오코딩,Google geocoding: 목포시 영산로29번길 6
nax214,nation,전국,목포,Mokpo,,유달산,Yudalsan,,儒達山,heal,힐링·생태·체험,34.792,126.37257,90,상시 개방 · 무료,목포 시내와 다도해가 보이는 바위산.,A rocky hill over the city and the island sea.,,,N,N,N,,N,N,Y,,,,,,,목포시 노적봉길 45 구글 지오코딩,Google geocoding: 목포시 노적봉길 45
nax215,nation,전국,목포,Mokpo,,목포해상케이블카,Mokpo Marine Cable Car,木浦海上缆车,木浦海上ケーブルカー,activity,테마파크·액티비티,34.79862,126.36827,80,09:00–20:00 · 유료,유달산과 고하도를 잇는 국내 최장 해상 케이블카.,"The longest marine cable car in Korea, from Yudalsan to Gohado.",,,Y,N,N,,N,N,Y,,,,,,,목포시 해양대학로 240 구글 지오코딩,Google geocoding: 목포시 해양대학로 240
nax216,nation,전국,목포,Mokpo,,갓바위,Gatbawi Rock,木浦纱笠岩,木浦カッパウィ,sea,해양·자연경관,34.79213,126.42576,50,상시 개방 · 무료,풍화로 갓 모양이 된 천연기념물 바위.,A natural monument rock weathered into the shape of a hat.,,,N,N,N,,N,N,Y,,,,,,,목포시 용해동 산86-24 구글 지오코딩,Google geocoding: 목포시 용해동 산86-24
nax217,nation,전국,목포,Mokpo,,국립해양유물전시관,National Maritime Museum,,,herit,문화유산·전통체험,34.79286,126.42281,80,09:00–18:00 · 월 휴관 · 무료,신안 해저 유물과 고선박을 전시한다.,A museum of the Sinan shipwreck finds and old vessels.,,,N,N,N,,N,N,Y,,,,,,,목포시 남농로 136 구글 지오코딩,Google geocoding: 목포시 남농로 136
nax218,nation,전국,목포,Mokpo,,목포 항구포차,Mokpo Harbour Food Carts,,,food,로컬상권·먹거리,34.7813,126.3882,60,18:00–01:00 (계절별 상이),항구를 따라 늘어선 밤 포차 거리.,A row of night food carts along the harbour.,,,N,N,N,,N,N,Y,,,,,,,목포시 만호동 구글 지오코딩,Google geocoding: 목포시 만호동
nax219,nation,전국,영주,Yeongju,,부석사,Buseoksa Temple,浮石寺【联合国教科文组织世界文化遗产】,浮石寺,herit,문화유산·전통체험,36.99845,128.68696,90,08:00–18:00 · 유료,무량수전이 남은 신라 고찰. 유네스코 산사에 든다.,"A Silla temple keeping the Muryangsujeon hall, one of the UNESCO mountain temples.",,,N,Y,N,,N,N,Y,,,,,,,영주시 부석면 부석사로 345 구글 지오코딩,Google geocoding: 영주시 부석면 부석사로 345
nax220,nation,전국,영주,Yeongju,,소수서원,Sosu Seowon,,,herit,문화유산·전통체험,36.92489,128.58015,70,09:00–18:00 · 유료,조선 최초의 사액서원. 유네스코 세계유산이다.,"Korea’s first royally chartered academy, a UNESCO World Heritage site.",,,N,Y,N,,N,N,Y,,,,,,,영주시 순흥면 소백로 2740 구글 지오코딩,Google geocoding: 영주시 순흥면 소백로 2740
nax221,nation,전국,영주,Yeongju,,무섬마을,Museom Village,荣州水岛村,栄州ムソム村,herit,문화유산·전통체험,36.73222,128.62111,70,상시 개방 · 무료,강이 감아 도는 전통 마을. 외나무다리가 놓인다.,"A traditional village in a river bend, crossed by a single-log bridge.",,,N,N,N,,N,N,Y,,,,,,,영주시 문수면 무섬로234번길 구글 지오코딩,Google geocoding: 영주시 문수면 무섬로234번길
nax222,nation,전국,영주,Yeongju,,선비촌,Seonbichon,,ソンビ村,herit,문화유산·전통체험,36.92778,128.582,60,09:00–18:00 · 유료,조선 선비의 살림집을 재현한 마을.,A village recreating the homes of Joseon scholars.,,,N,N,N,영주시 관광지 (0000 지정),N,N,Y,,,,,,,영주시 순흥면 소백로 2796 구글 지오코딩,Google geocoding: 영주시 순흥면 소백로 2796
nax223,nation,전국,영주,Yeongju,,순흥벽화고분,Sunheung Mural Tomb,,,herit,문화유산·전통체험,36.91273,128.5655,40,09:00–18:00 · 무료,삼국시대 벽화가 남은 고분.,A Three Kingdoms tomb with surviving wall paintings.,,,N,N,N,,N,N,Y,,,,,,,영주시 순흥면 읍내리 구글 지오코딩,Google geocoding: 영주시 순흥면 읍내리
nax224,nation,전국,포항,Pohang,,호미곶 해맞이광장,Homigot Sunrise Square,虎尾串迎日广场,虎尾岬日の出広場,sea,해양·자연경관,36.07676,129.56786,70,상시 개방 · 무료,바다에 선 상생의 손. 한반도 동쪽 끝 일출 자리다.,"The Hands of Harmony standing in the sea, at the peninsula’s eastern sunrise point.",,,N,N,N,포항시 남구 관광지 (0000 지정),N,N,Y,,,,,,,포항시 남구 호미곶면 해맞이로150번길 20 구글 지오코딩,Google geocoding: 포항시 남구 호미곶면 해맞이로150번길 20
nax225,nation,전국,포항,Pohang,,영일대해수욕장,Yeongildae Beach,,迎日台海水浴場,sea,해양·자연경관,36.05615,129.37817,70,상시 개방 · 해수욕 7–8월,바다 위 누각이 있는 도심 해변.,A city beach with a pavilion standing out over the water.,,,N,N,N,,N,N,Y,,,,,,,포항시 북구 두호동 구글 지오코딩,Google geocoding: 포항시 북구 두호동
nax226,nation,전국,포항,Pohang,,죽도시장,Jukdo Market,,,food,로컬상권·먹거리,36.03549,129.36727,70,06:00–21:00 · 점포별 상이,동해안 최대 어시장. 과메기와 물회가 난다.,"The largest fish market on the east coast, for gwamegi and mulhoe.",,,N,N,N,포항시 관광특구 (2019 지정),N,N,Y,,,,,,,포항시 북구 죽도시장13길 13 구글 지오코딩,Google geocoding: 포항시 북구 죽도시장13길 13
nax227,nation,전국,포항,Pohang,,포항 스페이스워크,Pohang Space Walk,,,activity,테마파크·액티비티,36.06517,129.39029,60,10:00–20:00 · 무료,환호공원 언덕에 놓인 강철 트랙 조형물.,A steel-track sculpture walked on the hill of Hwanho Park.,,,Y,N,N,포항시 관광특구 (2019 지정),N,N,Y,,,,,,,포항시 북구 환호공원길 30 구글 지오코딩,Google geocoding: 포항시 북구 환호공원길 30
nax228,nation,전국,포항,Pohang,,구룡포 근대문화역사거리,Guryongpo Modern History Street,,,herit,문화유산·전통체험,35.98531,129.53547,60,상시 · 상점별 상이,일본식 가옥이 남은 항구 거리.,A harbour street lined with surviving Japanese-era houses.,,,N,N,N,,N,N,Y,,,,,,,포항시 남구 구룡포읍 구글 지오코딩,Google geocoding: 포항시 남구 구룡포읍
nax229,nation,전국,포항,Pohang,,내연산 보경사,Bogyeongsa Temple,内延山宝镜寺市立公园,宝鏡寺,heal,힐링·생태·체험,36.25228,129.31795,100,08:00–18:00 · 유료,열두 폭포 골짜기로 드는 절.,A temple at the mouth of a valley of twelve waterfalls.,,,N,N,N,,N,N,Y,,,,,,,포항시 북구 송라면 보경로 523 구글 지오코딩,Google geocoding: 포항시 북구 송라면 보경로 523
nax230,nation,전국,춘천,Chuncheon,,남이섬,Nami Island,,南怡島,heal,힐링·생태·체험,37.79171,127.52552,150,08:00–21:00 · 배편 유료,메타세쿼이아 길로 알려진 강 위의 섬.,"An island in the river, known for its metasequoia avenue.",,,Y,N,Y,,N,N,Y,,,,,,,춘천시 남산면 남이섬길 1 구글 지오코딩,Google geocoding: 춘천시 남산면 남이섬길 1
nax231,nation,전국,춘천,Chuncheon,,소양강 스카이워크,Soyanggang Skywalk,昭阳江天空步道,昭陽江スカイウォーク,activity,테마파크·액티비티,37.89334,127.72341,50,10:00–21:00 · 무료,강 위로 뻗은 유리 바닥 전망 다리.,A glass-floored walkway reaching out over the river.,,,N,N,Y,,N,N,Y,,,,,,,춘천시 영서로 2663 구글 지오코딩,Google geocoding: 춘천시 영서로 2663
nax232,nation,전국,춘천,Chuncheon,,청평사,Cheongpyeongsa Temple,,,herit,문화유산·전통체험,37.96655,127.82528,110,08:00–18:00 · 배편 별도,소양호를 배로 건너 오르는 고려 고찰.,A Goryeo temple reached by boat across Soyang Lake.,,,N,N,N,,N,N,Y,,,,,,,춘천시 북산면 청평리 구글 지오코딩,Google geocoding: 춘천시 북산면 청평리
nax233,nation,전국,춘천,Chuncheon,,김유정문학촌,Kim Yu-jeong Literary Village,金裕贞文学村,金裕貞文学村,herit,문화유산·전통체험,37.81826,127.71766,60,09:00–18:00 · 월 휴관 · 유료,소설가 김유정의 생가를 복원한 마을.,A village restoring the birthplace of the novelist Kim Yu-jeong.,,,N,N,N,,N,N,Y,,,,,,,춘천시 신동면 김유정로 1430-14 구글 지오코딩,Google geocoding: 춘천시 신동면 김유정로 1430-14
nax234,nation,전국,춘천,Chuncheon,,명동 닭갈비골목,Dakgalbi Alley,春川明洞辣炒鸡排一条街,春川明洞タッカルビ通り,food,로컬상권·먹거리,37.87961,127.72835,60,11:00–22:00 · 점포별 상이,춘천 닭갈비 가게가 모인 골목.,The alley where the Chuncheon dakgalbi restaurants cluster.,,,N,N,N,,N,N,Y,,,,,,,춘천시 금강로 62-1 구글 지오코딩,Google geocoding: 춘천시 금강로 62-1
nax235,nation,전국,춘천,Chuncheon,,의암호 자전거길,Uiamho Bike Path,,,heal,힐링·생태·체험,37.87461,127.69509,80,상시 개방 · 대여 유료,호수를 한 바퀴 도는 자전거길.,A cycling path that circles the lake.,,,N,N,N,,N,N,Y,,,,,,,춘천시 삼천동 269-10 구글 지오코딩,Google geocoding: 춘천시 삼천동 269-10
nax236,nation,전국,울릉,Ulleung,,도동항,Dodong Port,,道洞港,sea,해양·자연경관,37.48116,130.90994,60,상시 · 여객선 시간 확인,육지 배가 드는 울릉도의 관문 항구.,"The island’s gateway harbour, where the mainland ferries dock.",,,N,N,N,,N,N,Y,,,,,,,울릉군 울릉읍 도동리 구글 지오코딩,Google geocoding: 울릉군 울릉읍 도동리
nax237,nation,전국,울릉,Ulleung,,독도전망대,Dokdo Observatory,,,heal,힐링·생태·체험,37.48075,130.90408,70,케이블카 08:00–18:00 · 유료,맑은 날 독도가 보이는 전망대.,An observatory from which Dokdo is visible on a clear day.,,,N,N,N,,N,N,Y,,,,,,,울릉군 울릉읍 약수터길 93 구글 지오코딩,Google geocoding: 울릉군 울릉읍 약수터길 93
nax238,nation,전국,울릉,Ulleung,,나리분지,Nari Basin,,羅里盆地,heal,힐링·생태·체험,37.5184,130.87161,80,상시 개방 · 무료,울릉도 유일의 평지. 화산 분화구 바닥이다.,"The island’s only flat land, the floor of a volcanic crater.",,,N,N,N,,N,N,Y,,,,,,,울릉군 북면 나리 구글 지오코딩,Google geocoding: 울릉군 북면 나리
nax239,nation,전국,울릉,Ulleung,,봉래폭포,Bongnae Falls,蓬莱瀑布[郁陵岛、独岛国家地质公园],ポンネ滝（鬱陵島、独島国家地質公園）,heal,힐링·생태·체험,37.49838,130.88333,60,08:00–18:00 · 유료,삼단으로 떨어지는 폭포. 천연 에어컨 바람굴이 있다.,"A three-tier waterfall, with a natural cold-air cave beside it.",,,N,N,N,,N,N,Y,,,,,,,울릉군 울릉읍 도동리 산39 구글 지오코딩,Google geocoding: 울릉군 울릉읍 도동리 산39
nax240,nation,전국,울릉,Ulleung,,관음도,Gwaneumdo,观音岛,観音島（鬱陵島、独島国家地質公園）,sea,해양·자연경관,37.54293,130.92003,70,09:00–17:00 · 유료,연도교로 건너는 무인도. 해안 절벽을 걷는다.,"An uninhabited islet crossed by a bridge, walked along its cliffs.",,,N,N,N,,N,N,Y,,,,,,,울릉군 북면 천부길 산1 구글 지오코딩,Google geocoding: 울릉군 북면 천부길 산1
nax241,nation,전국,울릉,Ulleung,,해안산책로,Coastal Walkway,,,sea,해양·자연경관,37.46629,130.87421,60,상시 개방 · 기상 시 통제,절벽을 따라 놓인 해안 데크길.,A boardwalk laid along the sea cliffs.,,,N,N,N,,N,N,Y,,,,,,,울릉군 울릉읍 구글 지오코딩,Google geocoding: 울릉군 울릉읍
nax242,nation,전국,남원,Namwon,,광한루원,Gwanghallu Garden,广寒楼苑,広寒楼苑,herit,문화유산·전통체험,35.4039,127.3798,70,08:00–21:00 · 유료,춘향전의 무대가 된 조선 정원.,The Joseon garden that stages the tale of Chunhyang.,,,Y,N,Y,,N,N,Y,,,,,,,남원시 요천로 1447 구글 지오코딩,Google geocoding: 남원시 요천로 1447
nax243,nation,전국,남원,Namwon,,춘향테마파크,Chunhyang Theme Park,,,activity,테마파크·액티비티,35.40163,127.38673,70,09:00–18:00 · 유료,춘향전을 전시와 세트로 풀어낸 공원.,A park telling the Chunhyang story through exhibits and sets.,,,N,N,Y,남원시 관광지 (2008 지정),N,N,Y,,,,,,,남원시 양림길 14-9 구글 지오코딩,Google geocoding: 남원시 양림길 14-9
nax244,nation,전국,남원,Namwon,,지리산 뱀사골,Baemsagol Valley,,,heal,힐링·생태·체험,35.37647,127.58043,120,상시 개방 · 무료,지리산 북쪽의 계곡. 단풍으로 알려져 있다.,"A valley on the north side of Jirisan, known for its autumn colour.",,,N,N,N,,N,N,Y,,,,,,,남원시 산내면 지리산로 829 구글 지오코딩,Google geocoding: 남원시 산내면 지리산로 829
nax245,nation,전국,남원,Namwon,,실상사,Silsangsa Temple,实相寺(南原),,herit,문화유산·전통체험,35.41642,127.6354,60,08:00–18:00 · 무료,신라 구산선문의 하나. 들판에 앉은 절이다.,"One of the nine Silla Seon schools, a temple seated on open fields.",,,N,N,N,,N,N,Y,,,,,,,남원시 산내면 실상사길 265 구글 지오코딩,Google geocoding: 남원시 산내면 실상사길 265
nax246,nation,전국,남원,Namwon,,남원 예촌,Namwon Yechon,,,food,로컬상권·먹거리,35.40472,127.37867,60,상시 · 시설별 상이,광한루 옆 한옥 체험·식당 마을.,A hanok stay and dining village beside Gwanghallu.,,,N,N,N,,N,N,Y,,,,,,,남원시 광한북로 17 구글 지오코딩,Google geocoding: 남원시 광한북로 17
nax251,nation,전국,남해,Namhae,,남해 독일마을,Namhae German Village,德国村,ドイツ村,activity,테마파크·액티비티,34.79972,128.03864,70,상시 · 상점별 상이,파독 광부·간호사가 돌아와 이룬 마을. 붉은 지붕이 바다를 본다.,"A village built by returning miners and nurses from Germany, its red roofs facing the sea.",,,Y,N,N,,N,N,Y,,,,,,,남해군 삼동면 물건리 1154 구글 지오코딩,Google geocoding: 남해군 삼동면 물건리 1154
nax252,nation,전국,남해,Namhae,,다랭이마을,Darangee Village,,,heal,힐링·생태·체험,34.72728,127.8944,70,상시 개방 · 무료,비탈을 깎아 만든 계단식 논 마을.,A village of terraced paddies cut into the slope.,,,N,N,N,,N,N,Y,,,,,,,남해군 남면 남면로 679 구글 지오코딩,Google geocoding: 남해군 남면 남면로 679
nax253,nation,전국,남해,Namhae,,보리암,Boriam Hermitage,锦山菩提庵（南海）,錦山菩提庵（南海）,herit,문화유산·전통체험,34.75202,127.98296,90,04:00–19:00 · 유료,금산 정상 아래 암자. 남해 바다가 펼쳐진다.,"A hermitage below the summit of Geumsan, open to the southern sea.",,,N,N,N,,N,N,Y,,,,,,,남해군 상주면 보리암로 665 구글 지오코딩,Google geocoding: 남해군 상주면 보리암로 665
nax254,nation,전국,남해,Namhae,,상주은모래비치,Sangju Silver Sand Beach,尚州银沙滩海边,尚州銀砂ビーチ,sea,해양·자연경관,34.72078,127.98809,70,상시 개방 · 해수욕 7–8월,반달 모양의 백사장. 금산이 뒤를 감싼다.,"A crescent of white sand, with Geumsan wrapped behind it.",,,N,N,N,,N,N,Y,,,,,,,남해군 상주면 상주리 구글 지오코딩,Google geocoding: 남해군 상주면 상주리
nax255,nation,전국,남해,Namhae,,남해 편백자연휴양림,Namhae Cypress Forest,,,heal,힐링·생태·체험,34.7526,128.0166,90,09:00–18:00 · 유료,편백숲 사이로 산책로가 난 국립휴양림.,A national forest with trails through cypress woods.,,,N,N,N,,N,N,Y,,,,,,,남해군 삼동면 금암로 658 구글 지오코딩,Google geocoding: 남해군 삼동면 금암로 658
nax256,nation,전국,합천,Hapcheon,,해인사,Haeinsa Temple,,海印寺（陜川）,herit,문화유산·전통체험,35.80118,128.0981,110,08:00–18:00 · 유료,팔만대장경을 모신 절. 장경판전이 유네스코 세계유산이다.,The temple holding the Tripitaka Koreana; its depositories are a UNESCO World Heritage site.,,,N,Y,N,,N,N,Y,,,,,,,합천군 가야면 해인사길 122 구글 지오코딩,Google geocoding: 합천군 가야면 해인사길 122
nax257,nation,전국,합천,Hapcheon,,대장경테마파크,Tripitaka Theme Park,,,activity,테마파크·액티비티,35.76785,128.13491,70,09:00–18:00 · 월 휴관 · 유료,대장경 판각 과정을 전시로 푼 공원.,A park explaining how the Tripitaka woodblocks were carved.,,,N,N,Y,,N,N,Y,,,,,,,합천군 가야면 가야산로 1160 구글 지오코딩,Google geocoding: 합천군 가야면 가야산로 1160
nax258,nation,전국,합천,Hapcheon,,합천영상테마파크,Hapcheon Film Set,,,activity,테마파크·액티비티,35.54921,128.07312,70,09:00–18:00 · 유료,근현대 거리를 재현한 촬영 세트장.,A film set recreating streets of the modern era.,,,N,N,N,,N,N,Y,,,,,,,합천군 용주면 합천호수로 757 구글 지오코딩,Google geocoding: 합천군 용주면 합천호수로 757
nax259,nation,전국,합천,Hapcheon,,황매산 군립공원,Hwangmaesan Park,,,heal,힐링·생태·체험,35.48187,128.00348,120,상시 개방 · 주차 유료,철쭉과 억새로 알려진 고원. 5월과 10월이 절정이다.,"A plateau known for azaleas and silver grass, at its peak in May and October.",,,N,N,N,,N,N,Y,,,,,,,합천군 가회면 황매산공원길 331 구글 지오코딩,Google geocoding: 합천군 가회면 황매산공원길 331
nax260,nation,전국,합천,Hapcheon,,합천호,Hapcheon Lake,,,heal,힐링·생태·체험,35.52366,128.01843,60,상시 개방 · 무료,댐이 만든 호수. 호반 드라이브 길이 돈다.,A dam lake circled by a lakeside drive.,,,N,N,N,합천군 관광지 (2022 지정),N,N,Y,,,,,,,합천군 대병면 회양관광단지길 구글 지오코딩,Google geocoding: 합천군 대병면 회양관광단지길
nax261,nation,전국,광주,Gwangju,,국립아시아문화전당,Asia Culture Center,国立亚洲文化殿堂,国立アジア文化殿堂,activity,테마파크·액티비티,35.14672,126.92025,110,10:00–18:00 · 월 휴관 · 일부 유료,옛 전남도청 자리에 지은 복합 문화시설.,A culture complex built on the site of the old provincial hall.,,,Y,N,N,,N,N,Y,,,,,,,동구 문화전당로 38 구글 지오코딩,Google geocoding: 동구 문화전당로 38
nax262,nation,전국,광주,Gwangju,,5·18 민주광장,May 18 Democracy Square,,,herit,문화유산·전통체험,35.15008,126.85591,40,상시 개방 · 무료,1980년 항쟁의 중심 광장. 분수대가 남아 있다.,"The square at the centre of the 1980 uprising, its fountain still standing.",,,N,N,N,,N,N,Y,,,,,,,동구 금남로 1가 구글 지오코딩,Google geocoding: 동구 금남로 1가
nax263,nation,전국,광주,Gwangju,,양림동 근대역사문화마을,Yangnim-dong Historic Village,,,herit,문화유산·전통체험,35.1403,126.91562,70,상시 개방 · 무료,선교사 사택과 한옥이 남은 근대 골목.,A modern-era quarter of missionary houses and hanok.,,,N,N,N,,N,N,Y,,,,,,,남구 양림동 142 구글 지오코딩,Google geocoding: 남구 양림동 142
nax264,nation,전국,광주,Gwangju,,무등산 국립공원,Mudeungsan National Park,,無等山国立公園（光州）,heal,힐링·생태·체험,35.14411,126.98901,180,상시 개방 · 무료,주상절리 입석대와 서석대가 있는 산.,A mountain of the Ipseokdae and Seoseokdae columnar joints.,,,Y,N,N,,N,N,Y,,,,,,,북구 무등로 1550 구글 지오코딩,Google geocoding: 북구 무등로 1550
nax265,nation,전국,광주,Gwangju,,대인예술시장,Daein Art Market,,,food,로컬상권·먹거리,35.15528,126.91619,60,10:00–20:00 · 야시장 토요일,예술가가 들어와 되살아난 시장.,A market revived by the artists who moved in.,,,N,N,N,,N,N,Y,,,,,,,동구 구성로 225 구글 지오코딩,Google geocoding: 동구 구성로 225
nax266,nation,전국,광주,Gwangju,,광주시립미술관,Gwangju Museum of Art,光州市立美术馆,光州美術館,activity,테마파크·액티비티,35.18315,126.8857,70,10:00–18:00 · 월 휴관 · 유료,비엔날레와 함께 지역 미술을 다루는 시립관.,"A city museum of regional art, paired with the Biennale.",,,N,N,N,,N,N,Y,,,,,,,북구 하서로 52 구글 지오코딩,Google geocoding: 북구 하서로 52
nax267,nation,전국,천안,Cheonan,,독립기념관,Independence Hall of Korea,,,herit,문화유산·전통체험,36.78371,127.22334,120,09:30–18:00 · 월 휴관 · 무료,독립운동사를 다룬 국립 기념관.,The national hall of the independence movement.,,,Y,N,N,,N,N,Y,,,,,,,동남구 목천읍 독립기념관로 1 구글 지오코딩,Google geocoding: 동남구 목천읍 독립기념관로 1
nax268,nation,전국,천안,Cheonan,,각원사,Gagwonsa Temple,觉愿寺,覚願寺,herit,문화유산·전통체험,36.83429,127.19694,60,상시 개방 · 무료,태조산 자락의 절. 청동 좌불이 크게 앉아 있다.,"A temple on Taejosan, with a great seated bronze Buddha.",,,N,N,N,,N,N,Y,,,,,,,동남구 각원사길 245 구글 지오코딩,Google geocoding: 동남구 각원사길 245
nax269,nation,전국,천안,Cheonan,,병천순대거리,Byeongcheon Sundae Street,,,food,로컬상권·먹거리,36.75968,127.2977,60,09:00–20:00 · 점포별 상이,병천순대 노포가 모인 거리.,A street of long-standing Byeongcheon sundae houses.,,,N,N,N,,N,N,Y,,,,,,,동남구 병천면 병천리 211-3 구글 지오코딩,Google geocoding: 동남구 병천면 병천리 211-3
nax270,nation,전국,천안,Cheonan,,천안삼거리공원,Cheonan Samgeori Park,,,heal,힐링·생태·체험,36.78492,127.16556,50,상시 개방 · 무료,흥타령으로 알려진 옛 길목의 공원.,A park at the old crossroads known from the Heungtaryeong song.,,,N,N,N,,N,N,Y,,,,,,,동남구 삼룡동 260 구글 지오코딩,Google geocoding: 동남구 삼룡동 260
nax271,nation,전국,천안,Cheonan,,아라리오갤러리,Arario Gallery,,,activity,테마파크·액티비티,36.81937,127.15788,60,11:00–19:00 · 월 휴관 · 유료,천안역 앞 현대미술 갤러리.,A contemporary art gallery in front of Cheonan Station.,,,N,N,N,,N,N,Y,,,,,,,동남구 만남로 43 구글 지오코딩,Google geocoding: 동남구 만남로 43
nax272,nation,전국,공주,Gongju,,공산성,Gongsanseong Fortress,,,herit,문화유산·전통체험,36.46465,127.12491,80,09:00–18:00 · 유료,백제 웅진기의 산성. 유네스코 백제역사유적지구다.,"A Baekje-era hill fortress, part of the UNESCO Baekje Historic Areas.",,,Y,Y,N,,N,N,Y,,,,,,,공주시 웅진로 280 구글 지오코딩,Google geocoding: 공주시 웅진로 280
nax273,nation,전국,공주,Gongju,,무령왕릉과 왕릉원,Tomb of King Muryeong,公州武宁王陵和王陵园,公州武寧王陵と王陵園,herit,문화유산·전통체험,36.46313,127.11449,70,09:00–18:00 · 유료,무령왕 부부의 벽돌무덤. 유네스코 세계유산이다.,"The brick tomb of King Muryeong and his queen, a UNESCO World Heritage site.",,,Y,Y,N,,N,N,Y,,,,,,,공주시 왕릉로 35 구글 지오코딩,Google geocoding: 공주시 왕릉로 35
nax274,nation,전국,공주,Gongju,,국립공주박물관,Gongju National Museum,,国立公州博物館,herit,문화유산·전통체험,36.46577,127.11244,80,09:00–18:00 · 월 휴관 · 무료,무령왕릉 출토품을 모은 국립박물관.,The national museum holding the Muryeong tomb finds.,,,N,N,N,,N,N,Y,,,,,,,공주시 관광단지길 34 구글 지오코딩,Google geocoding: 공주시 관광단지길 34
nax275,nation,전국,공주,Gongju,,마곡사,Magoksa Temple,麻谷寺【联合国教科文组织世界文化遗产】,麻谷寺,herit,문화유산·전통체험,36.55885,127.01212,90,08:00–18:00 · 유료,태화산 계곡의 절. 유네스코 산사에 든다.,"A temple in the Taehwasan valley, one of the UNESCO mountain temples.",,,N,Y,N,,N,N,Y,,,,,,,공주시 사곡면 마곡사로 966 구글 지오코딩,Google geocoding: 공주시 사곡면 마곡사로 966
nax276,nation,전국,공주,Gongju,,공주 산성시장,Gongju Sanseong Market,,,food,로컬상권·먹거리,36.45782,127.12327,60,08:00–20:00 · 야시장 금·토,공산성 앞 전통시장. 밤에 야시장이 선다.,"A market below the fortress, with a night market at weekends.",,,N,N,N,,N,N,Y,,,,,,,공주시 용당길 20 구글 지오코딩,Google geocoding: 공주시 용당길 20
nax277,nation,전국,부여,Buyeo,,부소산성,Busosanseong Fortress,官北里遗址和扶苏山城【联合国教科文组织世界遗产】,官北里遺跡と扶蘇山城,herit,문화유산·전통체험,36.28847,126.91257,90,09:00–18:00 · 유료,사비 백제의 배후 산성. 낙화암이 있다.,"The hill fortress behind Sabi Baekje, holding Nakhwaam rock.",,,Y,Y,N,,N,N,Y,,,,,,,부여군 부여읍 부소로 31 구글 지오코딩,Google geocoding: 부여군 부여읍 부소로 31
nax278,nation,전국,부여,Buyeo,,정림사지 오층석탑,Jeongnimsa Stone Pagoda,扶余定林寺址五层石塔,扶余 定林寺址 五層石塔,herit,문화유산·전통체험,36.27933,126.91337,50,09:00–18:00 · 유료,백제 석탑의 전형. 절터에 홀로 서 있다.,"The model of Baekje stone pagodas, standing alone on its temple site.",,,N,Y,N,,N,N,Y,,,,,,,부여군 부여읍 정림로 83 구글 지오코딩,Google geocoding: 부여군 부여읍 정림로 83
nax279,nation,전국,부여,Buyeo,,궁남지,Gungnamji Pond,薯童公园和宫南池,薯童公園と宮南池,heal,힐링·생태·체험,36.2696,126.91223,60,상시 개방 · 무료,백제의 인공 연못. 여름에 연꽃이 덮는다.,"A Baekje artificial pond, covered in lotuses in summer.",,,Y,Y,Y,,N,N,Y,,,,,,,부여군 부여읍 동남리 117 구글 지오코딩,Google geocoding: 부여군 부여읍 동남리 117
nax280,nation,전국,부여,Buyeo,,국립부여박물관,Buyeo National Museum,,国立扶余博物館,herit,문화유산·전통체험,36.27639,126.919,70,09:00–18:00 · 월 휴관 · 무료,금동대향로를 소장한 국립박물관.,The national museum holding the gilt-bronze incense burner.,,,N,N,N,,N,N,Y,,,,,,,부여군 부여읍 금성로 5 구글 지오코딩,Google geocoding: 부여군 부여읍 금성로 5
nax281,nation,전국,부여,Buyeo,,백제문화단지,Baekje Cultural Land,百济文化园区,百済文化団地,activity,테마파크·액티비티,36.3069,126.90549,90,09:00–18:00 · 유료,사비 왕궁을 복원한 단지.,A complex reconstructing the Sabi royal palace.,,,N,N,N,부여군 관광단지 (2025 지정),N,N,Y,,,,,,,부여군 규암면 백제문로 455 구글 지오코딩,Google geocoding: 부여군 규암면 백제문로 455
nax282,nation,전국,군산,Gunsan,,군산 근대역사박물관,Gunsan Modern History Museum,,群山近代歴史博物館,herit,문화유산·전통체험,35.9907,126.71197,70,09:00–18:00 · 월 휴관 · 유료,개항과 수탈의 역사를 다룬 박물관.,A museum of the port opening and the colonial years.,,,N,N,N,,N,N,Y,,,,,,,군산시 해망로 240 구글 지오코딩,Google geocoding: 군산시 해망로 240
nax283,nation,전국,군산,Gunsan,,경암동 철길마을,Gyeongam-dong Rail Village,庆岩洞铁路村,京岩洞線路村,activity,테마파크·액티비티,35.98131,126.7355,50,상시 · 상점별 상이,집 사이로 철길이 지나던 마을.,A village where the rail line ran between the houses.,,,N,N,Y,,N,N,Y,,,,,,,군산시 경촌4길 14 구글 지오코딩,Google geocoding: 군산시 경촌4길 14
nax284,nation,전국,군산,Gunsan,,초원사진관,Chowon Photo Studio,草原照相馆,チョウォン写真館,activity,테마파크·액티비티,35.98772,126.70838,30,09:00–18:00 · 무료,영화 8월의 크리스마스 촬영지.,The shooting location of the film Christmas in August.,,,N,N,N,,N,N,Y,,,,,,,군산시 구영2길 12-1 구글 지오코딩,Google geocoding: 군산시 구영2길 12-1
nax285,nation,전국,군산,Gunsan,,선유도해수욕장,Seonyudo Beach,仙游岛海水浴场（明沙十里海水浴场）,仙遊島海水浴場,sea,해양·자연경관,35.81643,126.4106,100,상시 개방 · 해수욕 7–8월,고군산군도의 섬 해변. 다리로 이어진다.,"An island beach in the Gogunsan archipelago, reached by bridge.",,,N,N,N,,N,N,Y,,,,,,,군산시 옥도면 선유도리 구글 지오코딩,Google geocoding: 군산시 옥도면 선유도리
nax286,nation,전국,군산,Gunsan,,이성당,Lee Sung Dang Bakery,李盛堂,李盛堂,food,로컬상권·먹거리,35.9872,126.71127,40,08:00–21:00,1945년에 연 한국에서 가장 오래된 빵집.,"The oldest bakery in Korea, open since 1945.",,,N,N,N,,N,N,Y,,,,,,,군산시 중앙로 177 구글 지오코딩,Google geocoding: 군산시 중앙로 177
nax287,nation,전국,용인,Yongin,,한국민속촌,Korean Folk Village,,,herit,문화유산·전통체험,37.25894,127.11811,150,10:00–18:30 · 유료,조선 마을을 재현한 민속촌. 공연이 이어진다.,"A folk village recreating a Joseon settlement, with running performances.",,,Y,N,Y,,N,N,Y,,,,,,,기흥구 민속촌로 90 구글 지오코딩,Google geocoding: 기흥구 민속촌로 90
nax288,nation,전국,용인,Yongin,,에버랜드,Everland,爱宝乐园,,activity,테마파크·액티비티,37.29391,127.20257,240,10:00–21:00 · 유료,국내 최대 테마파크. 사파리와 장미원이 있다.,"The largest theme park in Korea, with a safari and rose garden.",,,Y,N,N,,N,N,Y,,,,,,,처인구 포곡읍 에버랜드로 199 구글 지오코딩,Google geocoding: 처인구 포곡읍 에버랜드로 199
nax289,nation,전국,용인,Yongin,,백남준아트센터,Nam June Paik Art Center,,白南準アートセンター,activity,테마파크·액티비티,37.26915,127.11038,70,10:00–18:00 · 월 휴관 · 무료,비디오 아트의 백남준을 다룬 미술관.,A museum devoted to the video artist Nam June Paik.,,,N,N,N,,N,N,Y,,,,,,,기흥구 백남준로 10 구글 지오코딩,Google geocoding: 기흥구 백남준로 10
nax290,nation,전국,용인,Yongin,,경기도박물관,Gyeonggi Provincial Museum,,京畿道博物館,herit,문화유산·전통체험,37.26806,127.10881,70,10:00–18:00 · 월 휴관 · 무료,경기 지역 역사와 유물을 모은 박물관.,A museum of the history and artefacts of Gyeonggi.,,,N,N,N,,N,N,Y,,,,,,,기흥구 상갈로 6 구글 지오코딩,Google geocoding: 기흥구 상갈로 6
nax291,nation,전국,용인,Yongin,,용인자연휴양림,Yongin Forest Resort,,,heal,힐링·생태·체험,37.31482,127.2676,90,09:00–18:00 · 유료,수도권 가까운 산림휴양림. 숲길이 이어진다.,"A forest resort near the capital, with woodland trails.",,,N,N,N,,N,N,Y,,,,,,,처인구 모현읍 초부로 220 구글 지오코딩,Google geocoding: 처인구 모현읍 초부로 220
nax301,nation,전국,창원,Changwon,,진해 여좌천,Yeojwacheon Stream,,,heal,힐링·생태·체험,35.16096,128.66025,60,상시 개방 · 군항제 4월,벚꽃 터널로 알려진 하천길. 군항제 때 절정이다.,"A stream path known for its cherry tunnel, at its peak during the naval festival.",,,N,N,N,,N,N,Y,,,,,,,진해구 여좌천로166번길 구글 지오코딩,Google geocoding: 진해구 여좌천로166번길
nax302,nation,전국,창원,Changwon,,주남저수지,Junam Reservoir,,,heal,힐링·생태·체험,35.3147,128.67268,80,상시 개방 · 무료,겨울 철새가 내리는 저수지. 탐조대가 있다.,"A reservoir where winter migratory birds settle, with viewing hides.",,,N,N,N,,N,N,Y,,,,,,,의창구 동읍 월잠리 구글 지오코딩,Google geocoding: 의창구 동읍 월잠리
nax303,nation,전국,창원,Changwon,,마산어시장,Masan Fish Market,,,food,로컬상권·먹거리,35.20281,128.57626,60,05:00–20:00 · 점포별 상이,아귀찜과 활어로 알려진 항구 시장.,A harbour market known for braised monkfish and live fish.,,,N,N,N,,N,N,Y,,,,,,,마산합포구 복요리로 7 구글 지오코딩,Google geocoding: 마산합포구 복요리로 7
nax304,nation,전국,창원,Changwon,,돝섬해상유원지,Dotseom Island Park,,,sea,해양·자연경관,35.17894,128.58114,80,유람선 운항시간 확인 · 유료,배로 건너는 섬 유원지. 마산만이 둘러싼다.,"An island park reached by boat, ringed by Masan Bay.",,,N,N,N,,N,N,Y,,,,,,,마산합포구 돝섬2길 58 구글 지오코딩,Google geocoding: 마산합포구 돝섬2길 58
nax305,nation,전국,창원,Changwon,,상남시장,Sangnam Market,,,food,로컬상권·먹거리,35.22169,128.68403,50,09:00–21:00 · 점포별 상이,창원 도심의 상설시장.,A permanent market in the centre of Changwon.,,,N,N,N,,N,N,Y,,,,,,,성산구 상남동 16 구글 지오코딩,Google geocoding: 성산구 상남동 16
nax306,nation,전국,창원,Changwon,,용지호수공원,Yongji Lake Park,,,heal,힐링·생태·체험,35.23102,128.68456,50,상시 개방 · 무료,도심 한가운데의 호수 공원. 음악분수가 선다.,"A lake park at the city centre, with a music fountain.",,,N,N,N,,N,N,Y,,,,,,,성산구 용지동 551-4 구글 지오코딩,Google geocoding: 성산구 용지동 551-4
nax307,nation,전국,울산,Ulsan,,대왕암공원,Daewangam Park,大王岩公园,大王岩公園,sea,해양·자연경관,35.4924,129.43956,90,상시 개방 · 무료,해안 기암과 송림을 걷는 공원. 출렁다리가 있다.,"A park walked among coastal rocks and pines, with a suspension bridge.",,,Y,N,N,,N,N,Y,,,,,,,동구 등대로 95 구글 지오코딩,Google geocoding: 동구 등대로 95
nax308,nation,전국,울산,Ulsan,,태화강 국가정원,Taehwagang National Garden,,,heal,힐링·생태·체험,35.54777,129.29622,90,상시 개방 · 무료,국가정원 2호. 십리대숲이 강을 따라 이어진다.,"Korea’s second national garden, its bamboo grove running along the river.",,,Y,N,N,,N,N,Y,,,,,,,중구 태화강 국가정원길 154 구글 지오코딩,Google geocoding: 중구 태화강 국가정원길 154
nax309,nation,전국,울산,Ulsan,,간절곶,Ganjeolgot,艮绝岬,艮絶岬,sea,해양·자연경관,35.35914,129.3618,50,상시 개방 · 무료,한반도에서 해가 가장 먼저 뜨는 곶.,The cape where the sun rises first on the peninsula.,,,N,N,N,,N,N,Y,,,,,,,울주군 서생면 대송리 구글 지오코딩,Google geocoding: 울주군 서생면 대송리
nax310,nation,전국,울산,Ulsan,,반구대 암각화,Bangudae Petroglyphs,蔚州大谷里盘龟台岩刻画,蔚州大谷里の盤亀台岩刻画,herit,문화유산·전통체험,35.60505,129.17978,70,09:00–18:00 · 무료,선사시대 고래 사냥을 새긴 바위그림. 국보다.,"Prehistoric rock carvings of whale hunts, a national treasure.",,,N,N,N,,N,N,Y,,,,,,,울주군 언양읍 대곡리 991-3 구글 지오코딩,Google geocoding: 울주군 언양읍 대곡리 991-3
nax311,nation,전국,울산,Ulsan,,장생포 고래문화마을,Jangsaengpo Whale Village,长生浦鲸鱼文化村,長生浦クジラ文化村,activity,테마파크·액티비티,35.50581,129.3826,90,09:00–18:00 · 월 휴관 · 유료,포경 시절을 재현한 마을과 고래박물관.,"A village recreating the whaling era, with a whale museum.",,,N,N,N,,N,N,Y,,,,,,,남구 장생포고래로 271-1 구글 지오코딩,Google geocoding: 남구 장생포고래로 271-1
nax312,nation,전국,울산,Ulsan,,울산대공원,Ulsan Grand Park,蔚山大公园,蔚山大公園,heal,힐링·생태·체험,35.53126,129.29343,70,상시 개방 · 무료,장미원과 숲길을 둔 도심 대공원.,A large city park of rose gardens and woodland paths.,,,N,N,N,,N,N,Y,,,,,,,남구 대공원로 94 구글 지오코딩,Google geocoding: 남구 대공원로 94
nax313,nation,전국,태안,Taean,,꽃지해수욕장,Kkotji Beach,花地海水浴场,コッチ海水浴場,sea,해양·자연경관,36.49693,126.3352,80,상시 개방 · 해수욕 7–8월,할미·할아비 바위 사이로 해가 지는 해변.,A beach where the sun sets between the Halmi and Harabi rocks.,,,Y,N,N,,N,N,Y,,,,,,,태안군 안면읍 승언리 구글 지오코딩,Google geocoding: 태안군 안면읍 승언리
nax314,nation,전국,태안,Taean,,신두리 해안사구,Sinduri Coastal Dunes,,,heal,힐링·생태·체험,36.84512,126.19672,70,상시 개방 · 무료,한국 최대의 해안 사구. 천연기념물이다.,"The largest coastal dune field in Korea, a natural monument.",,,N,N,N,,N,N,Y,,,,,,,태안군 원북면 신두리 산263-1 구글 지오코딩,Google geocoding: 태안군 원북면 신두리 산263-1
nax315,nation,전국,태안,Taean,,천리포수목원,Chollipo Arboretum,,,heal,힐링·생태·체험,36.79836,126.14992,90,09:00–18:00 · 유료,목련으로 이름난 바닷가 수목원.,A seaside arboretum famous for its magnolias.,,,N,N,N,,N,N,Y,,,,,,,태안군 소원면 천리포1길 187 구글 지오코딩,Google geocoding: 태안군 소원면 천리포1길 187
nax316,nation,전국,태안,Taean,,만리포해수욕장,Mallipo Beach,,万里浦海水浴場,sea,해양·자연경관,36.78642,126.14235,70,상시 개방 · 해수욕 7–8월,서해안의 넓은 백사장. 서핑 스폿이 있다.,A broad West Sea beach with a surf break.,,,N,N,N,,N,N,Y,,,,,,,태안군 소원면 모항리 구글 지오코딩,Google geocoding: 태안군 소원면 모항리
nax317,nation,전국,태안,Taean,,안면도 자연휴양림,Anmyeondo Forest Resort,安眠岛自然休养林,,heal,힐링·생태·체험,36.49749,126.36021,80,09:00–18:00 · 유료,수령 100년 안면송이 자라는 휴양림.,A forest resort of century-old Anmyeon pines.,,,N,N,N,,N,N,Y,,,,,,,태안군 안면읍 안면대로 3195-6 구글 지오코딩,Google geocoding: 태안군 안면읍 안면대로 3195-6
nax318,nation,전국,양평,Yangpyeong,,두물머리,Dumulmeori,杨平两水里,楊平トゥムルモリ,heal,힐링·생태·체험,37.53474,127.31789,60,상시 개방 · 무료,북한강과 남한강이 만나는 자리. 느티나무가 서 있다.,"Where the North and South Han rivers meet, marked by an old zelkova.",,,Y,N,N,,N,N,Y,,,,,,,양평군 양서면 두물머리길 구글 지오코딩,Google geocoding: 양평군 양서면 두물머리길
nax319,nation,전국,양평,Yangpyeong,,세미원,Semiwon Garden,洗美苑,洗美苑,heal,힐링·생태·체험,37.54016,127.32411,70,09:00–18:00 · 유료,연꽃으로 채운 물의 정원.,A water garden filled with lotuses.,,,N,N,Y,,N,N,Y,,,,,,,양평군 양서면 양수로 93 구글 지오코딩,Google geocoding: 양평군 양서면 양수로 93
nax320,nation,전국,양평,Yangpyeong,,양평 용문사,Yongmunsa Temple,,,herit,문화유산·전통체험,37.55019,127.57082,90,08:00–18:00 · 유료,천년 은행나무가 선 절.,A temple beneath a thousand-year-old ginkgo.,,,N,N,N,,N,N,Y,,,,,,,양평군 용문면 용문산로 782 구글 지오코딩,Google geocoding: 양평군 용문면 용문산로 782
nax321,nation,전국,양평,Yangpyeong,,물의정원,Water Garden,水之庭园,水の庭園,heal,힐링·생태·체험,37.55686,127.31499,50,상시 개방 · 무료,북한강변의 꽃밭 공원. 봄 양귀비가 핀다.,"A riverside flower park, with poppies in spring.",,,N,N,N,,N,N,Y,,,,,,,남양주시 조안면 북한강로 398 구글 지오코딩,Google geocoding: 남양주시 조안면 북한강로 398
nax322,nation,전국,양평,Yangpyeong,,양평물맑은시장,Yangpyeong Market,,,food,로컬상권·먹거리,37.48926,127.48822,50,09:00–19:00 · 5일장 3·8일,한우와 나물로 알려진 오일장.,A five-day market known for hanwoo beef and wild greens.,,,N,N,N,,N,N,Y,,,,,,,양평군 양평읍 양근리 구글 지오코딩,Google geocoding: 양평군 양평읍 양근리
nax323,nation,전국,여주,Yeoju,,신륵사,Silleuksa Temple,神勒寺观光地,神勒寺（驪州）,herit,문화유산·전통체험,37.2975,127.66158,70,08:00–18:30 · 유료,남한강변에 앉은 절. 강가 전탑이 서 있다.,"A temple on the bank of the South Han, with a brick pagoda by the water.",,,N,N,N,,N,N,Y,,,,,,,여주시 신륵사길 73 구글 지오코딩,Google geocoding: 여주시 신륵사길 73
nax324,nation,전국,여주,Yeoju,,세종대왕릉 영릉,Yeongneung Royal Tomb,,,herit,문화유산·전통체험,37.31424,127.60871,80,09:00–18:00 · 유료,세종대왕과 효종의 능. 조선왕릉 세계유산이다.,"The tombs of King Sejong and King Hyojong, part of the UNESCO Joseon royal tombs.",,,N,Y,N,,N,N,Y,,,,,,,여주시 세종대왕면 영릉로 327 구글 지오코딩,Google geocoding: 여주시 세종대왕면 영릉로 327
nax325,nation,전국,여주,Yeoju,,명성황후 생가,Birthplace of Empress Myeongseong,,明成皇后生家,herit,문화유산·전통체험,37.26084,127.65566,50,09:00–18:00 · 유료,명성황후가 태어난 집과 기념관.,"The house where Empress Myeongseong was born, with a memorial hall.",,,N,N,N,,N,N,Y,,,,,,,여주시 명성로 71 구글 지오코딩,Google geocoding: 여주시 명성로 71
nax326,nation,전국,여주,Yeoju,,여주 도자세상,Yeoju Ceramic World,骊州陶瓷世界,驪州陶磁セサン,activity,테마파크·액티비티,37.30005,127.65675,60,09:00–18:00 · 무료,도예 공방과 전시가 모인 도자 단지.,A ceramics complex of workshops and exhibitions.,,,N,N,N,,N,N,Y,,,,,,,여주시 신륵사길 7 구글 지오코딩,Google geocoding: 여주시 신륵사길 7
nax327,nation,전국,여주,Yeoju,,여주 프리미엄아울렛,Yeoju Premium Outlets,,,food,로컬상권·먹거리,37.29415,127.6463,120,10:30–21:00,국내 첫 프리미엄 아울렛.,The first premium outlet mall in Korea.,,,N,N,N,,N,N,Y,,,,,,,여주시 명품로 360 구글 지오코딩,Google geocoding: 여주시 명품로 360
nax328,nation,전국,가평,Gapyeong,,아침고요수목원,Garden of Morning Calm,晨静树木园,アチムゴヨ樹木園,heal,힐링·생태·체험,37.74397,127.35249,100,08:30–19:00 · 유료,축령산 자락의 정원. 겨울 오색별빛정원전이 열린다.,"A garden on the slopes of Chungnyeongsan, lit for the winter light festival.",,,Y,N,N,,N,N,Y,,,,,,,가평군 상면 수목원로 432 구글 지오코딩,Google geocoding: 가평군 상면 수목원로 432
nax329,nation,전국,가평,Gapyeong,,쁘띠프랑스,Petite France,小法兰西,プチフランス,activity,테마파크·액티비티,37.71489,127.49032,80,09:00–18:00 · 유료,어린왕자를 주제로 한 프랑스 마을 세트.,A French village set themed on The Little Prince.,,,N,N,N,,N,N,Y,,,,,,,가평군 청평면 호반로 1063 구글 지오코딩,Google geocoding: 가평군 청평면 호반로 1063
nax330,nation,전국,가평,Gapyeong,,자라섬,Jaraseom Island,鳖岛,チャラ島,heal,힐링·생태·체험,37.81649,127.52863,70,상시 개방 · 캠핑 유료,재즈 페스티벌이 열리는 강 위의 섬.,"An island in the river, home to the jazz festival.",,,N,N,N,,N,N,Y,,,,,,,가평군 가평읍 달전리 구글 지오코딩,Google geocoding: 가평군 가평읍 달전리
nax331,nation,전국,가평,Gapyeong,,잣향기푸른숲,Pine Nut Forest,,,heal,힐링·생태·체험,37.77214,127.33912,90,09:00–18:00 · 유료,잣나무 숲을 걷는 치유의 숲.,A healing forest walked among Korean pine.,,,N,N,N,,N,N,Y,,,,,,,가평군 상면 축령로 289-88 구글 지오코딩,Google geocoding: 가평군 상면 축령로 289-88
nax332,nation,전국,가평,Gapyeong,,호명호수,Homyeong Lake,虎鸣湖水公园,虎鳴湖水公園,heal,힐링·생태·체험,37.74858,127.47494,70,09:00–17:00 · 무료,산 위에 만든 양수발전 호수. 전망대가 있다.,"A pumped-storage lake built on the mountain top, with a lookout.",,,N,N,N,,N,N,Y,,,,,,,가평군 청평면 호명로 구글 지오코딩,Google geocoding: 가평군 청평면 호명로
nax401,nation,전국,양산,Yangsan,,통도사,Tongdosa Temple,通度寺,通度寺,herit,문화유산·전통체험,35.48795,129.06434,100,08:00–18:00 · 유료,부처 진신사리를 모신 절. 유네스코 산사에 든다.,"The temple enshrining relics of the Buddha, one of the UNESCO mountain temples.",,,Y,Y,N,,N,N,Y,,,,,,,양산시 하북면 통도사로 108 구글 지오코딩,Google geocoding: 양산시 하북면 통도사로 108
nax402,nation,전국,양산,Yangsan,,홍룡폭포,Hongnyong Falls,,,heal,힐링·생태·체험,35.39737,129.08731,50,상시 개방 · 무료,천성산 자락의 삼단 폭포.,A three-tier waterfall on the slopes of Cheonseongsan.,,,N,N,N,,N,N,Y,,,,,,,양산시 상북면 대석리 1 구글 지오코딩,Google geocoding: 양산시 상북면 대석리 1
nax403,nation,전국,양산,Yangsan,,황산공원,Hwangsan Park,,,heal,힐링·생태·체험,35.29845,128.99318,60,상시 개방 · 무료,낙동강변의 넓은 둔치 공원.,A broad riverside park on the Nakdong.,,,N,N,N,,N,N,Y,,,,,,,양산시 물금읍 황산공원1길 167 구글 지오코딩,Google geocoding: 양산시 물금읍 황산공원1길 167
nax404,nation,전국,보은,Boeun,,법주사,Beopjusa Temple,报恩法住寺,報恩 法住寺,herit,문화유산·전통체험,36.54155,127.83318,100,08:00–18:00 · 유료,속리산 절. 팔상전 목탑이 서 있다. 유네스코 산사다.,"A Songnisan temple with the wooden Palsangjeon pagoda, a UNESCO mountain temple.",,,Y,Y,N,보은군 관광특구 (1997 지정),N,N,Y,,,,,,,보은군 속리산면 법주사로 405 구글 지오코딩,Google geocoding: 보은군 속리산면 법주사로 405
nax405,nation,전국,보은,Boeun,,속리산 세심정,Songnisan Sesimjeong,,,heal,힐링·생태·체험,36.53333,127.9,90,상시 개방 · 국립공원 입장,법주사에서 문장대로 드는 계곡 길목.,The valley waypoint from Beopjusa toward Munjangdae.,,,N,N,N,,N,N,Y,,,,,,,보은군 속리산면 사내리 구글 지오코딩,Google geocoding: 보은군 속리산면 사내리
nax406,nation,전국,보은,Boeun,,보은 삼년산성,Samnyeon Fortress,报恩三年山城,報恩 三年山城,herit,문화유산·전통체험,36.48846,127.74233,70,상시 개방 · 무료,신라가 삼 년에 걸쳐 쌓았다는 석성.,A stone fortress the Silla are said to have raised over three years.,,,N,N,N,,N,N,Y,,,,,,,보은군 보은읍 어암리 산1-1 구글 지오코딩,Google geocoding: 보은군 보은읍 어암리 산1-1
nax407,nation,전국,해남,Haenam,,대흥사,Daeheungsa Temple,大兴寺,大興寺,herit,문화유산·전통체험,34.47601,126.6163,90,08:00–18:00 · 유료,두륜산 자락의 절. 유네스코 산사에 든다.,"A temple on Duryunsan, one of the UNESCO mountain temples.",,,N,Y,N,,N,N,Y,,,,,,,해남군 삼산면 대흥사길 400 구글 지오코딩,Google geocoding: 해남군 삼산면 대흥사길 400
nax408,nation,전국,해남,Haenam,,땅끝마을,Land’s End Village,,葛頭村（タンクッ村）,sea,해양·자연경관,34.30025,126.52699,70,상시 · 모노레일 유료,한반도 남쪽 끝. 전망대와 모노레일이 있다.,"The southern tip of the peninsula, with an observatory and monorail.",,,N,N,N,,N,N,Y,,,,,,,해남군 송지면 땅끝마을길 구글 지오코딩,Google geocoding: 해남군 송지면 땅끝마을길
nax409,nation,전국,해남,Haenam,,우수영관광지,Uisuyeong Site,右水营观光地,右水営観光地,herit,문화유산·전통체험,34.5725,126.3095,60,09:00–18:00 · 유료,명량대첩의 바다를 마주한 유적지.,A site facing the waters of the Myeongnyang battle.,,,N,N,N,해남군 관광지 (2017 지정),N,N,Y,,,,,,,해남군 문내면 학동리 산36 구글 지오코딩,Google geocoding: 해남군 문내면 학동리 산36
nax410,nation,전국,함양,Hamyang,,남계서원,Namgye Seowon,灆溪书院,灆渓書院,herit,문화유산·전통체험,35.54886,127.78344,50,09:00–18:00 · 무료,정여창을 모신 서원. 유네스코 세계유산이다.,"An academy honouring Jeong Yeo-chang, a UNESCO World Heritage site.",,,N,Y,N,,N,N,Y,,,,,,,함양군 수동면 남계서원길 8-11 구글 지오코딩,Google geocoding: 함양군 수동면 남계서원길 8-11
nax411,nation,전국,함양,Hamyang,,상림공원,Sangnim Park,,,heal,힐링·생태·체험,35.52404,127.71976,70,상시 개방 · 무료,최치원이 조성했다는 천년 숲.,A thousand-year-old wood said to have been planted by Choe Chi-won.,,,N,N,Y,,N,N,Y,,,,,,,함양군 함양읍 운림리 구글 지오코딩,Google geocoding: 함양군 함양읍 운림리
nax412,nation,전국,함양,Hamyang,,개평한옥마을,Gaepyeong Hanok Village,介坪韩屋村,介坪韓屋村,herit,문화유산·전통체험,35.56424,127.76927,60,상시 개방 · 무료,고택이 모인 선비 마을.,A scholars’ village of old tiled houses.,,,N,N,N,,N,N,Y,,,,,,,함양군 지곡면 개평길 35-9 구글 지오코딩,Google geocoding: 함양군 지곡면 개평길 35-9
nax413,nation,전국,장성,Jangseong,,필암서원,Pilam Seowon,笔岩书院,筆岩書院,herit,문화유산·전통체험,35.31067,126.75173,50,09:00–18:00 · 무료,김인후를 모신 서원. 유네스코 세계유산이다.,"An academy honouring Kim In-hu, a UNESCO World Heritage site.",,,N,Y,N,,N,N,Y,,,,,,,장성군 황룡면 필암서원로 184 구글 지오코딩,Google geocoding: 장성군 황룡면 필암서원로 184
nax414,nation,전국,장성,Jangseong,,백양사,Baekyangsa Temple,白羊寺,白羊寺,heal,힐링·생태·체험,35.4395,126.88336,90,08:00–18:00 · 유료,내장산 국립공원의 절. 단풍으로 알려져 있다.,"A temple in Naejangsan National Park, known for its autumn colour.",,,N,N,N,,N,N,Y,,,,,,,장성군 북하면 백양로 1239 구글 지오코딩,Google geocoding: 장성군 북하면 백양로 1239
nax415,nation,전국,장성,Jangseong,,축령산 편백숲,Chungnyeongsan Cypress Forest,,,heal,힐링·생태·체험,35.39539,126.73459,90,상시 개방 · 무료,사람이 심어 기른 편백 조림지.,A hand-planted cypress plantation forest.,,,N,N,N,,N,N,Y,,,,,,,장성군 서삼면 모암리 구글 지오코딩,Google geocoding: 장성군 서삼면 모암리
nax416,nation,전국,정읍,Jeongeup,,무성서원,Museong Seowon,武城书院【联合国教科文组织世界文化遗产】,武城書院,herit,문화유산·전통체험,35.60186,126.98385,50,09:00–18:00 · 무료,최치원을 모신 서원. 유네스코 세계유산이다.,"An academy honouring Choe Chi-won, a UNESCO World Heritage site.",,,N,Y,N,,N,N,Y,,,,,,,정읍시 칠보면 원촌1길 44-12 구글 지오코딩,Google geocoding: 정읍시 칠보면 원촌1길 44-12
nax417,nation,전국,정읍,Jeongeup,,내장산 국립공원,Naejangsan National Park,,内蔵山国立公園,heal,힐링·생태·체험,35.4797,126.88798,150,상시 개방 · 주차 유료,단풍으로 이름난 국립공원.,A national park renowned for its autumn maples.,,,Y,N,N,,N,N,Y,,,,,,,정읍시 내장동 구글 지오코딩,Google geocoding: 정읍시 내장동
nax418,nation,전국,정읍,Jeongeup,,구절초지방정원,Gujeolcho Garden,,,heal,힐링·생태·체험,35.55339,127.01797,60,09:00–18:00 · 유료,가을 구절초가 덮는 솔숲 정원.,A pine-wood garden covered in autumn daisies.,,,N,N,N,,N,N,Y,,,,,,,정읍시 산내면 매죽리 구글 지오코딩,Google geocoding: 정읍시 산내면 매죽리
nax419,nation,전국,논산,Nonsan,,돈암서원,Donam Seowon,遁岩书院,遯岩書院,herit,문화유산·전통체험,36.20923,127.18076,50,09:00–18:00 · 무료,김장생을 모신 서원. 유네스코 세계유산이다.,"An academy honouring Kim Jang-saeng, a UNESCO World Heritage site.",,,N,Y,N,,N,N,Y,,,,,,,논산시 연산면 임3길 26-14 구글 지오코딩,Google geocoding: 논산시 연산면 임3길 26-14
nax420,nation,전국,논산,Nonsan,,관촉사,Gwanchoksa Temple,灌烛寺,,herit,문화유산·전통체험,36.18815,127.11319,60,08:00–18:00 · 무료,거대한 은진미륵 석불이 선 절.,A temple beneath the colossal Eunjin Mireuk stone Buddha.,,,N,N,N,,N,N,Y,,,,,,,논산시 관촉로1번길 25 구글 지오코딩,Google geocoding: 논산시 관촉로1번길 25
nax421,nation,전국,논산,Nonsan,,탑정호 출렁다리,Tapjeongho Suspension Bridge,,論山 塔亭湖吊橋,activity,테마파크·액티비티,36.18075,127.16008,50,09:00–22:00 · 무료,호수를 건너는 600m 보행 현수교.,A 600 m pedestrian suspension bridge across the lake.,,,N,N,N,,N,N,Y,,,,,,,논산시 가야곡면 종연리 175-2 구글 지오코딩,Google geocoding: 논산시 가야곡면 종연리 175-2
nax422,nation,전국,경기광주,Gwangju-si,,남한산성,Namhansanseong,,,herit,문화유산·전통체험,37.48159,127.18482,120,상시 개방 · 행궁 유료,조선의 산성 도읍. 유네스코 세계유산이다.,"The Joseon mountain fortress capital, a UNESCO World Heritage site.",,,N,Y,N,,N,N,Y,,,,,,,광주시 남한산성면 산성리 661 구글 지오코딩,Google geocoding: 광주시 남한산성면 산성리 661
nax423,nation,전국,경기광주,Gwangju-si,,화담숲,Hwadam Forest,和谈林,ファダムスプ（和談の森）,heal,힐링·생태·체험,37.34126,127.2892,120,08:30–18:00 · 유료 · 예약제,계곡을 따라 조성한 수목원. 모노레일이 오른다.,"An arboretum laid along a valley, climbed by monorail.",,,N,N,N,,N,N,Y,,,,,,,광주시 도척면 도척윗로 278 구글 지오코딩,Google geocoding: 광주시 도척면 도척윗로 278
nax424,nation,전국,경기광주,Gwangju-si,,곤지암도자공원,Gonjiam Ceramic Park,,,activity,테마파크·액티비티,37.35213,127.32743,70,10:00–18:00 · 월 휴관 · 무료,조선 백자의 맥을 잇는 도자 공원.,A ceramics park continuing the line of Joseon white porcelain.,,,N,N,N,,N,N,Y,,,,,,,광주시 곤지암읍 경충대로 727 구글 지오코딩,Google geocoding: 광주시 곤지암읍 경충대로 727
nax425,nation,전국,익산,Iksan,,미륵사지,Mireuksa Temple Site,,,herit,문화유산·전통체험,36.01079,127.03063,80,상시 개방 · 무료,백제 최대 절터. 유네스코 백제역사유적지구다.,"The largest Baekje temple site, part of the UNESCO Baekje Historic Areas.",,,N,Y,N,,N,N,Y,,,,,,,익산시 금마면 기양리 97 구글 지오코딩,Google geocoding: 익산시 금마면 기양리 97
nax426,nation,전국,익산,Iksan,,왕궁리 유적,Wanggungni Site,,,herit,문화유산·전통체험,35.97281,127.05487,70,상시 개방 · 무료,백제 왕궁터와 오층석탑. 유네스코 세계유산이다.,"A Baekje palace site with a five-storey pagoda, a UNESCO World Heritage site.",,,N,Y,N,,N,N,Y,,,,,,,익산시 왕궁면 왕궁리 산80-1 구글 지오코딩,Google geocoding: 익산시 왕궁면 왕궁리 산80-1
nax427,nation,전국,익산,Iksan,,익산 보석박물관,Iksan Jewelry Museum,,,activity,테마파크·액티비티,35.9906,127.10257,60,10:00–18:00 · 월 휴관 · 유료,보석 산지 익산의 원석·공예 전시관.,A museum of gems and jewellery craft in the stone-cutting city.,,,N,N,N,익산시 관광지 (2013 지정),N,N,Y,,,,,,,익산시 왕궁면 호반로 8 구글 지오코딩,Google geocoding: 익산시 왕궁면 호반로 8
nax428,nation,전국,고창,Gochang,,고창 고인돌 유적,Gochang Dolmen Site,,,herit,문화유산·전통체험,35.44873,126.64983,70,09:00–18:00 · 유료,수백 기가 모인 고인돌군. 유네스코 세계유산이다.,"A field of hundreds of dolmens, a UNESCO World Heritage site.",,,N,Y,N,,N,N,Y,,,,,,,고창군 아산면 상갑리 275-2 구글 지오코딩,Google geocoding: 고창군 아산면 상갑리 275-2
nax429,nation,전국,고창,Gochang,,선운사,Seonunsa Temple,禅云寺(高敞),禅雲寺（高敞）,herit,문화유산·전통체험,35.49694,126.57823,90,08:00–18:00 · 유료,동백숲과 상사화로 알려진 절.,A temple known for its camellia wood and red spider lilies.,,,N,N,N,,N,N,Y,,,,,,,고창군 아산면 도솔길 250 구글 지오코딩,Google geocoding: 고창군 아산면 도솔길 250
nax430,nation,전국,고창,Gochang,,고창읍성,Gochang Fortress,高敞邑城,高敞邑城,herit,문화유산·전통체험,35.43089,126.70448,60,상시 개방 · 유료,조선 읍성. 성 밟기 풍습으로 알려져 있다.,"A Joseon town wall, known for the custom of walking its top.",,,N,N,N,,N,N,Y,,,,,,,고창군 고창읍 모양성로 1 구글 지오코딩,Google geocoding: 고창군 고창읍 모양성로 1
nax431,nation,전국,화순,Hwasun,,화순 고인돌 유적,Hwasun Dolmen Site,,,herit,문화유산·전통체험,34.98515,126.91858,60,상시 개방 · 무료,계곡을 따라 늘어선 고인돌군. 유네스코 세계유산이다.,"A line of dolmens along a valley, a UNESCO World Heritage site.",,,N,Y,N,,N,N,Y,,,,,,,화순군 도곡면 효산리 1335-3 구글 지오코딩,Google geocoding: 화순군 도곡면 효산리 1335-3
nax432,nation,전국,화순,Hwasun,,운주사,Unjusa Temple,云住寺,雲住寺,herit,문화유산·전통체험,34.92548,126.88004,70,08:30–18:00 · 유료,천불천탑 전설이 남은 절.,A temple of the legend of a thousand Buddhas and pagodas.,,,N,N,N,,N,N,Y,,,,,,,화순군 도암면 천태로 91-44 구글 지오코딩,Google geocoding: 화순군 도암면 천태로 91-44
nax433,nation,전국,화순,Hwasun,,화순적벽,Hwasun Jeokbyeok,,,heal,힐링·생태·체험,35.11304,127.12315,70,셔틀 예약제 · 유료,호수 위로 솟은 붉은 절벽.,Red cliffs rising over the reservoir.,,,N,N,N,,N,N,Y,,,,,,,화순군 이서면 장학리 산17 구글 지오코딩,Google geocoding: 화순군 이서면 장학리 산17
nax434,nation,전국,김해,Gimhae,,대성동 고분군,Daeseong-dong Tombs,,,herit,문화유산·전통체험,35.23741,128.87375,70,09:00–18:00 · 무료,금관가야 지배층 무덤. 유네스코 가야고분군이다.,"The tombs of the Geumgwan Gaya elite, part of the UNESCO Gaya Tumuli.",,,N,Y,N,,N,N,Y,,,,,,,김해시 가야의길 126 구글 지오코딩,Google geocoding: 김해시 가야의길 126
nax435,nation,전국,김해,Gimhae,,수로왕릉,Tomb of King Suro,首露王陵,首露王陵,herit,문화유산·전통체험,35.23521,128.87853,50,09:00–18:00 · 무료,가락국 시조 수로왕의 능.,"The tomb of King Suro, founder of the Garak kingdom.",,,N,N,N,,N,N,Y,,,,,,,김해시 왕릉길 26 구글 지오코딩,Google geocoding: 김해시 왕릉길 26
nax436,nation,전국,김해,Gimhae,,가야테마파크,Gaya Theme Park,金海伽倻主题公园,金海伽倻テーマパーク,activity,테마파크·액티비티,35.25073,128.89308,90,09:00–18:00 · 월 휴관 · 유료,가야 왕궁을 재현한 테마파크.,A theme park recreating the Gaya royal court.,,,N,N,Y,,N,N,Y,,,,,,,김해시 가야테마길 161 구글 지오코딩,Google geocoding: 김해시 가야테마길 161
nax437,nation,전국,함안,Haman,,말이산 고분군,Marisan Tombs,咸安末伊山古坟群,咸安末伊山古墳群,herit,문화유산·전통체험,35.27036,128.40506,60,상시 개방 · 무료,아라가야 왕들의 능선 고분군. 유네스코 세계유산이다.,"The ridge-line tombs of the Ara Gaya kings, a UNESCO World Heritage site.",,,N,Y,N,,N,N,Y,,,,,,,함안군 가야읍 도항리 583-1 구글 지오코딩,Google geocoding: 함안군 가야읍 도항리 583-1
nax438,nation,전국,함안,Haman,,함안박물관,Haman Museum,,,herit,문화유산·전통체험,35.2692,128.40365,50,09:00–18:00 · 월 휴관 · 무료,말이산 출토품을 모은 박물관.,A museum of the finds from the Marisan tombs.,,,N,N,N,,N,N,Y,,,,,,,함안군 가야읍 삼기길 153-31 구글 지오코딩,Google geocoding: 함안군 가야읍 삼기길 153-31
nax439,nation,전국,함안,Haman,,무진정,Mujinjeong,无尽亭(咸安),無尽亭（咸安）,heal,힐링·생태·체험,35.25542,128.42321,40,상시 개방 · 무료,연못 위 정자. 낙화놀이가 열린다.,"A pavilion over a pond, where the falling-fire festival is held.",,,N,N,N,,N,N,Y,,,,,,,함안군 함안면 괴산4길 25 구글 지오코딩,Google geocoding: 함안군 함안면 괴산4길 25
nax440,nation,전국,창녕,Changnyeong,,교동과 송현동 고분군,Gyo-dong & Songhyeon-dong Tombs,,,herit,문화유산·전통체험,35.5417,128.50865,60,상시 개방 · 무료,비화가야의 고분군. 유네스코 세계유산이다.,"The tumuli of Bihwa Gaya, a UNESCO World Heritage site.",,,N,Y,N,,N,N,Y,,,,,,,창녕군 창녕읍 송현리 103-2 구글 지오코딩,Google geocoding: 창녕군 창녕읍 송현리 103-2
nax441,nation,전국,창녕,Changnyeong,,우포늪,Upo Wetland,,,heal,힐링·생태·체험,35.5515,128.412,90,일출–일몰 · 무료,국내 최대의 자연 내륙습지.,The largest natural inland wetland in Korea.,,,Y,N,N,,N,N,Y,,,,,,,창녕군 유어면 대대리 구글 지오코딩,Google geocoding: 창녕군 유어면 대대리
nax442,nation,전국,창녕,Changnyeong,,화왕산,Hwawangsan,,,heal,힐링·생태·체험,35.53722,128.56056,150,상시 개방 · 무료,억새 평원으로 알려진 산성 봉우리.,A fortress peak known for its silver-grass plateau.,,,N,N,N,,N,N,Y,,,,,,,창녕군 창녕읍 옥천리 구글 지오코딩,Google geocoding: 창녕군 창녕읍 옥천리
nax443,nation,전국,고령,Goryeong,,지산동 고분군,Jisan-dong Tombs,,高霊池山洞古墳群,herit,문화유산·전통체험,35.72614,128.25329,70,상시 개방 · 무료,대가야 왕릉군. 유네스코 세계유산이다.,"The royal tumuli of Dae Gaya, a UNESCO World Heritage site.",,,N,Y,N,,N,N,Y,,,,,,,고령군 대가야읍 지산리 구글 지오코딩,Google geocoding: 고령군 대가야읍 지산리
nax444,nation,전국,고령,Goryeong,,대가야박물관,Daegaya Museum,,大伽倻博物館,herit,문화유산·전통체험,35.723,128.25722,60,09:00–18:00 · 월 휴관 · 유료,대가야 유물과 왕릉전시관.,"A museum of Dae Gaya artefacts, with a royal tomb hall.",,,N,N,N,,N,N,Y,,,,,,,고령군 대가야읍 대가야로 1203 구글 지오코딩,Google geocoding: 고령군 대가야읍 대가야로 1203
nax445,nation,전국,고령,Goryeong,,개실마을,Gaesil Village,,開室村,herit,문화유산·전통체험,35.66745,128.22901,60,상시 · 체험 예약,점필재 종가가 남은 한옥 마을.,A hanok village around the head house of the Jeompiljae line.,,,N,N,N,,N,N,Y,,,,,,,고령군 쌍림면 합가리 243-5 구글 지오코딩,Google geocoding: 고령군 쌍림면 합가리 243-5
nax446,nation,전국,고성,Goseong,,송학동 고분군,Songhak-dong Tombs,,,herit,문화유산·전통체험,34.98035,128.32135,50,상시 개방 · 무료,소가야의 고분군. 유네스코 세계유산이다.,"The tumuli of So Gaya, a UNESCO World Heritage site.",,,N,Y,N,,N,N,Y,,,,,,,고성군 고성읍 송학리 470 구글 지오코딩,Google geocoding: 고성군 고성읍 송학리 470
nax447,nation,전국,고성,Goseong,,상족암군립공원,Sangjogam Park,床足岩郡立公园,床足岩郡立公園,sea,해양·자연경관,34.9051,128.15112,80,상시 개방 · 무료,공룡 발자국이 남은 해안 절벽.,Coastal cliffs printed with dinosaur tracks.,,,N,N,N,,N,N,Y,,,,,,,고성군 하이면 덕명리 구글 지오코딩,Google geocoding: 고성군 하이면 덕명리
nax448,nation,전국,고성,Goseong,,당항포관광지,Danghangpo Site,,,activity,테마파크·액티비티,35.05653,128.39841,70,09:00–18:00 · 유료,이순신 승전지에 조성한 관광지.,A park on the site of a Yi Sun-sin victory.,,,N,N,Y,고성군 관광지 (2025 지정),N,N,Y,,,,,,,고성군 회화면 봉동리 57 구글 지오코딩,Google geocoding: 고성군 회화면 봉동리 57
nax449,nation,전국,서천,Seocheon,,서천 갯벌,Seocheon Tidal Flat,,,sea,해양·자연경관,36.12851,126.5884,60,물때 확인 · 무료,유네스코 한국의 갯벌에 든 서해 갯벌.,A West Sea tidal flat inscribed as part of the UNESCO Getbol.,,,N,Y,N,,N,N,Y,,,,,,,서천군 비인면 선도리 341-6 구글 지오코딩,Google geocoding: 서천군 비인면 선도리 341-6
nax450,nation,전국,서천,Seocheon,,국립생태원,National Institute of Ecology,国立生态园(舒川),,heal,힐링·생태·체험,36.02959,126.7248,120,09:30–17:00 · 월 휴관 · 유료,다섯 기후대를 재현한 생태 전시관.,An ecology centre recreating five climate zones.,,,N,N,N,,N,N,Y,,,,,,,서천군 마서면 금강로 1210 구글 지오코딩,Google geocoding: 서천군 마서면 금강로 1210
nax451,nation,전국,서천,Seocheon,,장항송림산림욕장,Janghang Pine Forest,,,heal,힐링·생태·체험,36.01351,126.66675,60,상시 개방 · 스카이워크 유료,바다를 낀 솔숲과 스카이워크.,A seaside pine wood with a skywalk.,,,N,N,N,,N,N,Y,,,,,,,서천군 장항읍 송림리 구글 지오코딩,Google geocoding: 서천군 장항읍 송림리
nax452,nation,전국,신안,Sinan,,신안 갯벌,Sinan Tidal Flat,,新安干潟博物館,sea,해양·자연경관,34.96439,126.13658,70,물때 확인 · 무료,유네스코 한국의 갯벌 가운데 가장 넓다.,The widest of the UNESCO Getbol tidal flats.,,,N,Y,N,,N,N,Y,,,,,,,신안군 증도면 지도증도로 1766-15 구글 지오코딩,Google geocoding: 신안군 증도면 지도증도로 1766-15
nax453,nation,전국,신안,Sinan,,퍼플섬 반월도,Purple Island,,,activity,테마파크·액티비티,34.70846,126.13472,90,상시 · 입장료,다리와 지붕을 보라색으로 칠한 섬.,An island whose bridges and roofs are painted purple.,,,Y,N,N,,N,N,Y,,,,,,,신안군 안좌면 박지리 구글 지오코딩,Google geocoding: 신안군 안좌면 박지리
nax454,nation,전국,신안,Sinan,,증도 태평염전,Taepyeong Salt Farm,,,activity,테마파크·액티비티,34.98224,126.1587,70,09:00–18:00 · 유료,국내 최대 단일 천일염전.,The largest single sun-dried salt farm in Korea.,,,N,N,N,,N,N,Y,,,,,,,신안군 증도면 대초리 구글 지오코딩,Google geocoding: 신안군 증도면 대초리
nax455,nation,전국,보성,Boseong,,보성 벌교갯벌,Beolgyo Tidal Flat,,,sea,해양·자연경관,34.76847,127.08325,60,물때 확인 · 무료,유네스코 한국의 갯벌에 든 꼬막 갯벌.,"The cockle flats of Beolgyo, part of the UNESCO Getbol.",,,N,Y,N,,N,N,Y,,,,,,,보성군 벌교읍 장암리 구글 지오코딩,Google geocoding: 보성군 벌교읍 장암리
nax456,nation,전국,보성,Boseong,,대한다원 녹차밭,Daehan Tea Plantation,大韩茶园,大韓茶園,heal,힐링·생태·체험,34.71563,127.07879,80,09:00–18:00 · 유료,계단식 차밭과 삼나무길.,Terraced tea fields and an avenue of cedars.,,,N,N,N,,N,N,Y,,,,,,,보성군 보성읍 녹차로 763-67 구글 지오코딩,Google geocoding: 보성군 보성읍 녹차로 763-67
nax457,nation,전국,보성,Boseong,,율포솔밭해수욕장,Yulpo Beach,,,sea,해양·자연경관,34.66995,127.08996,60,상시 개방 · 해수욕 7–8월,솔숲을 낀 해변. 해수녹차탕이 있다.,A pine-backed beach with a green-tea seawater bath.,,,N,N,N,보성군 관광지 (2014 지정),N,N,Y,,,,,,,보성군 회천면 동율리 구글 지오코딩,Google geocoding: 보성군 회천면 동율리
nax501,nation,전국,사천,Sacheon,,사천 바다케이블카,Sacheon Sea Cable Car,,泗川 海ケーブルカー,activity,테마파크·액티비티,34.93368,128.05315,80,09:30–18:00 · 유료 · 기상 휴업,초양도와 각산을 잇는 해상 케이블카.,A cable car over the sea between Choyangdo and Gaksan.,,,Y,N,N,,N,N,Y,,,,,,,사천시 사천대로 18 구글 지오코딩,Google geocoding: 사천시 사천대로 18
nax502,nation,전국,사천,Sacheon,,삼천포용궁수산시장,Samcheonpo Fish Market,,,food,로컬상권·먹거리,34.9275,128.07103,60,06:00–21:00 · 점포별 상이,삼천포항의 활어시장. 회와 쥐포가 난다.,"The live-fish market of Samcheonpo, for sashimi and dried filefish.",,,N,N,N,,N,N,Y,,,,,,,사천시 어시장길 64 구글 지오코딩,Google geocoding: 사천시 어시장길 64
nax503,nation,전국,사천,Sacheon,,초양도,Choyangdo,,,sea,해양·자연경관,35.08022,128.08301,50,상시 개방 · 무료,케이블카가 닿는 작은 섬. 전망 데크가 있다.,"A small island served by the cable car, with a viewing deck.",,,N,N,N,,N,N,Y,,,,,,,사천시 대방동 초양도 구글 지오코딩,Google geocoding: 사천시 대방동 초양도
nax504,nation,전국,사천,Sacheon,,사천 항공우주박물관,Sacheon Aerospace Museum,泗川航空宇宙博物馆,泗川航空宇宙博物館,activity,테마파크·액티비티,35.07137,128.06247,80,09:00–18:00 · 월 휴관 · 유료,실물 항공기를 전시한 우주항공 박물관.,An aerospace museum displaying real aircraft.,,,N,N,N,,N,N,Y,,,,,,,사천시 사남면 공단1로 78 구글 지오코딩,Google geocoding: 사천시 사남면 공단1로 78
nax505,nation,전국,사천,Sacheon,,사천읍성,Sacheon Fortress,,,herit,문화유산·전통체험,35.08408,128.09362,40,상시 개방 · 무료,조선 읍성의 성벽과 수양공원.,"The wall of a Joseon town fortress, in Suyang Park.",,,N,N,N,,N,N,Y,,,,,,,사천시 사천읍 정의리 구글 지오코딩,Google geocoding: 사천시 사천읍 정의리
nax506,nation,전국,문경,Mungyeong,,문경새재 도립공원,Mungyeong Saejae Park,闻庆鸟岭道立公园,聞慶セジェ道立公園,herit,문화유산·전통체험,36.75904,128.07298,120,상시 개방 · 무료,조선 영남대로의 고갯길. 관문 세 개가 남았다.,"The Joseon highway pass, with its three gates still standing.",,,N,N,N,,N,N,Y,,,,,,,문경시 문경읍 새재로 932 구글 지오코딩,Google geocoding: 문경시 문경읍 새재로 932
nax507,nation,전국,문경,Mungyeong,,단산모노레일,Dansan Monorail,,,activity,테마파크·액티비티,36.73682,128.15813,70,09:00–17:00 · 유료 · 기상 휴업,단산 정상까지 오르는 국내 최장 모노레일.,"The longest monorail in Korea, climbing to the Dansan summit.",,,N,N,N,,N,N,Y,,,,,,,문경시 문경읍 활공장길 106 구글 지오코딩,Google geocoding: 문경시 문경읍 활공장길 106
nax508,nation,전국,문경,Mungyeong,,문경 철로자전거,Rail Bike,,,activity,테마파크·액티비티,36.65529,128.12827,60,09:00–17:00 · 유료,폐선 위를 달리는 철로자전거.,Rail bikes running on the disused line.,,,N,N,N,,N,N,Y,,,,,,,문경시 마성면 진남1길 155 구글 지오코딩,Google geocoding: 문경시 마성면 진남1길 155
nax509,nation,전국,문경,Mungyeong,,봉암사,Bongamsa Temple,,,herit,문화유산·전통체험,36.6258,128.0158,60,초파일 외 비공개,구산선문의 하나. 평소에는 수행 도량으로 닫혀 있다.,"One of the nine Seon schools, closed outside Buddha’s Birthday as a meditation temple.",,,N,N,N,,N,N,Y,,,,,,,문경시 가은읍 원북길 313 구글 지오코딩,Google geocoding: 문경시 가은읍 원북길 313
nax510,nation,전국,문경,Mungyeong,,오미자테마터널,Omija Theme Tunnel,闻庆五味子主题隧道,聞慶五味子テーマトンネル,activity,테마파크·액티비티,36.66065,128.12875,50,09:00–18:00 · 유료,폐터널을 고친 오미자 전시·카페 공간.,A disused tunnel turned into an omija exhibition and café space.,,,N,N,N,,N,N,Y,,,,,,,문경시 마성면 문경대로 1356-1 구글 지오코딩,Google geocoding: 문경시 마성면 문경대로 1356-1
nax511,nation,전국,울진,Uljin,,성류굴,Seongnyugul Cave,圣留窟,聖留窟（慶北東海岸国家地質公園）,heal,힐링·생태·체험,36.95604,129.37979,60,09:00–17:30 · 유료,석회암 종유동굴. 신라 때 기록이 남아 있다.,"A limestone cave, recorded as far back as the Silla period.",,,N,N,N,,N,N,Y,,,,,,,울진군 근남면 성류굴로 225 구글 지오코딩,Google geocoding: 울진군 근남면 성류굴로 225
nax512,nation,전국,울진,Uljin,,불영사,Buryeongsa Temple,,,herit,문화유산·전통체험,36.9569,129.2531,70,08:00–18:00 · 유료,불영계곡 안의 절. 금강송 숲을 지난다.,"A temple in the Buryeong valley, reached through the pine forest.",,,N,N,N,,N,N,Y,,,,,,,울진군 금강송면 불영사길 48 구글 지오코딩,Google geocoding: 울진군 금강송면 불영사길 48
nax513,nation,전국,울진,Uljin,,덕구온천,Deokgu Hot Spring,,,heal,힐링·생태·체험,37.07884,129.28332,110,06:00–20:00 · 유료,자연 용출 온천. 원탕까지 계곡길이 난다.,"A natural spring, with a valley path up to the source.",,,N,N,N,,N,N,Y,,,,,,,울진군 북면 덕구온천로 924 구글 지오코딩,Google geocoding: 울진군 북면 덕구온천로 924
nax514,nation,전국,울진,Uljin,,죽변해안스카이레일,Jukbyeon Sky Rail,,,activity,테마파크·액티비티,37.05578,129.42821,70,09:00–18:00 · 유료,바다 위를 달리는 4인승 레일.,A four-seat rail car running above the sea.,,,N,N,N,,N,N,Y,,,,,,,울진군 죽변면 죽변리 3-26 구글 지오코딩,Google geocoding: 울진군 죽변면 죽변리 3-26
nax515,nation,전국,울진,Uljin,,등기산스카이워크,Deunggisan Skywalk,登起山天空步道,登起山スカイウォーク,sea,해양·자연경관,36.67998,129.46627,50,09:00–18:00 · 무료,후포항 앞바다로 뻗은 유리 전망대.,A glass walkway reaching out over the harbour water.,,,N,N,N,,N,N,Y,,,,,,,울진군 후포면 후포리 산141-21 구글 지오코딩,Google geocoding: 울진군 후포면 후포리 산141-21
nax516,nation,전국,원주,Wonju,,소금산 그랜드밸리,Sogeumsan Grand Valley,小金山大峡谷,小金山グランドバレー,activity,테마파크·액티비티,37.36789,127.82514,110,09:00–17:00 · 유료,"출렁다리와 울렁다리, 하늘정원을 잇는 협곡 코스.",A gorge route linking the suspension bridges and the sky garden.,,,Y,N,N,원주시 관광지 (2024 지정),N,N,Y,,,,,,,원주시 지정면 소금산길 12 구글 지오코딩,Google geocoding: 원주시 지정면 소금산길 12
nax517,nation,전국,원주,Wonju,,뮤지엄 산,Museum SAN,,ミュージアムSAN,activity,테마파크·액티비티,37.41896,127.82299,120,10:00–18:00 · 월 휴관 · 유료,안도 타다오가 설계한 산 위의 미술관.,A hilltop museum designed by Tadao Ando.,,,Y,N,N,원주시 관광단지 (2015 지정),N,N,Y,,,,,,,원주시 지정면 오크밸리2길 260 구글 지오코딩,Google geocoding: 원주시 지정면 오크밸리2길 260
nax518,nation,전국,원주,Wonju,,치악산 구룡사,Guryongsa Temple,,,heal,힐링·생태·체험,37.40469,128.0464,80,상시 개방 · 국립공원 입장,치악산 자락의 절. 금강송 숲길이 이어진다.,"A temple on Chiaksan, along a path of red pines.",,,N,N,N,,N,N,Y,,,,,,,원주시 소초면 구룡사로 428 구글 지오코딩,Google geocoding: 원주시 소초면 구룡사로 428
nax519,nation,전국,원주,Wonju,,원주 한지테마파크,Hanji Theme Park,原州韩纸主题公园<br />,原州韓紙テーマパーク,activity,테마파크·액티비티,37.33437,127.93546,60,09:00–18:00 · 월 휴관 · 무료,한지의 역사와 공예를 다룬 전시관.,A centre for the history and craft of hanji paper.,,,N,N,N,,N,N,Y,,,,,,,원주시 한지공원길 151 구글 지오코딩,Google geocoding: 원주시 한지공원길 151
nax520,nation,전국,원주,Wonju,,원주중앙시장,Wonju Jungang Market,,,food,로컬상권·먹거리,37.34998,127.94924,50,09:00–20:00 · 점포별 상이,도심 상설시장과 미로시장 골목.,A downtown market with the Miro market alleys.,,,N,N,N,,N,N,Y,,,,,,,원주시 중앙시장길 6 구글 지오코딩,Google geocoding: 원주시 중앙시장길 6
nax521,nation,전국,평창,Pyeongchang,,오대산 월정사,Woljeongsa Temple,,,herit,문화유산·전통체험,37.73194,128.59289,100,08:00–18:00 · 유료,전나무 숲길로 드는 오대산의 절.,An Odaesan temple entered along a fir-lined path.,,,N,Y,N,,N,N,Y,,,,,,,평창군 진부면 오대산로 374-8 구글 지오코딩,Google geocoding: 평창군 진부면 오대산로 374-8
nax522,nation,전국,평창,Pyeongchang,,대관령 양떼목장,Daegwallyeong Sheep Farm,大关岭羊群牧场,,heal,힐링·생태·체험,37.68849,128.75276,70,09:00–17:30 · 유료,능선을 걷는 초지 목장. 양에게 먹이를 준다.,"A ridge-top pasture walk, where you feed the sheep.",,,N,N,N,,N,N,Y,,,,,,,평창군 대관령면 대관령마루길 483-32 구글 지오코딩,Google geocoding: 평창군 대관령면 대관령마루길 483-32
nax523,nation,전국,평창,Pyeongchang,,알펜시아,Alpensia,,,activity,테마파크·액티비티,37.65692,128.67387,120,시설별 상이 · 유료,2018 동계올림픽 시설이 남은 리조트.,A resort keeping facilities from the 2018 Winter Olympics.,,,N,N,N,평창군 관광단지 (2022 지정),N,N,Y,,,,,,,평창군 대관령면 솔봉로 325 구글 지오코딩,Google geocoding: 평창군 대관령면 솔봉로 325
nax524,nation,전국,평창,Pyeongchang,,발왕산 케이블카,Balwangsan Cable Car,,,heal,힐링·생태·체험,37.64402,128.67874,80,09:00–17:00 · 유료 · 기상 휴업,해발 1458m 정상으로 오르는 케이블카.,"A cable car to the 1,458 m summit.",,,N,N,N,평창군 관광단지 (2021 지정),N,N,Y,,,,,,,평창군 대관령면 용산리 구글 지오코딩,Google geocoding: 평창군 대관령면 용산리
nax525,nation,전국,평창,Pyeongchang,,봉평 이효석문화마을,Bongpyeong Literary Village,,,herit,문화유산·전통체험,37.48971,128.45438,70,09:00–18:00 · 유료,메밀꽃 필 무렵의 무대. 9월에 메밀밭이 핀다.,The setting of the novel Buckwheat Season; the fields bloom in September.,,,N,N,N,,N,N,Y,,,,,,,평창군 봉평면 효석문학길 구글 지오코딩,Google geocoding: 평창군 봉평면 효석문학길
nax601,nation,전국,파주,Paju,,임진각 평화누리,Imjingak Peace Park,,,herit,문화유산·전통체험,37.89225,126.74306,90,상시 개방 · 일부 유료,분단의 최전선 공원. 자유의 다리와 평화누리가 있다.,"A park on the front line of division, with the Freedom Bridge and the Peace Field.",,,Y,N,N,파주시 관광지 (2015 지정),N,N,Y,,,,,,,파주시 문산읍 임진각로 148-40 구글 지오코딩,Google geocoding: 파주시 문산읍 임진각로 148-40
nax602,nation,전국,파주,Paju,,헤이리 예술마을,Heyri Art Village,Heyri艺术村,ヘイリ芸術村,activity,테마파크·액티비티,37.78884,126.69872,110,상시 · 시설별 상이,작가들이 지은 갤러리·공방 마을.,A village of galleries and studios built by artists.,,,Y,N,N,,N,N,Y,,,,,,,파주시 탄현면 헤이리마을길 구글 지오코딩,Google geocoding: 파주시 탄현면 헤이리마을길
nax603,nation,전국,파주,Paju,,파주 프로방스마을,Provence Village,普罗旺斯村,プロバンス村,food,로컬상권·먹거리,37.79097,126.6844,60,10:00–21:00 · 무료,유럽풍 상점과 조명으로 꾸민 마을.,A village dressed in European shops and lights.,,,N,N,N,,N,N,Y,,,,,,,파주시 탄현면 새오리로 77 구글 지오코딩,Google geocoding: 파주시 탄현면 새오리로 77
nax604,nation,전국,파주,Paju,,마장호수 흔들다리,Majang Lake Bridge,马场湖,馬場湖,heal,힐링·생태·체험,37.77565,126.92783,60,09:00–18:00 · 무료,호수를 건너는 220m 흔들다리.,A 220 m swaying bridge over the lake.,,,N,N,N,,N,N,Y,,,,,,,파주시 광탄면 기산로 313 구글 지오코딩,Google geocoding: 파주시 광탄면 기산로 313
nax605,nation,전국,파주,Paju,,파주 프리미엄아울렛,Paju Premium Outlets,,,food,로컬상권·먹거리,37.75959,126.77777,120,10:30–21:00,자유로변의 대형 아울렛.,A large outlet mall beside the Jayu-ro.,,,N,N,N,,N,N,Y,,,,,,,파주시 필승로 200 구글 지오코딩,Google geocoding: 파주시 필승로 200
nax606,nation,전국,고양,Goyang,,일산호수공원,Ilsan Lake Park,,一山湖水公園,heal,힐링·생태·체험,37.65674,126.76625,80,상시 개방 · 무료,국내 최대 인공 호수 공원. 꽃박람회가 열린다.,"The largest artificial lake park in Korea, host to the flower expo.",,,N,N,N,,N,N,Y,,,,,,,고양시 일산동구 호수로 595 구글 지오코딩,Google geocoding: 고양시 일산동구 호수로 595
nax607,nation,전국,고양,Goyang,,스타필드 고양,Starfield Goyang,Starfield高阳,8 SECONDS（エイトセカンズ）・スターフィールドコヤン（高陽）店,food,로컬상권·먹거리,37.64731,126.89528,120,10:00–22:00,복합 쇼핑몰. 아쿠아필드가 있다.,A shopping complex with the Aquafield spa.,,,N,N,N,,N,N,Y,,,,,,,고양시 덕양구 고양대로 1955 구글 지오코딩,Google geocoding: 고양시 덕양구 고양대로 1955
nax608,nation,전국,고양,Goyang,,고양 행주산성,Haengju Fortress,幸州山城,幸州山城,herit,문화유산·전통체험,37.59557,126.82815,70,09:00–18:00 · 유료,행주대첩의 토성. 한강이 내려다보인다.,"The earthen fortress of the Haengju victory, over the Han River.",,,N,N,Y,,N,N,Y,,,,,,,고양시 덕양구 행주로15번길 89 구글 지오코딩,Google geocoding: 고양시 덕양구 행주로15번길 89
nax609,nation,전국,고양,Goyang,,킨텍스,KINTEX,韩国国际展览中心(KINTEX),,activity,테마파크·액티비티,37.66899,126.74589,90,행사별 상이,국내 최대 전시컨벤션센터.,The largest exhibition and convention centre in Korea.,,,N,N,N,,N,N,Y,,,,,,,고양시 일산서구 킨텍스로 217-60 구글 지오코딩,Google geocoding: 고양시 일산서구 킨텍스로 217-60
nax610,nation,전국,포천,Pocheon,,포천 아트밸리,Pocheon Art Valley,抱川艺术谷<br />,抱川アートバレー,activity,테마파크·액티비티,37.92912,127.23488,90,09:00–19:00 · 유료,폐채석장을 고친 호수와 조각 공원.,A quarry turned into a lake and sculpture park.,,,N,N,N,,N,N,Y,,,,,,,포천시 신북면 아트밸리로 234 구글 지오코딩,Google geocoding: 포천시 신북면 아트밸리로 234
nax611,nation,전국,포천,Pocheon,,산정호수,Sanjeong Lake,,,heal,힐링·생태·체험,38.07059,127.32039,70,상시 개방 · 주차 유료,명성산 자락의 호수. 둘레길이 돈다.,"A lake below Myeongseongsan, circled by a trail.",,,N,N,N,포천시 관광지 (0000 지정),N,N,Y,,,,,,,포천시 영북면 산정호수로 구글 지오코딩,Google geocoding: 포천시 영북면 산정호수로
nax612,nation,전국,포천,Pocheon,,허브아일랜드,Herb Island,香草島樂園香草療癒中心,ハーブアイランド・ハーブヒーリングセンター,heal,힐링·생태·체험,37.96539,127.13167,100,09:00–22:00 · 유료,"허브 정원과 라벤더 축제, 불빛 동화마을.","Herb gardens, a lavender festival and a light village.",,,N,N,N,,N,N,Y,,,,,,,포천시 신북면 청신로947번길 35 구글 지오코딩,Google geocoding: 포천시 신북면 청신로947번길 35
nax613,nation,전국,포천,Pocheon,,국립수목원 광릉숲,Gwangneung Forest,,,heal,힐링·생태·체험,37.75976,127.16888,110,09:00–18:00 · 예약제 · 유료,조선 왕릉림에서 이어진 유네스코 생물권보전지역.,A UNESCO biosphere reserve grown from a Joseon royal tomb forest.,,,N,Y,N,,N,N,Y,,,,,,,포천시 소흘읍 광릉수목원로 415 구글 지오코딩,Google geocoding: 포천시 소흘읍 광릉수목원로 415
nax614,nation,전국,이천,Icheon,,예스파크 도자예술마을,Yespark Ceramic Village,,,activity,테마파크·액티비티,37.29345,127.38475,90,10:00–18:00 · 월 휴관 · 무료,도예 공방 200여 곳이 모인 마을.,A village of some 200 ceramic studios.,,,N,N,N,,N,N,Y,,,,,,,이천시 신둔면 도자예술로5번길 109 구글 지오코딩,Google geocoding: 이천시 신둔면 도자예술로5번길 109
nax615,nation,전국,이천,Icheon,,설봉공원,Seolbong Park,雪峰公园,雪峯公園,heal,힐링·생태·체험,37.27661,127.42663,60,상시 개방 · 무료,호수와 도자 조형물을 둔 공원.,A park of a lake and ceramic sculpture.,,,N,N,N,,N,N,Y,,,,,,,이천시 경충대로2709번길 128 구글 지오코딩,Google geocoding: 이천시 경충대로2709번길 128
nax616,nation,전국,이천,Icheon,,이천 테르메덴,Termeden Spa,Termeden水上乐园,テルメデン,heal,힐링·생태·체험,37.19541,127.4462,150,09:00–19:00 · 유료,독일식 노천 온천 스파.,A German-style open-air hot spring spa.,,,N,N,N,,N,N,Y,,,,,,,이천시 모가면 사실로 984 구글 지오코딩,Google geocoding: 이천시 모가면 사실로 984
nax617,nation,전국,이천,Icheon,,이천 온천,Icheon Hot Spring,,,heal,힐링·생태·체험,37.28008,127.45268,110,06:00–20:00 · 유료,수도권에서 가까운 알칼리 온천.,An alkaline hot spring close to the capital.,,,N,N,N,,N,N,Y,,,,,,,이천시 안흥동 구글 지오코딩,Google geocoding: 이천시 안흥동
nax618,nation,전국,남양주,Namyangju,,다산유적지,Dasan Historic Site,,,herit,문화유산·전통체험,37.51654,127.30091,60,09:00–18:00 · 월 휴관 · 무료,"정약용의 생가와 묘, 기념관.","The birthplace, tomb and memorial hall of Jeong Yak-yong.",,,N,N,N,,N,N,Y,,,,,,,남양주시 조안면 다산로747번길 11 구글 지오코딩,Google geocoding: 남양주시 조안면 다산로747번길 11
nax619,nation,전국,남양주,Namyangju,,수종사,Sujongsa Temple,水钟寺,水鐘寺,heal,힐링·생태·체험,37.57103,127.30275,80,05:00–19:00 · 무료,두물머리가 내려다보이는 산사. 차 한 잔을 내준다.,"A hill temple over the river confluence, where tea is served.",,,N,N,N,,N,N,Y,,,,,,,남양주시 조안면 북한강로433번길 186 구글 지오코딩,Google geocoding: 남양주시 조안면 북한강로433번길 186
nax620,nation,전국,남양주,Namyangju,,피아노폭포,Piano Waterfall,和道绿水中心钢琴瀑布,和道プルンムルセンターピアノ滝,activity,테마파크·액티비티,37.6302,127.34749,40,상시 개방 · 무료,댐 방류구를 피아노 모양으로 꾸민 인공폭포.,An artificial waterfall shaped like a piano at a dam outlet.,,,N,N,N,,N,N,Y,,,,,,,남양주시 화도읍 북한강로 구글 지오코딩,Google geocoding: 남양주시 화도읍 북한강로
nax621,nation,전국,양양,Yangyang,,낙산사,Naksansa Temple,洛山寺,洛山寺,herit,문화유산·전통체험,38.12462,128.62805,90,05:00–18:00 · 유료,동해를 마주한 관음성지. 해수관음상이 서 있다.,"A Gwaneum shrine facing the East Sea, with a great seaside Buddha.",,,N,N,N,,N,N,Y,,,,,,,양양군 강현면 낙산사로 100 구글 지오코딩,Google geocoding: 양양군 강현면 낙산사로 100
nax622,nation,전국,양양,Yangyang,,하조대,Hajodae,河赵台,河趙台,sea,해양·자연경관,38.02109,128.73568,50,상시 개방 · 무료,바위 절벽 위 정자와 등대.,A pavilion and lighthouse atop the rock cliffs.,,,N,N,N,,N,N,Y,,,,,,,양양군 현북면 조준길 99 구글 지오코딩,Google geocoding: 양양군 현북면 조준길 99
nax623,nation,전국,양양,Yangyang,,죽도해변,Jukdo Beach,,,sea,해양·자연경관,37.97503,128.75973,70,상시 개방 · 서핑 강습 유료,서핑 문화로 붐비는 해변.,A beach crowded with surf culture.,,,N,N,N,,N,N,Y,,,,,,,양양군 현남면 인구리 구글 지오코딩,Google geocoding: 양양군 현남면 인구리
nax624,nation,전국,양양,Yangyang,,서피비치,Surfyy Beach,"冲浪海滩,冲浪(襄阳) ,",サーフィービーチ、サーフィン（襄陽）,activity,테마파크·액티비티,38.02892,128.71753,90,09:00–일몰 · 일부 유료,서핑 전용으로 연 해변 라운지.,A beach lounge opened for surfing.,,,N,N,N,,N,N,Y,,,,,,,양양군 현북면 하조대해안길 119 구글 지오코딩,Google geocoding: 양양군 현북면 하조대해안길 119
nax625,nation,전국,삼척,Samcheok,,죽서루,Jukseoru,,三陟 竹西楼,herit,문화유산·전통체험,37.4409,129.16047,40,09:00–18:00 · 무료,오십천 절벽 위 관동팔경의 누각.,A Gwandong Eight Scenes pavilion on the cliffs of the Osipcheon.,,,N,N,N,,N,N,Y,,,,,,,삼척시 죽서루길 37 구글 지오코딩,Google geocoding: 삼척시 죽서루길 37
nax626,nation,전국,삼척,Samcheok,,대금굴·환선굴,Daegeumgul & Hwanseongul,,,heal,힐링·생태·체험,37.31919,129.01833,120,08:30–17:00 · 유료 · 대금굴 예약,국내 최대 석회동굴 지대. 모노레일로 든다.,"The largest limestone cave area in Korea, entered by monorail.",,,N,N,N,,N,N,Y,,,,,,,삼척시 신기면 환선로 800 구글 지오코딩,Google geocoding: 삼척시 신기면 환선로 800
nax627,nation,전국,삼척,Samcheok,,장호항,Jangho Port,,,sea,해양·자연경관,37.2885,129.31753,80,상시 · 투명카약 유료,물이 맑아 한국의 나폴리로 불리는 항구.,"A harbour of clear water, called the Naples of Korea.",,,N,N,N,,N,N,Y,,,,,,,삼척시 근덕면 장호리 구글 지오코딩,Google geocoding: 삼척시 근덕면 장호리
nax628,nation,전국,삼척,Samcheok,,삼척해수욕장,Samcheok Beach,,,sea,해양·자연경관,37.46833,129.16917,70,상시 개방 · 해수욕 7–8월,솔숲을 낀 넓은 백사장.,A broad sand beach backed by pines.,,,N,N,N,,N,N,Y,,,,,,,삼척시 갈천동 구글 지오코딩,Google geocoding: 삼척시 갈천동
nax629,nation,전국,인제,Inje,,원대리 자작나무숲,Wondae-ri Birch Forest,院岱里白桦林（低语白桦林）,院垈里シラカバ林（ささやくシラカバ林）,heal,힐링·생태·체험,38.00959,128.19449,120,09:00–17:00 · 무료 · 동절기 통제,흰 자작나무 69만 그루가 선 숲.,"A forest of 690,000 white birches.",,,Y,N,N,,N,N,Y,,,,,,,인제군 인제읍 자작나무숲길 760 구글 지오코딩,Google geocoding: 인제군 인제읍 자작나무숲길 760
nax630,nation,전국,인제,Inje,,백담사,Baekdamsa Temple,,百潭寺,herit,문화유산·전통체험,38.16515,128.37409,90,08:00–17:00 · 셔틀 유료,설악산 내설악의 절. 계곡 버스로 오른다.,"An inner-Seorak temple, reached by valley shuttle.",,,N,N,N,,N,N,Y,,,,,,,인제군 북면 백담로 746 구글 지오코딩,Google geocoding: 인제군 북면 백담로 746
nax631,nation,전국,인제,Inje,,내린천 래프팅,Naerincheon Rafting,,,activity,테마파크·액티비티,38.0281,128.23416,150,5–10월 · 유료,급류로 이름난 래프팅 구간.,A rafting run known for its rapids.,,,N,N,N,,N,N,Y,,,,,,,인제군 기린면 내린천로 구글 지오코딩,Google geocoding: 인제군 기린면 내린천로
nax632,nation,전국,인제,Inje,,인제 스피디움,Inje Speedium,麟蹄Speedium,麟蹄スピーディウム,activity,테마파크·액티비티,38.00202,128.29181,120,행사별 상이 · 유료,산악 서킷과 호텔을 갖춘 모터스포츠 단지.,A motorsport complex with a mountain circuit and hotel.,,,N,N,N,인제군 관광지 (2014 지정),N,N,Y,,,,,,,인제군 기린면 상하답로 130 구글 지오코딩,Google geocoding: 인제군 기린면 상하답로 130
nax633,nation,전국,태백,Taebaek,,태백산 국립공원,Taebaeksan National Park,,,heal,힐링·생태·체험,37.0989,128.91632,180,상시 개방 · 주차 유료,천제단이 선 민족의 영산. 겨울 눈꽃이 유명하다.,"A sacred mountain crowned by the Cheonjedan altar, famed for winter snow.",,,N,N,N,,N,N,Y,,,,,,,태백시 소도동 구글 지오코딩,Google geocoding: 태백시 소도동
nax634,nation,전국,태백,Taebaek,,검룡소,Geomnyongso Spring,,,heal,힐링·생태·체험,37.2277,128.92464,70,09:00–17:00 · 무료,한강이 시작되는 샘.,The spring where the Han River begins.,,,N,N,N,,N,N,Y,,,,,,,태백시 창죽동 산1-1 구글 지오코딩,Google geocoding: 태백시 창죽동 산1-1
nax635,nation,전국,태백,Taebaek,,구문소,Gumunso,,,heal,힐링·생태·체험,37.09298,129.04223,50,상시 개방 · 무료,물이 바위를 뚫어 만든 석문과 고생대 지층.,"A rock gate bored by water, in Paleozoic strata.",,,N,N,N,태백시 관광지 (2017 지정),N,N,Y,,,,,,,태백시 동점동 구글 지오코딩,Google geocoding: 태백시 동점동
nax636,nation,전국,태백,Taebaek,,통리탄탄파크,Tongni Coal Park,,,activity,테마파크·액티비티,37.16149,129.04297,70,09:00–18:00 · 유료,폐광 시설을 고친 탄광 체험 공원.,A coal-mine heritage park in disused workings.,,,N,N,N,,N,N,Y,,,,,,,태백시 통리로 구글 지오코딩,Google geocoding: 태백시 통리로
nax637,nation,전국,청주,Cheongju,,상당산성,Sangdangsanseong,清州上党山城,清州 上党山城,herit,문화유산·전통체험,36.662,127.54103,80,상시 개방 · 무료,도심을 두른 조선 산성. 성곽길이 돈다.,"A Joseon hill fortress above the city, walked along its wall.",,,N,N,N,,N,N,Y,,,,,,,청주시 상당구 산성동 구글 지오코딩,Google geocoding: 청주시 상당구 산성동
nax638,nation,전국,청주,Cheongju,,청남대,Cheongnamdae,青南台,青南台,heal,힐링·생태·체험,36.46181,127.48919,120,09:00–18:00 · 월 휴관 · 유료,옛 대통령 별장. 대청호를 낀 정원이 넓다.,"The former presidential retreat, with wide gardens on Daecheong Lake.",,,Y,N,N,,N,N,Y,,,,,,,청주시 상당구 문의면 청남대길 646 구글 지오코딩,Google geocoding: 청주시 상당구 문의면 청남대길 646
nax639,nation,전국,청주,Cheongju,,수암골,Suam-gol,寿岩谷壁画村,スアムゴル壁画村,activity,테마파크·액티비티,36.64726,127.49429,50,상시 개방 · 무료,드라마 촬영지로 알려진 벽화 골목.,A mural alley known from television dramas.,,,N,N,N,,N,N,Y,,,,,,,청주시 상당구 수동로 15 구글 지오코딩,Google geocoding: 청주시 상당구 수동로 15
nax640,nation,전국,청주,Cheongju,,고인쇄박물관,Early Printing Museum,清州古印刷博物馆,清州古印刷博物館,herit,문화유산·전통체험,36.64404,127.47148,70,09:00–18:00 · 월 휴관 · 무료,직지를 찍은 흥덕사 터의 박물관.,A museum on the site where the Jikji was printed.,,,N,N,N,,N,N,Y,,,,,,,청주시 흥덕구 직지대로 713 구글 지오코딩,Google geocoding: 청주시 흥덕구 직지대로 713
nax641,nation,전국,제천,Jecheon,,청풍호반케이블카,Cheongpung Lake Cable Car,清风湖畔缆车,清風湖畔ケーブルカー,activity,테마파크·액티비티,37.00133,128.16661,70,09:00–18:00 · 유료,비봉산 정상으로 오르는 케이블카.,A cable car to the summit of Bibongsan.,,,Y,N,Y,,N,N,Y,,,,,,,제천시 청풍면 문화재길 166 구글 지오코딩,Google geocoding: 제천시 청풍면 문화재길 166
nax642,nation,전국,제천,Jecheon,,의림지,Uirimji Reservoir,,堤川義林池と堤林,heal,힐링·생태·체험,37.17325,128.21049,60,상시 개방 · 무료,삼한시대에 쌓았다는 저수지.,A reservoir said to date to the Samhan period.,,,N,N,N,,N,N,Y,,,,,,,제천시 모산동 구글 지오코딩,Google geocoding: 제천시 모산동
nax643,nation,전국,제천,Jecheon,,옥순봉 출렁다리,Oksunbong Suspension Bridge,堤川玉笋峰吊桥,堤川 玉荀峰吊橋,activity,테마파크·액티비티,36.94363,128.23316,60,09:00–18:00 · 유료,충주호 위를 건너는 222m 다리.,A 222 m bridge across Chungju Lake.,,,N,N,N,,N,N,Y,,,,,,,제천시 수산면 옥순봉로 구글 지오코딩,Google geocoding: 제천시 수산면 옥순봉로
nax644,nation,전국,제천,Jecheon,,배론성지,Baeron Holy Ground,,,herit,문화유산·전통체험,37.16034,128.08391,60,09:00–18:00 · 무료,초기 천주교 신자들이 숨어 살던 골짜기.,A valley where early Catholics hid and lived.,,,N,N,N,,N,N,Y,,,,,,,제천시 봉양읍 배론성지길 296 구글 지오코딩,Google geocoding: 제천시 봉양읍 배론성지길 296
nax645,nation,전국,단양,Danyang,,도담삼봉,Dodamsambong,岛潭三峰,島潭三峰,heal,힐링·생태·체험,37.00004,128.34397,50,상시 개방 · 무료,남한강 물 위에 솟은 세 봉우리.,Three peaks rising out of the South Han River.,,,Y,N,N,,N,N,Y,,,,,,,단양군 매포읍 삼봉로 644 구글 지오코딩,Google geocoding: 단양군 매포읍 삼봉로 644
nax646,nation,전국,단양,Danyang,,만천하스카이워크,Mancheonha Skywalk,满天下天空步道SKY WALK,MANCHEONHAスカイウォーク,activity,테마파크·액티비티,36.98046,128.33953,80,09:00–18:00 · 유료,강을 내려다보는 유리 전망대와 짚와이어.,"A glass lookout over the river, with a zip wire.",,,Y,N,N,,N,N,Y,,,,,,,단양군 적성면 옷바위길 10 구글 지오코딩,Google geocoding: 단양군 적성면 옷바위길 10
nax647,nation,전국,단양,Danyang,,고수동굴,Gosu Cave,丹阳古薮洞窟,丹陽古薮洞窟,heal,힐링·생태·체험,36.98849,128.38159,60,09:00–18:00 · 유료,종유석이 빽빽한 석회동굴.,A limestone cave thick with stalactites.,,,N,N,N,,N,N,Y,,,,,,,단양군 단양읍 고수동굴길 8 구글 지오코딩,Google geocoding: 단양군 단양읍 고수동굴길 8
nax648,nation,전국,단양,Danyang,,단양 구경시장,Danyang Gugyeong Market,,,food,로컬상권·먹거리,36.98251,128.36992,50,09:00–20:00 · 점포별 상이,마늘 요리로 알려진 강변 시장.,A riverside market known for its garlic dishes.,,,N,N,N,,N,N,Y,,,,,,,단양군 단양읍 도전5길 31 구글 지오코딩,Google geocoding: 단양군 단양읍 도전5길 31
nax649,nation,전국,보령,Boryeong,,대천해수욕장,Daecheon Beach,,,sea,해양·자연경관,36.3056,126.51605,80,상시 개방 · 머드축제 7월,서해 대표 해변. 머드축제가 열린다.,"The West Sea’s landmark beach, host to the mud festival.",,,Y,N,Y,보령시 관광지 (2024 지정),N,N,Y,,,,,,,보령시 신흑동 구글 지오코딩,Google geocoding: 보령시 신흑동
nax650,nation,전국,보령,Boryeong,,무창포해수욕장,Muchangpo Beach,武昌浦海水浴场,武昌浦海水浴場,sea,해양·자연경관,36.24452,126.53656,70,상시 개방 · 무료,바닷길이 갈라지는 신비의 해변.,A beach where the sea parts to open a path.,,,N,N,N,보령시 관광지 (0000 지정),N,N,Y,,,,,,,보령시 웅천읍 열린바다1길 구글 지오코딩,Google geocoding: 보령시 웅천읍 열린바다1길
nax651,nation,전국,보령,Boryeong,,개화예술공원,Gaehwa Art Park,,,activity,테마파크·액티비티,36.31227,126.65752,70,09:00–18:00 · 유료,조각과 시비를 둔 야외 예술공원.,An outdoor art park of sculpture and poetry stones.,,,N,N,N,,N,N,Y,,,,,,,보령시 성주면 개화리 구글 지오코딩,Google geocoding: 보령시 성주면 개화리
nax652,nation,전국,보령,Boryeong,,충청수영성,Chungcheong Naval Fortress,保宁忠清水营城,保寧忠清水営城,herit,문화유산·전통체험,36.43942,126.52279,50,상시 개방 · 무료,서해를 지키던 조선 수군 진영.,The Joseon naval base that guarded the West Sea.,,,N,N,N,,N,N,Y,,,,,,,보령시 오천면 소성리 구글 지오코딩,Google geocoding: 보령시 오천면 소성리
nax653,nation,전국,아산,Asan,,외암민속마을,Oeam Folk Village,外岩民俗村,外岩民俗村,herit,문화유산·전통체험,36.73002,127.01647,80,09:00–18:00 · 유료,돌담이 이어진 조선 씨족 마을.,A Joseon clan village threaded with stone walls.,,,N,N,Y,,N,N,Y,,,,,,,아산시 송악면 외암민속길 42-15 구글 지오코딩,Google geocoding: 아산시 송악면 외암민속길 42-15
nax654,nation,전국,아산,Asan,,현충사,Hyeonchungsa Shrine,显忠祠,顕忠祠,herit,문화유산·전통체험,36.81129,127.03232,80,09:00–18:00 · 화 휴관 · 무료,이순신을 모신 사당과 고택.,The shrine and family home of Yi Sun-sin.,,,Y,N,N,,N,N,Y,,,,,,,아산시 염치읍 현충사길 126 구글 지오코딩,Google geocoding: 아산시 염치읍 현충사길 126
nax655,nation,전국,아산,Asan,,온양온천,Onyang Hot Spring,,,heal,힐링·생태·체험,36.78042,127.00371,110,06:00–20:00 · 유료,조선 왕들이 찾던 600년 온천.,A 600-year-old spring the Joseon kings visited.,,,N,N,N,,N,N,Y,,,,,,,아산시 온천동 구글 지오코딩,Google geocoding: 아산시 온천동
nax656,nation,전국,아산,Asan,,신정호수공원,Sinjeong Lake Park,,,heal,힐링·생태·체험,36.76149,126.96888,60,상시 개방 · 무료,둘레길과 카페가 늘어선 호수.,A lake ringed by a walking path and cafés.,,,N,N,N,,N,N,Y,,,,,,,아산시 신정호길 구글 지오코딩,Google geocoding: 아산시 신정호길
nax657,nation,전국,담양,Damyang,,죽녹원,Juknokwon Bamboo Forest,竹绿苑,竹緑苑,heal,힐링·생태·체험,35.32663,126.98539,80,09:00–18:00 · 유료,대숲 사이로 산책로가 난 정원.,A garden of paths cut through a bamboo grove.,,,Y,N,N,,N,N,Y,,,,,,,담양군 담양읍 죽녹원로 119 구글 지오코딩,Google geocoding: 담양군 담양읍 죽녹원로 119
nax658,nation,전국,담양,Damyang,,메타세쿼이아 랜드,Metasequoia Road,,,heal,힐링·생태·체험,35.32369,127.00414,60,09:00–19:00 · 유료,2km에 걸친 메타세쿼이아 가로수길.,A two-kilometre avenue of metasequoia.,,,N,N,N,,N,N,Y,,,,,,,담양군 담양읍 학동리 구글 지오코딩,Google geocoding: 담양군 담양읍 학동리
nax659,nation,전국,담양,Damyang,,소쇄원,Soswaewon Garden,潭阳潇洒园,潭陽 瀟灑園,herit,문화유산·전통체험,35.18421,127.01221,60,09:00–18:00 · 유료,조선 선비가 지은 별서 정원.,A scholar’s retreat garden of the Joseon period.,,,N,N,N,,N,N,Y,,,,,,,담양군 가사문학면 소쇄원길 17 구글 지오코딩,Google geocoding: 담양군 가사문학면 소쇄원길 17
nax660,nation,전국,담양,Damyang,,관방제림,Gwanbangjerim,官防堤林,官防堤林,heal,힐링·생태·체험,35.32346,126.99078,50,상시 개방 · 무료,제방을 따라 늘어선 300년 노거수 숲.,A three-century avenue of old trees along the levee.,,,Y,N,N,,N,N,Y,,,,,,,담양군 담양읍 객사리 구글 지오코딩,Google geocoding: 담양군 담양읍 객사리
nax661,nation,전국,무주,Muju,,덕유산 국립공원,Deogyusan National Park,,,heal,힐링·생태·체험,35.86056,127.74639,180,상시 개방 · 곤돌라 유료,향적봉 설경으로 알려진 국립공원.,A national park known for snow on the Hyangjeokbong ridge.,,,N,N,N,,N,N,Y,,,,,,,무주군 설천면 구천동1로 구글 지오코딩,Google geocoding: 무주군 설천면 구천동1로
nax662,nation,전국,무주,Muju,,무주구천동 33경,Gucheondong Valley,,,heal,힐링·생태·체험,35.89976,127.77555,120,상시 개방 · 무료,33경이 이어지는 계곡길.,A valley path strung with thirty-three scenic points.,,,N,N,N,무주군 관광특구 (0000 지정),N,N,Y,,,,,,,무주군 설천면 구천동로 구글 지오코딩,Google geocoding: 무주군 설천면 구천동로
nax663,nation,전국,무주,Muju,,태권도원,Taekwondowon,国立跆拳道园,テコンドー園シンボル地区,activity,테마파크·액티비티,36.00962,127.77653,100,09:00–18:00 · 월 휴관 · 유료,태권도 수련과 전시를 위한 국제 단지.,An international complex for taekwondo training and exhibits.,,,Y,N,N,,N,N,Y,,,,,,,무주군 설천면 무주로 1482 구글 지오코딩,Google geocoding: 무주군 설천면 무주로 1482
nax664,nation,전국,무주,Muju,,반디랜드,Bandi Land,,茂朱ホタルランド,activity,테마파크·액티비티,36.01282,127.75867,70,09:00–18:00 · 유료,반딧불이를 주제로 한 곤충 박물관.,An insect museum themed on fireflies.,,,Y,N,Y,,N,N,Y,,,,,,,무주군 설천면 무주로 1482 구글 지오코딩,Google geocoding: 무주군 설천면 무주로 1482
nax665,nation,전국,부안,Buan,,채석강,Chaeseokgang Cliffs,彩石江(全北西海岸国家地质公园),彩石江（全北西海岸国家地質公園）,sea,해양·자연경관,35.62482,126.46605,70,물때 확인 · 무료,책을 쌓은 듯한 해식 절벽.,Sea cliffs layered like stacked books.,,,N,N,N,,N,N,Y,,,,,,,부안군 변산면 격포리 구글 지오코딩,Google geocoding: 부안군 변산면 격포리
nax666,nation,전국,부안,Buan,,내소사,Naesosa Temple,,,herit,문화유산·전통체험,35.72642,126.73716,80,08:00–18:00 · 유료,전나무 숲길로 드는 변산의 절.,A Byeonsan temple entered along a fir path.,,,N,N,N,,N,N,Y,,,,,,,부안군 진서면 내소사로 243 구글 지오코딩,Google geocoding: 부안군 진서면 내소사로 243
nax667,nation,전국,부안,Buan,,변산해수욕장,Byeonsan Beach,,,sea,해양·자연경관,35.68133,126.53159,60,상시 개방 · 해수욕 7–8월,완만한 서해 백사장.,A gently shelving West Sea beach.,,,N,N,Y,부안군 관광지 (2025 지정),N,N,Y,,,,,,,부안군 변산면 변산로 구글 지오코딩,Google geocoding: 부안군 변산면 변산로
nax668,nation,전국,부안,Buan,,곰소염전,Gomso Salt Farm,,,activity,테마파크·액티비티,35.59541,126.61718,50,상시 · 무료,천일염과 젓갈로 알려진 염전.,A salt farm known for sun-dried salt and salted seafood.,,,N,N,N,,N,N,Y,,,,,,,부안군 진서면 곰소리 구글 지오코딩,Google geocoding: 부안군 진서면 곰소리
nax669,nation,전국,완도,Wando,,청산도,Cheongsando,,,sea,해양·자연경관,34.18263,126.88659,240,여객선 시간 확인 · 유료,슬로시티로 지정된 섬. 구들장논이 남아 있다.,"A designated slow city island, keeping its terraced ondol paddies.",,,N,N,N,,N,N,Y,,,,,,,완도군 청산면 구글 지오코딩,Google geocoding: 완도군 청산면
nax670,nation,전국,완도,Wando,,완도타워,Wando Tower,莞岛塔,莞島タワー,heal,힐링·생태·체험,34.31075,126.76661,60,09:00–22:00 · 유료,다도해가 보이는 전망탑.,A tower looking over the island sea.,,,N,N,Y,,N,N,Y,,,,,,,완도군 완도읍 장보고대로 330 구글 지오코딩,Google geocoding: 완도군 완도읍 장보고대로 330
nax671,nation,전국,완도,Wando,,명사십리해수욕장,Myeongsasimni Beach,,薪智鳴沙十里海水浴場,sea,해양·자연경관,34.32739,126.80901,70,상시 개방 · 해수욕 7–8월,4km에 이르는 신지도 백사장.,A four-kilometre beach on Sinjido.,,,N,N,Y,,N,N,Y,,,,,,,완도군 신지면 명사십리로 구글 지오코딩,Google geocoding: 완도군 신지면 명사십리로
nax672,nation,전국,완도,Wando,,완도수목원,Wando Arboretum,菀岛树木园,莞島樹木園,heal,힐링·생태·체험,34.36028,126.66418,90,09:00–18:00 · 유료,국내 최대 난대림 수목원.,The largest warm-temperate arboretum in Korea.,,,N,N,N,,N,N,Y,,,,,,,완도군 군외면 초평리 구글 지오코딩,Google geocoding: 완도군 군외면 초평리
nax673,nation,전국,밀양,Miryang,,영남루,Yeongnamnu,密阳岭南楼,,herit,문화유산·전통체험,35.49152,128.75507,50,상시 개방 · 무료,밀양강 절벽 위의 조선 누각. 국보다.,"A Joseon pavilion on the river cliff, a national treasure.",,,N,N,N,,N,N,Y,,,,,,,밀양시 중앙로 324 구글 지오코딩,Google geocoding: 밀양시 중앙로 324
nax674,nation,전국,밀양,Miryang,,밀양 얼음골,Miryang Ice Valley,密阳冰谷,密陽オルムコル,heal,힐링·생태·체험,35.57288,128.98453,70,상시 개방 · 무료,한여름에 얼음이 어는 골짜기.,A valley where ice forms in midsummer.,,,N,N,N,,N,N,Y,,,,,,,밀양시 산내면 남명리 구글 지오코딩,Google geocoding: 밀양시 산내면 남명리
nax675,nation,전국,밀양,Miryang,,표충사,Pyochungsa Temple,,表忠寺（密陽）,herit,문화유산·전통체험,35.53259,128.96058,80,08:00–18:00 · 유료,사명대사를 기리는 재약산 자락의 절.,A temple on Jaeyaksan honouring the monk-general Samyeong.,,,N,N,N,,N,N,Y,,,,,,,밀양시 단장면 표충로 1338 구글 지오코딩,Google geocoding: 밀양시 단장면 표충로 1338
nax676,nation,전국,밀양,Miryang,,호박소,Hobakso,,,heal,힐링·생태·체험,35.5878,128.99645,50,상시 개방 · 무료,화강암이 패어 만든 푸른 소.,A blue pool worn into the granite.,,,N,N,N,,N,N,Y,,,,,,,밀양시 산내면 삼양리 구글 지오코딩,Google geocoding: 밀양시 산내면 삼양리
nax677,nation,전국,청송,Cheongsong,,주왕산 국립공원,Juwangsan National Park,,,heal,힐링·생태·체험,36.40241,129.18787,150,상시 개방 · 주차 유료,기암 협곡과 폭포가 이어지는 국립공원.,"A national park of rock spires, gorges and waterfalls.",,,Y,N,N,,N,N,Y,,,,,,,청송군 부동면 공원길 226 구글 지오코딩,Google geocoding: 청송군 부동면 공원길 226
nax678,nation,전국,청송,Cheongsong,,주산지,Jusanji Pond,,注山池（青松国家地質公園）,heal,힐링·생태·체험,36.36265,129.18949,60,일출–일몰 · 무료,물에 잠긴 왕버들로 알려진 저수지.,A reservoir known for the willows standing in its water.,,,N,N,N,,N,N,Y,,,,,,,청송군 부동면 이전리 구글 지오코딩,Google geocoding: 청송군 부동면 이전리
nax679,nation,전국,청송,Cheongsong,,청송 얼음골,Cheongsong Ice Valley,,,activity,테마파크·액티비티,36.31623,129.22373,60,상시 · 빙벽 겨울,여름에 찬바람이 나고 겨울에 빙벽이 서는 골.,A valley that breathes cold in summer and freezes into an ice wall in winter.,,,N,N,N,,N,N,Y,,,,,,,청송군 부동면 병부리 구글 지오코딩,Google geocoding: 청송군 부동면 병부리
nax680,nation,전국,청송,Cheongsong,,송소고택,Songso Historic House,青松松韶古宅,青松 松韶古宅,herit,문화유산·전통체험,36.43622,129.02661,50,09:00–18:00 · 유료,만석꾼이 지은 99칸 고택.,A 99-bay house built by a great landholder.,,,N,N,N,,N,N,Y,,,,,,,청송군 파천면 송생지길 15-2 구글 지오코딩,Google geocoding: 청송군 파천면 송생지길 15-2
nax681,nation,전국,영덕,Yeongdeok,,강구항,Ganggu Port,,,food,로컬상권·먹거리,36.366,129.394,70,상시 · 점포별 상이,대게로 알려진 항구. 게 거리가 이어진다.,"A harbour known for snow crab, with a crab street.",,,N,N,N,,N,N,Y,,,,,,,영덕군 강구면 강구리 구글 지오코딩,Google geocoding: 영덕군 강구면 강구리
nax682,nation,전국,영덕,Yeongdeok,,영덕 블루로드,Yeongdeok Blue Road,,,sea,해양·자연경관,36.26861,129.37417,120,상시 개방 · 무료,해안 절벽을 따라 난 64km 도보길.,A 64 km walking route along the sea cliffs.,,,N,N,N,,N,N,Y,,,,,,,영덕군 영덕읍 대탄리 구글 지오코딩,Google geocoding: 영덕군 영덕읍 대탄리
nax683,nation,전국,영덕,Yeongdeok,,삼사해상공원,Samsa Maritime Park,,,heal,힐링·생태·체험,36.34869,129.38558,60,상시 개방 · 무료,동해를 내려다보는 언덕 공원. 대종이 있다.,"A hill park over the East Sea, with a great bell.",,,N,N,N,,N,N,Y,,,,,,,영덕군 강구면 삼사181번길 27 구글 지오코딩,Google geocoding: 영덕군 강구면 삼사181번길 27
nax684,nation,전국,영덕,Yeongdeok,,장사해수욕장,Jangsa Beach,长沙海水浴场,長沙海水浴場,sea,해양·자연경관,36.28204,129.37596,60,상시 개방 · 해수욕 7–8월,상륙작전 전승기념관이 선 해변.,A beach with the memorial ship of the Jangsa landing.,,,N,N,N,영덕군 관광지 (2012 지정),N,N,Y,,,,,,,영덕군 남정면 장사리 구글 지오코딩,Google geocoding: 영덕군 남정면 장사리
nax685,nation,전국,구미,Gumi,,금오산 도립공원,Geumosan Provincial Park,,,heal,힐링·생태·체험,36.08849,128.3053,150,상시 개방 · 케이블카 유료,대혜폭포와 약사암이 있는 산.,A mountain of the Daehye falls and the Yaksaam hermitage.,,,N,N,N,,N,N,Y,,,,,,,구미시 남통동 구글 지오코딩,Google geocoding: 구미시 남통동
nax686,nation,전국,구미,Gumi,,채미정,Chaemijeong,,,herit,문화유산·전통체험,36.11249,128.31315,40,상시 개방 · 무료,길재를 기려 세운 정자.,A pavilion raised in memory of the scholar Gil Jae.,,,N,N,N,,N,N,Y,,,,,,,구미시 남통동 249 구글 지오코딩,Google geocoding: 구미시 남통동 249
nax687,nation,전국,구미,Gumi,,새마을운동테마공원,Saemaul Movement Park,,,herit,문화유산·전통체험,36.09256,128.3496,70,09:00–18:00 · 월 휴관 · 무료,1970년대 새마을운동을 다룬 전시공원.,An exhibition park on the 1970s Saemaul movement.,,,N,N,N,,N,N,Y,,,,,,,구미시 상모사곡동 구글 지오코딩,Google geocoding: 구미시 상모사곡동
nax688,nation,전국,구미,Gumi,,낙동강체육공원,Nakdonggang Sports Park,,,heal,힐링·생태·체험,36.13606,128.36871,50,상시 개방 · 무료,강변 둔치의 체육·산책 공원.,A riverside park for sport and walking.,,,N,N,N,,N,N,Y,,,,,,,구미시 지산동 구글 지오코딩,Google geocoding: 구미시 지산동
nax689,nation,전국,세종,Sejong,,세종호수공원,Sejong Lake Park,,,heal,힐링·생태·체험,36.49923,127.27037,70,상시 개방 · 무료,국내 최대 인공호수 공원. 수상무대섬이 있다.,"The largest artificial lake park in Korea, with a floating stage island.",,,N,N,N,,N,N,Y,,,,,,,세종시 세종동 산1-1 구글 지오코딩,Google geocoding: 세종시 세종동 산1-1
nax690,nation,전국,세종,Sejong,,국립세종수목원,Sejong National Arboretum,国立世宗树木园,国立世宗樹木園,heal,힐링·생태·체험,36.49784,127.28549,100,09:00–18:00 · 월 휴관 · 유료,사계절 온실을 갖춘 도심형 국립수목원.,A city national arboretum with a four-season glasshouse.,,,Y,N,N,,N,N,Y,,,,,,,세종시 연기면 수목원로 136 구글 지오코딩,Google geocoding: 세종시 연기면 수목원로 136
nax691,nation,전국,세종,Sejong,,베어트리파크,Bear Tree Park,熊树园,ベアツリーパーク,activity,테마파크·액티비티,36.67218,127.20859,90,09:00–18:00 · 유료,반달곰과 정원을 함께 둔 수목원.,An arboretum kept together with moon bears.,,,N,N,N,,N,N,Y,,,,,,,세종시 전동면 신송로 217 구글 지오코딩,Google geocoding: 세종시 전동면 신송로 217
nax692,nation,전국,세종,Sejong,,고복자연공원,Gobok Nature Park,,,heal,힐링·생태·체험,36.60036,127.22781,60,상시 개방 · 무료,저수지를 두른 산책 공원.,A walking park around a reservoir.,,,N,N,N,,N,N,Y,,,,,,,세종시 연서면 용암리 구글 지오코딩,Google geocoding: 세종시 연서면 용암리
nax701,nation,전국,서울,Seoul,,서울숲,Seoul Forest,首尔林,ソウルの森,heal,힐링·생태·체험,37.54439,127.03744,80,상시 개방 · 무료,옛 경마장 자리에 만든 숲 공원. 사슴방사장이 있다.,"A forest park on the old racecourse grounds, with a deer paddock.",,,Y,N,N,,N,N,Y,,,,,,,성동구 뚝섬로 273 구글 지오코딩,Google geocoding: 성동구 뚝섬로 273
nax702,nation,전국,서울,Seoul,,청와대,Cheong Wa Dae,,,herit,문화유산·전통체험,37.58661,126.97481,90,09:00–18:00 · 화 휴관 · 예약제,2022년 개방된 옛 대통령 관저.,"The former presidential residence, opened to the public in 2022.",,,Y,N,N,,N,N,Y,,,,,,,종로구 청와대로 1 구글 지오코딩,Google geocoding: 종로구 청와대로 1
nax703,nation,전국,서울,Seoul,,북서울꿈의숲,Dream Forest,,,heal,힐링·생태·체험,37.62143,127.04062,70,상시 개방 · 전망대 10:00–18:00,전망대와 미술관을 둔 강북 최대 공원.,"The largest park north of the river, with a lookout and gallery.",,,N,N,N,,N,N,Y,,,,,,,강북구 월계로 173 구글 지오코딩,Google geocoding: 강북구 월계로 173
nax704,nation,전국,서울,Seoul,,서울대공원,Seoul Grand Park,,,activity,테마파크·액티비티,37.53848,127.08229,180,09:00–18:00 · 유료,"동물원과 식물원, 둘레길을 갖춘 공원.","A park of zoo, botanical garden and ridge trails.",,,Y,N,N,,N,N,Y,,,,,,,과천시 대공원광장로 102 구글 지오코딩,Google geocoding: 과천시 대공원광장로 102
nax705,nation,전국,서울,Seoul,,서울랜드,Seoul Land,,,activity,테마파크·액티비티,37.53034,127.11388,180,10:00–18:00 · 유료,대공원 옆 놀이공원.,An amusement park beside the Grand Park.,,,Y,N,N,,N,N,Y,,,,,,,과천시 광명로 181 구글 지오코딩,Google geocoding: 과천시 광명로 181
nax706,nation,전국,서울,Seoul,,잠실야구장,Jamsil Baseball Stadium,蚕室棒球场,蚕室野球場,activity,테마파크·액티비티,37.51207,127.07183,180,경기일 상이 · 유료,두산·LG의 홈구장.,Home ground of the Doosan and LG clubs.,,,N,N,N,,N,N,Y,,,,,,,송파구 올림픽로 25 구글 지오코딩,Google geocoding: 송파구 올림픽로 25
nax707,nation,전국,서울,Seoul,,고척스카이돔,Gocheok Sky Dome,,,activity,테마파크·액티비티,37.49806,126.86706,180,경기일 상이 · 유료,국내 유일의 돔 야구장.,The only domed baseball stadium in Korea.,,,N,N,N,,N,N,Y,,,,,,,구로구 경인로 430 구글 지오코딩,Google geocoding: 구로구 경인로 430
nax708,nation,전국,서울,Seoul,,길상사,Gilsangsa Temple,吉祥寺（首尔）,吉祥寺（ソウル）,herit,문화유산·전통체험,37.59885,126.99435,60,04:00–20:00 · 무료,요정 자리를 절로 고친 성북동의 도량.,A Seongbuk-dong temple converted from a former restaurant house.,,,N,N,N,,N,N,Y,,,,,,,성북구 선잠로5길 68 구글 지오코딩,Google geocoding: 성북구 선잠로5길 68
nax709,nation,전국,서울,Seoul,,아차산,Achasan,,,heal,힐링·생태·체험,37.57151,127.10376,110,상시 개방 · 무료,한강과 강동을 내려다보는 능선. 고구려 보루가 남았다.,"A ridge over the river, keeping Goguryeo fort remains.",,,N,N,N,,N,N,Y,,,,,,,광진구 광장동 구글 지오코딩,Google geocoding: 광진구 광장동
nax710,nation,전국,서울,Seoul,,세빛섬,Some Sevit,三岛(some sevit),セビッソム,activity,테마파크·액티비티,37.51168,126.99472,60,10:00–22:00 · 시설별 상이,반포한강공원의 인공섬 문화시설.,Floating island venues on the Banpo Han River park.,,,N,N,N,,N,N,Y,,,,,,,서초구 올림픽대로 683 구글 지오코딩,Google geocoding: 서초구 올림픽대로 683
nax711,nation,전국,서울,Seoul,,더현대 서울,The Hyundai Seoul,Africa眼镜 现代百货店THE HYUNDAI首尔店,現代百貨店・現代ソウル,food,로컬상권·먹거리,37.52605,126.9283,120,10:30–20:00,실내 정원을 둔 여의도 백화점.,A Yeouido department store built around an indoor garden.,,,N,N,N,,N,N,Y,,,,,,,영등포구 여의대로 108 구글 지오코딩,Google geocoding: 영등포구 여의대로 108
nax712,nation,전국,서울,Seoul,,국립항공박물관,National Aviation Museum,,,activity,테마파크·액티비티,37.55676,126.80847,80,10:00–18:00 · 월 휴관 · 유료,김포공항 옆 항공 역사 박물관.,An aviation history museum beside Gimpo Airport.,,,N,N,N,,N,N,Y,,,,,,,강서구 하늘길 177 구글 지오코딩,Google geocoding: 강서구 하늘길 177
nax713,nation,전국,서울,Seoul,,문래동 창작촌,Mullae Art Village,,,activity,테마파크·액티비티,37.51664,126.8915,60,상시 · 상점별 상이,철공소 골목에 들어선 작업실과 카페.,Studios and cafés among the metal workshops.,,,N,N,N,,N,N,Y,,,,,,,영등포구 문래동3가 구글 지오코딩,Google geocoding: 영등포구 문래동3가
nax714,nation,전국,서울,Seoul,,응봉산 팔각정,Eungbongsan Pavilion,,鷹峰山（ソウル）,heal,힐링·생태·체험,37.5478,127.02989,50,상시 개방 · 무료,개나리와 한강 야경으로 알려진 전망 정자.,A lookout pavilion known for forsythia and the river at night.,,,N,N,N,,N,N,Y,,,,,,,성동구 응봉동 산10-1 구글 지오코딩,Google geocoding: 성동구 응봉동 산10-1
nax715,nation,전국,인천,Incheon,,석모도 미네랄온천,Seongmodo Mineral Spa,,,heal,힐링·생태·체험,37.6856,126.31196,110,08:00–21:00 · 유료,바다를 보며 몸을 담그는 노천 온천.,An open-air spring looking out to sea.,,,N,N,N,,N,N,Y,,,,,,,강화군 삼산면 삼산남로 865-17 구글 지오코딩,Google geocoding: 강화군 삼산면 삼산남로 865-17
nax716,nation,전국,인천,Incheon,,교동도 대룡시장,Daeryong Market,,,herit,문화유산·전통체험,37.78212,126.27948,60,09:00–18:00 · 점포별 상이,실향민이 세운 1960년대 골목시장.,A 1960s alley market built by war refugees.,,,N,N,N,,N,N,Y,,,,,,,강화군 교동면 대룡안길 구글 지오코딩,Google geocoding: 강화군 교동면 대룡안길
nax717,nation,전국,인천,Incheon,,송도 트리플스트리트,Triple Street Songdo,大创 松岛Tiple Street店,DAISO（ダイソー）・ソンド（松島）トリプルストリート店,food,로컬상권·먹거리,37.37865,126.66275,90,10:30–22:00,거리형 복합 쇼핑몰.,An open-street shopping complex.,,,N,N,N,,N,N,Y,,,,,,,연수구 송도과학로16번길 33-3 구글 지오코딩,Google geocoding: 연수구 송도과학로16번길 33-3
nax718,nation,전국,수원,Suwon,,창룡문,Changnyongmun Gate,,,herit,문화유산·전통체험,37.2878,127.02515,40,상시 개방 · 무료,화성의 동쪽 성문. 활쏘기 체험장이 붙어 있다.,"The east gate of the fortress, with an archery ground beside it.",,,N,N,N,수원시 관광특구 (2016 지정),N,N,Y,,,,,,,수원시 팔달구 창룡대로 구글 지오코딩,Google geocoding: 수원시 팔달구 창룡대로
nax719,nation,전국,수원,Suwon,,수원 남문시장,Nammun Market,,,food,로컬상권·먹거리,37.27717,127.0186,60,09:00–21:00 · 점포별 상이,팔달문을 둘러싼 아홉 개 시장 거리.,Nine market streets wrapped around the Paldalmun gate.,,,N,N,N,수원시 관광특구 (2016 지정),N,N,Y,,,,,,,수원시 팔달구 팔달로2가 구글 지오코딩,Google geocoding: 수원시 팔달구 팔달로2가
nax720,nation,전국,수원,Suwon,,수원 KT위즈파크,KT Wiz Park,,,activity,테마파크·액티비티,37.29976,127.00967,180,경기일 상이 · 유료,KT 위즈의 홈 야구장.,Home ground of the KT Wiz.,,,N,N,N,,N,N,Y,,,,,,,수원시 장안구 경수대로 893 구글 지오코딩,Google geocoding: 수원시 장안구 경수대로 893
nax721,nation,전국,수원,Suwon,,광교산,Gwanggyosan,,,heal,힐링·생태·체험,37.32804,127.01508,150,상시 개방 · 무료,수원 북쪽의 산. 형제봉 능선을 걷는다.,"The mountain north of the city, walked along the Hyeongjebong ridge.",,,N,N,N,,N,N,Y,,,,,,,수원시 장안구 광교산로 구글 지오코딩,Google geocoding: 수원시 장안구 광교산로
nax722,nation,전국,고양,Goyang,,서오릉,Seooreung Royal Tombs,高阳西五陵,高陽西五陵,herit,문화유산·전통체험,37.62348,126.90074,80,09:00–18:00 · 월 휴관 · 유료,조선 왕릉 다섯 기. 유네스코 세계유산이다.,"Five Joseon royal tombs, a UNESCO World Heritage site.",,,N,Y,N,,N,N,Y,,,,,,,고양시 덕양구 서오릉로 334-32 구글 지오코딩,Google geocoding: 고양시 덕양구 서오릉로 334-32
nax723,nation,전국,고양,Goyang,,원마운트,One Mount,Onemount水上乐园,ワンマウントウォーターパーク,activity,테마파크·액티비티,37.66446,126.75448,150,10:00–19:00 · 유료,워터파크와 스노우파크를 갖춘 복합시설.,A complex of water park and snow park.,,,N,N,N,,N,N,Y,,,,,,,고양시 일산서구 한류월드로 300 구글 지오코딩,Google geocoding: 고양시 일산서구 한류월드로 300
nax724,nation,전국,용인,Yongin,,캐리비안베이,Caribbean Bay,,カリビアンベイ,activity,테마파크·액티비티,37.29773,127.20037,240,10:00–18:00 · 유료,에버랜드에 붙은 대형 워터파크.,A large water park attached to Everland.,,,Y,N,N,,N,N,Y,,,,,,,용인시 처인구 포곡읍 에버랜드로 199 구글 지오코딩,Google geocoding: 용인시 처인구 포곡읍 에버랜드로 199
nax725,nation,전국,용인,Yongin,,와우정사,Wawoo Temple,卧牛精舍（龙仁）,臥牛精舎（龍仁）,herit,문화유산·전통체험,37.19358,127.27847,60,05:00–20:00 · 무료,거대한 와불과 불두가 있는 절.,A temple of a giant reclining Buddha and stone head.,,,N,N,N,,N,N,Y,,,,,,,용인시 처인구 해곡로 25-15 구글 지오코딩,Google geocoding: 용인시 처인구 해곡로 25-15
nax726,nation,전국,파주,Paju,,감악산 출렁다리,Gamaksan Suspension Bridge,绀岳山吊桥,紺岳山吊橋,activity,테마파크·액티비티,37.93779,126.94708,80,상시 개방 · 무료,산 계곡을 건너는 150m 흔들다리.,A 150 m swaying bridge across a mountain gorge.,,,N,N,N,,N,N,Y,,,,,,,파주시 적성면 설마리 구글 지오코딩,Google geocoding: 파주시 적성면 설마리
nax727,nation,전국,파주,Paju,,오두산 통일전망대,Odusan Unification Observatory,乌头山统一眺望台,烏頭山統一展望台,herit,문화유산·전통체험,37.77312,126.67722,70,09:00–17:00 · 유료,한강과 임진강이 만나는 곳에서 북녘을 본다.,A lookout to the North where the Han and Imjin meet.,,,N,N,N,,N,N,Y,,,,,,,파주시 탄현면 필승로 369 구글 지오코딩,Google geocoding: 파주시 탄현면 필승로 369
nax728,nation,전국,파주,Paju,,벽초지수목원,Byeokchoji Garden,碧草池树木园,碧草池樹木園,heal,힐링·생태·체험,37.80104,126.87367,90,09:00–18:00 · 유료,연못과 유럽식 정원을 둔 수목원.,An arboretum of ponds and European-style gardens.,,,N,N,N,,N,N,Y,,,,,,,파주시 광탄면 부흥로 242 구글 지오코딩,Google geocoding: 파주시 광탄면 부흥로 242
nax729,nation,전국,가평,Gapyeong,,에델바이스 스위스테마파크,Edelweiss Swiss Theme Park,Edelweiss瑞士主题公园,エーデルワイススイステーマパーク,activity,테마파크·액티비티,37.66778,127.44741,70,09:00–18:00 · 유료,스위스 마을을 재현한 테마파크.,A theme park recreating a Swiss village.,,,N,N,N,,N,N,Y,,,,,,,가평군 설악면 다락재로 226-33 구글 지오코딩,Google geocoding: 가평군 설악면 다락재로 226-33
nax730,nation,전국,가평,Gapyeong,,청평호반,Cheongpyeong Lake,,,heal,힐링·생태·체험,37.7085,127.45536,60,상시 · 수상레저 유료,수상레저로 붐비는 북한강 호반.,A stretch of the river busy with water sports.,,,N,N,N,,N,N,Y,,,,,,,가평군 청평면 호반로 구글 지오코딩,Google geocoding: 가평군 청평면 호반로
nax731,nation,전국,포천,Pocheon,,비둘기낭폭포,Bidulginang Falls,鸽子窝瀑布,ピドゥルギナン瀑布（漢灘江地質公園）,heal,힐링·생태·체험,38.07991,127.2171,50,09:00–18:00 · 무료,현무암 협곡 안의 폭포. 천연기념물이다.,"A waterfall in a basalt gorge, a natural monument.",,,N,N,N,,N,N,Y,,,,,,,포천시 영북면 대회산리 구글 지오코딩,Google geocoding: 포천시 영북면 대회산리
nax732,nation,전국,포천,Pocheon,,한탄강 하늘다리,Hantan River Sky Bridge,,,activity,테마파크·액티비티,38.08439,127.21791,50,09:00–18:00 · 무료,협곡 위를 건너는 200m 현수교.,A 200 m suspension bridge over the gorge.,,,N,N,N,,N,N,Y,,,,,,,포천시 영북면 비둘기낭길 구글 지오코딩,Google geocoding: 포천시 영북면 비둘기낭길
nax733,nation,전국,포천,Pocheon,,평강랜드,Pyeonggang Botanical Garden,,,heal,힐링·생태·체험,38.05072,127.30297,90,09:00–18:00 · 유료,고산 습지원과 암석원을 둔 정원.,A garden of alpine wetland and rock gardens.,,,N,N,N,,N,N,Y,,,,,,,포천시 영북면 우물목길 210-89 구글 지오코딩,Google geocoding: 포천시 영북면 우물목길 210-89
nax734,nation,전국,춘천,Chuncheon,,강촌레일파크,Gangchon Rail Park,江村铁路公园车(金裕贞铁路自行车),江村レールパーク（金裕貞レールバイク）,activity,테마파크·액티비티,37.81694,127.71336,90,09:00–17:30 · 유료,폐선을 달리는 레일바이크.,Rail bikes running on the disused line.,,,N,N,N,,N,N,Y,,,,,,,춘천시 신동면 김유정로 1383 구글 지오코딩,Google geocoding: 춘천시 신동면 김유정로 1383
nax735,nation,전국,춘천,Chuncheon,,제이드가든,Jade Garden,,ジェイドガーデン,heal,힐링·생태·체험,37.833,127.54159,90,09:00–18:00 · 유료,숲속에 조성한 유럽식 수목원.,A European-style arboretum set in the woods.,,,N,N,N,,N,N,Y,,,,,,,춘천시 남산면 햇골길 80 구글 지오코딩,Google geocoding: 춘천시 남산면 햇골길 80
nax736,nation,전국,춘천,Chuncheon,,구곡폭포,Gugok Falls,,九曲滝,heal,힐링·생태·체험,37.79222,127.60917,60,09:00–18:00 · 유료,아홉 굽이를 돌아 떨어지는 폭포.,A waterfall dropping at the end of nine bends.,,,N,N,N,,N,N,Y,,,,,,,춘천시 남산면 구곡길 254 구글 지오코딩,Google geocoding: 춘천시 남산면 구곡길 254
nax737,nation,전국,춘천,Chuncheon,,애니메이션박물관,Animation Museum,春川动漫博物馆&玩具机器人馆,春川アニメーション博物館＆トイロボット館,activity,테마파크·액티비티,37.89304,127.69193,70,10:00–18:00 · 월 휴관 · 유료,국내 유일의 애니메이션 종합 박물관.,The only comprehensive animation museum in Korea.,,,N,N,N,,N,N,Y,,,,,,,춘천시 서면 박사로 854 구글 지오코딩,Google geocoding: 춘천시 서면 박사로 854
nax738,nation,전국,강릉,Gangneung,,하슬라아트월드,Haslla Art World,,,activity,테마파크·액티비티,37.70651,129.00991,110,09:00–18:00 · 유료,바다를 낀 조각공원과 미술관.,A sculpture park and museum on the sea cliffs.,,,N,N,N,,N,N,Y,,,,,,,강릉시 강동면 율곡로 1441 구글 지오코딩,Google geocoding: 강릉시 강동면 율곡로 1441
nax739,nation,전국,강릉,Gangneung,,정동심곡 바다부채길,Badabuchae-gil Trail,,,sea,해양·자연경관,37.66717,129.05514,90,09:00–16:30 · 유료,해안 단구를 따라 걷는 탐방로.,A trail along the uplifted marine terrace.,,,Y,N,N,,N,N,Y,,,,,,,강릉시 강동면 헌화로 950-39 구글 지오코딩,Google geocoding: 강릉시 강동면 헌화로 950-39
nax740,nation,전국,강릉,Gangneung,,안반데기,Anbandegi,案板丘,アンバンデギ,heal,힐링·생태·체험,37.62281,128.73608,80,상시 개방 · 무료,해발 1100m 고랭지 배추밭과 은하수 촬영지.,"High-altitude cabbage fields at 1,100 m, a night-sky photography spot.",,,N,N,N,,N,N,Y,,,,,,,강릉시 왕산면 안반데기길 구글 지오코딩,Google geocoding: 강릉시 왕산면 안반데기길
nax741,nation,전국,강릉,Gangneung,,솔향수목원,Solhyang Arboretum,江陵松香树木园,江陵ソルヒャン樹木園,heal,힐링·생태·체험,37.6973,128.86155,70,09:00–18:00 · 무료,금강소나무를 모은 수목원.,An arboretum of Korean red pines.,,,N,N,Y,,N,N,Y,,,,,,,강릉시 구정면 수목원길 156 구글 지오코딩,Google geocoding: 강릉시 구정면 수목원길 156
nax742,nation,전국,강릉,Gangneung,,강릉커피박물관,Gangneung Coffee Museum,,,food,로컬상권·먹거리,37.65225,128.78496,60,09:00–18:00 · 유료,커피 도시 강릉의 역사·기구 전시관.,A museum of coffee history and equipment in the coffee city.,,,N,N,N,,N,N,Y,,,,,,,강릉시 왕산면 왕산로 2171-19 구글 지오코딩,Google geocoding: 강릉시 왕산면 왕산로 2171-19
nax743,nation,전국,속초,Sokcho,,흔들바위·울산바위,Heundeulbawi & Ulsanbawi,,,heal,힐링·생태·체험,38.18999,128.47498,150,05:00–일몰 · 국립공원 입장,설악산 바위 능선으로 오르는 대표 등산로.,The main climb onto the rock ridges of Seoraksan.,,,N,N,N,,N,N,Y,,,,,,,속초시 설악산로 구글 지오코딩,Google geocoding: 속초시 설악산로
nax744,nation,전국,속초,Sokcho,,영랑호 범바위,Yeongnangho Beombawi,永郎湖,永郞湖,heal,힐링·생태·체험,38.21447,128.57579,50,상시 개방 · 무료,석호를 두른 둘레길과 호수 위 부교.,A lagoon trail with a floating walkway over the water.,,,N,N,N,,N,N,Y,,,,,,,속초시 영랑동 구글 지오코딩,Google geocoding: 속초시 영랑동
nax745,nation,전국,속초,Sokcho,,척산온천,Cheoksan Hot Spring,,,heal,힐링·생태·체험,38.18707,128.54372,110,06:00–20:00 · 유료,설악산 자락의 온천 휴양지.,A hot spring resort at the foot of Seoraksan.,,,N,N,N,,N,N,Y,,,,,,,속초시 관광로 419 구글 지오코딩,Google geocoding: 속초시 관광로 419
nax746,nation,전국,평창,Pyeongchang,,대관령 삼양목장,Samyang Ranch,,,heal,힐링·생태·체험,37.7212,128.71971,110,09:00–17:00 · 유료,풍력발전기가 선 초원 목장.,A grassland ranch under the wind turbines.,,,N,N,N,,N,N,Y,,,,,,,평창군 대관령면 꽃밭양지길 708-9 구글 지오코딩,Google geocoding: 평창군 대관령면 꽃밭양지길 708-9
nax747,nation,전국,평창,Pyeongchang,,육백마지기,Yukbaengmajigi,,,heal,힐링·생태·체험,37.40301,128.5132,80,상시 개방 · 무료,해발 1256m 청옥산 정상의 들꽃 평원.,"A wildflower plateau at the 1,256 m summit of Cheongoksan.",,,N,N,N,,N,N,Y,,,,,,,평창군 미탄면 청옥산길 구글 지오코딩,Google geocoding: 평창군 미탄면 청옥산길
nax748,nation,전국,평창,Pyeongchang,,허브나라농원,Herbnara Farm,香草世界农园,ハーブの国農園,heal,힐링·생태·체험,37.63595,128.34259,80,09:00–18:00 · 유료,흥정계곡을 낀 허브 정원.,A herb garden along the Heungjeong valley.,,,N,N,N,,N,N,Y,,,,,,,평창군 봉평면 흥정계곡길 225 구글 지오코딩,Google geocoding: 평창군 봉평면 흥정계곡길 225
nax761,nation,전국,부산,Busan,,황령산 봉수대,Hwangnyeongsan Beacon,荒岭山,荒嶺山展望台,heal,힐링·생태·체험,35.1571,129.08208,60,상시 개방 · 무료,부산 전역과 광안대교가 보이는 야경 전망대.,A night-view lookout over the whole city and the Gwangan Bridge.,,,N,N,N,,N,N,Y,,,,,,,부산진구 전포동 산50-1 구글 지오코딩,Google geocoding: 부산진구 전포동 산50-1
nax762,nation,전국,부산,Busan,,송상현광장,Songsanghyeon Square,,,heal,힐링·생태·체험,35.16415,129.06481,40,상시 개방 · 무료,도심 대로 한가운데의 띠 모양 광장.,A ribbon of square laid down the middle of the city avenue.,,,N,N,N,,N,N,Y,,,,,,,부산진구 중앙대로 782 구글 지오코딩,Google geocoding: 부산진구 중앙대로 782
nax763,nation,전국,부산,Busan,,다대포해수욕장,Dadaepo Beach,,,sea,해양·자연경관,35.0469,128.96624,80,상시 개방 · 분수 여름,낙동강 하구의 얕은 해변. 꿈의낙조분수가 있다.,"A shallow beach at the Nakdong estuary, with the sunset fountain.",,,N,N,N,,N,N,Y,,,,,,,사하구 몰운대1길 14 구글 지오코딩,Google geocoding: 사하구 몰운대1길 14
nax764,nation,전국,부산,Busan,,임랑해수욕장,Imnang Beach,,,sea,해양·자연경관,35.31634,129.26235,60,상시 개방 · 해수욕 7–8월,솔숲을 낀 기장 북쪽 해변.,A pine-backed beach in northern Gijang.,,,N,N,N,,N,N,Y,,,,,,,기장군 장안읍 임랑리 구글 지오코딩,Google geocoding: 기장군 장안읍 임랑리
nax765,nation,전국,부산,Busan,,아난티 코브,Ananti Cove,,,heal,힐링·생태·체험,35.20058,129.22929,90,시설별 상이 · 유료,해안 절벽에 선 리조트와 서점·온천.,A cliffside resort with a bookshop and hot spring.,,,N,N,N,기장군 관광단지 (2011 지정),N,N,Y,,,,,,,기장군 기장읍 기장해안로 268-32 구글 지오코딩,Google geocoding: 기장군 기장읍 기장해안로 268-32
nax766,nation,전국,대구,Daegu,,대구 근대골목,Modern History Alley,,,herit,문화유산·전통체험,35.86543,128.591,80,상시 개방 · 무료,청라언덕과 계산성당을 잇는 근대 골목 코스.,A walking course of modern-era alleys from Cheongna Hill to Gyesan Cathedral.,,,N,N,Y,,N,N,Y,,,,,,,중구 서성로 20 구글 지오코딩,Google geocoding: 중구 서성로 20
nax767,nation,전국,대구,Daegu,,서문시장 야시장,Seomun Night Market,,,food,로컬상권·먹거리,35.86855,128.58026,70,19:00–23:30 · 계절별 상이,80여 매대가 서는 대구의 야시장.,A night market of some eighty stalls.,,,N,N,N,,N,N,Y,,,,,,,중구 큰장로26길 45 구글 지오코딩,Google geocoding: 중구 큰장로26길 45
nax768,nation,전국,대구,Daegu,,팔공산 갓바위,Gatbawi Buddha,,,herit,문화유산·전통체험,35.98164,128.7365,120,상시 개방 · 무료,소원 하나는 들어준다는 산 정상의 석불.,A hilltop stone Buddha said to grant one wish.,,,N,N,N,,N,N,Y,,,,,,,경산시 와촌면 갓바위로 구글 지오코딩,Google geocoding: 경산시 와촌면 갓바위로
nax769,nation,전국,대구,Daegu,,아양기찻길,Ayang Rail Bridge,,,activity,테마파크·액티비티,35.89031,128.63835,40,상시 개방 · 무료,폐철교를 고친 전망 보행교와 갤러리.,A disused rail bridge turned walkway and gallery.,,,N,N,N,,N,N,Y,,,,,,,동구 효동로2길 73 구글 지오코딩,Google geocoding: 동구 효동로2길 73
nax770,nation,전국,대구,Daegu,,스파밸리,Spa Valley,Spavalley度假村,リゾート・スパバレー,heal,힐링·생태·체험,35.78806,128.63545,150,09:00–19:00 · 유료,온천과 워터파크를 함께 둔 시설.,A hot spring and water park together.,,,N,N,N,,N,N,Y,,,,,,,달성군 가창면 온천1길 71 구글 지오코딩,Google geocoding: 달성군 가창면 온천1길 71
nax771,nation,전국,경주,Gyeongju,,골굴사,Golgulsa Temple,,,herit,문화유산·전통체험,35.80304,129.40554,70,08:00–18:00 · 유료,바위굴에 새긴 마애불. 선무도로 알려져 있다.,"A cliff-carved Buddha in rock caves, known for Sunmudo martial arts.",,,N,N,N,,N,N,Y,,,,,,,경주시 문무대왕면 기림로 101-5 구글 지오코딩,Google geocoding: 경주시 문무대왕면 기림로 101-5
nax772,nation,전국,경주,Gyeongju,,기림사,Girimsa Temple,,祗林寺,herit,문화유산·전통체험,35.83795,129.40345,70,08:00–18:00 · 유료,함월산 자락의 신라 고찰.,A Silla temple on the slopes of Hamwolsan.,,,N,N,N,,N,N,Y,,,,,,,경주시 문무대왕면 기림로 437-17 구글 지오코딩,Google geocoding: 경주시 문무대왕면 기림로 437-17
nax773,nation,전국,경주,Gyeongju,,양남 주상절리 파도소리길,Yangnam Columnar Joint Trail,,,sea,해양·자연경관,35.68987,129.47494,60,상시 개방 · 무료,부채꼴 주상절리를 따라 걷는 해안길.,A coastal walk along the fan-shaped columnar joints.,,,N,N,N,,N,N,Y,,,,,,,경주시 양남면 read동해안로 구글 지오코딩,Google geocoding: 경주시 양남면 read동해안로
nax774,nation,전국,울산,Ulsan,,십리대숲,Simni Bamboo Grove,太和江国家园林十里竹林（银河道）,太和江国家庭園 十里竹林（天の川の道）,heal,힐링·생태·체험,35.54612,129.29564,70,상시 개방 · 무료,태화강을 따라 4km 이어지는 대숲길.,A four-kilometre bamboo path along the Taehwa River.,,,N,N,Y,,N,N,Y,,,,,,,중구 태화강 국가정원 구글 지오코딩,Google geocoding: 중구 태화강 국가정원
nax775,nation,전국,울산,Ulsan,,슬도,Seuldo Island,瑟岛,瑟島,sea,해양·자연경관,35.46667,129.43333,50,상시 개방 · 무료,파도 소리가 거문고 같다는 방파제 섬.,A breakwater islet whose waves are said to sound like a zither.,,,N,N,N,,N,N,Y,,,,,,,동구 방어동 구글 지오코딩,Google geocoding: 동구 방어동
nax776,nation,전국,울산,Ulsan,,강동 몽돌해변,Gangdong Pebble Beach,江东鹅卵石海边,,sea,해양·자연경관,35.6301,129.44117,50,상시 개방 · 무료,자갈이 구르는 소리로 알려진 해변.,A beach known for the sound of its rolling pebbles.,,,N,N,N,,N,N,Y,,,,,,,북구 산하동 구글 지오코딩,Google geocoding: 북구 산하동
nax777,nation,전국,창원,Changwon,,저도 콰이강의다리,Jeodo Skywalk Bridge,,,activity,테마파크·액티비티,35.06669,128.56245,50,09:00–18:00 · 무료,바다를 건너는 유리 바닥 보행교.,A glass-floored footbridge across the strait.,,,N,N,N,,N,N,Y,,,,,,,창원시 마산합포구 구산면 해양관광로 1872 구글 지오코딩,Google geocoding: 창원시 마산합포구 구산면 해양관광로 1872
nax778,nation,전국,창원,Changwon,,진해해양공원,Jinhae Maritime Park,,,sea,해양·자연경관,35.09244,128.71973,80,09:00–18:00 · 유료,솔라타워와 짚트랙을 둔 해양공원.,A maritime park with a solar tower and zip line.,,,N,N,N,,N,N,Y,,,,,,,창원시 진해구 명동로 62 구글 지오코딩,Google geocoding: 창원시 진해구 명동로 62
nax779,nation,전국,창원,Changwon,,마산해양드라마세트장,Masan Drama Set,海洋电视剧片场《逆贼》拍摄地,海洋ドラマセット『逆賊』ロケ地,activity,테마파크·액티비티,35.10991,128.54133,50,09:00–18:00 · 무료,삼국지 촬영을 위해 지은 바닷가 세트장.,A seaside film set built for a Three Kingdoms drama.,,,N,N,N,,N,N,Y,,,,,,,창원시 마산합포구 가포로 250 구글 지오코딩,Google geocoding: 창원시 마산합포구 가포로 250
nax780,nation,전국,통영,Tongyeong,,소매물도,Somaemuldo,小每勿岛,小毎勿島,sea,해양·자연경관,34.62708,128.55057,240,여객선 시간 확인 · 유료,등대섬으로 건너는 물길이 열리는 섬.,An island where a tidal path opens to its lighthouse islet.,,,N,N,N,,N,N,Y,,,,,,,통영시 한산면 매죽리 구글 지오코딩,Google geocoding: 통영시 한산면 매죽리
nax781,nation,전국,통영,Tongyeong,,연화도,Yeonhwado,莲花岛（统营）,蓮花島（統営）,sea,해양·자연경관,34.64522,128.35972,180,여객선 시간 확인 · 유료,절벽 능선과 용머리 해안으로 알려진 섬.,An island of cliff ridges and the Yongmeori shore.,,,N,N,N,,N,N,Y,,,,,,,통영시 욕지면 연화리 구글 지오코딩,Google geocoding: 통영시 욕지면 연화리
nax782,nation,전국,통영,Tongyeong,,사량도,Saryangdo,,,heal,힐링·생태·체험,34.84941,128.19729,240,여객선 시간 확인 · 유료,지리산 능선 종주로 알려진 섬.,An island known for its ridge traverse.,,,N,N,N,,N,N,Y,,,,,,,통영시 사량면 구글 지오코딩,Google geocoding: 통영시 사량면
nax783,nation,전국,거제,Geoje,,공곶이,Gonggoji,,,heal,힐링·생태·체험,34.79976,128.71521,80,상시 개방 · 무료,수선화가 덮는 바닷가 계단 농원.,A terraced seaside farm covered in daffodils.,,,N,N,N,,N,N,Y,,,,,,,거제시 일운면 와현리 구글 지오코딩,Google geocoding: 거제시 일운면 와현리
nax784,nation,전국,거제,Geoje,,근포동굴,Geunpo Cave,,,activity,테마파크·액티비티,34.72292,128.59076,40,상시 개방 · 무료,일제강점기에 판 굴. 바다로 난 프레임이 된다.,A wartime-dug tunnel that frames the sea.,,,N,N,N,,N,N,Y,,,,,,,거제시 남부면 근포마을 구글 지오코딩,Google geocoding: 거제시 남부면 근포마을
nax785,nation,전국,거제,Geoje,,여차몽돌해변,Yeocha Pebble Beach,,,sea,해양·자연경관,34.77175,128.63949,50,상시 개방 · 무료,해안도로 끝의 몽돌 해변.,A pebble beach at the end of the coast road.,,,N,N,N,,N,N,Y,,,,,,,거제시 남부면 여차길 구글 지오코딩,Google geocoding: 거제시 남부면 여차길
nax786,nation,전국,전주,Jeonju,,완산칠봉 꽃동산,Wansan Chilbong Flower Hill,,,heal,힐링·생태·체험,35.80896,127.14688,60,상시 개방 · 겹벚꽃 4월,겹벚꽃과 철쭉으로 덮이는 봄 언덕.,A spring hill covered in double cherry blossom and azalea.,,,N,N,N,,N,N,Y,,,,,,,완산구 곤지산길 구글 지오코딩,Google geocoding: 완산구 곤지산길
nax787,nation,전국,전주,Jeonju,,아중호수,Ajung Lake,牙中湖,牙中湖,heal,힐링·생태·체험,35.82196,127.17738,50,상시 개방 · 무료,둘레길과 카페가 늘어선 도심 호수.,A city lake ringed by a path and cafés.,,,N,N,N,,N,N,Y,,,,,,,덕진구 우아동 구글 지오코딩,Google geocoding: 덕진구 우아동
nax788,nation,전국,전주,Jeonju,,치명자산성지,Chimyeongjasan Holy Ground,,,herit,문화유산·전통체험,35.8085,127.16786,60,상시 개방 · 무료,순교자를 모신 언덕 성지. 전주 시내가 보인다.,A hilltop martyrs’ shrine looking over the city.,,,N,N,N,,N,N,Y,,,,,,,완산구 바람쐬는길 89 구글 지오코딩,Google geocoding: 완산구 바람쐬는길 89
nax789,nation,전국,광주,Gwangju,,국립 5·18 민주묘지,May 18 National Cemetery,,国立5·18民主墓地,herit,문화유산·전통체험,35.23534,126.94012,70,09:00–18:00 · 무료,1980년 희생자를 모신 국립묘지.,The national cemetery of those killed in 1980.,,,N,N,N,,N,N,Y,,,,,,,북구 민주로 200 구글 지오코딩,Google geocoding: 북구 민주로 200
nax790,nation,전국,광주,Gwangju,,사직공원 전망타워,Sajik Park Tower,,,heal,힐링·생태·체험,35.14185,126.91168,50,10:00–22:00 · 무료,무등산과 도심 야경이 보이는 전망대.,A lookout to Mudeungsan and the lit city.,,,N,N,N,,N,N,Y,,,,,,,남구 사직길 49 구글 지오코딩,Google geocoding: 남구 사직길 49
nax791,nation,전국,광주,Gwangju,,펭귄마을,Penguin Village,杨林洞企鹅村工艺一条街,楊林洞ペンギン村工芸通り,activity,테마파크·액티비티,35.14054,126.91756,50,상시 · 상점별 상이,고물로 꾸민 골목 예술마을.,An alley art village assembled from salvage.,,,N,N,N,,N,N,Y,,,,,,,남구 천변좌로446번길 7 구글 지오코딩,Google geocoding: 남구 천변좌로446번길 7
nax792,nation,전국,여수,Yeosu,,하화도 꽃섬,Hwahado Flower Island,,,sea,해양·자연경관,34.59342,127.61784,180,여객선 시간 확인 · 유료,야생화 둘레길이 도는 작은 섬.,A small island circled by a wildflower trail.,,,N,N,N,,N,N,Y,,,,,,,여수시 화정면 하화리 구글 지오코딩,Google geocoding: 여수시 화정면 하화리
nax793,nation,전국,여수,Yeosu,,고소동 천사벽화골목,Goso-dong Mural Alley,,,activity,테마파크·액티비티,34.73981,127.74067,50,상시 개방 · 무료,1004개 벽화가 이어지는 언덕 골목.,"A hill alley of 1,004 murals.",,,N,N,N,,N,N,Y,,,,,,,여수시 고소3길 구글 지오코딩,Google geocoding: 여수시 고소3길
nax794,nation,전국,여수,Yeosu,,만성리 검은모래해변,Manseong-ri Black Sand Beach,万成里黑沙海边,万聖里黒砂海辺,sea,해양·자연경관,34.77738,127.74489,50,상시 개방 · 해수욕 7–8월,검은 모래로 알려진 해변.,A beach known for its black sand.,,,N,N,N,,N,N,Y,,,,,,,여수시 만흥동 구글 지오코딩,Google geocoding: 여수시 만흥동
nax795,nation,전국,목포,Mokpo,,삼학도,Samhakdo,三鹤岛,三鶴島,heal,힐링·생태·체험,34.78297,126.39143,60,상시 개방 · 무료,김대중노벨평화상기념관이 있는 섬 공원.,An island park with the Kim Dae-jung Nobel Peace Prize hall.,,,N,N,N,,N,N,Y,,,,,,,목포시 삼학로 구글 지오코딩,Google geocoding: 목포시 삼학로
nax796,nation,전국,목포,Mokpo,,고하도 용머리,Gohado Yongmeori,,,sea,해양·자연경관,34.78514,126.35548,70,상시 개방 · 무료,해상 데크길과 전망대가 있는 섬 끝.,The island tip with a sea boardwalk and lookout.,,,N,N,N,,N,N,Y,,,,,,,목포시 달동 구글 지오코딩,Google geocoding: 목포시 달동
nax797,nation,전국,목포,Mokpo,,서산동 시화골목,Seosan-dong Poetry Alley,,,activity,테마파크·액티비티,34.78184,126.37714,50,상시 개방 · 무료,주민의 시와 그림이 붙은 계단 골목.,A stair alley hung with residents’ poems and paintings.,,,N,N,N,,N,N,Y,,,,,,,목포시 해안로127번길 구글 지오코딩,Google geocoding: 목포시 해안로127번길
nax798,nation,전국,순천,Suncheon,,송광사,Songgwangsa Temple,松广寺（顺天）,松広寺（順天）,herit,문화유산·전통체험,35.0003,127.2731,90,08:00–18:00 · 유료,승보종찰로 꼽히는 조계산의 절.,A Jogyesan temple counted as one of the three jewels.,,,N,N,N,,N,N,Y,,,,,,,순천시 송광면 송광사안길 100 구글 지오코딩,Google geocoding: 순천시 송광면 송광사안길 100
nax799,nation,전국,순천,Suncheon,,조계산,Jogyesan,,,heal,힐링·생태·체험,35.0025,127.31361,150,상시 개방 · 무료,선암사와 송광사를 잇는 산길.,A mountain path linking Seonamsa and Songgwangsa.,,,N,N,N,,N,N,Y,,,,,,,순천시 승주읍 구글 지오코딩,Google geocoding: 순천시 승주읍
nax800,nation,전국,순천,Suncheon,,뿌리깊은나무박물관,Deep-rooted Tree Museum,,順天市立プリキップンナム博物館,herit,문화유산·전통체험,34.90365,127.33986,50,09:00–18:00 · 유료,낙안읍성 옆 민속 유물 박물관.,A folk museum beside the Nagan walled town.,,,N,N,N,,N,N,Y,,,,,,,순천시 낙안면 평촌3길 45 구글 지오코딩,Google geocoding: 순천시 낙안면 평촌3길 45
nax801,nation,전국,제주,Jeju,,비자림로 삼나무길,Bijarim-ro Cedar Road,,,heal,힐링·생태·체험,33.47005,126.78635,40,상시 개방 · 무료,삼나무가 늘어선 드라이브 길.,A drive lined with cedar.,,,N,N,N,,N,N,Y,,,,,,,제주시 구좌읍 비자림로 구글 지오코딩,Google geocoding: 제주시 구좌읍 비자림로
nax802,nation,전국,제주,Jeju,,김녕 미로공원,Gimnyeong Maze Park,金宁迷宫公园,金寧迷路公園,activity,테마파크·액티비티,33.53688,126.77254,60,09:00–18:00 · 유료,랜디 서바이벌 정원 미로.,A hedge maze garden.,,,N,N,N,,N,N,Y,,,,,,,제주시 구좌읍 만장굴길 122 구글 지오코딩,Google geocoding: 제주시 구좌읍 만장굴길 122
nax803,nation,전국,제주,Jeju,,아쿠아플라넷 제주,Aquaplanet Jeju,Aquaplanet济州,アクアプラネット済州,activity,테마파크·액티비티,33.43278,126.92782,120,10:00–19:00 · 유료,국내 최대 규모의 아쿠아리움.,The largest aquarium in Korea.,,,N,N,N,서귀포시 관광단지 (2008 지정),N,N,Y,,,,,,,서귀포시 성산읍 섭지코지로 95 구글 지오코딩,Google geocoding: 서귀포시 성산읍 섭지코지로 95
nax804,nation,전국,제주,Jeju,,스누피가든,Snoopy Garden,史努比花园,スヌーピーガーデン,activity,테마파크·액티비티,33.4442,126.77831,90,09:00–19:00 · 유료,피너츠를 주제로 한 정원과 전시관.,A garden and exhibit themed on Peanuts.,,,N,N,N,,N,N,Y,,,,,,,제주시 구좌읍 금백조로 930 구글 지오코딩,Google geocoding: 제주시 구좌읍 금백조로 930
nax805,nation,전국,제주,Jeju,,함덕 서우봉,Seoubong Hill,,,heal,힐링·생태·체험,33.54332,126.66985,60,상시 개방 · 무료,함덕해변을 내려다보는 오름. 봄에 유채가 핀다.,"An oreum over Hamdeok beach, yellow with rape flowers in spring.",,,N,N,N,제주시 관광지 (2013 지정),N,N,Y,,,,,,,제주시 조천읍 함덕리 구글 지오코딩,Google geocoding: 제주시 조천읍 함덕리
nax821,nation,전국,안동,Andong,,봉정사,Bongjeongsa Temple,,,herit,문화유산·전통체험,36.65327,128.6629,80,08:00–18:00 · 유료,극락전이 남은 최고(最古) 목조건물. 유네스코 산사다.,"Keeping the oldest wooden hall in Korea, a UNESCO mountain temple.",,,N,Y,N,,N,N,Y,,,,,,,안동시 서후면 봉정사길 222 구글 지오코딩,Google geocoding: 안동시 서후면 봉정사길 222
nax822,nation,전국,안동,Andong,,만휴정,Manhyujeong,晚休亭,晩休亭,herit,문화유산·전통체험,36.41043,128.9098,40,상시 개방 · 무료,계곡 위 외나무다리로 건너는 정자.,A pavilion crossed by a single-log bridge over the stream.,,,N,N,N,,N,N,Y,,,,,,,안동시 길안면 묵계하리길 42 구글 지오코딩,Google geocoding: 안동시 길안면 묵계하리길 42
nax823,nation,전국,안동,Andong,,예끼마을,Yekki Village,艺路村,イェキ村,activity,테마파크·액티비티,36.69809,128.81263,60,상시 · 상점별 상이,수몰 마을에 들어선 벽화·공방 마을.,A mural and workshop village grown on a submerged settlement.,,,N,N,N,,N,N,Y,,,,,,,안동시 도산면 서부리 구글 지오코딩,Google geocoding: 안동시 도산면 서부리
nax824,nation,전국,경주,Gyeongju,,남산 삼릉,Namsan Samneung,,,herit,문화유산·전통체험,35.76806,129.22556,90,상시 개방 · 무료,솔숲에 든 신라 왕릉 셋. 남산 마애불로 오른다.,"Three Silla tombs in a pine wood, the way up to the Namsan carvings.",,,N,N,N,,N,N,Y,,,,,,,경주시 배동 산73 구글 지오코딩,Google geocoding: 경주시 배동 산73
nax825,nation,전국,경주,Gyeongju,,무장사지,Mujangsa Temple Site,,,herit,문화유산·전통체험,35.88278,129.36062,60,상시 개방 · 무료,계곡 깊이 남은 절터와 삼층석탑.,"A temple site deep in the valley, with its three-storey pagoda.",,,N,N,N,,N,N,Y,,,,,,,경주시 암곡동 구글 지오코딩,Google geocoding: 경주시 암곡동
nax826,nation,전국,경주,Gyeongju,,황남빵 본점,Hwangnam Bread,皇南饼,皇南パン,food,로컬상권·먹거리,35.84085,129.21368,30,08:00–22:00,1939년에 연 경주의 팥빵집.,"The Gyeongju red-bean bakery, open since 1939.",,,N,N,N,,N,N,Y,,,,,,,경주시 태종로 783 구글 지오코딩,Google geocoding: 경주시 태종로 783
nax827,nation,전국,포항,Pohang,,이가리 닻전망대,Igari Anchor Observatory,二加里船锚观景台,二加里いかり展望台,sea,해양·자연경관,36.18835,129.3799,50,09:00–18:00 · 무료,바다로 뻗은 닻 모양 전망대.,An anchor-shaped deck reaching out over the sea.,,,N,N,N,,N,N,Y,,,,,,,포항시 북구 청하면 이가리 구글 지오코딩,Google geocoding: 포항시 북구 청하면 이가리
nax828,nation,전국,포항,Pohang,,호미반도 해안둘레길,Homi Peninsula Trail,,,sea,해양·자연경관,36.01453,129.47807,120,상시 개방 · 무료,기암과 데크가 이어지는 해안 도보길.,A shore walk of rock formations and boardwalks.,,,N,N,N,,N,N,Y,,,,,,,포항시 남구 동해면 구글 지오코딩,Google geocoding: 포항시 남구 동해면
nax829,nation,전국,포항,Pohang,,오어사,Oeosa Temple,吾鱼寺（浦项）,吾魚寺（浦項）,heal,힐링·생태·체험,35.92632,129.36885,60,08:00–18:00 · 무료,저수지를 낀 절. 원효교가 놓여 있다.,"A temple on a reservoir, reached by the Wonhyo bridge.",,,N,N,N,,N,N,Y,,,,,,,포항시 남구 오천읍 오어로 1 구글 지오코딩,Google geocoding: 포항시 남구 오천읍 오어로 1
nax830,nation,전국,대전,Daejeon,,장태산자연휴양림,Jangtaesan Forest,壮泰山自然休养林,壮泰山自然休養林,heal,힐링·생태·체험,36.21872,127.34016,90,09:00–18:00 · 유료,메타세쿼이아 숲의 스카이웨이.,A skyway through a metasequoia forest.,,,Y,N,N,,N,N,Y,,,,,,,서구 장안로 461 구글 지오코딩,Google geocoding: 서구 장안로 461
nax831,nation,전국,대전,Daejeon,,수통골,Sutonggol Valley,鸡笼山水桶谷,鶏龍山ストンゴル,heal,힐링·생태·체험,36.34435,127.28793,80,상시 개방 · 무료,계룡산 국립공원 동쪽 계곡.,The eastern valley of Gyeryongsan National Park.,,,N,N,N,,N,N,Y,,,,,,,유성구 덕명동 구글 지오코딩,Google geocoding: 유성구 덕명동
nax832,nation,전국,대전,Daejeon,,신세계 아트앤사이언스,Shinsegae Art & Science,,,food,로컬상권·먹거리,36.37513,127.3824,120,10:30–20:00,과학관과 전망대를 품은 백화점.,A department store housing a science centre and observatory.,,,N,N,N,유성구 관광특구 (0000 지정),N,N,Y,,,,,,,유성구 엑스포로 1 구글 지오코딩,Google geocoding: 유성구 엑스포로 1
nax833,nation,전국,청주,Cheongju,,문의문화재단지,Munui Heritage Village,,,herit,문화유산·전통체험,36.50836,127.49381,70,09:00–18:00 · 유료,대청호 수몰 마을을 옮겨 세운 단지.,A village moved and rebuilt from the flooded Daecheong Lake settlements.,,,N,N,N,,N,N,Y,,,,,,,상당구 문의면 대청호반로 721 구글 지오코딩,Google geocoding: 상당구 문의면 대청호반로 721
nax834,nation,전국,청주,Cheongju,,미동산수목원,Midongsan Arboretum,米东山树木园,米東山樹木園,heal,힐링·생태·체험,36.62627,127.66576,80,09:00–18:00 · 무료,산림과학과 곤충을 함께 다루는 수목원.,An arboretum of forest science and insects.,,,N,N,N,,N,N,Y,,,,,,,상당구 미원면 수목원길 51 구글 지오코딩,Google geocoding: 상당구 미원면 수목원길 51
nax835,nation,전국,천안,Cheonan,,광덕사,Gwangdeoksa Temple,,,herit,문화유산·전통체험,36.67666,127.09273,60,08:00–18:00 · 유료,호두나무 시배지로 알려진 절.,A temple known as the first place walnuts were planted in Korea.,,,N,N,N,,N,N,Y,,,,,,,동남구 광덕면 광덕사길 30 구글 지오코딩,Google geocoding: 동남구 광덕면 광덕사길 30
nax836,nation,전국,공주,Gongju,,계룡산 갑사,Gapsa Temple,,,herit,문화유산·전통체험,36.37845,127.18439,80,08:00–18:00 · 유료,계룡산 서쪽의 절. 가을 단풍길로 알려져 있다.,"A temple on western Gyeryongsan, known for its autumn path.",,,N,N,N,,N,N,Y,,,,,,,공주시 계룡면 갑사로 567-3 구글 지오코딩,Google geocoding: 공주시 계룡면 갑사로 567-3
nax837,nation,전국,공주,Gongju,,고마나루,Gomanaru,,,herit,문화유산·전통체험,36.47086,127.10653,50,상시 개방 · 무료,곰 전설이 남은 금강 나루터 솔숲.,A pine grove at the river ferry site of the bear legend.,,,N,N,N,,N,N,Y,,,,,,,공주시 웅진동 구글 지오코딩,Google geocoding: 공주시 웅진동
nax838,nation,전국,전주,Jeonju,,덕진채련,Deokjin Lotus Pond,,,heal,힐링·생태·체험,35.84756,127.11767,50,상시 개방 · 무료,덕진공원 연지. 여름 연꽃으로 알려져 있다.,"The lotus pond of Deokjin Park, known for summer blooms.",,,N,N,N,,N,N,Y,,,,,,,덕진구 권삼득로 390 구글 지오코딩,Google geocoding: 덕진구 권삼득로 390
nax839,nation,전국,전주,Jeonju,,동고산성,Donggosanseong,,,herit,문화유산·전통체험,35.81089,127.1723,60,상시 개방 · 무료,후백제 견훤의 도성으로 전하는 산성.,A hill fortress said to be the capital of Later Baekje.,,,N,N,N,,N,N,Y,,,,,,,완산구 교동 산1-1 구글 지오코딩,Google geocoding: 완산구 교동 산1-1
nax840,nation,전국,남원,Namwon,,지리산 정령치,Jeongnyeongchi Pass,,,heal,힐링·생태·체험,35.36383,127.52205,70,상시 개방 · 주차 유료,해발 1172m 고갯마루 전망대.,"A 1,172 m pass with a lookout over the range.",,,N,N,N,,N,N,Y,,,,,,,남원시 산내면 지리산로 구글 지오코딩,Google geocoding: 남원시 산내면 지리산로
nax841,nation,전국,남원,Namwon,,혼불문학관,Honbul Literary Hall,,,herit,문화유산·전통체험,35.48087,127.32003,50,09:00–18:00 · 월 휴관 · 무료,최명희의 소설 혼불을 다룬 문학관.,A literary hall for Choi Myeong-hui’s novel Honbul.,,,N,N,N,,N,N,Y,,,,,,,남원시 사매면 노봉안길 52 구글 지오코딩,Google geocoding: 남원시 사매면 노봉안길 52
nax842,nation,전국,순천,Suncheon,,선암사 승선교,Seungseongyo Bridge,仙岩寺,仙岩寺,herit,문화유산·전통체험,34.99385,127.33345,30,상시 개방 · 절 입장료,물에 비쳐 원이 되는 무지개 다리.,An arch bridge that completes a circle in its reflection.,,,N,N,N,,N,N,Y,,,,,,,순천시 승주읍 선암사길 구글 지오코딩,Google geocoding: 순천시 승주읍 선암사길
nax843,nation,전국,목포,Mokpo,,평화광장 춤추는바다분수,Dancing Sea Fountain,舞动的海上喷泉,踊る海噴水,activity,테마파크·액티비티,34.79465,126.43394,50,야간 공연 · 무료,바다 위에서 음악에 맞춰 솟는 분수.,A fountain rising from the sea to music.,,,N,N,N,,N,N,Y,,,,,,,목포시 평화로 82 구글 지오코딩,Google geocoding: 목포시 평화로 82
nax844,nation,전국,군산,Gunsan,,새만금방조제,Saemangeum Seawall,,,sea,해양·자연경관,35.82022,126.48276,70,상시 개방 · 무료,세계 최장 33km 방조제 드라이브.,"A drive along the world’s longest seawall, 33 km.",,,N,N,N,,N,N,Y,,,,,,,군산시 비응도동 구글 지오코딩,Google geocoding: 군산시 비응도동
nax845,nation,전국,군산,Gunsan,,은파호수공원,Eunpa Lake Park,银波湖水公园(银波国民观光地),,heal,힐링·생태·체험,35.95535,126.68924,60,상시 개방 · 무료,물빛다리가 놓인 도심 호수.,A city lake crossed by the Mulbit bridge.,,,N,N,N,군산시 관광지 (2023 지정),N,N,Y,,,,,,,군산시 은파순환길 구글 지오코딩,Google geocoding: 군산시 은파순환길
nax846,nation,전국,군산,Gunsan,,진포해양테마공원,Jinpo Maritime Park,,鎮浦海洋テーマ公園,herit,문화유산·전통체험,35.98969,126.71611,60,09:00–18:00 · 유료,실물 군용 장비를 전시한 항구 공원.,A harbour park displaying real military equipment.,,,N,N,N,,N,N,Y,,,,,,,군산시 내항1길 32 구글 지오코딩,Google geocoding: 군산시 내항1길 32
nax847,nation,전국,익산,Iksan,,익산 교도소세트장,Iksan Prison Film Set,益山监狱布景场,益山刑務所セット場,activity,테마파크·액티비티,36.06951,126.93115,50,09:00–18:00 · 월 휴관 · 유료,영화·드라마를 찍는 폐교도소 세트.,A disused prison used as a film and drama set.,,,N,N,Y,,N,N,Y,,,,,,,익산시 성당면 함낭로 207 구글 지오코딩,Google geocoding: 익산시 성당면 함낭로 207
nax848,nation,전국,익산,Iksan,,금마저수지,Geumma Reservoir,,,heal,힐링·생태·체험,36.00203,127.05409,50,상시 개방 · 무료,미륵사지 가까운 저수지 둘레길.,A reservoir path near the Mireuksa site.,,,N,N,N,,N,N,Y,,,,,,,익산시 금마면 구글 지오코딩,Google geocoding: 익산시 금마면
nax849,nation,전국,부산,Busan,,을숙도 생태공원,Eulsukdo Eco Park,,,heal,힐링·생태·체험,35.09661,128.93723,80,상시 개방 · 무료,낙동강 하구의 철새 도래지 공원.,A migratory bird park at the Nakdong estuary.,,,N,N,N,,N,N,Y,,,,,,,사하구 낙동남로 1240 구글 지오코딩,Google geocoding: 사하구 낙동남로 1240
nax850,nation,전국,부산,Busan,,오랑대공원,Orangdae Park,,,sea,해양·자연경관,35.2057,129.22769,50,상시 개방 · 무료,바위 위 해신당과 일출로 알려진 해안.,A shore known for its cliff shrine and sunrises.,,,N,N,N,기장군 관광단지 (2011 지정),N,N,Y,,,,,,,기장군 기장읍 연화리 구글 지오코딩,Google geocoding: 기장군 기장읍 연화리
nax851,nation,전국,부산,Busan,,청사포 다릿돌전망대,Cheongsapo Daritdol Observatory,青沙浦踏石观景台,青沙浦タリットル展望台,sea,해양·자연경관,35.16404,129.19672,40,09:00–18:00 · 무료,바다 위로 뻗은 유리 전망대.,A glass deck reaching out over the water.,,,N,N,N,,N,N,Y,,,,,,,해운대구 청사포로 167 구글 지오코딩,Google geocoding: 해운대구 청사포로 167
nax852,nation,전국,김해,Gimhae,,봉하마을,Bongha Village,进永烽下村卢武铉总统生家,進永 烽下村と盧武鉉大統領生家,herit,문화유산·전통체험,35.31417,128.76956,70,상시 개방 · 무료,노무현 전 대통령의 생가와 묘역.,The birthplace and grave of the late president Roh Moo-hyun.,,,N,N,Y,,N,N,Y,,,,,,,김해시 진영읍 본산리 구글 지오코딩,Google geocoding: 김해시 진영읍 본산리
nax853,nation,전국,김해,Gimhae,,분청도자박물관,Buncheong Ceramics Museum,,,herit,문화유산·전통체험,35.25165,128.74583,50,09:00–18:00 · 월 휴관 · 유료,분청사기를 다룬 도자 박물관.,A museum of buncheong stoneware.,,,N,N,N,,N,N,Y,,,,,,,김해시 진례면 진례로 275-9 구글 지오코딩,Google geocoding: 김해시 진례면 진례로 275-9
nax854,nation,전국,양산,Yangsan,,통도환타지아,Tongdo Fantasia,,,activity,테마파크·액티비티,35.49879,129.08622,150,10:00–18:00 · 유료,통도사 인근의 놀이공원.,An amusement park near Tongdosa.,,,N,N,N,,N,N,Y,,,,,,,양산시 하북면 지산리 구글 지오코딩,Google geocoding: 양산시 하북면 지산리
nax855,nation,전국,양산,Yangsan,,에덴밸리,Eden Valley,,,activity,테마파크·액티비티,35.42908,128.98447,150,계절별 상이 · 유료,영남 남부의 스키·리조트 단지.,A ski and resort complex in the far south.,,,N,N,N,,N,N,Y,,,,,,,양산시 원동면 어실로 1206 구글 지오코딩,Google geocoding: 양산시 원동면 어실로 1206
nax856,nation,전국,밀양,Miryang,,위양지,Wiyangji Pond,,,heal,힐링·생태·체험,35.54648,128.716,50,상시 개방 · 무료,이팝나무가 피는 연못. 완재정이 섬에 있다.,"A pond of flowering fringe trees, with a pavilion on its islet.",,,N,N,N,,N,N,Y,,,,,,,밀양시 부북면 위양리 구글 지오코딩,Google geocoding: 밀양시 부북면 위양리
nax857,nation,전국,밀양,Miryang,,트윈터널,Twin Tunnel,,,activity,테마파크·액티비티,35.40825,128.80436,50,10:00–19:00 · 유료,폐터널을 빛으로 꾸민 전시 공간.,A disused tunnel dressed in lights.,,,N,N,N,,N,N,Y,,,,,,,밀양시 삼랑진읍 삼랑진로 구글 지오코딩,Google geocoding: 밀양시 삼랑진읍 삼랑진로
nax858,nation,전국,진주,Jinju,,진양호 동물원,Jinyangho Zoo,,,activity,테마파크·액티비티,35.17187,128.03135,60,09:00–18:00 · 유료,진양호 공원 안의 소규모 동물원.,A small zoo inside Jinyangho Park.,,,N,N,N,,N,N,Y,,,,,,,진주시 판문동 구글 지오코딩,Google geocoding: 진주시 판문동
nax859,nation,전국,거창,Geochang,,수승대,Suseungdae,居昌搜胜台,,heal,힐링·생태·체험,35.76082,127.83301,70,상시 개방 · 유료,너럭바위와 정자가 있는 계곡 명승.,A scenic valley of broad rock and pavilions.,,,N,N,N,거창군 관광지 (0000 지정),N,N,Y,,,,,,,거창군 위천면 은하리길 2 구글 지오코딩,Google geocoding: 거창군 위천면 은하리길 2
nax860,nation,전국,거창,Geochang,,금원산자연휴양림,Geumwonsan Forest,,,heal,힐링·생태·체험,35.7289,127.78954,80,09:00–18:00 · 유료,계곡을 낀 산림휴양림.,A forest resort along a mountain stream.,,,N,N,N,,N,N,Y,,,,,,,거창군 위천면 금원산길 412 구글 지오코딩,Google geocoding: 거창군 위천면 금원산길 412
nax861,nation,전국,상주,Sangju,,경천대,Gyeongcheondae,洛东江擎天台(擎天台展望台),洛東江 擎天台（擎天台展望台）,heal,힐링·생태·체험,36.45834,128.24634,70,상시 개방 · 무료,낙동강 절벽 위의 전망대.,A lookout on the cliffs of the Nakdong.,,,N,N,N,상주시 관광지 (2024 지정),N,N,Y,,,,,,,상주시 사벌국면 경천로 684 구글 지오코딩,Google geocoding: 상주시 사벌국면 경천로 684
nax862,nation,전국,상주,Sangju,,상주 자전거박물관,Sangju Bicycle Museum,,尚州自転車博物館,activity,테마파크·액티비티,36.45438,128.25446,50,09:00–18:00 · 월 휴관 · 무료,자전거 도시 상주의 박물관.,"The museum of Sangju, the bicycle city.",,,N,N,N,,N,N,Y,,,,,,,상주시 사벌국면 경천로 684 구글 지오코딩,Google geocoding: 상주시 사벌국면 경천로 684
nax881,nation,전국,제주,Jeju,,서귀포 치유의숲,Healing Forest,,,heal,힐링·생태·체험,33.29884,126.52223,90,09:00–17:00 · 예약제 · 유료,편백과 삼나무 사이로 난 치유 숲길.,Healing trails through cypress and cedar.,,,N,N,Y,,N,N,Y,,,,,,,서귀포시 산록남로 2271 구글 지오코딩,Google geocoding: 서귀포시 산록남로 2271
nax882,nation,전국,제주,Jeju,,소정방폭포,Sojeongbang Falls,,,sea,해양·자연경관,33.24501,126.57754,40,상시 개방 · 무료,바다로 바로 떨어지는 작은 폭포.,A small falls dropping straight into the sea.,,,N,N,N,,N,N,Y,,,,,,,서귀포시 칠십리로 214번길 구글 지오코딩,Google geocoding: 서귀포시 칠십리로 214번길
nax883,nation,전국,제주,Jeju,,엉또폭포,Eongtto Falls,,,heal,힐링·생태·체험,33.26861,126.49999,50,상시 개방 · 무료,비가 와야 모습을 드러내는 숲속 폭포.,A forest waterfall that appears only after rain.,,,N,N,N,,N,N,Y,,,,,,,서귀포시 엉또로 121 구글 지오코딩,Google geocoding: 서귀포시 엉또로 121
nax884,nation,전국,제주,Jeju,,감귤박물관,Citrus Museum,橘子博物馆,みかん博物館,activity,테마파크·액티비티,33.27152,126.60766,60,09:00–18:00 · 월 휴관 · 유료,제주 감귤의 역사와 품종 전시관.,A museum of Jeju citrus history and varieties.,,,N,N,N,,N,N,Y,,,,,,,서귀포시 효돈순환로 441 구글 지오코딩,Google geocoding: 서귀포시 효돈순환로 441
nax885,nation,전국,제주,Jeju,,절물오름,Jeolmul Oreum,,,heal,힐링·생태·체험,33.43312,126.62778,70,상시 개방 · 휴양림 유료,절물자연휴양림 위로 오르는 분화구 오름.,A crater oreum rising above the Jeolmul forest.,,,N,N,N,,N,N,Y,,,,,,,제주시 명림로 584 구글 지오코딩,Google geocoding: 제주시 명림로 584
nax886,nation,전국,제주,Jeju,,삼양검은모래해변,Samyang Black Sand Beach,,,sea,해양·자연경관,33.52601,126.58639,60,상시 개방 · 무료,검은 화산 모래가 깔린 해변.,A beach of black volcanic sand.,,,N,N,N,,N,N,Y,,,,,,,제주시 삼양이동 구글 지오코딩,Google geocoding: 제주시 삼양이동
nax887,nation,전국,제주,Jeju,,용연구름다리,Yongyeon Bridge,,,heal,힐링·생태·체험,33.51486,126.51445,40,상시 개방 · 무료,계곡 위를 건너는 구름다리. 야간 조명이 켜진다.,"A footbridge over the gorge, lit at night.",,,N,N,N,,N,N,Y,,,,,,,제주시 용담1동 구글 지오코딩,Google geocoding: 제주시 용담1동
nax888,nation,전국,제주,Jeju,,도두동 무지개해안도로,Dodu Rainbow Coastal Road,,,sea,해양·자연경관,33.50926,126.47197,40,상시 개방 · 무료,무지개색 방호벽이 이어지는 해안도로.,A coast road lined with rainbow-coloured barriers.,,,N,N,N,,N,N,Y,,,,,,,제주시 도두일동 구글 지오코딩,Google geocoding: 제주시 도두일동
nax889,nation,전국,동해,Donghae,,논골담길,Nongol Damgil,东海Nongol墙巷(灯塔壁画村),東海ノンゴルダムギル（灯台壁画村）,activity,테마파크·액티비티,37.55289,129.11654,60,상시 개방 · 무료,묵호항 언덕의 벽화 골목.,A mural alley on the hill above Mukho port.,,,N,N,N,,N,N,Y,,,,,,,동해시 묵호진동 구글 지오코딩,Google geocoding: 동해시 묵호진동
nax890,nation,전국,동해,Donghae,,무릉별유천지,Mureung Byeolyucheonji,,,activity,테마파크·액티비티,37.46984,129.03201,90,09:00–18:00 · 유료,폐석회광산을 고친 호수와 짚와이어.,A disused limestone mine turned lake park and zip line.,,,N,N,N,,N,N,Y,,,,,,,동해시 삼화로 584 구글 지오코딩,Google geocoding: 동해시 삼화로 584
nax891,nation,전국,정선,Jeongseon,,정선 스카이워크,Jeongseon Skywalk,,,activity,테마파크·액티비티,37.36346,128.63477,60,09:00–17:00 · 유료,절벽 위 유리 전망대와 짚와이어.,A cliff-edge glass deck with a zip wire.,,,N,N,N,,N,N,Y,,,,,,,정선군 북평면 북평8길 12 구글 지오코딩,Google geocoding: 정선군 북평면 북평8길 12
nax892,nation,전국,정선,Jeongseon,,민둥산 억새,Mindungsan Silver Grass,,,heal,힐링·생태·체험,37.25393,128.77757,150,상시 개방 · 무료,가을 억새로 덮이는 민둥한 정상.,A bald summit covered in autumn silver grass.,,,N,N,N,,N,N,Y,,,,,,,정선군 남면 무릉리 구글 지오코딩,Google geocoding: 정선군 남면 무릉리
nax893,nation,전국,영월,Yeongwol,,청령포 관음송,Gwaneumsong Pine,,寧越清泠浦,herit,문화유산·전통체험,37.17543,128.4441,30,청령포 입장 포함,단종의 유배를 지켜봤다는 600년 소나무.,A 600-year pine said to have witnessed the exile of King Danjong.,,,N,N,N,,N,N,Y,,,,,,,영월군 남면 광천리 구글 지오코딩,Google geocoding: 영월군 남면 광천리
nax894,nation,전국,충주,Chungju,,탄금대,Tangeumdae,忠州弹琴台和弹琴台公园,忠州弾琴台,herit,문화유산·전통체험,36.98835,127.89793,60,상시 개방 · 무료,우륵이 가야금을 탔다는 절벽 대.,The cliff terrace where Ureuk is said to have played the gayageum.,,,N,N,N,,N,N,Y,,,,,,,충주시 탄금대안길 105 구글 지오코딩,Google geocoding: 충주시 탄금대안길 105
nax895,nation,전국,충주,Chungju,,중원 미륵리사지,Mireungni Temple Site,,,herit,문화유산·전통체험,36.82225,128.09508,50,상시 개방 · 무료,고려 석불입상이 선 옛 절터.,An old temple site with its standing Goryeo stone Buddha.,,,N,N,N,,N,N,Y,,,,,,,충주시 수안보면 미륵리 구글 지오코딩,Google geocoding: 충주시 수안보면 미륵리
nax896,nation,전국,단양,Danyang,,사인암,Sainam,,丹陽 舎人岩,heal,힐링·생태·체험,36.89439,128.34039,50,상시 개방 · 무료,단양팔경의 하나인 수직 암벽.,"A vertical rock face, one of the Danyang Eight Scenes.",,,N,N,N,,N,N,Y,,,,,,,단양군 대강면 사인암길 37 구글 지오코딩,Google geocoding: 단양군 대강면 사인암길 37
nax897,nation,전국,단양,Danyang,,온달관광지,Ondal Tourist Park,温达观光区,温達観光地,activity,테마파크·액티비티,37.06305,128.49157,80,09:00–18:00 · 유료,온달동굴과 드라마 세트가 함께 있다.,The Ondal cave together with a drama film set.,,,N,N,Y,단양군 관광지 (2013 지정),N,N,Y,,,,,,,단양군 영춘면 온달로 23 구글 지오코딩,Google geocoding: 단양군 영춘면 온달로 23
nax898,nation,전국,제천,Jecheon,,정방사,Jeongbangsa Temple,净芳寺,浄芳寺,heal,힐링·생태·체험,36.99897,128.20755,60,상시 개방 · 무료,바위에 기대어 앉은 절. 청풍호가 내려다보인다.,"A temple set against the rock, over Cheongpung Lake.",,,N,N,N,,N,N,Y,,,,,,,제천시 수산면 옥순봉로12길 165 구글 지오코딩,Google geocoding: 제천시 수산면 옥순봉로12길 165
nax899,nation,전국,제천,Jecheon,,능강계곡,Neunggang Valley,绫江溪谷、冰谷,綾江渓谷、氷の谷,heal,힐링·생태·체험,36.98732,128.19751,60,상시 개방 · 무료,금수산 자락의 맑은 계곡.,A clear stream valley below Geumsusan.,,,N,N,N,,N,N,Y,,,,,,,제천시 수산면 능강리 구글 지오코딩,Google geocoding: 제천시 수산면 능강리
nax900,nation,전국,아산,Asan,,공세리성당,Gongseri Catholic Church,牙山贡税里圣堂,牙山 貢税里聖堂,herit,문화유산·전통체험,36.8822,126.91383,50,09:00–18:00 · 무료,고목이 둘러싼 1922년 벽돌 성당.,A 1922 brick church ringed by old trees.,,,N,N,N,,N,N,Y,,,,,,,아산시 인주면 공세리성당길 10 구글 지오코딩,Google geocoding: 아산시 인주면 공세리성당길 10
nax901,nation,전국,아산,Asan,,지중해마을,Mediterranean Village,地中海村,地中海村,food,로컬상권·먹거리,36.79698,127.06152,70,상시 · 상점별 상이,남유럽풍 상점 거리.,A street of southern-European style shops.,,,N,N,N,,N,N,Y,,,,,,,아산시 탕정면 탕정면로 108번길 구글 지오코딩,Google geocoding: 아산시 탕정면 탕정면로 108번길
nax902,nation,전국,당진,Dangjin,,왜목마을,Waemok Village,,ウェモク村,sea,해양·자연경관,37.04411,126.5275,60,상시 개방 · 무료,일출과 일몰을 한자리에서 보는 서해 마을.,A West Sea village where sunrise and sunset are seen from one spot.,,,N,N,N,,N,N,Y,,,,,,,당진시 석문면 왜목길 구글 지오코딩,Google geocoding: 당진시 석문면 왜목길
nax903,nation,전국,당진,Dangjin,,삽교호 함상공원,Sapgyoho Warship Park,,,activity,테마파크·액티비티,36.89004,126.82609,70,09:00–18:00 · 유료,퇴역 군함을 전시한 호숫가 공원.,A lakeside park displaying a decommissioned warship.,,,N,N,N,당진시 관광지 (2017 지정),N,N,Y,,,,,,,당진시 신평면 삽교천3길 79 구글 지오코딩,Google geocoding: 당진시 신평면 삽교천3길 79
nax904,nation,전국,당진,Dangjin,,아미미술관,Ami Art Museum,峨嵋美术馆,アミ美術館,activity,테마파크·액티비티,36.86178,126.68037,60,10:00–18:00 · 유료,폐교를 고친 담쟁이 미술관.,A closed school turned ivy-covered art museum.,,,N,N,N,,N,N,Y,,,,,,,당진시 순성면 남부로 753-4 구글 지오코딩,Google geocoding: 당진시 순성면 남부로 753-4
nax905,nation,전국,서산,Seosan,,해미읍성,Haemi Fortress,,,herit,문화유산·전통체험,36.71258,126.54862,70,09:00–18:00 · 무료,성벽과 관아가 남은 조선 읍성.,A Joseon town fortress keeping its wall and offices.,,,Y,N,N,,N,N,Y,,,,,,,서산시 해미면 남문2로 143 구글 지오코딩,Google geocoding: 서산시 해미면 남문2로 143
nax906,nation,전국,서산,Seosan,,개심사,Gaesimsa Temple,开心寺(瑞山),開心寺（瑞山市）,herit,문화유산·전통체험,36.7468,126.5904,70,08:00–18:00 · 무료,휜 기둥과 왕벚꽃으로 알려진 절.,A temple known for its curved pillars and royal cherry blossom.,,,N,N,N,,N,N,Y,,,,,,,서산시 운산면 개심사로 321-86 구글 지오코딩,Google geocoding: 서산시 운산면 개심사로 321-86
nax907,nation,전국,서산,Seosan,,간월암,Ganwolam Hermitage,看月庵（瑞山）,看月庵（瑞山）,sea,해양·자연경관,36.60365,126.41121,50,물때 확인 · 무료,물이 빠지면 길이 열리는 바다 위 암자.,"A hermitage on the water, reached when the tide falls.",,,N,N,N,서산시 관광지 (2019 지정),N,N,Y,,,,,,,서산시 부석면 간월도1길 119-29 구글 지오코딩,Google geocoding: 서산시 부석면 간월도1길 119-29
nax908,nation,전국,홍성,Hongseong,,남당항,Namdang Port,,南塘港,food,로컬상권·먹거리,36.53898,126.4698,60,상시 · 대하축제 가을,새조개와 대하로 알려진 항구.,A port known for cockles and prawns.,,,N,N,N,,N,N,Y,,,,,,,홍성군 서부면 남당항로 구글 지오코딩,Google geocoding: 홍성군 서부면 남당항로
nax909,nation,전국,홍성,Hongseong,,홍주읍성,Hongju Fortress,,,herit,문화유산·전통체험,36.60034,126.66155,50,상시 개방 · 무료,동헌과 성벽이 남은 조선 읍성.,A Joseon town fortress with its hall and wall.,,,N,N,N,,N,N,Y,,,,,,,홍성군 홍성읍 아문길 30 구글 지오코딩,Google geocoding: 홍성군 홍성읍 아문길 30
nax910,nation,전국,예산,Yesan,,수덕사,Sudeoksa Temple,修德寺,修徳寺,herit,문화유산·전통체험,36.66302,126.62255,80,08:00–18:00 · 유료,대웅전이 남은 고려 목조건축의 절.,A temple keeping a Goryeo wooden main hall.,,,N,N,N,,N,N,Y,,,,,,,예산군 덕산면 수덕사안길 79 구글 지오코딩,Google geocoding: 예산군 덕산면 수덕사안길 79
nax911,nation,전국,예산,Yesan,,예당호 출렁다리,Yedangho Suspension Bridge,礼唐湖吊桥(音乐喷泉),礼唐湖吊橋（音楽噴水）,activity,테마파크·액티비티,36.63854,126.8019,60,09:00–22:00 · 무료,호수를 건너는 402m 보행 현수교.,A 402 m pedestrian bridge across the lake.,,,Y,N,N,,N,N,Y,,,,,,,예산군 응봉면 상항리 구글 지오코딩,Google geocoding: 예산군 응봉면 상항리
nax912,nation,전국,양양,Yangyang,,휴휴암,Hyuhyuam Hermitage,休休庵(江原),休休庵（江原）,herit,문화유산·전통체험,37.96118,128.76756,50,04:00–19:00 · 무료,바닷가 바위에 앉은 암자.,A hermitage set on the sea rocks.,,,N,N,N,,N,N,Y,,,,,,,양양군 현남면 광진2길 3-16 구글 지오코딩,Google geocoding: 양양군 현남면 광진2길 3-16
nax913,nation,전국,양양,Yangyang,,남애항,Namae Port,,南涯港,sea,해양·자연경관,37.94447,128.78742,50,상시 개방 · 무료,강원 3대 미항으로 꼽히는 작은 항구.,A small harbour counted among the province’s prettiest.,,,N,N,N,,N,N,Y,,,,,,,양양군 현남면 남애리 구글 지오코딩,Google geocoding: 양양군 현남면 남애리
nax914,nation,전국,고성(강원),Goseong-gw,,고성 통일전망대,Goseong Unification Observatory,,,herit,문화유산·전통체험,38.5867,128.37484,70,09:00–16:00 · 출입신고 · 유료,금강산과 해금강이 보이는 최북단 전망대.,"The northernmost observatory, looking to Geumgangsan.",,,N,N,N,고성군 관광지 (2024 지정),N,N,Y,,,,,,,고성군 현내면 통일전망대로 481 구글 지오코딩,Google geocoding: 고성군 현내면 통일전망대로 481
nax915,nation,전국,고성(강원),Goseong-gw,,화진포,Hwajinpo,,,sea,해양·자연경관,38.46722,128.43377,80,상시 개방 · 일부 유료,"석호와 해변, 김일성 별장이 함께 있다.","A lagoon and beach, with the old Kim Il-sung villa.",,,N,N,N,,N,N,Y,,,,,,,고성군 거진읍 화진포길 구글 지오코딩,Google geocoding: 고성군 거진읍 화진포길
nax916,nation,전국,고성(강원),Goseong-gw,,왕곡마을,Wanggok Village,高城旺谷村,高城旺谷村,herit,문화유산·전통체험,38.34014,128.49996,60,상시 개방 · 무료,북방식 기와집이 남은 전통 마을.,A traditional village of northern-style tiled houses.,,,N,N,N,,N,N,Y,,,,,,,고성군 죽왕면 왕곡마을길 구글 지오코딩,Google geocoding: 고성군 죽왕면 왕곡마을길
nax917,nation,전국,철원,Cheorwon,,소이산 전망대,Soisan Observatory,,,heal,힐링·생태·체험,38.2547,127.18963,70,09:00–17:00 · 모노레일 유료,철원평야와 비무장지대가 보이는 산.,A hill over the Cheorwon plain and the DMZ.,,,N,N,N,,N,N,Y,,,,,,,철원군 철원읍 사요리 구글 지오코딩,Google geocoding: 철원군 철원읍 사요리
nax918,nation,전국,문경,Mungyeong,,에코랄라,Ecorium Mungyeong,,,activity,테마파크·액티비티,36.65157,128.06003,90,09:00–18:00 · 월 휴관 · 유료,석탄박물관과 영상테마파크가 함께 있다.,A coal museum together with a film theme park.,,,N,N,N,,N,N,Y,,,,,,,문경시 가은읍 왕능길 114 구글 지오코딩,Google geocoding: 문경시 가은읍 왕능길 114
nax919,nation,전국,문경,Mungyeong,,쌍용계곡,Ssangyong Valley,,,heal,힐링·생태·체험,36.5692,127.95401,70,상시 개방 · 무료,너럭바위가 이어지는 여름 계곡.,A summer valley of broad flat rock.,,,N,N,N,,N,N,Y,,,,,,,문경시 농암면 내서리 구글 지오코딩,Google geocoding: 문경시 농암면 내서리
nax920,nation,전국,영주,Yeongju,,소백산 국립공원,Sobaeksan National Park,,,heal,힐링·생태·체험,36.9575,128.48489,180,상시 개방 · 무료,비로봉 철쭉과 겨울 눈꽃으로 알려진 국립공원.,A national park known for azaleas and winter snow on Birobong.,,,N,N,N,,N,N,Y,,,,,,,영주시 풍기읍 죽령로 구글 지오코딩,Google geocoding: 영주시 풍기읍 죽령로
nax921,nation,전국,영주,Yeongju,,희방폭포,Huibang Falls,,,heal,힐링·생태·체험,36.91778,128.45796,60,상시 개방 · 유료,영남 제일의 폭포로 불리는 28m 물줄기.,A 28 m fall called the finest in the Yeongnam region.,,,N,N,N,,N,N,Y,,,,,,,영주시 풍기읍 죽령로 1720-14 구글 지오코딩,Google geocoding: 영주시 풍기읍 죽령로 1720-14
nax930,nation,전국,김해,Gimhae,,국립김해박물관,Gimhae National Museum,国立金海博物馆,国立金海博物館,herit,문화유산·전통체험,35.23882,128.87165,70,09:00–18:00 · 월 휴관 · 무료,가야사 전반을 다루는 국립박물관.,The national museum of the Gaya confederacy.,,,N,N,N,,N,N,Y,,,,,,,김해시 가야의길 190 구글 지오코딩,Google geocoding: 김해시 가야의길 190
nax931,nation,전국,김해,Gimhae,,봉황동 유적,Bonghwang-dong Relics,,金海 鳳凰洞遺跡,herit,문화유산·전통체험,35.23186,128.87534,40,상시 개방 · 무료,금관가야 최대의 생활 유적지.,The largest settlement site of Geumgwan Gaya.,,,N,N,N,,N,N,Y,,,,,,,김해시 봉황동 253 구글 지오코딩,Google geocoding: 김해시 봉황동 253
nax932,nation,전국,김해,Gimhae,,김해 수릉원,Suneungwon Garden,首陵园,首陵園,heal,힐링·생태·체험,35.23644,128.87664,30,상시 개방 · 무료,수로왕릉과 박물관을 잇는 숲 정원.,A wooded garden linking the royal tomb and the museum.,,,N,N,N,,N,N,Y,,,,,,,김해시 가야의길 126 구글 지오코딩,Google geocoding: 김해시 가야의길 126
nax933,nation,전국,김해,Gimhae,,김해 연지공원,Yeonji Park,,,heal,힐링·생태·체험,35.24295,128.86099,40,상시 개방 · 무료,연못을 둘러싼 시내 산책 공원.,A lakeside walking park in the city centre.,,,N,N,N,,N,N,Y,,,,,,,김해시 연지로 108 구글 지오코딩,Google geocoding: 김해시 연지로 108
nax934,nation,전국,김해,Gimhae,,김해천문대,Gimhae Astronomical Observatory,,,activity,테마파크·액티비티,35.23967,128.8497,60,14:00–22:00 · 월 휴관 · 유료,분성산 정상의 천문대와 전망대.,An observatory and lookout atop Bunseongsan.,,,N,N,N,,N,N,Y,,,,,,,김해시 분성로 231-70 구글 지오코딩,Google geocoding: 김해시 분성로 231-70
nax935,nation,전국,김해,Gimhae,,은하사,Eunhasa Temple,,,herit,문화유산·전통체험,35.24777,128.84842,40,상시 개방 · 무료,신어산 자락의 고찰.,An old temple on the slopes of Sineosan.,,,N,N,N,,N,N,Y,,,,,,,김해시 삼방동 882 구글 지오코딩,Google geocoding: 김해시 삼방동 882
nax936,nation,전국,김해,Gimhae,,클레이아크김해미술관,Clayarch Gimhae Museum,ClayArch金海美术馆,クレイアーク金海美術館,activity,테마파크·액티비티,35.25203,128.75235,60,10:00–18:00 · 월 휴관 · 유료,건축 도자를 주제로 한 미술관.,A museum devoted to architectural ceramics.,,,N,N,N,,N,N,Y,,,,,,,김해시 진례면 진례로 275-51 구글 지오코딩,Google geocoding: 김해시 진례면 진례로 275-51
nax937,nation,전국,김해,Gimhae,,낙동강 레일파크,Nakdonggang Rail Park,,,activity,테마파크·액티비티,35.32483,128.86392,90,09:30–17:30 · 유료,폐선 위를 달리는 레일바이크와 와인동굴.,"Rail bikes on a disused line, plus a wine tunnel.",,,N,N,Y,,N,N,Y,,,,,,,김해시 생림면 마사리 구글 지오코딩,Google geocoding: 김해시 생림면 마사리
nax938,nation,전국,김해,Gimhae,,화포천 습지생태공원,Hwapocheon Wetland Park,,,heal,힐링·생태·체험,35.31135,128.7741,60,09:00–18:00 · 무료,철새가 찾아오는 하천 습지.,A river wetland that draws migratory birds.,,,N,N,N,,N,N,Y,,,,,,,김해시 한림면 한림로 183-300 구글 지오코딩,Google geocoding: 김해시 한림면 한림로 183-300
nax939,nation,전국,김해,Gimhae,,김해롯데워터파크,Gimhae Lotte Water Park,,,activity,테마파크·액티비티,35.21133,128.80643,240,계절별 상이 · 유료,장유의 대형 워터파크.,A large water park in Jangyu.,,,N,N,N,,N,N,Y,,,,,,,김해시 장유로 555 구글 지오코딩,Google geocoding: 김해시 장유로 555
nax940,nation,전국,김해,Gimhae,,김해한옥체험관,Gimhae Hanok Experience Hall,,,herit,문화유산·전통체험,35.23377,128.87771,40,09:00–18:00 · 무료(체험 유료),봉황동 유적 옆의 한옥 숙박·체험 시설.,A hanok stay and craft centre beside the Bonghwang-dong site.,,,N,N,Y,,N,N,Y,,,,,,,김해시 가락로93번길 40 구글 지오코딩,Google geocoding: 김해시 가락로93번길 40
nax941,nation,전국,김해,Gimhae,,장유대청계곡,Daecheong Valley,,,heal,힐링·생태·체험,35.18944,128.80317,60,상시 개방 · 무료,불모산에서 내려오는 여름 피서 계곡.,A summer valley running down from Bulmosan.,,,N,N,N,,N,N,Y,,,,,,,김해시 대청동 구글 지오코딩,Google geocoding: 김해시 대청동
nax950,nation,전국,창원,Changwon,,제황산공원 진해탑,Jehwangsan Park Tower,,,herit,문화유산·전통체험,35.14939,128.66469,50,09:00–18:00 · 유료(모노레일),진해 시가지를 내려다보는 군함 모양 전망탑.,A warship-shaped lookout tower over Jinhae.,,,N,N,N,,N,N,Y,,,,,,,진해구 제황산동 28-6 구글 지오코딩,Google geocoding: 진해구 제황산동 28-6
nax951,nation,전국,창원,Changwon,,경화역 공원,Gyeonghwa Station Park,,,heal,힐링·생태·체험,35.14902,128.69788,40,상시 개방 · 무료,폐선 철길을 따라 벚꽃이 이어지는 공원.,Cherry blossoms along a disused rail line.,,,N,N,N,,N,N,Y,,,,,,,진해구 진해대로 611 구글 지오코딩,Google geocoding: 진해구 진해대로 611
nax952,nation,전국,창원,Changwon,,진해루,Jinhaeru Pavilion,,,sea,해양·자연경관,35.11029,128.66827,30,상시 개방 · 무료,속천항 바다 위로 선 2층 누각.,A two-storey pavilion over the water at Sokcheon.,,,N,N,N,,N,N,Y,,,,,,,진해구 웅천동로 21 구글 지오코딩,Google geocoding: 진해구 웅천동로 21
nax953,nation,전국,창원,Changwon,,안민고개 전망대,Anmin Pass Lookout,,,heal,힐링·생태·체험,35.17614,128.66627,40,상시 개방 · 무료,진해만과 창원 시가지를 한눈에 보는 고갯길.,A ridge road looking over Jinhae Bay and the city.,,,N,N,N,,N,N,Y,,,,,,,진해구 태백동 산 구글 지오코딩,Google geocoding: 진해구 안민고개
nax954,nation,전국,창원,Changwon,,창동예술촌,Changdong Art Village,仓洞艺术村,倉洞芸術村,activity,테마파크·액티비티,35.20586,128.57228,60,상시 개방 · 무료,옛 마산 도심의 골목 공방·갤러리 거리.,Studios and galleries in the lanes of old Masan.,,,N,N,N,,N,N,Y,,,,,,,마산합포구 오동서6길 24 구글 지오코딩,Google geocoding: 마산합포구 오동서6길 24
nax955,nation,전국,창원,Changwon,,문신미술관,Moonshin Art Museum,,,activity,테마파크·액티비티,35.19662,128.56703,60,09:00–18:00 · 월 휴관 · 유료,조각가 문신의 작업과 언덕 위 전시관.,The hilltop museum of sculptor Moon Shin.,,,N,N,N,,N,N,Y,,,,,,,마산합포구 문신길 147 구글 지오코딩,Google geocoding: 마산합포구 문신길 147
nax956,nation,전국,창원,Changwon,,국립3·15민주묘지,March 15 National Cemetery,,,herit,문화유산·전통체험,35.22768,128.59266,40,09:00–18:00 · 무료,3·15 의거 희생자를 모신 국립묘지.,The national cemetery for the March 15 uprising.,,,N,N,N,,N,N,Y,,,,,,,마산회원구 3·15성역로 75 구글 지오코딩,Google geocoding: 마산회원구 3·15성역로 75
nax957,nation,전국,창원,Changwon,,무학산,Muhaksan,,,heal,힐링·생태·체험,35.22047,128.54268,180,상시 개방 · 무료,마산만을 내려다보는 억새 능선 산행.,A reed-covered ridge walk above Masan Bay.,,,N,N,N,,N,N,Y,,,,,,,마산합포구 교방동 산 구글 지오코딩,Google geocoding: 무학산
nax958,nation,전국,창원,Changwon,,성주사,Seongjusa Temple,,,herit,문화유산·전통체험,35.20036,128.70426,40,상시 개방 · 무료,불모산 자락의 신라 고찰.,A Silla-era temple below Bulmosan.,,,N,N,N,,N,N,Y,,,,,,,성산구 곰절길 191 구글 지오코딩,Google geocoding: 성산구 곰절길 191
nax959,nation,전국,창원,Changwon,,마금산온천,Magumsan Hot Springs,,,heal,힐링·생태·체험,35.33832,128.62047,90,시설별 상이 · 유료,낙동강 가까운 알칼리 온천 마을.,An alkaline spa village near the Nakdong river.,,,N,N,N,,N,N,Y,,,,,,,의창구 북면 온천로 구글 지오코딩,Google geocoding: 의창구 북면 온천로
nax960,nation,전국,창원,Changwon,,다호리 고분군,Dahori Tombs,,,herit,문화유산·전통체험,35.31549,128.72559,40,상시 개방 · 무료,변한 시기 목관묘가 나온 유적.,Wooden-coffin tombs from the Byeonhan period.,,,N,N,N,,N,N,Y,,,,,,,의창구 동읍 다호리 구글 지오코딩,Google geocoding: 의창구 동읍 다호리
nax961,nation,전국,창원,Changwon,,광암해수욕장,Gwangam Beach,,,sea,해양·자연경관,35.10708,128.49261,60,상시 개방 · 무료,진동만의 조용한 백사장.,A quiet strand on Jindong Bay.,,,N,N,N,,N,N,Y,,,,,,,마산합포구 진동면 광암해변길 구글 지오코딩,Google geocoding: 마산합포구 광암해변길
nax970,nation,전국,양산,Yangsan,,양산 신흥사,Sinheungsa Temple Yangsan,,,herit,문화유산·전통체험,35.40309,129.09188,40,상시 개방 · 무료,대광전 벽화로 알려진 천성산 고찰.,A Cheonseongsan temple known for its hall murals.,,,N,N,N,,N,N,Y,,,,,,,양산시 원동면 원동로 2282 구글 지오코딩,Google geocoding: 양산시 원동면 원동로 2282
nax971,nation,전국,양산,Yangsan,,천성산 화엄벌,Cheonseongsan Hwaeombeol,,,heal,힐링·생태·체험,35.39306,129.11278,210,상시 개방 · 무료,억새가 덮인 정상 고원 능선.,A reed-covered plateau on the summit ridge.,,,N,N,N,,N,N,Y,,,,,,,양산시 하북면 용연리 산 구글 지오코딩,Google geocoding: 천성산 화엄벌
nax972,nation,전국,양산,Yangsan,,영축산 자장암,Jajangam Hermitage,,,herit,문화유산·전통체험,35.49926,129.07617,40,상시 개방 · 무료,통도사 산내 암자 가운데 금와보살 전설이 남은 곳.,A Tongdosa hermitage tied to the golden-frog legend.,,,N,N,N,,N,N,Y,,,,,,,양산시 하북면 통도사로 216-73 구글 지오코딩,Google geocoding: 양산시 하북면 통도사로 216-73
nax973,nation,전국,양산,Yangsan,,배내골,Baenaegol Valley,,,heal,힐링·생태·체험,35.49361,129.00583,120,상시 개방 · 무료,영남알프스 사이로 흐르는 여름 계곡.,A summer valley threading the Yeongnam Alps.,,,N,N,N,,N,N,Y,,,,,,,양산시 원동면 대리 구글 지오코딩,Google geocoding: 양산시 원동면 배내골
nax974,nation,전국,양산,Yangsan,,원동 매화마을,Wondong Plum Blossom Village,,,heal,힐링·생태·체험,35.36306,128.99889,60,상시 개방 · 무료,낙동강변을 따라 3월에 매화가 피는 마을.,Plum blossoms along the Nakdong in March.,,,N,N,N,,N,N,Y,,,,,,,양산시 원동면 영포리 구글 지오코딩,Google geocoding: 양산시 원동면 영포리
nax975,nation,전국,양산,Yangsan,,양산 워터파크 웅상,Ungsang Spa Valley,,,activity,테마파크·액티비티,35.34944,129.18583,150,계절별 상이 · 유료,천성산 동쪽 웅상권의 온천·물놀이 시설.,Hot springs and pools east of Cheonseongsan.,,,N,N,N,,N,N,Y,,,,,,,양산시 웅상 명동로 구글 지오코딩,Google geocoding: 양산시 웅상
nax976,nation,전국,양산,Yangsan,,양산시립박물관,Yangsan City Museum,,,herit,문화유산·전통체험,35.34292,129.03556,50,09:00–18:00 · 월 휴관 · 무료,북정리 고분군 출토품을 모은 지역 박물관.,A local museum of finds from the Bukjeong-ri tombs.,,,N,N,N,,N,N,Y,,,,,,,양산시 북정로 78 구글 지오코딩,Google geocoding: 양산시 북정로 78
nax977,nation,전국,양산,Yangsan,,북정리 고분군,Bukjeong-ri Tombs,,,herit,문화유산·전통체험,35.34611,129.03444,30,상시 개방 · 무료,삼국시대 양산 세력의 봉토분 무리.,Mounded tombs of the Three Kingdoms-era local elite.,,,N,N,N,,N,N,Y,,,,,,,양산시 북정동 산 구글 지오코딩,Google geocoding: 양산시 북정동 고분군
nax978,nation,전국,양산,Yangsan,,영남알프스 하늘억새길,Yeongnam Alps Sky Ridge,,,heal,힐링·생태·체험,35.53861,129.01167,240,상시 개방 · 무료,천황산·재약산으로 이어지는 억새 능선길.,A reed ridge trail toward Cheonhwangsan and Jaeyaksan.,,,N,N,N,,N,N,Y,,,,,,,양산시 원동면 영남알프스 구글 지오코딩,Google geocoding: 영남알프스 하늘억새길
nax979,nation,전국,양산,Yangsan,,황산베랑길,Hwangsan Berang Trail,,,heal,힐링·생태·체험,35.32222,128.98611,90,상시 개방 · 무료,낙동강 절벽을 따라 난 자전거·도보길.,A cliffside cycling and walking path by the Nakdong.,,,N,N,N,,N,N,Y,,,,,,,양산시 물금읍 낙동강변 구글 지오코딩,Google geocoding: 양산 황산베랑길
nax990,nation,전국,울산,Ulsan,,간월재,Ganwoljae Pass,,,heal,힐링·생태·체험,35.573,129.01583,210,상시 개방 · 무료,영남알프스 능선의 대표 억새 평원.,The best-known reed plateau on the Yeongnam Alps ridge.,,,Y,N,N,,N,N,Y,,,,,,,울주군 상북면 등억알프스리 산 구글 지오코딩,Google geocoding: 울주군 간월재
nax991,nation,전국,울산,Ulsan,,신불산 억새평원,Sinbulsan Reed Plain,,,heal,힐링·생태·체험,35.56444,129.02083,240,상시 개방 · 무료,가을이면 은빛으로 덮이는 정상 고원.,A summit plateau that turns silver in autumn.,,,N,N,N,,N,N,Y,,,,,,,울주군 상북면 신불산 구글 지오코딩,Google geocoding: 울주군 신불산
nax992,nation,전국,울산,Ulsan,,석남사,Seoknamsa Temple,,,herit,문화유산·전통체험,35.58104,129.04722,50,08:00–18:00 · 유료,가지산 자락의 비구니 수행 도량.,A nuns temple on the slopes of Gajisan.,,,N,N,N,,N,N,Y,,,,,,,울주군 상북면 석남로 557 구글 지오코딩,Google geocoding: 울주군 상북면 석남로 557
nax993,nation,전국,울산,Ulsan,,파래소폭포,Paraeso Falls,,,heal,힐링·생태·체험,35.54972,129.00861,90,상시 개방 · 무료,배내골 안쪽 숲길 끝의 소와 폭포.,A pool and falls at the end of a Baenaegol forest path.,,,N,N,N,,N,N,Y,,,,,,,울주군 상북면 이천리 구글 지오코딩,Google geocoding: 울주군 파래소폭포
nax994,nation,전국,울산,Ulsan,,천전리 각석,Cheonjeon-ri Petroglyphs,,,herit,문화유산·전통체험,35.62472,129.19222,40,상시 개방 · 무료,반구대와 함께 남은 선사·신라 시대 각석.,Prehistoric and Silla-era carvings near Bangudae.,,,N,N,N,,N,N,Y,,,,,,,울주군 두동면 천전리 산210 구글 지오코딩,Google geocoding: 울주군 천전리 각석
nax995,nation,전국,울산,Ulsan,,울산대교 전망대,Ulsan Bridge Observatory,,,activity,테마파크·액티비티,35.51792,129.39,40,09:00–22:00 · 무료,항만과 공단 야경이 펼쳐지는 전망대.,A lookout over the port and industrial skyline.,,,N,N,N,,N,N,Y,,,,,,,동구 봉수로 155-1 구글 지오코딩,Google geocoding: 동구 봉수로 155-1
nax996,nation,전국,울산,Ulsan,,주전 몽돌해변,Jujeon Pebble Beach,,,sea,해양·자연경관,35.55361,129.43944,50,상시 개방 · 무료,검은 자갈이 파도에 구르는 해변.,Black pebbles rolling in the surf.,,,N,N,N,,N,N,Y,,,,,,,동구 주전동 구글 지오코딩,Google geocoding: 동구 주전동
nax997,nation,전국,울산,Ulsan,,외고산 옹기마을,Oegosan Onggi Village,外高山瓮器村,外高山甕器村,herit,문화유산·전통체험,35.43194,129.27694,70,09:00–18:00 · 무료(체험 유료),전통 옹기를 굽는 장인 마을.,A village of potters still firing traditional onggi jars.,,,N,N,N,,N,N,Y,,,,,,,울주군 온양읍 외고산3길 구글 지오코딩,Google geocoding: 울주군 외고산 옹기마을
nax998,nation,전국,울산,Ulsan,,울산박물관,Ulsan Museum,,,herit,문화유산·전통체험,35.53472,129.29028,60,09:00–18:00 · 월 휴관 · 무료,울산의 역사와 산업화를 다룬 시립 박물관.,The city museum of Ulsan history and industry.,,,N,N,N,,N,N,Y,,,,,,,남구 두왕로 277 구글 지오코딩,Google geocoding: 남구 두왕로 277
nax999,nation,전국,울산,Ulsan,,태화루,Taehwaru Pavilion,太和楼,,herit,문화유산·전통체험,35.552,129.31667,30,09:00–18:00 · 무료,태화강을 굽어보는 복원 누각.,A restored pavilion overlooking the Taehwa river.,,,N,N,N,,N,N,Y,,,,,,,중구 태화로 300 구글 지오코딩,Google geocoding: 중구 태화로 300
nax1000,nation,전국,울산,Ulsan,,진하해수욕장,Jinha Beach,镇下海水浴场,鎮下海水浴場,sea,해양·자연경관,35.37694,129.34667,60,상시 개방 · 무료,명선도가 보이는 남부권 해변.,A southern beach facing Myeongseondo islet.,,,N,N,N,,N,N,Y,,,,,,,울주군 서생면 진하리 구글 지오코딩,Google geocoding: 울주군 진하해수욕장
nax1001,nation,전국,울산,Ulsan,,서생포왜성,Seosaengpo Japanese Fortress,,西生浦倭城,herit,문화유산·전통체험,35.37389,129.34333,40,상시 개방 · 무료,임진왜란 때 쌓은 해안 성곽.,A coastal fortress built during the Imjin War.,,,N,N,N,,N,N,Y,,,,,,,울주군 서생면 서생리 산 구글 지오코딩,Google geocoding: 울주군 서생포왜성
nax1010,nation,전국,통영,Tongyeong,,욕지도,Yokjido,欲知岛,欲知島,sea,해양·자연경관,34.62583,128.26139,360,여객선 운항 시간 · 유료,모노레일과 해안 절벽길을 갖춘 남해 큰 섬.,A large southern island with a monorail and cliff paths.,,,N,N,N,,N,N,Y,,,,,,,통영시 욕지면 동항리 구글 지오코딩,Google geocoding: 통영시 욕지도
nax1011,nation,전국,통영,Tongyeong,,장사도 해상공원,Jangsado Sea Park,,,heal,힐링·생태·체험,34.72833,128.50861,240,여객선 운항 시간 · 유료,동백과 야생화가 덮인 정원 섬.,A garden island of camellias and wildflowers.,,,N,N,N,,N,N,Y,,,,,,,통영시 한산면 매죽리 장사도 구글 지오코딩,Google geocoding: 통영시 장사도
nax1012,nation,전국,통영,Tongyeong,,한산도 제승당,Hansando Jeseungdang,,,herit,문화유산·전통체험,34.77389,128.48417,180,여객선 운항 시간 · 유료,이순신이 삼도수군을 지휘하던 진영 터.,Yi Sun-sin's command post for the southern fleet.,,,N,N,N,,N,N,Y,,,,,,,통영시 한산면 두억리 875 구글 지오코딩,Google geocoding: 통영시 제승당
nax1013,nation,전국,통영,Tongyeong,,미륵산 정상 전망대,Mireuksan Summit Lookout,,,heal,힐링·생태·체험,34.81361,128.42056,90,상시 개방 · 무료,한려수도의 섬들이 한눈에 들어오는 봉우리.,A peak taking in the whole Hallyeosudo archipelago.,,,N,N,N,,N,N,Y,,,,,,,통영시 산양읍 미륵산 구글 지오코딩,Google geocoding: 통영시 미륵산
nax1014,nation,전국,통영,Tongyeong,,서피랑공원,Seopirang Park,西悬崖公园,ソピラン公園,activity,테마파크·액티비티,34.84639,128.41917,50,상시 개방 · 무료,99계단과 피아노 계단이 있는 언덕 마을.,A hill quarter of painted steps above the harbour.,,,N,N,N,,N,N,Y,,,,,,,통영시 서호동 뚝지먼당 구글 지오코딩,Google geocoding: 통영시 서피랑
nax1015,nation,전국,통영,Tongyeong,,박경리기념관,Park Kyung-ni Memorial Hall,朴景利纪念馆,朴景利記念館,herit,문화유산·전통체험,34.79806,128.40889,50,09:00–18:00 · 월 휴관 · 무료,『토지』를 쓴 작가의 고향 기념관.,A memorial to the novelist born in the town.,,,N,N,N,,N,N,Y,,,,,,,통영시 산양읍 산양중앙로 173 구글 지오코딩,Google geocoding: 통영시 박경리기념관
nax1016,nation,전국,통영,Tongyeong,,전혁림미술관,Jeon Hyuck-lim Art Museum,,,activity,테마파크·액티비티,34.80528,128.41306,40,10:00–17:00 · 월 휴관 · 유료,남해의 푸른색을 그린 화가의 타일 미술관.,A tiled museum for the painter of southern blues.,,,N,N,N,,N,N,Y,,,,,,,통영시 봉수1길 10 구글 지오코딩,Google geocoding: 통영시 봉수1길 10
nax1017,nation,전국,통영,Tongyeong,,통영국제음악당,Tongyeong Concert Hall,,,activity,테마파크·액티비티,34.82944,128.44028,60,공연 일정별 · 유료,윤이상을 기리는 바다 곁 콘서트홀.,A seaside concert hall honouring composer Isang Yun.,,,N,N,N,,N,N,Y,,,,,,,통영시 큰발개1길 38 구글 지오코딩,Google geocoding: 통영시 큰발개1길 38
nax1018,nation,전국,통영,Tongyeong,,비진도,Bijindo,,,sea,해양·자연경관,34.70444,128.51528,300,여객선 운항 시간 · 유료,모래 사주가 두 섬을 잇는 해수욕 섬.,A sandbar island where two shores meet.,,,N,N,N,,N,N,Y,,,,,,,통영시 한산면 비진리 구글 지오코딩,Google geocoding: 통영시 비진도
nax1019,nation,전국,통영,Tongyeong,,통영 수산과학관,Tongyeong Marine Science Museum,,,activity,테마파크·액티비티,34.77444,128.40056,60,09:00–18:00 · 월 휴관 · 유료,달아공원 옆 바다 생태 전시관.,A marine ecology centre beside Dara Park.,,,N,N,N,,N,N,Y,,,,,,,통영시 산양읍 척포길 628-111 구글 지오코딩,Google geocoding: 통영시 산양읍 척포길 628-111
nax1030,nation,전국,남해,Namhae,,물건리 방조어부림,Mulgeon-ri Windbreak Forest,,,heal,힐링·생태·체험,34.79861,128.04361,40,상시 개방 · 무료,바닷바람을 막으려 400년 전 심은 해안 숲.,A shore forest planted four centuries ago as a windbreak.,,,N,N,N,,N,N,Y,,,,,,,남해군 삼동면 물건리 구글 지오코딩,Google geocoding: 남해군 물건리 방조어부림
nax1031,nation,전국,남해,Namhae,,금산 정상,Geumsan Summit,,,heal,힐링·생태·체험,34.75028,127.98167,150,상시 개방 · 유료(입장료),보리암 위로 이어지는 기암 봉우리.,A rock-crowned peak above Boriam.,,,N,N,N,,N,N,Y,,,,,,,남해군 상주면 금산 구글 지오코딩,Google geocoding: 남해군 금산
nax1032,nation,전국,남해,Namhae,,이순신순국공원,Yi Sun-sin Memorial Park,,,herit,문화유산·전통체험,34.94167,127.87639,60,09:00–18:00 · 무료,노량해전 전사지에 조성한 추모 공원.,A memorial park at the site of the Battle of Noryang.,,,N,N,N,,N,N,Y,,,,,,,남해군 고현면 관음포로 150 구글 지오코딩,Google geocoding: 남해군 관음포로 150
nax1033,nation,전국,남해,Namhae,,남해대교·노량,Namhae Bridge & Noryang,,,sea,해양·자연경관,34.93583,127.86083,40,상시 개방 · 무료,섬과 육지를 잇는 붉은 현수교와 옛 나루.,The red suspension bridge and old ferry point to the mainland.,,,N,N,N,,N,N,Y,,,,,,,남해군 설천면 노량리 구글 지오코딩,Google geocoding: 남해군 노량리
nax1034,nation,전국,남해,Namhae,,미조항,Mijo Port,,,food,로컬상권·먹거리,34.7075,128.04278,60,상시 개방 · 무료,멸치회로 알려진 남단의 어항.,A southern fishing port known for raw anchovy.,,,N,N,N,,N,N,Y,,,,,,,남해군 미조면 미조리 구글 지오코딩,Google geocoding: 남해군 미조항
nax1035,nation,전국,남해,Namhae,,남해 바래길,Namhae Barae-gil Trail,,,heal,힐링·생태·체험,34.77361,127.89278,180,상시 개방 · 무료,갯벌로 나가던 옛 길을 이은 해안 도보길.,A coast path following the old routes down to the tideflats.,,,N,N,N,,N,N,Y,,,,,,,남해군 해안 둘레길 구글 지오코딩,Google geocoding: 남해 바래길
nax1036,nation,전국,남해,Namhae,,설리스카이워크,Seolli Skywalk,雪里天空步道,ソルリスカイウォーク,activity,테마파크·액티비티,34.71222,128.02361,40,09:00–18:00 · 유료,절벽 위로 뻗은 그네와 전망 데크.,A cliff-edge swing and viewing deck.,,,N,N,N,,N,N,Y,,,,,,,남해군 미조면 설리로 273 구글 지오코딩,Google geocoding: 남해군 설리스카이워크
nax1037,nation,전국,남해,Namhae,,가천암수바위,Gacheon Twin Rocks,,,herit,문화유산·전통체험,34.72611,127.89194,20,상시 개방 · 무료,다랭이마을 아래 민속 신앙의 바위 한 쌍.,A pair of folk-worship rocks below the terraced village.,,,N,N,N,,N,N,Y,,,,,,,남해군 남면 홍현리 구글 지오코딩,Google geocoding: 남해군 가천암수바위
nax1038,nation,전국,남해,Namhae,,송정솔바람해변,Songjeong Pine Beach,,,sea,해양·자연경관,34.71444,128.01,60,상시 개방 · 무료,솔숲이 둘러싼 완만한 백사장.,A gentle strand ringed by pines.,,,N,N,N,,N,N,Y,,,,,,,남해군 미조면 송정리 구글 지오코딩,Google geocoding: 남해군 송정솔바람해변
nax1039,nation,전국,남해,Namhae,,용문사,Yongmunsa Temple,龙门寺（南海）,龍門寺（南海）,herit,문화유산·전통체험,34.79139,127.93,40,상시 개방 · 무료,호국 사찰로 전하는 호구산 고찰.,An old Hogusan temple with a defence-of-the-realm history.,,,N,N,N,,N,N,Y,,,,,,,남해군 이동면 용문사길 166 구글 지오코딩,Google geocoding: 남해군 용문사길 166
nax1050,nation,전국,진주,Jinju,,진양호 전망대,Jinyangho Lookout,,,heal,힐링·생태·체험,35.17361,128.02611,40,상시 개방 · 무료,노을로 알려진 호수 전망 데크.,"A deck over the lake, known for its sunsets.",,,N,N,N,,N,N,Y,,,,,,,진주시 판문동 진양호로 구글 지오코딩,Google geocoding: 진주시 진양호 전망대
nax1053,nation,전국,진주,Jinju,,진주 망경동 벽화마을,Manggyeong-dong Mural Village,,,activity,테마파크·액티비티,35.18306,128.07444,40,상시 개방 · 무료,남강 건너 언덕에 자리한 골목 마을.,A lane quarter on the hill across the Nam river.,,,N,N,N,,N,N,Y,,,,,,,진주시 망경동 구글 지오코딩,Google geocoding: 진주시 망경동
nax1054,nation,전국,진주,Jinju,,경남수목원,Gyeongnam Arboretum,,,heal,힐링·생태·체험,35.07694,128.14944,90,09:00–18:00 · 유료,도내 최대 규모의 수목원과 산림박물관.,"The province's largest arboretum, with a forest museum.",,,N,N,N,,N,N,Y,,,,,,,진주시 이반성면 수목원로 386 구글 지오코딩,Google geocoding: 진주시 이반성면 수목원로 386
nax1055,nation,전국,진주,Jinju,,진주 유등테마공원,Jinju Lantern Park,,,activity,테마파크·액티비티,35.18639,128.09944,50,상시 개방 · 무료(축제 기간 유료),남강 유등축제를 상설로 옮겨 놓은 공원.,A year-round park for the Nam river lantern festival.,,,N,N,N,,N,N,Y,,,,,,,진주시 남강로 626 인근 구글 지오코딩,Google geocoding: 진주 유등테마공원
nax1056,nation,전국,진주,Jinju,,의암바위,Uiam Rock,,,herit,문화유산·전통체험,35.18889,128.08111,20,상시 개방 · 무료,논개가 왜장을 안고 뛰어든 강가 바위.,The riverside rock from which Nongae leapt with a Japanese general.,,,N,N,N,,N,N,Y,,,,,,,진주시 남강로 626 구글 지오코딩,Google geocoding: 진주 의암
nax1058,nation,전국,진주,Jinju,,진주 비봉산 산책로,Bibongsan Walk,,,heal,힐링·생태·체험,35.20528,128.08694,70,상시 개방 · 무료,시가지를 내려다보는 도심 뒷산 길.,A city-backdrop hill path over the old town.,,,N,N,N,,N,N,Y,,,,,,,진주시 봉래동 비봉산 구글 지오코딩,Google geocoding: 진주시 비봉산
nax1070,nation,전국,부여,Buyeo,,능산리 고분군,Neungsan-ri Royal Tombs,,,herit,문화유산·전통체험,36.28083,126.94944,40,09:00–18:00 · 유료,사비기 백제 왕릉이 모인 구릉.,A ridge of Baekje royal tombs from the Sabi period.,,,N,Y,N,,N,N,Y,,,,,,,부여군 부여읍 능산리 산15 구글 지오코딩,Google geocoding: 부여군 능산리 고분군
nax1071,nation,전국,부여,Buyeo,,부여 나성,Buyeo Naseong Wall,,,herit,문화유산·전통체험,36.28472,126.93361,30,상시 개방 · 무료,사비 도성을 둘러싸던 외곽 성벽.,The outer wall that enclosed the Sabi capital.,,,N,Y,N,,N,N,Y,,,,,,,부여군 부여읍 능산리 구글 지오코딩,Google geocoding: 부여 나성
nax1072,nation,전국,부여,Buyeo,,낙화암·고란사,Nakhwaam & Goransa,,落花岩,herit,문화유산·전통체험,36.29417,126.91,50,09:00–18:00 · 유료(부소산성),백마강을 내려다보는 절벽과 강가 암자.,A cliff over the Baengma river and the hermitage below it.,,,N,N,N,,N,N,Y,,,,,,,부여군 부여읍 부소로 1 구글 지오코딩,Google geocoding: 부여 낙화암 고란사
nax1073,nation,전국,부여,Buyeo,,백마강 황포돛배,Baengmagang Sail Boat,,,activity,테마파크·액티비티,36.29167,126.90528,40,09:00–18:00 · 유료,구드래나루에서 낙화암까지 오가는 돛배.,A sailing boat from Gudeurae quay to Nakhwaam.,,,N,N,N,,N,N,Y,,,,,,,부여군 부여읍 나루터로 1 구글 지오코딩,Google geocoding: 부여 구드래나루터
nax1074,nation,전국,부여,Buyeo,,부여 무량사,Muryangsa Temple,,,herit,문화유산·전통체험,36.28833,126.68472,50,상시 개방 · 유료,만수산 자락의 조선 전기 목조 불전.,An early-Joseon timber hall below Mansusan.,,,N,N,N,,N,N,Y,,,,,,,부여군 외산면 무량로 203 구글 지오코딩,Google geocoding: 부여군 외산면 무량로 203
nax1075,nation,전국,부여,Buyeo,,성흥산성 사랑나무,Seongheungsanseong Love Tree,,,heal,힐링·생태·체험,36.22722,126.87472,50,상시 개방 · 무료,드라마 촬영으로 알려진 산성 위 느티나무.,A hilltop zelkova known from television dramas.,,,N,N,N,,N,N,Y,,,,,,,부여군 임천면 군사리 산1 구글 지오코딩,Google geocoding: 부여 성흥산성
nax1076,nation,전국,부여,Buyeo,,부여 서동공원,Seodong Park,,,heal,힐링·생태·체험,36.26861,126.91528,40,상시 개방 · 무료,궁남지에 이어진 연꽃 산책 공원.,A lotus walking park adjoining Gungnamji.,,,N,N,N,,N,N,Y,,,,,,,부여군 부여읍 궁남로 49 구글 지오코딩,Google geocoding: 부여 서동공원
nax1077,nation,전국,부여,Buyeo,,부여전통시장,Buyeo Traditional Market,,,food,로컬상권·먹거리,36.27583,126.9125,40,오일장(5·10일) · 무료,연잎밥과 굿뜨래 농산물이 나오는 오일장.,A five-day market for lotus-leaf rice and local produce.,,,N,N,N,,N,N,Y,,,,,,,부여군 부여읍 성왕로 문화 구글 지오코딩,Google geocoding: 부여전통시장
nax1078,nation,전국,부여,Buyeo,,대백제역사공원,Baekje Reenactment Park,,,activity,테마파크·액티비티,36.30972,126.90139,60,09:00–18:00 · 유료,백제문화단지 옆 야외 재현 공간.,An open-air reenactment ground beside Baekje Cultural Land.,,,N,N,N,부여군 관광단지 (2025 지정),N,N,Y,,,,,,,부여군 규암면 백제문로 374 구글 지오코딩,Google geocoding: 부여군 규암면 백제문로 374
nax1090,nation,전국,공주,Gongju,,계룡산 동학사,Donghaksa Temple,,,herit,문화유산·전통체험,36.34,127.20917,60,상시 개방 · 유료,계룡산 동쪽 골짜기의 비구니 사찰.,A nuns temple in the eastern valley of Gyeryongsan.,,,N,N,N,,N,N,Y,,,,,,,공주시 반포면 동학사1로 462 구글 지오코딩,Google geocoding: 공주시 반포면 동학사1로 462
nax1091,nation,전국,공주,Gongju,,계룡산 신원사,Sinwonsa Temple,,,herit,문화유산·전통체험,36.32806,127.16528,50,상시 개방 · 유료,중악단 제단이 남은 계룡산 남쪽 절.,A southern Gyeryongsan temple with its Jungaktan altar.,,,N,N,N,,N,N,Y,,,,,,,공주시 계룡면 신원사동길 1 구글 지오코딩,Google geocoding: 공주시 계룡면 신원사동길 1
nax1092,nation,전국,공주,Gongju,,공주 한옥마을,Gongju Hanok Village,公州韩屋村,公州韓屋村,herit,문화유산·전통체험,36.46333,127.11694,50,상시 개방 · 무료(숙박 유료),왕릉원 곁의 한옥 숙박 단지.,A hanok stay complex beside the royal tombs.,,,N,N,N,,N,N,Y,,,,,,,공주시 관광단지길 12 구글 지오코딩,Google geocoding: 공주시 관광단지길 12
nax1093,nation,전국,공주,Gongju,,제민천 원도심,Jemincheon Old Town,济民川,済民川,activity,테마파크·액티비티,36.45778,127.12028,60,상시 개방 · 무료,하천을 따라 책방과 카페가 늘어선 옛 시가지.,Bookshops and cafes along the old town stream.,,,N,N,N,,N,N,Y,,,,,,,공주시 반죽동 제민천 구글 지오코딩,Google geocoding: 공주 제민천
nax1094,nation,전국,공주,Gongju,,공주 석장리박물관,Seokjang-ri Museum,,,herit,문화유산·전통체험,36.49139,127.16111,50,09:00–18:00 · 월 휴관 · 유료,한반도 구석기 유적 위에 선 박물관.,A museum on a Paleolithic site by the Geum river.,,,N,N,N,,N,N,Y,,,,,,,공주시 금벽로 990 구글 지오코딩,Google geocoding: 공주시 금벽로 990
nax1095,nation,전국,공주,Gongju,,공주 황새바위 순교성지,Hwangsaebawi Martyrs Shrine,,,herit,문화유산·전통체험,36.46528,127.11972,40,09:00–18:00 · 무료,금강이 내려다보이는 천주교 순교 성지.,A Catholic martyrdom shrine above the Geum river.,,,N,N,N,,N,N,Y,,,,,,,공주시 왕릉로 118 구글 지오코딩,Google geocoding: 공주시 왕릉로 118
nax1096,nation,전국,공주,Gongju,,마곡사 솔바람길,Magoksa Pine Trail,,,heal,힐링·생태·체험,36.5625,127.01444,90,상시 개방 · 무료,마곡사를 둘러싼 소나무 숲 산책길.,A pine forest walk circling Magoksa.,,,N,N,N,,N,N,Y,,,,,,,공주시 사곡면 마곡사로 구글 지오코딩,Google geocoding: 마곡사 솔바람길
nax1097,nation,전국,공주,Gongju,,공주 유구색동수국정원,Yugu Hydrangea Garden,,,heal,힐링·생태·체험,36.59639,126.95,50,상시 개방 · 무료,여름이면 수국이 덮이는 하천변 정원.,A streamside garden of hydrangeas in summer.,,,N,N,N,,N,N,Y,,,,,,,공주시 유구읍 백교리 구글 지오코딩,Google geocoding: 공주 유구색동수국정원
nax1110,nation,전국,포항,Pohang,,내연산 12폭포,Naeyeonsan Twelve Falls,,,heal,힐링·생태·체험,36.26361,129.31139,180,상시 개방 · 무료,보경사 위로 폭포가 이어지는 계곡길.,A gorge path of waterfalls above Bogyeongsa.,,,N,N,N,,N,N,Y,,,,,,,포항시 북구 송라면 중산리 구글 지오코딩,Google geocoding: 내연산 12폭포
nax1111,nation,전국,포항,Pohang,,구룡포 일본인 가옥거리,Guryongpo Japanese Houses,九龙浦日本人住宅街,九龍浦日本人家屋通り,herit,문화유산·전통체험,35.98639,129.55389,50,상시 개방 · 무료,어업 이주민이 남긴 목조 가옥 골목.,A lane of timber houses left by fishing settlers.,,,N,N,N,,N,N,Y,,,,,,,포항시 남구 구룡포읍 구룡포길 153-1 구글 지오코딩,Google geocoding: 구룡포 일본인 가옥거리
nax1112,nation,전국,포항,Pohang,,포항운하,Pohang Canal,,,activity,테마파크·액티비티,36.02861,129.37972,60,09:00–18:00 · 유료(크루즈),형산강과 동빈내항을 잇는 뱃길.,A boat channel linking the Hyeongsan river and the old port.,,,N,N,N,,N,N,Y,,,,,,,포항시 남구 희망대로 1040 구글 지오코딩,Google geocoding: 포항운하관
nax1113,nation,전국,포항,Pohang,,환호공원,Hwanho Park,环湖公园,環湖公園,heal,힐링·생태·체험,36.06222,129.38722,50,상시 개방 · 무료,스페이스워크가 놓인 바다 전망 언덕 공원.,The sea-view hill park that holds the Space Walk.,,,N,N,N,,N,N,Y,,,,,,,포항시 북구 환호동 구글 지오코딩,Google geocoding: 포항 환호공원
nax1114,nation,전국,포항,Pohang,,월포해수욕장,Wolpo Beach,,,sea,해양·자연경관,36.15556,129.39444,60,상시 개방 · 무료,서핑으로 알려진 북부 해변.,A northern beach known for surfing.,,,N,N,N,,N,N,Y,,,,,,,포항시 북구 청하면 월포리 구글 지오코딩,Google geocoding: 포항 월포해수욕장
nax1115,nation,전국,포항,Pohang,,죽도 물회거리,Jukdo Mulhoe Street,,,food,로컬상권·먹거리,36.03389,129.36444,60,가게별 상이 · 유료,포항 물회 식당이 모인 거리.,The street of Pohang mulhoe restaurants.,,,N,N,N,포항시 관광특구 (2019 지정),N,N,Y,,,,,,,포항시 북구 죽도동 구글 지오코딩,Google geocoding: 포항 물회거리
nax1116,nation,전국,포항,Pohang,,장기읍성,Janggi Fortress,,,herit,문화유산·전통체험,35.92361,129.44944,40,상시 개방 · 무료,정약용과 송시열이 유배된 조선 읍성.,A Joseon town wall where scholars were exiled.,,,N,N,N,,N,N,Y,,,,,,,포항시 남구 장기면 읍내리 구글 지오코딩,Google geocoding: 포항 장기읍성
nax1117,nation,전국,포항,Pohang,,연오랑세오녀 테마공원,Yeonorang Seonyeo Park,,,activity,테마파크·액티비티,36.01167,129.44444,50,상시 개방 · 무료,삼국유사 설화를 옮겨 놓은 해안 공원.,A coastal park built on a Samguk Yusa legend.,,,N,N,N,,N,N,Y,,,,,,,포항시 남구 동해면 임곡리 구글 지오코딩,Google geocoding: 연오랑세오녀 테마공원
nax1118,nation,전국,포항,Pohang,,영일대 해상누각,Yeongildae Sea Pavilion,,,sea,해양·자연경관,36.05833,129.38278,30,상시 개방 · 무료,바다 위로 놓인 누각과 제철소 야경.,A pavilion over the water facing the steelworks at night.,,,N,N,N,,N,N,Y,,,,,,,포항시 북구 두호동 해안 구글 지오코딩,Google geocoding: 영일대 해상누각
nax1131,nation,전국,안동,Andong,,한국국학진흥원,Korean Studies Institute,,,herit,문화유산·전통체험,36.6425,128.80028,60,09:00–18:00 · 월 휴관 · 무료,유교 목판과 고문서를 보관·전시하는 곳.,A repository of Confucian woodblocks and manuscripts.,,,N,N,N,,N,N,Y,,,,,,,안동시 도산면 퇴계로 1997 구글 지오코딩,Google geocoding: 안동시 도산면 퇴계로 1997
nax1132,nation,전국,안동,Andong,,안동 이육사문학관,Yi Yuksa Literary Museum,,,herit,문화유산·전통체험,36.79778,128.90417,50,09:00–18:00 · 월 휴관 · 유료,시인이자 독립운동가의 생가 마을 기념관.,A museum in the home village of the poet and independence fighter.,,,N,N,N,,N,N,Y,,,,,,,안동시 도산면 백운로 525 구글 지오코딩,Google geocoding: 안동시 도산면 백운로 525
nax1133,nation,전국,안동,Andong,,농암종택,Nongam Head House,,,herit,문화유산·전통체험,36.79389,128.91861,50,상시 개방 · 무료(숙박 유료),낙동강 굽이에 앉은 고택과 한옥 숙박.,A riverside head house that also takes guests.,,,N,N,N,,N,N,Y,,,,,,,안동시 도산면 가송길 162-133 구글 지오코딩,Google geocoding: 안동시 도산면 가송길 162-133
nax1134,nation,전국,안동,Andong,,고산정,Gosanjeong Pavilion,,,heal,힐링·생태·체험,36.7975,128.92944,40,상시 개방 · 무료,절벽 아래 강가에 선 조선 정자.,A Joseon pavilion on the river below a cliff.,,,N,N,N,,N,N,Y,,,,,,,안동시 도산면 가송리 구글 지오코딩,Google geocoding: 안동 고산정
nax1135,nation,전국,안동,Andong,,안동 신세동 벽화마을,Sinse-dong Mural Village,,,activity,테마파크·액티비티,36.57139,128.74222,40,상시 개방 · 무료,철길 옆 언덕을 오르는 그림 골목.,A painted lane climbing the hill beside the railway.,,,N,N,N,,N,N,Y,,,,,,,안동시 임청각길 일대 구글 지오코딩,Google geocoding: 안동 신세동 벽화마을
nax1136,nation,전국,안동,Andong,,안동댐 물문화관,Andong Dam Water Culture Hall,,,activity,테마파크·액티비티,36.58583,128.77556,40,09:00–18:00 · 무료,호수와 댐을 내려다보는 전시관.,An exhibition hall above the lake and dam.,,,N,N,N,,N,N,Y,,,,,,,안동시 성곡동 안동댐 구글 지오코딩,Google geocoding: 안동댐
nax1137,nation,전국,안동,Andong,,하회세계탈박물관,Hahoe Mask Museum,,河回世界仮面博物館,herit,문화유산·전통체험,36.53833,128.51889,40,09:30–18:00 · 유료,하회탈과 세계 각국 탈을 모은 박물관.,Hahoe masks alongside masks from around the world.,,,N,N,N,,N,N,Y,,,,,,,안동시 풍천면 전서로 206 구글 지오코딩,Google geocoding: 안동시 풍천면 전서로 206
nax1150,nation,전국,여수,Yeosu,,아쿠아플라넷 여수,Aquaplanet Yeosu,Aqua Planet(丽水),アクアプラネット麗水,activity,테마파크·액티비티,34.75417,127.74722,120,09:30–18:00 · 유료,엑스포장 옆의 대형 수족관.,A large aquarium beside the Expo grounds.,,,N,N,N,,N,N,Y,,,,,,,여수시 오동도로 61-11 구글 지오코딩,Google geocoding: 여수시 오동도로 61-11
nax1151,nation,전국,여수,Yeosu,,여수세계박람회장,Yeosu Expo Park,,,activity,테마파크·액티비티,34.75278,127.7475,70,상시 개방 · 무료(시설별 유료),2012 엑스포 부지에 남은 해양 전시 단지.,The marine exhibition grounds left from Expo 2012.,,,Y,N,N,,N,N,Y,,,,,,,여수시 박람회길 1 구글 지오코딩,Google geocoding: 여수시 박람회길 1
nax1152,nation,전국,여수,Yeosu,,예술의섬 장도,Jangdo Art Island,,,activity,테마파크·액티비티,34.7402,127.7269,60,09:00–18:00 · 무료(물때 확인),썰물에 길이 열리는 전시·창작 섬.,An art island reached by a tidal causeway.,,,N,N,N,,N,N,Y,,,,,,,여수시 예울마루로 20 구글 지오코딩,Google geocoding: 여수 장도
nax1153,nation,전국,여수,Yeosu,,금오도 비렁길,Geumodo Cliff Trail,,,heal,힐링·생태·체험,34.47472,127.77667,300,여객선 운항 시간 · 무료,벼랑을 따라 이어지는 섬 해안길.,An island path running along the cliffs.,,,N,N,N,,N,N,Y,,,,,,,여수시 남면 금오도 구글 지오코딩,Google geocoding: 여수 금오도 비렁길
nax1154,nation,전국,여수,Yeosu,,거문도·백도,Geomundo & Baekdo,巨文岛,巨文島,sea,해양·자연경관,34.02806,127.30833,480,여객선 운항 시간 · 유료,남해 먼바다의 등대섬과 기암 군도.,A far-offshore lighthouse island and its rock archipelago.,,,N,N,N,,N,N,Y,,,,,,,여수시 삼산면 거문리 구글 지오코딩,Google geocoding: 여수시 거문도
nax1155,nation,전국,여수,Yeosu,,흥국사,Heungguksa Temple,,,herit,문화유산·전통체험,34.80639,127.63472,50,상시 개방 · 무료,승병의 근거지로 전하는 영취산 고찰.,A Yeongchwisan temple remembered as a monk-soldier base.,,,N,N,N,,N,N,Y,,,,,,,여수시 중흥동 17 구글 지오코딩,Google geocoding: 여수시 중흥동 흥국사
nax1156,nation,전국,여수,Yeosu,,영취산 진달래,Yeongchwisan Azaleas,,,heal,힐링·생태·체험,34.81111,127.64167,150,상시 개방 · 무료,4월이면 산 전체가 붉어지는 진달래 군락.,Azalea slopes that turn the mountain red in April.,,,N,N,N,,N,N,Y,,,,,,,여수시 상암동 영취산 구글 지오코딩,Google geocoding: 여수 영취산
nax1157,nation,전국,여수,Yeosu,,웅천친수공원,Ungcheon Waterfront Park,,,sea,해양·자연경관,34.74306,127.66889,50,상시 개방 · 무료,인공 백사장과 해변 산책로가 있는 신도심 공원.,A new-town park with a made beach and promenade.,,,N,N,N,,N,N,Y,,,,,,,여수시 웅천동 친수공원 구글 지오코딩,Google geocoding: 여수 웅천친수공원
nax1160,nation,전국,양주,Yangju,,회암사지,Hoeamsa Temple Site,,,herit,문화유산·전통체험,37.76694,127.09944,60,09:00–18:00 · 무료,고려말 최대 사찰이 있던 거대한 터.,The vast site of what was Goryeo's largest monastery.,,,N,N,N,,N,N,Y,,,,,,,양주시 회암동 산14-1 구글 지오코딩,Google geocoding: 양주시 회암사지
nax1161,nation,전국,양주,Yangju,,양주 나리공원,Yangju Nari Park,,,heal,힐링·생태·체험,37.7967,126.9932,50,상시 개방 · 무료,가을 천일홍으로 알려진 넓은 화훼 공원.,A broad flower park known for autumn globe amaranth.,,,N,N,N,,N,N,Y,,,,,,,양주시 광적면 부흥로 305 구글 지오코딩,Google geocoding: 양주 나리공원
nax1162,nation,전국,양주,Yangju,,양주시립장욱진미술관,Chang Ucchin Museum,,,activity,테마파크·액티비티,37.70944,126.97972,60,10:00–18:00 · 월 휴관 · 유료,화가 장욱진을 기리는 흰 건축의 미술관.,A white-walled museum for the painter Chang Ucchin.,,,N,N,N,,N,N,Y,,,,,,,양주시 장흥면 권율로 193 구글 지오코딩,Google geocoding: 양주시 장흥면 권율로 193
nax1163,nation,전국,양주,Yangju,,송암스페이스센터,Songam Space Center,,,activity,테마파크·액티비티,37.70389,126.97528,90,10:00–22:00 · 월 휴관 · 유료,천문대와 케이블카를 갖춘 우주 체험관.,An observatory and space centre with its own cable car.,,,N,N,N,,N,N,Y,,,,,,,양주시 장흥면 권율로 185 구글 지오코딩,Google geocoding: 양주시 장흥면 권율로 185
nax1164,nation,전국,양주,Yangju,,장흥자연휴양림,Jangheung Forest Resort,,,heal,힐링·생태·체험,37.70972,126.94833,120,상시 개방 · 유료,북한산 자락 계곡을 낀 숲 휴양림.,A forest retreat in a valley below Bukhansan.,,,N,N,N,,N,N,Y,,,,,,,양주시 장흥면 명달로 471 구글 지오코딩,Google geocoding: 양주시 장흥면 명달로 471
nax1165,nation,전국,양주,Yangju,,불곡산,Bulgoksan,,,heal,힐링·생태·체험,37.79139,127.02778,180,상시 개방 · 무료,바위 능선이 이어지는 양주 진산.,"The town's guardian peak, a ridge of bare rock.",,,N,N,N,,N,N,Y,,,,,,,양주시 유양동 불곡산 구글 지오코딩,Google geocoding: 양주 불곡산
nax1166,nation,전국,양주,Yangju,,양주 별산대놀이마당,Yangju Byeolsandae Theatre,,,herit,문화유산·전통체험,37.78778,127.03167,50,공연 일정별 · 무료,국가무형유산 탈놀이를 전수하는 마당.,The home stage of the Byeolsandae masked play.,,,N,N,N,,N,N,Y,,,,,,,양주시 유양동 685 구글 지오코딩,Google geocoding: 양주별산대놀이마당
nax1167,nation,전국,양주,Yangju,,양주관아지,Yangju Government Office Site,,,herit,문화유산·전통체험,37.78944,127.02972,30,상시 개방 · 무료,조선 양주목의 관아 터와 복원 건물.,The restored seat of the Joseon Yangju magistracy.,,,N,N,N,,N,N,Y,,,,,,,양주시 유양동 199 구글 지오코딩,Google geocoding: 양주관아지
nax1170,nation,전국,울릉,Ulleung,,성인봉,Seonginbong Peak,,,heal,힐링·생태·체험,37.50083,130.86333,300,상시 개방 · 무료,"섬 한가운데 솟은 최고봉, 원시림을 지나 오른다.","The island's highest peak, reached through old-growth forest.",,,N,N,N,,N,N,Y,,,,,,,울릉군 울릉읍 도동리 산 구글 지오코딩,Google geocoding: 울릉 성인봉
nax1171,nation,전국,울릉,Ulleung,,저동 촛대바위,Jeodong Candlestick Rock,,,sea,해양·자연경관,37.50361,130.91611,30,상시 개방 · 무료,저동항 방파제 끝에 선 바위와 일출.,A sea stack at the end of the Jeodong breakwater.,,,N,N,N,,N,N,Y,,,,,,,울릉군 울릉읍 저동리 구글 지오코딩,Google geocoding: 울릉 촛대바위
nax1172,nation,전국,울릉,Ulleung,,행남해안산책로,Haengnam Coastal Path,,,sea,해양·자연경관,37.48889,130.91611,90,상시 개방 · 무료(구간 통제),도동과 저동을 잇는 절벽 데크길.,A cliff deck path linking Dodong and Jeodong.,,,N,N,N,울릉군 관광지 (2008 지정),N,N,Y,,,,,,,울릉군 울릉읍 도동리 행남길 구글 지오코딩,Google geocoding: 울릉 행남해안산책로
nax1173,nation,전국,울릉,Ulleung,,울릉도 해상관광 유람선,Ulleung Island Cruise,,,activity,테마파크·액티비티,37.48167,130.90944,150,기상·운항 일정별 · 유료,섬을 한 바퀴 돌며 해안 절벽을 보는 배.,A boat circling the island beneath its sea cliffs.,,,N,N,N,,N,N,Y,,,,,,,울릉군 울릉읍 도동항 구글 지오코딩,Google geocoding: 울릉 도동항 유람선
nax1174,nation,전국,울릉,Ulleung,,독도,Dokdo,独岛,独島,sea,해양·자연경관,37.24139,131.86528,240,여객선 운항·접안 조건 · 유료,울릉에서 배로 닿는 동해 최동단 섬.,"The easternmost islands, reached by boat from Ulleung.",,,Y,N,N,,N,N,Y,,,,,,,울릉군 독도리 구글 지오코딩,Google geocoding: 독도
nax1175,nation,전국,울릉,Ulleung,,독도박물관,Dokdo Museum,,独島博物館,herit,문화유산·전통체험,37.48278,130.90417,50,09:00–18:00 · 월 휴관 · 무료,독도 관련 사료를 모은 박물관.,A museum of records relating to Dokdo.,,,N,N,N,,N,N,Y,,,,,,,울릉군 울릉읍 약수터길 90 구글 지오코딩,Google geocoding: 울릉군 약수터길 90
nax1176,nation,전국,울릉,Ulleung,,태하 향목관광모노레일,Taeha Monorail,,,activity,테마파크·액티비티,37.51139,130.83194,60,09:00–17:00 · 유료,태하 등대와 절벽 전망대로 오르는 모노레일.,A monorail up to the Taeha lighthouse lookout.,,,N,N,N,,N,N,Y,,,,,,,울릉군 서면 태하리 구글 지오코딩,Google geocoding: 울릉 태하 향목모노레일
nax1177,nation,전국,울릉,Ulleung,,울릉 예림원,Yerimwon Garden,,,heal,힐링·생태·체험,37.53194,130.84167,50,08:00–18:00 · 유료,바다를 내려다보는 수석·야생화 정원.,A garden of stones and wildflowers above the sea.,,,N,N,N,,N,N,Y,,,,,,,울릉군 서면 예림원길 65 구글 지오코딩,Google geocoding: 울릉군 서면 예림원길 65
nax1178,nation,전국,울릉,Ulleung,,현포항 노을,Hyeonpo Port Sunset,,,sea,해양·자연경관,37.54028,130.83667,30,상시 개방 · 무료,코끼리바위와 함께 해가 지는 북서쪽 항구.,A northwest harbour where the sun sets past Elephant Rock.,,,N,N,N,,N,N,Y,,,,,,,울릉군 북면 현포리 구글 지오코딩,Google geocoding: 울릉 현포항
nax1179,nation,전국,울릉,Ulleung,,죽도,Jukdo Islet,,,sea,해양·자연경관,37.5375,130.94722,180,여객선 운항 시간 · 유료,나선형 계단을 올라 더덕밭이 펼쳐지는 부속 섬.,A satellite islet of spiral stairs and bellflower fields.,,,N,N,N,,N,N,Y,,,,,,,울릉군 울릉읍 저동리 죽도 구글 지오코딩,Google geocoding: 울릉 죽도
nax1190,nation,전국,남양주,Namyangju,,홍릉·유릉,Hongneung & Yureung,,,herit,문화유산·전통체험,37.62944,127.21722,50,09:00–18:00 · 월 휴관 · 유료,대한제국 황제릉이 나란히 선 능역.,The imperial tombs of the Korean Empire.,,,N,Y,N,,N,N,Y,,,,,,,남양주시 홍유릉로 352-1 구글 지오코딩,Google geocoding: 남양주시 홍유릉로 352-1
nax1191,nation,전국,남양주,Namyangju,,북한강철교,Bukhangang Rail Bridge,,,heal,힐링·생태·체험,37.54611,127.30389,50,상시 개방 · 무료,폐철교를 자전거·도보길로 바꾼 강 위 다리.,A disused rail bridge turned into a river walkway.,,,N,N,N,,N,N,Y,,,,,,,남양주시 조안면 능내리 구글 지오코딩,Google geocoding: 남양주 북한강철교
nax1192,nation,전국,남양주,Namyangju,,축령산자연휴양림,Chungnyeongsan Forest Resort,,,heal,힐링·생태·체험,37.747,127.3359,150,상시 개방 · 유료,잣나무 숲이 깊은 경기 동북부 휴양림.,A pine-nut forest retreat in the northeast of the province.,,,N,N,N,,N,N,Y,,,,,,,남양주시 수동면 축령산로 299 구글 지오코딩,Google geocoding: 남양주시 수동면 축령산로 299
nax1193,nation,전국,경기광주,Gwangju-gg,,팔당물안개공원,Paldang Mist Park,,,heal,힐링·생태·체험,37.5245,127.2926,60,상시 개방 · 무료,팔당호 물안개가 오르는 강변 잔디 공원.,A riverside lawn where mist rises off Paldang Lake.,,,N,N,N,,N,N,Y,,,,,,,광주시 남종면 귀여리 구글 지오코딩,Google geocoding: 광주시 팔당물안개공원
nax1194,nation,전국,경기광주,Gwangju-gg,,분원백자자료관,Bunwon White Porcelain Museum,,,herit,문화유산·전통체험,37.515,127.31889,40,09:00–18:00 · 월 휴관 · 유료,조선 왕실 백자를 굽던 관요 터의 자료관.,A museum on the site of the royal porcelain kilns.,,,N,N,N,,N,N,Y,,,,,,,광주시 남종면 분원리 68 구글 지오코딩,Google geocoding: 광주시 남종면 분원리 68
nax1195,nation,전국,이천,Icheon,,시몬스 테라스,Simmons Terrace,,,activity,테마파크·액티비티,37.226,127.429,70,11:00–19:00 · 무료,전시장과 카페를 겸한 복합 문화 공간.,A brand museum and cafe complex in the fields.,,,N,N,N,,N,N,Y,,,,,,,이천시 모가면 사실로 988 구글 지오코딩,Google geocoding: 이천시 모가면 사실로 988
nax1196,nation,전국,이천,Icheon,,백사 산수유마을,Baeksa Cornelian Cherry Village,,,heal,힐링·생태·체험,37.296,127.481,60,상시 개방 · 무료,3월이면 노란 산수유가 마을을 덮는다.,Yellow cornelian cherry blossom covers the village in March.,,,N,N,N,,N,N,Y,,,,,,,이천시 백사면 도립리 구글 지오코딩,Google geocoding: 이천시 백사면 산수유마을
nax1197,nation,전국,여주,Yeoju,,황학산수목원,Hwanghaksan Arboretum,,,heal,힐링·생태·체험,37.31833,127.60417,70,09:00–18:00 · 무료,습지원과 물맞이 정원이 있는 시립 수목원.,A city arboretum with wetland and water gardens.,,,N,N,N,,N,N,Y,,,,,,,여주시 매룡동 황학산 구글 지오코딩,Google geocoding: 여주 황학산수목원
nax1198,nation,전국,고양,Goyang,,렛츠런팜 원당,Wondang Horse Ranch,,,heal,힐링·생태·체험,37.67083,126.854,60,10:00–17:00 · 월 휴장 · 무료,말과 메타세쿼이아 길이 있는 목장.,A ranch of paddocks and a metasequoia avenue.,,,N,N,N,,N,N,Y,,,,,,,고양시 덕양구 도촌동 목장 구글 지오코딩,Google geocoding: 고양 렛츠런팜 원당
nax1199,nation,전국,용인,Yongin,,용인 대장금파크,Dae Jang Geum Park,,,activity,테마파크·액티비티,37.32111,127.29861,90,09:00–18:00 · 유료,사극을 찍는 국내 최대 규모의 야외 세트장.,The largest outdoor set for historical dramas.,,,N,N,N,,N,N,Y,,,,,,,용인시 처인구 백암면 용천리 778-1 구글 지오코딩,Google geocoding: 용인 대장금파크
nax1210,nation,전국,홍성,Hongseong,,만해 한용운 생가지,Han Yong-un Birthplace,,,herit,문화유산·전통체험,36.5578,126.6478,40,09:00–18:00 · 무료,시인이자 독립운동가의 초가 생가와 사당.,The thatched birthplace of the poet and independence leader.,,,N,N,N,,N,N,Y,,,,,,,홍성군 결성면 만해로 318번길 83 구글 지오코딩,Google geocoding: 홍성 만해 한용운 생가지
nax1211,nation,전국,홍성,Hongseong,,용봉산,Yongbongsan,,,heal,힐링·생태·체험,36.6152,126.6297,150,상시 개방 · 무료,기암이 늘어선 낮지만 험한 바위산.,A low but rugged peak lined with rock formations.,,,N,N,N,,N,N,Y,,,,,,,홍성군 홍북읍 용봉산 구글 지오코딩,Google geocoding: 홍성 용봉산
nax1212,nation,전국,예산,Yesan,,추사고택,Kim Jeong-hui House,,,herit,문화유산·전통체험,36.7169,126.7492,40,09:00–18:00 · 무료,추사 김정희가 나고 자란 한옥과 묘소.,The house and grave of the calligrapher Kim Jeong-hui.,,,N,N,N,,N,N,Y,,,,,,,예산군 신암면 추사고택로 261 구글 지오코딩,Google geocoding: 예산군 추사고택
nax1213,nation,전국,예산,Yesan,,예산상설시장,Yesan Market,,,food,로컬상권·먹거리,36.6825,126.8489,60,가게별 상이 · 유료,장터를 개조한 먹거리 골목으로 알려진 시장.,An old market hall remade into a food arcade.,,,N,N,N,,N,N,Y,,,,,,,예산군 예산읍 형제고개로 22 구글 지오코딩,Google geocoding: 예산상설시장
nax1214,nation,전국,논산,Nonsan,,강경 근대역사거리,Ganggyeong Historic Street,,,herit,문화유산·전통체험,36.1553,127.0114,60,상시 개방 · 무료,금강 포구 시절의 창고와 은행 건물이 남은 거리.,Warehouses and banks left from the river-port years.,,,N,N,N,,N,N,Y,,,,,,,논산시 강경읍 중앙리 구글 지오코딩,Google geocoding: 논산 강경 근대역사거리
nax1215,nation,전국,서천,Seocheon,,신성리 갈대밭,Sinseong-ri Reed Field,,,heal,힐링·생태·체험,36.0322,126.8028,50,상시 개방 · 무료,금강 하구에 넓게 퍼진 갈대 습지.,A broad reed marsh at the mouth of the Geum river.,,,N,N,N,,N,N,Y,,,,,,,서천군 한산면 신성리 구글 지오코딩,Google geocoding: 서천 신성리 갈대밭
nax1216,nation,전국,당진,Dangjin,,솔뫼성지,Solmoe Shrine,,,herit,문화유산·전통체험,36.8908,126.7222,50,09:00–18:00 · 무료,김대건 신부가 태어난 솔숲 성지.,The pine-grove shrine at Andrew Kim's birthplace.,,,N,N,N,,N,N,Y,,,,,,,당진시 우강면 솔뫼로 132 구글 지오코딩,Google geocoding: 당진시 우강면 솔뫼로 132
nax1217,nation,전국,서산,Seosan,,서산 마애여래삼존상,Seosan Rock-carved Triad,,,herit,문화유산·전통체험,36.7293,126.5961,40,09:00–18:00 · 무료,백제의 미소로 불리는 바위 삼존불.,The rock-carved triad known as the smile of Baekje.,,,N,N,N,,N,N,Y,,,,,,,서산시 운산면 마애삼존불길 65-13 구글 지오코딩,Google geocoding: 서산 용현리 마애여래삼존상
nax1218,nation,전국,세종,Sejong,,이응다리,Geumgang Pedestrian Bridge,,,activity,테마파크·액티비티,36.4881,127.2778,50,상시 개방 · 무료,금강을 원형으로 건너는 보행 전용 다리.,A circular pedestrian bridge over the Geum river.,,,N,N,N,,N,N,Y,,,,,,,세종시 세종동 금강보행교 구글 지오코딩,Google geocoding: 세종 이응다리
nax1219,nation,전국,세종,Sejong,,밀마루전망대,Milmaru Observatory,低山脊观景台,ミルマル展望台,heal,힐링·생태·체험,36.5069,127.2586,30,10:00–18:00 · 무료,행정중심복합도시를 한눈에 보는 전망탑.,A tower overlooking the new administrative city.,,,N,N,N,,N,N,Y,,,,,,,세종시 도움6로 11 구글 지오코딩,Google geocoding: 세종 밀마루전망대
nax1230,nation,전국,담양,Damyang,,담양호 용마루길,Damyangho Lakeside Walk,,,heal,힐링·생태·체험,35.4106,127.0011,90,상시 개방 · 무료,호수 위로 놓인 수변 데크 산책길.,A boardwalk carried out over the reservoir.,,,N,N,N,,N,N,Y,,,,,,,담양군 용면 담양호 구글 지오코딩,Google geocoding: 담양호 용마루길
nax1231,nation,전국,고창,Gochang,,학원농장 청보리밭,Hakwon Farm Barley Field,,,heal,힐링·생태·체험,35.4472,126.6669,60,상시 개방 · 무료,"봄에는 청보리, 가을에는 메밀이 덮는 언덕 농장.","A hill farm of green barley in spring, buckwheat in autumn.",,,N,N,N,,N,N,Y,,,,,,,고창군 공음면 학원농장길 158-6 구글 지오코딩,Google geocoding: 고창 학원농장
nax1232,nation,전국,정읍,Jeongeup,,정읍 쌍화차거리,Jeongeup Ssanghwacha Street,,,food,로컬상권·먹거리,35.5686,126.8564,50,가게별 상이 · 유료,약재를 달인 쌍화차 찻집이 모인 거리.,A street of teahouses serving herbal ssanghwa tea.,,,N,N,N,,N,N,Y,,,,,,,정읍시 시기동 쌍화차거리 구글 지오코딩,Google geocoding: 정읍 쌍화차거리
nax1233,nation,전국,장성,Jangseong,,장성호 수변길,Jangseongho Waterside Trail,,,heal,힐링·생태·체험,35.36,126.8006,80,상시 개방 · 무료,출렁다리와 데크가 이어지는 호반길.,A lakeside route of decks and a suspension bridge.,,,N,N,N,,N,N,Y,,,,,,,장성군 장성호 수변길 구글 지오코딩,Google geocoding: 장성호 수변길
nax1234,nation,전국,화순,Hwasun,,세량지,Seryangji Pond,,,heal,힐링·생태·체험,35.0328,126.9542,40,상시 개방 · 무료,새벽 물안개와 산벚꽃으로 알려진 저수지.,A reservoir known for dawn mist and mountain cherry.,,,N,N,N,,N,N,Y,,,,,,,화순군 화순읍 세량리 구글 지오코딩,Google geocoding: 화순 세량지
nax1235,nation,전국,해남,Haenam,,미황사,Mihwangsa Temple,,,herit,문화유산·전통체험,34.4128,126.5411,60,상시 개방 · 유료,달마산 바위 능선을 등진 남쪽 끝 절.,"The southernmost temple, backed by the Dalmasan ridge.",,,N,N,N,,N,N,Y,,,,,,,해남군 송지면 미황사길 164 구글 지오코딩,Google geocoding: 해남군 송지면 미황사길 164
nax1236,nation,전국,보성,Boseong,,태백산맥문학관,Taebaek Sanmaek Literary Hall,,,herit,문화유산·전통체험,34.83,127.3369,50,09:00–18:00 · 월 휴관 · 유료,소설 『태백산맥』의 무대 벌교에 선 문학관.,"A literary museum in Beolgyo, the novel's setting.",,,N,N,N,,N,N,Y,,,,,,,보성군 벌교읍 홍교3길 2 구글 지오코딩,Google geocoding: 보성군 벌교읍 홍교3길 2
nax1237,nation,전국,신안,Sinan,,흑산도,Heuksando,黑山岛,黒山島,sea,해양·자연경관,34.6858,125.4353,420,여객선 운항 시간 · 유료,상라산 전망과 홍어로 알려진 먼바다 섬.,A far-offshore island known for its ridge views and skate.,,,N,N,N,,N,N,Y,,,,,,,신안군 흑산면 예리 구글 지오코딩,Google geocoding: 신안군 흑산도
nax1238,nation,전국,익산,Iksan,,아가페정원,Agape Garden,,,heal,힐링·생태·체험,36.0175,126.9525,50,개방 기간 상이 · 유료,초여름 수국이 가득 피는 사설 정원.,A private garden filled with early-summer hydrangeas.,,,N,N,N,,N,N,Y,,,,,,,익산시 여산면 두여1길 21-9 구글 지오코딩,Google geocoding: 익산 아가페정원
nax1239,nation,전국,부안,Buan,,적벽강,Jeokbyeokgang Cliffs,,,sea,해양·자연경관,35.6522,126.4483,50,상시 개방 · 무료,채석강 북쪽으로 이어지는 붉은 해식 절벽.,Red sea cliffs running north from Chaeseokgang.,,,N,N,N,,N,N,Y,,,,,,,부안군 변산면 격포리 구글 지오코딩,Google geocoding: 부안 적벽강
nax1250,nation,전국,철원,Cheorwon,,월정리역,Woljeong-ri Station,,,herit,문화유산·전통체험,38.2758,127.2181,40,안보견학 일정별 · 유료,비무장지대 앞에 멈춰 선 경원선 종착역.,"The Gyeongwon line terminus, halted before the DMZ.",,,N,N,N,,N,N,Y,,,,,,,철원군 철원읍 홍원리 구글 지오코딩,Google geocoding: 철원 월정리역
nax1251,nation,전국,철원,Cheorwon,,백마고지 전적지,Baengmagoji Battle Site,,,herit,문화유산·전통체험,38.3103,127.1839,40,상시 개방 · 무료,한국전쟁 최대 격전지 가운데 하나.,One of the fiercest battlegrounds of the Korean War.,,,N,N,N,,N,N,Y,,,,,,,철원군 철원읍 대마리 구글 지오코딩,Google geocoding: 철원 백마고지 전적지
nax1252,nation,전국,철원,Cheorwon,,도피안사,Dopiansa Temple,,,herit,문화유산·전통체험,38.2317,127.2358,40,상시 개방 · 무료,신라 철조비로자나불좌상이 남은 평지 사찰.,A lowland temple holding a Silla iron Buddha.,,,N,N,N,,N,N,Y,,,,,,,철원군 동송읍 관우리 450 구글 지오코딩,Google geocoding: 철원 도피안사
nax1253,nation,전국,철원,Cheorwon,,철원 두루미 월동지,Cheorwon Crane Fields,,,heal,힐링·생태·체험,38.2189,127.1889,90,겨울철 탐조 · 예약제,겨울마다 두루미가 내려앉는 민통선 들녘.,Border-zone fields where cranes winter each year.,,,N,N,N,,N,N,Y,,,,,,,철원군 동송읍 양지리 철원평야 구글 지오코딩,Google geocoding: 철원 두루미 월동지
nax1254,nation,전국,철원,Cheorwon,,한탄강 주상절리길,Hantangang Columnar Joint Path,,,heal,힐링·생태·체험,38.188,127.3,120,09:00–17:00 · 유료,협곡 절벽에 매단 잔도를 따라 걷는 길.,A cliff-hung walkway through the basalt gorge.,,,Y,N,N,,N,N,Y,,,,,,,철원군 동송읍 장흥리 구글 지오코딩,Google geocoding: 철원 한탄강 주상절리길
nax1255,nation,전국,철원,Cheorwon,,철원 승일교,Seungil Bridge,,,herit,문화유산·전통체험,38.1906,127.2853,30,상시 개방 · 무료,남북이 나누어 놓은 아치 교량.,An arch bridge each half built by a different side.,,,N,N,N,,N,N,Y,,,,,,,철원군 동송읍 장흥리 구글 지오코딩,Google geocoding: 철원 승일교
nax1256,nation,전국,철원,Cheorwon,,철원 학저수지,Hak Reservoir,,,heal,힐링·생태·체험,38.1906,127.2214,50,상시 개방 · 무료,철새와 낚시로 알려진 평야 속 저수지.,A plain-country reservoir known for birds and fishing.,,,N,N,N,,N,N,Y,,,,,,,철원군 동송읍 오지리 구글 지오코딩,Google geocoding: 철원 학저수지
nax1270,nation,전국,하동,Hadong,,화개장터,Hwagae Market,,,food,로컬상권·먹거리,35.1739,127.6339,50,09:00–18:00 · 무료,섬진강을 사이에 둔 영호남 경계의 장터.,"A market on the border of the two provinces, by the Seomjin river.",,,Y,N,N,,N,N,Y,,,,,,,하동군 화개면 쌍계로 15 구글 지오코딩,Google geocoding: 하동군 화개면 쌍계로 15
nax1271,nation,전국,하동,Hadong,,쌍계사,Ssanggyesa Temple,,双磎寺（河東）,herit,문화유산·전통체험,35.2317,127.6506,60,상시 개방 · 유료,지리산 남쪽 골짜기의 통일신라 고찰.,A Unified Silla temple in a southern Jirisan valley.,,,Y,N,N,,N,N,Y,,,,,,,하동군 화개면 쌍계사길 59 구글 지오코딩,Google geocoding: 하동군 화개면 쌍계사길 59
nax1272,nation,전국,하동,Hadong,,최참판댁,Choi Champandaek,,,herit,문화유산·전통체험,35.1361,127.7,60,09:00–18:00 · 유료,소설 『토지』의 무대로 지은 평사리 한옥.,The hanok estate built as the setting of the novel Toji.,,,N,N,N,,N,N,Y,,,,,,,하동군 악양면 평사리 269 구글 지오코딩,Google geocoding: 하동 최참판댁
nax1273,nation,전국,하동,Hadong,,하동 십리벚꽃길,Hwagae Cherry Blossom Road,,,heal,힐링·생태·체험,35.1889,127.6417,60,상시 개방 · 무료,화개장터에서 쌍계사까지 이어지는 벚꽃길.,Cherry blossoms from Hwagae Market up to Ssanggyesa.,,,N,N,N,,N,N,Y,,,,,,,하동군 화개면 쌍계로 구글 지오코딩,Google geocoding: 하동 십리벚꽃길
nax1274,nation,전국,하동,Hadong,,하동 녹차밭 (도심다원),Hadong Tea Fields,,,heal,힐링·생태·체험,35.2169,127.6414,60,09:00–18:00 · 유료(시음),우리나라 차 시배지로 전하는 비탈 차밭.,Hillside fields said to be where Korean tea began.,,,N,N,N,,N,N,Y,,,,,,,하동군 화개면 정금리 구글 지오코딩,Google geocoding: 하동 도심다원
nax1275,nation,전국,하동,Hadong,,하동 송림공원,Hadong Pine Grove,,,heal,힐링·생태·체험,35.0678,127.7519,40,상시 개방 · 무료,섬진강 백사장을 등진 노송 숲.,An old pine grove behind the Seomjin river sands.,,,N,N,N,,N,N,Y,,,,,,,하동군 하동읍 광평리 443-10 구글 지오코딩,Google geocoding: 하동 송림공원
nax1276,nation,전국,하동,Hadong,,삼성궁,Samseonggung,,,herit,문화유산·전통체험,35.2664,127.6108,80,08:30–17:00 · 유료,돌탑이 숲을 이룬 지리산 속 수련장.,A mountain retreat set among thousands of stone cairns.,,,N,N,N,,N,N,Y,,,,,,,하동군 청암면 삼성궁길 2 구글 지오코딩,Google geocoding: 하동군 청암면 삼성궁길 2
nax1277,nation,전국,하동,Hadong,,하동 스카이워크,Hadong Skywalk,,,activity,테마파크·액티비티,35.0644,127.7539,30,상시 개방 · 무료,섬진강 위로 뻗은 유리 전망대.,A glass deck over the Seomjin river.,,,N,N,N,,N,N,Y,,,,,,,하동군 하동읍 섬진강대로 구글 지오코딩,Google geocoding: 하동 스카이워크
nax1278,nation,전국,하동,Hadong,,금오산 짚와이어,Geumosan Zip Wire,,,activity,테마파크·액티비티,34.9772,127.8267,90,09:00–17:00 · 유료,남해 바다를 보며 내려오는 국내 최장급 짚라인.,"One of the country's longest zip lines, facing the south sea.",,,N,N,N,,N,N,Y,,,,,,,하동군 금남면 경충로 493-37 구글 지오코딩,Google geocoding: 하동 금오산 짚와이어
nax1290,nation,전국,거창,Geochang,,우두산 Y자형 출렁다리,Udusan Y-Bridge,,,activity,테마파크·액티비티,35.7225,128.0086,90,상시 개방 · 무료,세 갈래로 갈라진 산 위 현수교.,A three-armed suspension bridge on the ridge.,,,N,N,N,,N,N,Y,,,,,,,거창군 가조면 의상봉길 830 구글 지오코딩,Google geocoding: 거창 우두산 출렁다리
nax1291,nation,전국,거창,Geochang,,고견사,Gogyeonsa Temple,,,herit,문화유산·전통체험,35.7181,128.0158,70,상시 개방 · 무료,의상봉 아래 폭포를 낀 산사.,A mountain temple beside a fall below Uisangbong.,,,N,N,N,,N,N,Y,,,,,,,거창군 가조면 의상봉길 1049 구글 지오코딩,Google geocoding: 거창 고견사
nax1292,nation,전국,거창,Geochang,,월성계곡,Wolseong Valley,,,heal,힐링·생태·체험,35.8022,127.7686,80,상시 개방 · 무료,덕유산 자락을 흐르는 맑은 여름 계곡.,A clear summer valley off the Deogyusan slopes.,,,N,N,N,,N,N,Y,,,,,,,거창군 북상면 월성리 구글 지오코딩,Google geocoding: 거창 월성계곡
nax1293,nation,전국,거창,Geochang,,거창 창포원,Geochang Iris Garden,,,heal,힐링·생태·체험,35.6393,127.9243,60,09:00–18:00 · 유료,저수지를 낀 수변 화훼 정원.,A waterside flower garden on the reservoir.,,,N,N,N,,N,N,Y,,,,,,,거창군 남상면 창포원로 619 구글 지오코딩,Google geocoding: 거창 창포원
nax1294,nation,전국,거창,Geochang,,감악산 아스타 꽃밭,Gamaksan Aster Fields,,,heal,힐링·생태·체험,35.6019,127.9608,70,상시 개방 · 무료,가을이면 보랏빛 아스터가 덮는 능선.,A ridge covered in purple asters each autumn.,,,N,N,N,,N,N,Y,,,,,,,거창군 신원면 연수사길 감악산 구글 지오코딩,Google geocoding: 거창 감악산 꽃&별 여행
nax1295,nation,전국,거창,Geochang,,거창사건추모공원,Geochang Incident Memorial Park,,,herit,문화유산·전통체험,35.5716,127.8875,40,09:00–18:00 · 무료,한국전쟁기 민간인 희생을 기리는 공원.,A memorial to civilians killed during the Korean War.,,,N,N,N,,N,N,Y,,,,,,,거창군 신원면 신차로 2924 구글 지오코딩,Google geocoding: 거창사건추모공원
nax1296,nation,전국,거창,Geochang,,황산마을 옛담장,Hwangsan Village Walls,,,herit,문화유산·전통체험,35.7249,127.8351,40,상시 개방 · 무료,돌담과 기와집이 남은 동계 종택 마을.,A village of stone walls and tiled clan houses.,,,N,N,N,,N,N,Y,,,,,,,거창군 위천면 황산리 구글 지오코딩,Google geocoding: 거창 황산마을 옛담장
nax1297,nation,전국,거창,Geochang,,거창박물관,Geochang Museum,,,herit,문화유산·전통체험,35.6864,127.9106,40,09:00–18:00 · 월 휴관 · 무료,가야·조선기 거창 유물을 모은 지역 박물관.,A local museum of Gaya and Joseon finds.,,,N,N,N,,N,N,Y,,,,,,,거창군 거창읍 수남로 2181 구글 지오코딩,Google geocoding: 거창박물관
nax1310,nation,전국,시흥,Siheung,,시흥 갯골생태공원,Siheung Getgol Eco Park,始兴河沟生态公园,始興ケッコル生態公園,heal,힐링·생태·체험,37.38977,126.78124,60,상시 개방 · 무료,내만 갯골을 따라 걷는 습지 생태공원.,A wetland park along an inland tidal creek.,,,N,N,Y,,N,N,Y,,,,,,,한국관광공사 관광정보 좌표,Korea Tourism Organization coordinates
nax1311,nation,전국,예산,Yesan,,예당관광지,Yedang Resort Area,,,heal,힐링·생태·체험,36.63699,126.79973,70,상시 개방 · 무료,예당호를 낀 출렁다리·음악분수 관광지.,A lakeside resort with a suspension bridge and fountain.,,,N,N,Y,예산군 관광지 (2021 지정),N,N,Y,,,,,,,한국관광공사 관광정보 좌표,Korea Tourism Organization coordinates
nax1312,nation,전국,예산,Yesan,,대흥슬로시티,Daeheung Slow City,,,herit,문화유산·전통체험,36.60668,126.79033,60,상시 개방 · 무료,느린 호흡으로 걷는 의좋은 형제 마을.,A slow-city village of old brotherly legend.,,,N,N,Y,,N,N,Y,,,,,,,한국관광공사 관광정보 좌표,Korea Tourism Organization coordinates
nax1313,nation,전국,예산,Yesan,,봉수산자연휴양림,Bongsusan Forest Resort,,,heal,힐링·생태·체험,36.59845,126.78088,90,09:00–18:00 · 유료,임존성 아래 수목원을 겸한 휴양림.,A forest retreat and arboretum below Imjonseong.,,,N,N,Y,,N,N,Y,,,,,,,한국관광공사 관광정보 좌표,Korea Tourism Organization coordinates
nax1314,nation,전국,청주,Cheongju,,청주동물원,Cheongju Zoo,清州动物园,清州動物園,activity,테마파크·액티비티,36.65246,127.52068,90,09:00–18:00 · 유료,명암저수지 옆 시립 동물원.,The city zoo beside Myeongam reservoir.,,,N,N,Y,,N,N,Y,,,,,,,한국관광공사 관광정보 좌표,Korea Tourism Organization coordinates
nax1315,nation,전국,단양,Danyang,,다리안관광지,Darian Resort Area,,,heal,힐링·생태·체험,36.96483,128.4208,70,상시 개방 · 무료,소백산 자락 계곡과 폭포가 있는 관광지.,A valley resort below Sobaeksan.,,,N,N,Y,단양군 관광지 (2016 지정),N,N,Y,,,,,,,한국관광공사 관광정보 좌표,Korea Tourism Organization coordinates
nax1316,nation,전국,군산,Gunsan,,군산 시간여행마을,Gunsan Time Travel Village,,,herit,문화유산·전통체험,35.9887,126.71813,80,상시 개방 · 무료,근대 건축이 모인 내항 일대 거리.,Streets of modern-era buildings by the old port.,,,N,N,Y,,N,N,Y,,,,,,,한국관광공사 관광정보 좌표,Korea Tourism Organization coordinates
nax1317,nation,전국,완주,Wanju,,삼례문화예술촌,Samnye Culture & Art Village,,,activity,테마파크·액티비티,35.90619,127.06624,60,10:00–18:00 · 월 휴관 · 유료,양곡창고를 고쳐 만든 예술 공간.,Grain warehouses remade into art spaces.,,,N,N,Y,,N,N,Y,,,,,,,한국관광공사 관광정보 좌표,Korea Tourism Organization coordinates
nax1318,nation,전국,진안,Jinan,,마이산도립공원,Maisan Provincial Park,,,heal,힐링·생태·체험,35.77551,127.41786,120,상시 개방 · 유료,두 귀처럼 솟은 바위산과 탑사.,Two ear-shaped peaks and the stone-pagoda temple.,,,Y,N,Y,,N,N,Y,,,,,,,한국관광공사 관광정보 좌표,Korea Tourism Organization coordinates
nax1319,nation,전국,전주,Jeonju,,전주동물원,Jeonju Zoo,,全州動物園,activity,테마파크·액티비티,35.85522,127.14562,90,09:00–18:00 · 유료,덕진공원 곁의 시립 동물원.,The city zoo next to Deokjin Park.,,,N,N,Y,,N,N,Y,,,,,,,한국관광공사 관광정보 좌표,Korea Tourism Organization coordinates
nax1320,nation,전국,부안,Buan,,모항해수욕장,Mohang Beach,,,sea,해양·자연경관,35.58286,126.50774,60,상시 개방 · 무료,변산 해안의 아담한 모래 해변.,A small sandy cove on the Byeonsan coast.,,,N,N,Y,부안군 관광지 (2008 지정),N,N,Y,,,,,,,한국관광공사 관광정보 좌표,Korea Tourism Organization coordinates
nax1321,nation,전국,임실,Imsil,,임실치즈테마파크,Imsil Cheese Theme Park,,任実チーズテーマパーク,activity,테마파크·액티비티,35.63313,127.30125,90,09:00–18:00 · 유료,치즈 만들기 체험이 있는 테마파크.,A cheese-making theme park.,,,N,N,Y,,N,N,Y,,,,,,,한국관광공사 관광정보 좌표,Korea Tourism Organization coordinates
nax1322,nation,전국,장수,Jangsu,,와룡자연휴양림,Waryong Forest Resort,,,heal,힐링·생태·체험,35.68121,127.47931,120,상시 개방 · 유료,장안산 자락의 숲속 휴양림.,A forest retreat below Jangansan.,,,N,N,Y,,N,N,Y,,,,,,,한국관광공사 관광정보 좌표,Korea Tourism Organization coordinates
nax1323,nation,전국,장수,Jangsu,,장수누리파크,Jangsu Nuri Park,,,heal,힐링·생태·체험,35.64108,127.52326,50,상시 개방 · 무료,논개사당 곁에 조성된 가족 공원.,A family park beside the Nongae shrine.,,,N,N,Y,,N,N,Y,,,,,,,한국관광공사 관광정보 좌표,Korea Tourism Organization coordinates
nax1324,nation,전국,장수,Jangsu,,방화동자연휴양림,Banghwadong Forest Resort,傍花洞自然休养林,,heal,힐링·생태·체험,35.58976,127.52911,120,상시 개방 · 유료,계곡을 낀 가족휴가촌형 휴양림.,A valley retreat with family cabins.,,,N,N,Y,장수군 관광지 (2008 지정),N,N,Y,,,,,,,한국관광공사 관광정보 좌표,Korea Tourism Organization coordinates
nax1325,nation,전국,순창,Sunchang,,향가유원지,Hyangga Riverside Park,,,heal,힐링·생태·체험,35.3391,127.19188,60,상시 개방 · 무료,섬진강 폐철교를 살린 강변 유원지.,A riverside park on a disused rail bridge.,,,N,N,Y,,N,N,Y,,,,,,,한국관광공사 관광정보 좌표,Korea Tourism Organization coordinates
nax1326,nation,전국,순창,Sunchang,,강천산 군립공원,Gangcheonsan County Park,,剛泉山郡立公園,heal,힐링·생태·체험,35.40879,127.0675,150,상시 개방 · 유료,계곡과 구름다리로 알려진 단풍 명산.,An autumn-colour peak of gorges and a sky bridge.,,,Y,N,Y,,N,N,Y,,,,,,,한국관광공사 관광정보 좌표,Korea Tourism Organization coordinates
nax1327,nation,전국,남원,Namwon,,지리산 허브밸리,Jirisan Herb Valley,,,heal,힐링·생태·체험,35.43515,127.54862,70,09:00–18:00 · 유료,바래봉 아래 허브 정원과 온실.,Herb gardens and glasshouses below Baraebong.,,,N,N,Y,,N,N,Y,,,,,,,한국관광공사 관광정보 좌표,Korea Tourism Organization coordinates
nax1328,nation,전국,남원,Namwon,,남원항공우주천문대,Namwon Astronomy Center,,,activity,테마파크·액티비티,35.39917,127.38737,70,14:00–22:00 · 월 휴관 · 유료,전시관과 관측실을 갖춘 천문대.,An observatory with exhibition halls.,,,N,N,Y,,N,N,Y,,,,,,,한국관광공사 관광정보 좌표,Korea Tourism Organization coordinates
nax1329,nation,전국,장흥,Jangheung,,정남진 편백숲 우드랜드,Jeongnamjin Cypress Woodland,正南津扁柏林木头乐园,チョンナムジン(正南津)ヒノキの森ウッドランド,heal,힐링·생태·체험,34.66831,126.93399,120,09:00–18:00 · 유료,편백 숲과 목재 문화 시설이 모인 숲.,A cypress forest with timber-craft facilities.,,,Y,N,Y,,N,N,Y,,,,,,,한국관광공사 관광정보 좌표,Korea Tourism Organization coordinates
nax1330,nation,전국,완도,Wando,,정도리 구계등,Jeongdo-ri Gugyedeung,,,sea,해양·자연경관,34.29813,126.70689,50,상시 개방 · 무료,파도가 굴린 몽돌이 층을 이룬 해변.,A shore of wave-rolled pebbles in nine ridges.,,,N,N,Y,,N,N,Y,,,,,,,한국관광공사 관광정보 좌표,Korea Tourism Organization coordinates
nax1331,nation,전국,대구,Daegu,,사문진 주막촌,Samunjin Tavern Village,沙门津酒幕村,沙門津酒幕村,herit,문화유산·전통체험,35.8111,128.47867,60,상시 개방 · 무료,낙동강 나루에 되살린 주막 거리.,A restored tavern hamlet at the Nakdong ferry.,,,N,N,Y,달성군 관광지 (2024 지정),N,N,Y,,,,,,,한국관광공사 관광정보 좌표,Korea Tourism Organization coordinates
nax1332,nation,전국,대구,Daegu,,비슬산군립공원,Biseulsan County Park,,,heal,힐링·생태·체험,35.71674,128.52492,180,상시 개방 · 유료,봄이면 참꽃이 덮는 능선과 암괴류.,Azalea slopes and boulder streams on the ridge.,,,N,N,Y,,N,N,Y,,,,,,,한국관광공사 관광정보 좌표,Korea Tourism Organization coordinates
nax1333,nation,전국,고령,Goryeong,,대가야역사테마관광지,Daegaya History Theme Park,,大加耶歴史テーマ観光地,herit,문화유산·전통체험,35.72121,128.25994,80,09:00–18:00 · 유료,대가야 생활상을 재현한 체험 단지.,A park recreating Daegaya life.,,,N,N,Y,,N,N,Y,,,,,,,한국관광공사 관광정보 좌표,Korea Tourism Organization coordinates
nax1334,nation,전국,산청,Sancheong,,산청 동의보감촌,Donguibogam Village,山清东医宝鉴村,サンチョン・トンイボガムチョン(山清東医宝鑑村),heal,힐링·생태·체험,35.44107,127.82936,120,09:00–18:00 · 유료,한방 체험과 약초 테마의 휴양 단지.,A herbal-medicine themed resort village.,,,Y,N,Y,산청군 관광지 (2021 지정),N,N,Y,,,,,,,한국관광공사 관광정보 좌표,Korea Tourism Organization coordinates
nax1335,nation,전국,거제,Geoje,,수협효시공원,Fisheries Co-op Origin Park,,,herit,문화유산·전통체험,34.92957,128.52517,40,상시 개방 · 무료,우리나라 수협 발상지를 기린 공원.,A park marking the birthplace of the fisheries co-op.,,,N,N,Y,,N,N,Y,,,,,,,한국관광공사 관광정보 좌표,Korea Tourism Organization coordinates
nax1336,nation,전국,거제,Geoje,,칠천량해전공원,Chilcheonnyang Battle Park,,,herit,문화유산·전통체험,34.97767,128.62826,50,09:00–18:00 · 유료,칠천량 해전을 다룬 전시관과 전망.,An exhibition on the Battle of Chilcheonnyang.,,,N,N,Y,,N,N,Y,,,,,,,한국관광공사 관광정보 좌표,Korea Tourism Organization coordinates
nax1337,nation,전국,횡성,Hoengseong,,유현문화관광지,Yuhyeon Culture Resort,,,activity,테마파크·액티비티,37.53072,127.81994,70,09:00–18:00 · 유료,미술관과 체험 시설이 모인 관광지.,A resort of galleries and craft studios.,,,N,N,Y,횡성군 관광지 (2012 지정),N,N,Y,,,,,,,한국관광공사 관광정보 좌표,Korea Tourism Organization coordinates
nax1338,nation,전국,강릉,Gangneung,,연곡해변,Yeongok Beach,连谷海边(连谷海水浴场),連谷海岸（連谷海水浴場）,sea,해양·자연경관,37.8585,128.8548,60,상시 개방 · 무료,솔숲 캠핑장을 낀 조용한 해변.,A quiet beach backed by a pine campground.,,,N,N,Y,,N,N,Y,,,,,,,한국관광공사 관광정보 좌표,Korea Tourism Organization coordinates
nax1339,nation,전국,강릉,Gangneung,,강릉통일공원,Gangneung Unification Park,,,herit,문화유산·전통체험,37.72046,128.99841,60,09:00–17:00 · 유료,잠수함과 함정을 전시한 안보 공원.,A security park displaying a submarine and warship.,,,N,N,Y,,N,N,Y,,,,,,,한국관광공사 관광정보 좌표,Korea Tourism Organization coordinates
nax1340,nation,전국,제주,Jeju,,붉은오름자연휴양림,Bulgeun Oreum Forest Resort,,,heal,힐링·생태·체험,33.39527,126.67427,90,09:00–18:00 · 유료,삼나무 숲길이 이어지는 오름 휴양림.,A forest retreat of cedar trails around an oreum.,,,N,N,Y,,N,N,Y,,,,,,,한국관광공사 관광정보 좌표,Korea Tourism Organization coordinates
nax1410,nation,전국,인천,Incheon,,연안부두 해양광장,Yeonan Wharf Marine Plaza,,,sea,해양·자연경관,37.4433,126.5978,40,상시 개방 · 무료,연안여객터미널 앞 바다 전망 광장.,A waterfront plaza by the coastal ferry terminal.,,,N,N,Y,,N,N,Y,,,,,,,열린관광지 목록 주소 기반 좌표,Address-based from the barrier-free site list
nax1411,nation,전국,충주,Chungju,,충주 세계무술공원,Chungju World Martial Arts Park,,,activity,테마파크·액티비티,37.0016,127.928,60,상시 개방 · 무료,세계무술축제가 열리는 남한강변 공원.,A riverside park that hosts the world martial arts festival.,,,N,N,Y,,N,N,Y,,,,,,,열린관광지 목록 주소 기반 좌표,Address-based from the barrier-free site list
nax1412,nation,전국,익산,Iksan,,익산 고스락,Iksan Goseurak,,,food,로컬상권·먹거리,36.081,126.977,50,09:00–18:00 · 유료(체험),전통 장을 담그고 맛보는 발효 체험장.,A fermentation centre for traditional soy and paste.,,,N,N,Y,,N,N,Y,,,,,,,열린관광지 목록 주소 기반 좌표,Address-based from the barrier-free site list
nax1413,nation,전국,임실,Imsil,,옥정호 외얏날,Okjeongho Oeyatnal,,,heal,힐링·생태·체험,35.5846,127.136,60,상시 개방 · 무료,옥정호 물길을 내려다보는 전망 언덕.,A lookout hill over the Okjeong lake bends.,,,N,N,Y,,N,N,Y,,,,,,,열린관광지 목록 주소 기반 좌표,Address-based from the barrier-free site list
nax1414,nation,전국,장수,Jangsu,,뜬봉샘 생태관광지,Tteunbongsaem Eco Site,,,heal,힐링·생태·체험,35.6497,127.5128,70,상시 개방 · 무료,금강 발원지 샘과 생태 탐방로.,The source spring of the Geum river and its eco trail.,,,N,N,Y,,N,N,Y,,,,,,,열린관광지 목록 주소 기반 좌표,Address-based from the barrier-free site list
nax1415,nation,전국,남원,Namwon,,국악의 성지,Home of Korean Traditional Music,,,herit,문화유산·전통체험,35.4503,127.5354,60,09:00–18:00 · 월 휴관 · 무료,판소리 동편제의 맥을 잇는 국악 전시·공연장.,A centre for pansori and Korean classical music.,,,N,N,Y,,N,N,Y,,,,,,,열린관광지 목록 주소 기반 좌표,Address-based from the barrier-free site list
nax1416,nation,전국,남원,Namwon,,백두대간 생태교육장,Baekdudaegan Eco Education Centre,,,heal,힐링·생태·체험,35.4411,127.5266,60,09:00–18:00 · 월 휴관 · 무료,백두대간 생태를 다룬 전시·교육 시설.,Exhibits on the ecology of the Baekdudaegan range.,,,N,N,Y,,N,N,Y,,,,,,,열린관광지 목록 주소 기반 좌표,Address-based from the barrier-free site list
nax1417,nation,전국,춘천,Chuncheon,,박사마을 어린이 글램핑장,Baksa Village Kids Glamping,,,stay,숙박,37.9012,127.6618,180,예약제 · 유료,북한강변 숲에 자리한 가족 글램핑장.,A family glamping site in riverside woods.,,,N,N,Y,,N,N,Y,,,,,,,열린관광지 목록 주소 기반 좌표,Address-based from the barrier-free site list
nax1418,nation,전국,춘천,Chuncheon,,의암호 킹카누,Uiamho King Canoe,,,activity,테마파크·액티비티,37.8636,127.7069,90,09:00–18:00 · 유료,호수를 가르는 대형 카누 체험.,Large canoe rides across the lake.,,,N,N,Y,,N,N,Y,,,,,,,열린관광지 목록 주소 기반 좌표,Address-based from the barrier-free site list
nax1419,nation,전국,강릉,Gangneung,,허균·허난설헌 기념공원,Heo Gyun & Heo Nanseolheon Park,许筠·许兰雪轩纪念公园,許筠・許蘭雪軒記念公園,herit,문화유산·전통체험,37.7935,128.9105,50,09:00–18:00 · 무료,초당 솔숲에 자리한 남매 문인 기념공원.,A pine-grove park for the sibling writers.,,,N,N,Y,,N,N,Y,,,,,,,열린관광지 목록 주소 기반 좌표,Address-based from the barrier-free site list
nax1510,nation,전국,청주,Cheongju,,청주 명암유원지,Myeongam Resort Area,,,heal,힐링·생태·체험,36.647,127.5197,50,상시 개방 · 무료,명암약수와 저수지를 낀 도심 유원지.,A city resort by the Myeongam spring and reservoir.,,,N,N,Y,,N,N,Y,,,,,,,열린관광지 목록·명암유원지 기준 좌표,Korea Tourism Organization coordinates
nax1511,nation,전국,충주,Chungju,,충주호체험관광지,Chungjuho Activity Park,,,herit,문화유산·전통체험,36.9853,128.0231,80,09:00–18:00 · 유료,충주호 수변의 수상·체험 시설.,Water activities on the Chungju lake shore.,,,N,N,Y,,N,N,Y,,,,,,,충주호 수변 기준 좌표,Korea Tourism Organization coordinates
nax1513,nation,전국,수원,Suwon,,제부도 해상케이블카,Jebudo Sea Cable Car,,,activity,테마파크·액티비티,37.1786,126.679,70,09:30–18:00 · 유료,제부도와 전곡항을 잇는 바다 케이블카.,A cable car over the sea to Jebudo.,,,Y,N,N,,N,N,Y,,,,,,,한국관광 100선 기준 좌표,Korea Tourism Organization coordinates
nax1516,nation,전국,봉화,Bonghwa,,국립백두대간수목원,Baekdudaegan Arboretum,,,heal,힐링·생태·체험,37.00808,128.82993,120,09:00–18:00 · 월 휴관 · 유료,백두대간 고산식물과 호랑이숲이 있는 수목원.,An alpine arboretum with a tiger forest.,,,Y,N,N,,N,N,Y,,,,,,,한국관광공사 관광정보 좌표,Korea Tourism Organization coordinates
nax1517,nation,전국,통영,Tongyeong,,디피랑,DPIRANG,,,activity,테마파크·액티비티,34.84206,128.42848,80,일몰 후–22:00 · 유료,남망산에 펼쳐지는 야간 디지털 산책길.,A night digital art walk on Nammangsan.,,,Y,N,N,,N,N,Y,,,,,,,한국관광공사 관광정보 좌표,Korea Tourism Organization coordinates
nax1518,nation,전국,부산,Busan,,부산엑스더스카이,BUSAN X the SKY,釜山X the SKY,,activity,테마파크·액티비티,35.16134,129.16801,70,10:00–21:00 · 유료,해운대 엘시티 전망대.,The observation deck atop Haeundae LCT.,,,Y,N,N,,N,N,Y,,,,,,,한국관광공사 관광정보 좌표,Korea Tourism Organization coordinates
nax1519,nation,전국,부산,Busan,,해운대 그린레일웨이,Haeundae Green Railway,,,heal,힐링·생태·체험,35.16129,129.19143,90,상시 개방 · 무료,미포에서 송정까지 옛 철길을 걷는 해안길.,A coastal walk on the old rail line from Mipo to Songjeong.,,,Y,N,N,,N,N,Y,,,,,,,한국관광공사 관광정보 좌표,Korea Tourism Organization coordinates
nax1520,nation,전국,대구,Daegu,,사유원,Sayuwon,思惟园,サユウォン(思惟園),heal,힐링·생태·체험,36.09215,128.68116,150,09:00–17:00 · 예약제 · 유료,건축과 정원이 어우러진 사유의 수목원.,A meditative arboretum of gardens and architecture.,,,Y,N,N,,N,N,Y,,,,,,,한국관광공사 관광정보 좌표,Korea Tourism Organization coordinates
nax1521,nation,전국,완주,Wanju,,오성한옥마을,Oseong Hanok Village,五城韩屋村,オソン韓屋村,herit,문화유산·전통체험,35.90307,127.24328,60,상시 개방 · 무료,종남산 자락에 한옥이 모인 마을.,A hanok hamlet below Jongnamsan.,,,Y,N,N,,N,N,Y,,,,,,,한국관광공사 관광정보 좌표,Korea Tourism Organization coordinates
nax1522,nation,전국,광양,Gwangyang,,광양 매화마을,Gwangyang Plum Village,,光陽 梅花村,heal,힐링·생태·체험,35.07858,127.72052,70,상시 개방 · 무료,섬진강가 매실 농원이 3월이면 하얗게 덮인다.,Plum orchards on the Seomjin that whiten in March.,,,Y,N,N,,N,N,Y,,,,,,,한국관광공사 관광정보 좌표,Korea Tourism Organization coordinates
nax1524,nation,전국,제주,Jeju,,머체왓숲길,Mechewat Forest Trail,,,heal,힐링·생태·체험,33.33052,126.6739,120,09:00–17:00 · 무료,돌밭을 개간한 중산간 숲 산책로.,A mid-mountain forest trail over reclaimed stone fields.,,,Y,N,N,,N,N,Y,,,,,,,한국관광공사 관광정보 좌표,Korea Tourism Organization coordinates
