도시,장소명(한국어),장소명(영문),분류,위도,경도,UNESCO,한국관광100선,권장체류(분),운영시간,설명
,황리단길 한옥스테이,Hwangnidan-gil hanok stays,,35.8377,129.2097,,,,,
,보문관광단지 리조트,Bomun Resort Complex hotels,,35.8470,129.2619,,,,,
,진현동 게스트하우스,Jinhyeon-dong guesthouses,,35.7900,129.3320,,,,,
,장목면 오션뷰 펜션,Jangmok-myeon ocean-view pensions,,35.0050,128.7011,,,,,
,고현동 비즈니스호텔,Gohyeon-dong business hotels,,34.8863,128.6239,,,,,
,학동몽돌해변 펜션,Hakdong Pebble Beach pensions,,34.7725,128.6398,,,,,
,망상해변 한옥마을,Mangsang Beach hanok village,,37.5478,129.0730,,,,,
,하이원 리조트,High1 Resort,,37.2055,128.8377,,,,,
,행궁동 게스트하우스,Haenggung-dong guesthouses,,37.2818,127.0135,,,,,
,수안보 온천 호텔,Suanbo hot spring hotels,,36.8484,127.9865,,,,,
,영월읍 시내 숙소,Yeongwol town hotels,,37.1836,128.4645,,,,,
,동강시스타 리조트,Donggang Sistar Resort,,37.1705,128.4930,,,,,
,무릉도원면 계곡 펜션,Mureungdowon-myeon valley pensions,,37.2853,128.3571,,,,,
,명동·을지로 호텔,Myeongdong & Euljiro hotels,,37.5700,126.9830,,,,,
,북촌·익선동 한옥 스테이,Bukchon & Ikseon hanok stays,,37.5760,126.9860,,,,,
,잠실 롯데월드타워 권역 호텔,Jamsil tower-district hotels,,37.5133,127.1010,,,,,
,성수 부티크 호텔,Seongsu boutique hotels,,37.5445,127.0557,,,,,
,제주시 연동·노형 호텔,Jeju City hotels,,33.4996,126.5312,,,,,
,성산 일출봉 권역 숙소,Seongsan area stays,,33.4595,126.9266,,,,,
,서귀포 중문 리조트,Jungmun resorts,,33.2496,126.5600,,,,,
,한림·협재 해변 숙소,Hallim & Hyeopjae stays,,33.3948,126.2400,,,,,
,함덕·조천 스테이,Hamdeok & Jocheon stays,,33.5430,126.6690,,,,,
,해운대 해변 호텔,Haeundae beachfront hotels,,35.1586,129.1603,,,,,
,부산역·초량 호텔,Busan Stn & Choryang hotels,,35.1150,129.0403,,,,,
,센텀시티·수영 호텔,Centum City & Suyeong hotels,,35.1538,129.1183,,,,,
,남포동·광복로 숙소,Nampo-dong stays,,35.1013,129.0323,,,,,
,광안리 오션뷰 스테이,Gwangalli ocean-view stays,,35.1533,129.1183,,,,,
,대전역·중앙로 호텔,Daejeon Stn & Jungang-ro hotels,,36.3315,127.4347,,,,,
,둔산·유성 호텔,Dunsan & Yuseong hotels,,36.3512,127.3780,,,,,
,행궁동 한옥·게스트하우스,Haenggung-dong stays,,37.2795,127.0125,,,,,
,수원역 권역 호텔,Suwon Station hotels,,37.2660,127.0008,,,,,
,하이원 리조트,High1 Resort,,37.3805,128.6800,,,,,
,정선읍 시내 숙소,Jeongseon town stays,,37.3806,128.6606,,,,,
,묵호항 오션뷰 스테이,Mukho Port ocean-view stays,,37.4897,129.1289,,,,,
,망상해변 리조트,Mangsang Beach resorts,,37.5228,129.1147,,,,,
,충주 시내 호텔,Chungju city hotels,,36.9700,127.9310,,,,,
,충주호·수안보 온천 숙소,Chungjuho & Suanbo stays,,36.9930,128.0290,,,,,
,동대구역 권역 호텔,Dongdaegu Station hotels,,35.8797,128.6286,,,,,
,중앙로·동성로 숙소,Jungang-ro & Dongseong-ro stays,,35.8690,128.5950,,,,,
,한옥마을 한옥스테이,Hanok Village stays,,35.8175,127.1520,,,,,
,전주역 권역 호텔,Jeonju Station hotels,,35.8497,127.1608,,,,,
,경포해변 리조트,Gyeongpo Beach resorts,,37.8040,128.9060,,,,,
,안목해변 스테이,Anmok Beach stays,,37.7731,128.9470,,,,,
,여수엑스포 권역 호텔,Yeosu Expo area hotels,,34.7480,127.7480,,,,,
,돌산 펜션,Dolsan pensions,,34.7320,127.7420,,,,,
,강구안 시내 숙소,Gangguan town stays,,34.8470,128.4240,,,,,
,도남관광지 리조트,Donam resort area,,34.8280,128.4250,,,,,
,속초해변 리조트,Sokcho Beach resorts,,38.1906,128.6035,,,,,
,설악동 콘도·펜션,Seorak-dong condos,,38.1730,128.4930,,,,,
,갈말·동송 시내 숙소,Galmal & Dongsong stays,,38.1461,127.3128,,,,,
,한탄강 권역 펜션,Hantan River pensions,,38.1850,127.2880,,,,,
,하회마을 고택 스테이,Hahoe hanok stays,,36.5667,128.7289,,,,,
,안동 시내 호텔,Andong city hotels,,36.5640,128.7250,,,,,
,개항장·차이나타운 스테이,Open Port & Chinatown stays,,37.4750,126.6180,,,,,
,송도 센트럴파크 호텔,Songdo Central Park hotels,,37.3935,126.6349,,,,,
,진주성 권역 숙소,Jinjuseong area stays,,35.1890,128.0800,,,,,
,진주역 권역 호텔,Jinju Station hotels,,35.1637,128.1174,,,,,
,국가정원 권역 호텔,National Garden hotels,,34.9284,127.4983,,,,,
,순천역 권역 숙소,Suncheon Station stays,,34.9464,127.4903,,,,,
,목포역·근대거리 숙소,Station & Old Town stays,,34.7913,126.3865,,,,,
,평화광장 해변 호텔,Peace Plaza seafront hotels,,34.7800,126.3800,,,,,
,선비촌 한옥 스테이,Seonbichon hanok stays,,36.9278,128.5820,,,,,
,영주 시내 숙소,Yeongju town stays,,36.8340,128.6270,,,,,
,영일대 해변 호텔,Yeongildae Beach hotels,,36.0562,129.3782,,,,,
,포항역 권역 숙소,Pohang Station stays,,36.0453,129.3390,,,,,
,춘천 명동 숙소,Chuncheon downtown stays,,37.8796,127.7284,,,,,
,남이섬·강촌 리조트,Nami Island & Gangchon resorts,,37.7917,127.5255,,,,,
,도동항 권역 숙소,Dodong Port stays,,37.4812,130.9099,,,,,
,나리분지 민박,Nari Basin guesthouses,,37.5184,130.8716,,,,,
,광한루 권역 한옥,Gwanghallu hanok stays,,35.4039,127.3798,,,,,
,남원 시내 숙소,Namwon town stays,,35.4114,127.3900,,,,,
,독일마을 펜션,German Village pensions,,34.7997,128.0386,,,,,
,상주은모래 해변 숙소,Sangju Beach stays,,34.7208,127.9881,,,,,
,해인사 권역 숙소,Haeinsa area stays,,35.8012,128.0981,,,,,
,합천 읍내 숙소,Hapcheon town stays,,35.5666,128.1660,,,,,
,문화전당 권역 호텔,ACC area hotels,,35.1467,126.9203,,,,,
,광주송정역 권역 숙소,Songjeong Station stays,,35.1376,126.7917,,,,,
,천안아산역 권역 호텔,Cheonan-Asan Station hotels,,36.7945,127.1043,,,,,
,천안 시내 숙소,Cheonan downtown stays,,36.8199,127.1560,,,,,
,공산성 권역 한옥,Gongsanseong hanok stays,,36.4646,127.1249,,,,,
,공주 시내 숙소,Gongju town stays,,36.4578,127.1233,,,,,
,부소산 권역 숙소,Busosan area stays,,36.2885,126.9126,,,,,
,백제문화단지 리조트,Baekje Cultural Land resorts,,36.3069,126.9055,,,,,
,근대역사거리 숙소,Old Town stays,,35.9907,126.7120,,,,,
,선유도 펜션,Seonyudo pensions,,35.8164,126.4106,,,,,
,에버랜드 권역 리조트,Everland area resorts,,37.2939,127.2026,,,,,
,민속촌 권역 숙소,Folk Village area stays,,37.2589,127.1181,,,,,
,상남·용지 권역 호텔,Sangnam & Yongji hotels,,35.2310,128.6846,,,,,
,진해 군항 권역 숙소,Jinhae naval port stays,,35.1610,128.6603,,,,,
,일산해변·대왕암 숙소,Ilsan Beach & Daewangam stays,,35.4924,129.4396,,,,,
,태화강 권역 호텔,Taehwagang area hotels,,35.5478,129.2962,,,,,
,안면도 펜션,Anmyeondo pensions,,36.4969,126.3352,,,,,
,만리포 해변 숙소,Mallipo Beach stays,,36.7864,126.1424,,,,,
,두물머리 권역 펜션,Dumulmeori pensions,,37.5347,127.3179,,,,,
,양평 읍내 숙소,Yangpyeong town stays,,37.4893,127.4882,,,,,
,신륵사 권역 숙소,Silleuksa area stays,,37.2975,127.6616,,,,,
,아울렛 권역 호텔,Outlet area hotels,,37.2942,127.6463,,,,,
,자라섬·남이섬 권역 숙소,Jaraseom & Nami stays,,37.8165,127.5286,,,,,
,아침고요 권역 펜션,Morning Calm area pensions,,37.7440,127.3525,,,,,
,통도사 권역 숙소,Tongdosa area stays,,35.4880,129.0643,,,,,
,속리산 권역 숙소,Songnisan area stays,,36.5416,127.8332,,,,,
,대흥사 권역 숙소,Daeheungsa area stays,,34.4760,126.6163,,,,,
,상림 권역 숙소,Sangnim area stays,,35.5240,127.7198,,,,,
,백양사 권역 숙소,Baekyangsa area stays,,35.4395,126.8834,,,,,
,내장산 권역 숙소,Naejangsan area stays,,35.4797,126.8880,,,,,
,탑정호 권역 숙소,Tapjeongho area stays,,36.1808,127.1601,,,,,
,남한산성 권역 숙소,Namhansanseong area stays,,37.4816,127.1848,,,,,
,익산역 권역 호텔,Iksan Station hotels,,35.9619,126.9540,,,,,
,선운사 권역 숙소,Seonunsa area stays,,35.4969,126.5782,,,,,
,화순 읍내 숙소,Hwasun town stays,,35.0620,126.9860,,,,,
,김해 시내 호텔,Gimhae city hotels,,35.2280,128.8890,,,,,
,가야읍 숙소,Gaya-eup stays,,35.2704,128.4051,,,,,
,우포늪 권역 숙소,Upo Wetland stays,,35.5515,128.4120,,,,,
,대가야 권역 숙소,Daegaya area stays,,35.7261,128.2533,,,,,
,상족암 권역 펜션,Sangjogam area pensions,,34.9051,128.1511,,,,,
,국립생태원 권역 숙소,Ecology Institute area stays,,36.0296,126.7248,,,,,
,증도 리조트,Jeungdo resorts,,34.9822,126.1587,,,,,
,율포 해변 숙소,Yulpo Beach stays,,34.6700,127.0900,,,,,
,삼천포항 권역 숙소,Samcheonpo port stays,,34.9337,128.0532,,,,,
,문경새재 권역 숙소,Saejae area stays,,36.7590,128.0730,,,,,
,덕구온천 리조트,Deokgu Hot Spring resorts,,37.0788,129.2833,,,,,
,원주 시내 호텔,Wonju city hotels,,37.3500,127.9492,,,,,
,대관령 리조트,Daegwallyeong resorts,,37.6569,128.6739,,,,,
,헤이리 권역 숙소,Heyri area stays,,37.7888,126.6987,,,,,
,일산호수공원 권역 호텔,Ilsan Lake hotels,,37.6567,126.7663,,,,,
,산정호수 권역 숙소,Sanjeong Lake stays,,38.0706,127.3204,,,,,
,이천 온천 권역 숙소,Icheon spa stays,,37.2766,127.4266,,,,,
,조안면 강변 숙소,Joan riverside stays,,37.5165,127.3009,,,,,
,서피비치 권역 스테이,Surfyy Beach stays,,38.0289,128.7175,,,,,
,삼척해변 숙소,Samcheok Beach stays,,37.4683,129.1692,,,,,
,자작나무숲 권역 숙소,Birch Forest stays,,38.0096,128.1945,,,,,
,태백 시내 숙소,Taebaek town stays,,37.171,128.99,,,,,
,청주 시내 호텔,Cheongju city hotels,,36.639,127.425,,,,,
,청풍호 권역 리조트,Cheongpung Lake resorts,,37.0013,128.1666,,,,,
,단양읍 시내 숙소,Danyang town stays,,36.9825,128.3699,,,,,
,대천해변 리조트,Daecheon Beach resorts,,36.3056,126.5161,,,,,
,온양온천 권역 호텔,Onyang spa hotels,,36.7804,127.0037,,,,,
,죽녹원 권역 숙소,Juknokwon area stays,,35.3266,126.9854,,,,,
,덕유산 리조트,Deogyusan resorts,,35.8606,127.7464,,,,,
,격포항 권역 숙소,Gyeokpo port stays,,35.6248,126.4661,,,,,
,명사십리 권역 숙소,Myeongsasimni stays,,34.3274,126.809,,,,,
,밀양 시내 숙소,Miryang town stays,,35.4915,128.7551,,,,,
,주왕산 권역 숙소,Juwangsan area stays,,36.4024,129.1879,,,,,
,강구항 권역 숙소,Ganggu port stays,,36.366,129.394,,,,,
,구미역 권역 호텔,Gumi Station hotels,,36.129,128.33,,,,,
,세종호수공원 권역 호텔,Sejong Lake hotels,,36.4992,127.2704,,,,,
,수승대 권역 숙소,Suseungdae area stays,,35.7608,127.8330,,,,,
,상주 시내 숙소,Sangju town stays,,36.4150,128.1590,,,,,
,왜목마을 권역 숙소,Waemok area stays,,37.0441,126.5275,,,,,
,해미읍성 권역 숙소,Haemi area stays,,36.7126,126.5486,,,,,
,남당항 권역 숙소,Namdang port stays,,36.5390,126.4698,,,,,
,수덕사 권역 숙소,Sudeoksa area stays,,36.6630,126.6226,,,,,
,화진포 권역 숙소,Hwajinpo area stays,,38.4672,128.4338,,,,,
,불국사,Bulguksa,역사·문화,35.7900,129.3320,Y,Y,90,09:00–18:00 · 문의 054-746-9913,"유네스코 세계유산. 석굴암과 묶어 반나절 코스로 돌며, 주차장 옆에 불국사 관광안내소가 있다."
,대릉원,Daereungwon,역사·문화,35.8382,129.2128,Y,Y,70,"09:00–22:00 (매표 21:30) · 어른 3,000원 · 054-750-8650","신라 왕릉급 고분 23기가 모인 시내 한복판 유적. 천마총 내부가 공개돼 있고, 황리단길과 맞붙어 있다."
,첨성대,Cheomseongdae,역사·문화,35.8347,129.2191,Y,Y,40,상시 개방 (야간 조명),"부채꼴 돌을 27단으로 쌓아 올린 신라 천문대. 돌 개수와 단 수에 의미를 둔 고대 과학의 산물로, 야간 조명이 들어오면 인상이 달라진다."
,국립경주박물관,Gyeongju National Museum,역사·문화,35.8292,129.2279,,,90,10:00–18:00 · 상설전시 무료 · 054-740-7500,"신라 문화유산 상설 전시. 야외 뜰에 범종·석탑·석불 등 석조품 1,100여 점이 놓여 있고, 동궁과 월지에서 도보 10분이다."
,석굴암,Seokguram Grotto,역사·문화,35.7951,129.3489,Y,Y,60,"09:00–18:00 · 어른 6,000원 · 054-746-9933",토함산 동쪽 사면의 석굴 사원. 본존불을 화강암 돔 안에 앉힌 구조로 불국사와 함께 세계유산에 올랐다.
,월정교,Woljeonggyo Bridge,역사·문화,35.8291,129.2173,,,40,상시 개방 · 누각 09:00–22:00 · 무료,남천을 건너던 신라 목교를 복원한 다리. 해가 지면 조명이 들어와 물에 비친다.
,교촌마을,Gyochon Traditional Village,숙박,35.8295,129.2148,,,50,상시 개방 · 무료 · 054-760-7880,경주 최씨 고택과 교동법주가 있는 한옥 마을. 월정교와 붙어 있어 함께 돌기 좋다.
,경주 양남 주상절리,Yangnam Columnar Joints,해양·자연,35.6908,129.4746,,,50,전망대 09:00–18:00 · 무료 · 054-775-6366,부채꼴로 누운 주상절리. 국내에서 드문 수평 배열로 천연기념물이다.
,문무대왕릉,Tomb of King Munmu,해양·자연,35.7395,129.4835,,,40,상시 개방 · 무료 · 054-779-6324,해변에서 200m 떨어진 바위섬 수중릉. 삼국을 통일한 문무왕의 유언에 따라 바다에 묻혔다고 전한다.
,양동마을,Yangdong Folk Village,숙박,35.9995,129.2547,Y,,90,"09:00–18:00 · 어른 4,000원 · 054-762-2630",월성 손씨와 여강 이씨가 500년간 이어온 씨족 마을. 기와집과 초가가 언덕을 따라 앉아 있다.
,경주 엑스포대공원,Gyeongju Expo Park,테마파크·액티비티,35.833,129.2893,,,120,10:00–18:00 · 054-748-3011,경주타워와 솔거미술관이 있는 대형 공원. 보문단지 동쪽 끝에 붙어 있다.
,금관총,Geumgwanchong,역사·문화,35.84112,129.2098,Y,,50,09:00–18:00 · 무료 · 054-777-6100,1921년 신라 금관이 처음 출토된 노서동 고분. 발굴 지점 위에 보호 전시관이 서 있다.
,오릉,Oreung,역사·문화,35.8234,129.2088,,,50,"09:00–18:00 · 어른 2,000원 · 054-750-8614",박혁거세를 비롯한 신라 초기 왕릉 다섯. 담장 안 소나무와 배롱나무가 정연하다.
,감포항,Gampo Port,로컬·먹거리,35.8041,129.5047,,,60,상시 · 공설시장 08:00–19:00,동해안 어항. 공설시장과 해상공원이 붙어 있어 회와 물회를 먹고 걷는다.
,경주 최부자댁,Choi Family House,역사·문화,35.8309,129.2162,,,50,09:00–18:00 · 무료,12대 300년을 이어온 경주 최씨 종가. 사랑채와 곳간이 남아 조선 후기 만석꾼의 살림 규모를 보여준다.
,계림,Gyerim Forest,힐링·생태,35.8326,129.219,Y,,40,상시 개방 · 무료 · 054-779-8743,신라 김씨 시조 김알지의 탄생지로 전하는 숲. 늙은 회화나무와 느티나무가 월성과 첨성대 사이를 잇는다.
,포석정,Poseokjeong,역사·문화,35.807,129.2131,Y,,40,상시 개방 · 무료 · 054-745-8484,전복 모양으로 깎은 돌 수로. 신라 왕실이 물을 돌려 술잔을 띄우고 시를 지은 자리다.
,보문관광단지,Bomun Resort Complex,힐링·생태,35.8428,129.2858,,,60,상시 개방 · 무료,보문호를 둘러싼 숙박·유원 단지. 호반길 7.5km가 벚나무 아래로 이어진다.
,힐튼 경주,Hilton Gyeongju,숙박,35.84,129.286,,,0,체크인 15:00 · 054-745-7788,보문호에 면한 호텔. 신라밀레니엄파크와 같은 부지에 있어 걸어서 오갈 수 있다.
,신라밀레니엄파크,Silla Millennium Park,테마파크·액티비티,35.8389,129.2887,,,150,"10:00–18:00 · 어른 26,000원 · 054-777-7000",신라 왕경을 재현한 테마파크. 공연과 한복 체험이 주 프로그램이다.
,월성,Wolseong Palace Site,역사·문화,35.8309,129.2262,Y,,60,상시 개방 · 무료,신라 왕궁이 있던 반달 모양 토성. 발굴이 진행 중이라 넓은 터와 성벽 능선만 남아 있다.
,천마총,Cheonmachong,역사·문화,35.8386,129.2105,Y,,50,"09:00–22:00 · 어른 3,000원 · 054-743-1925",내부가 공개된 유일한 신라 고분. 천마도 장니와 금관이 나온 자리다.
,봉황대,Bonghwangdae Mound,역사·문화,35.8413,129.2106,Y,,30,상시 개방 · 무료,시내 한복판에 솟은 최대 규모 고분. 정상에 느티나무가 자라 여름 저녁 공연이 열린다.
,황룡사지,Hwangnyongsa Temple Site,역사·문화,35.8388,129.2335,Y,,40,상시 개방 · 무료,9층 목탑이 서 있던 신라 최대 사찰 터. 지금은 주초석만 남아 규모를 짐작하게 한다.
,성동시장,Seongdong Market,로컬·먹거리,35.847,129.2164,,,60,08:00–19:00 · 054-772-4226,경주역 앞 상설시장. 제철 송이와 시장 백반이 강하다.
,중앙시장 야시장,Jungang Market Night Market,로컬·먹거리,35.844,129.2063,,,70,금·토 18:00–23:00 · 054-743-3696,중앙시장 안에서 주말 저녁에만 서는 야시장. 먹거리 노점이 통로를 채운다.
,서출지,Seochulji Pond,힐링·생태,35.7965,129.2419,Y,,40,상시 개방 · 무료,삼국유사 설화가 깃든 연못. 배롱나무가 물가에 늘어져 여름에 붉게 핀다.
,칠불암,Chilbulam Hermitage,역사·문화,35.7785,129.234,Y,,120,일출–일몰 · 무료,남산 자락의 마애불 일곱 구. 주차장에서 30분 남짓 오르막을 걸어야 닿는다.
,감은사지,Gameunsa Temple Site,역사·문화,35.7481,129.4773,,,40,상시 개방 · 무료,문무왕을 기려 세운 절터. 동서 삼층석탑 둘이 나란히 남아 있다.
,경주 동궁원,Gyeongju Donggungwon,테마파크·액티비티,35.85,129.2629,,,90,"09:00–18:00 · 어른 5,000원 · 054-779-8725",신라 동궁 정원을 모티브로 지은 식물원과 버드파크. 실내라 비 오는 날 대안이 된다.
,테디베어박물관,Teddy Bear Museum,테마파크·액티비티,35.8523,129.2753,,,70,"09:00–18:00 · 어른 10,000원 · 054-742-7400",보문단지 안 전시관. 신라 복장을 입은 곰 인형으로 왕경을 재현한 방이 있다.
,민속공예촌,Folk Craft Village,숙박,35.8045,129.3112,,,70,09:00–18:00 · 무료 · 054-746-7270,도자·금속·목공 공방이 모인 마을. 추억의 달동네와 같은 단지에 있다.
,옥산서원,Oksan Seowon,역사·문화,36.0117,129.1633,Y,,60,09:00–18:00 · 무료 · 054-762-6567,회재 이언적을 기리는 조선 서원. 계곡을 등지고 앉아 한국의 서원으로 세계유산에 올랐다.
,외도 보타니아,Oedo Botania,힐링·생태,34.7697,128.7106,,,150,유람선 시간에 따름,섬 전체가 식물원. 구조라·장승포 유람선으로만 들어간다.
,학동 흑진주 몽돌해변,Hakdong Pebble Beach,해양·자연,34.7725,128.6398,,,60,상시 개방,검은 몽돌 해변. 케이블카 하부역사와 가깝다.
,신선대,Sinseondae,해양·자연,34.7379,128.6648,,,40,상시 개방,바람의 언덕 옆 해안 암반 전망대.
,구조라성,Gujora Fortress,역사·문화,34.7999,128.6911,,,50,상시 개방 · 무료,조선 수군이 쌓은 산성. 해변 뒤 능선을 따라 성벽이 남아 구조라항과 외도 방향 바다가 한눈에 든다.
,구조라해수욕장,Gujora Beach,해양·자연,34.8088,128.6906,,,70,상시 개방 · 무료 · 055-639-4178,완만한 백사장이 500m 남짓 이어지는 해변. 외도·해금강 유람선 선착장이 붙어 있다.
,지심도,Jisimdo Island,힐링·생태,34.8215,128.7501,,,240,"장승포항 도선 08:30–17:00 · 왕복 19,000원","동백나무가 섬 전체를 덮어 겨울에 붉게 핀다. 장승포항에서 배로 15분, 일제강점기 포진지가 남아 있다."
,거제 포로수용소 유적공원,Geoje POW Camp Park,역사·문화,34.8756,128.6247,,,110,"09:00–18:00 · 어른 7,000원 · 055-639-8125","한국전쟁 당시 포로 17만 명이 수용된 자리. 잔존 건물과 전시관, 모노레일이 함께 있다."
,여차·홍포 전망대,Yeocha–Hongpo Lookout,해양·자연,34.7038,128.6101,,,40,상시 개방 · 무료,남부면 해안도로 최남단 전망대. 대·중·소병대도가 줄지어 보이는 자리로 일몰이 강하다.
수원,광교호수공원,Gwanggyo Lake Park,힐링·생태,37.2831,127.0659,,,80,상시 개방,원천·신대 두 호수를 잇는 수변 공원.
정선,정선아리랑시장,Jeongseon Arirang Market,로컬·먹거리,37.3908,128.6393,,,70,끝자리 2·7일 장,2·7일에 서는 오일장. 곤드레밥과 메밀전병.
정선,병방치 스카이워크,Byeongbangchi Skywalk,테마파크·액티비티,37.3405,128.627,,,50,09:00–18:00,동강 한반도 지형을 내려다보는 유리 전망대.
대전,한밭수목원,Hanbat Arboretum,힐링·생태,36.3679,127.3878,,,80,09:00–18:00,도심 속 대형 수목원. 빵투어 사이 휴식 코스.
대전,대전 오월드,Daejeon O-World,테마파크·액티비티,36.2923,127.3959,,,180,09:30–18:00,동물원과 놀이공원이 함께 있는 복합 테마파크.
충주,탄금호 무지개길,Tangeum Lake Rainbow Trail,힐링·생태,37.0262,127.858,,,60,상시 개방,탄금호 수변 자전거·보행 길. 중앙탑공원과 이어진다.
충주,수안보온천,Suanbo Hot Springs,힐링·생태,36.8484,127.9865,,,90,업소별 상이,조선시대부터 알려진 온천 지구.
동해,추암 촛대바위,Chuam Candlestick Rock,해양·자연,37.4785,129.1568,,,50,상시 개방,애국가 일출 장면의 해안 기암.
동해,무릉계곡,Mureung Valley,힐링·생태,37.4636,129.0141,,Y,120,입장 08:00–17:00,두타산 아래 계곡. 무릉반석과 용추폭포.
동해,묵호항,Mukho Port,해양·자연,37.5519,129.1152,,,50,상시 개방 · 무료,울릉도 여객선이 드나드는 항구. 등대 언덕에서 항과 동해가 함께 내려다보인다.
동해,동쪽바다중앙시장,East Sea Central Market,로컬·먹거리,37.5515,129.108,,,60,08:00–19:00 · 033-533-4001,"동해 대표 전통시장. 물회와 곰치국, 건어물 좌판이 이어진다."
동해,도째비골 스카이밸리,Dojaebigol Skyvalley,테마파크·액티비티,37.5524,129.1157,,Y,70,10:00–18:00 · 스카이워크 무료 · 자이언트 슬라이드 유료,해발 59m 절벽에 놓인 스카이워크와 슬라이드. 묵호항과 논골담길이 바로 아래다.
동해,천곡황금박쥐동굴,Cheongok Cave,힐링·생태,37.517,129.1107,,,60,"09:00–18:00 · 어른 4,000원 · 033-539-3630",시내 한복판 석회암 동굴. 4억 년 전 지층에 황금박쥐가 서식한다.
동해,한섬해변,Hanseom Beach,해양·자연,37.4925,129.1106,,,50,상시 개방 · 무료,감추사와 이어지는 조용한 해변. 해파랑길 구간으로 산책하기 좋다.
동해,추암해변,Chuam Beach,해양·자연,37.4781,129.1538,,,50,상시 개방 · 무료,촛대바위 앞 해변. 출렁다리와 조각공원이 함께 있다.
대전,엑스포과학공원 한빛탑,Expo Park Hanbit Tower,테마파크·액티비티,36.3747,127.3873,,,70,09:30–18:00 · 전망대 유료,1993년 대전엑스포의 상징탑. 전망대에서 갑천 일대가 보인다.
대전,국립중앙과학관,National Science Museum,테마파크·액티비티,36.3762,127.376,,,110,09:30–17:50 · 월 휴관 · 상설 무료,천체관과 자연사관이 함께 있는 국립 과학관.
대전,계족산 황톳길,Gyejoksan Red Clay Trail,힐링·생태,36.403,127.452,,,120,상시 개방 · 무료,맨발로 걷는 14.5km 황톳길. 숲길이 완만하다.
대전,대청호 오백리길,Daecheongho 500-ri Trail,힐링·생태,36.478,127.483,,,100,상시 개방 · 무료,대청호를 따라 도는 둘레길. 추동 습지 구간이 대표적이다.
대전,으능정이 스카이로드,Eunhaengdong Sky Road,로컬·먹거리,36.3282,127.427,,,60,상시 · 영상 19:00–22:00,길 위 214m LED 스크린이 덮인 번화가. 성심당이 가깝다.
대전,뿌리공원,Ppuri Park,힐링·생태,36.2828,127.4055,,,70,상시 개방 · 무료,성씨 조형물 244기가 놓인 공원. 족보박물관이 함께 있다.
수원,화성행궁,Hwaseong Haenggung,역사·문화,37.2814,127.0126,,,80,09:00–18:00 · 유료,정조가 머물던 행궁. 무예24기 시연이 열린다.
수원,수원화성박물관,Suwon Hwaseong Museum,역사·문화,37.2833,127.0182,,,70,09:00–18:00 · 월 휴관 · 유료,화성 축성 과정과 정조 시대를 다룬 박물관.
수원,팔달문시장,Paldalmun Market,로컬·먹거리,37.2778,127.0166,,,60,09:00–21:00 · 점포별 상이,팔달문 앞 재래시장 군락. 통닭거리가 이어진다.
수원,월화원,Wolhwawon,힐링·생태,37.2846,127.0568,,,40,09:00–22:00 · 무료,광둥식 정원을 그대로 옮겨 지은 중국 정원.
수원,수원 스타필드,Starfield Suwon,로컬·먹거리,37.2723,126.9987,,,90,10:00–22:00,별마당 도서관과 식당가가 있는 복합몰.
수원,광교 갤러리아,Galleria Gwanggyo,테마파크·액티비티,37.2874,127.053,,,60,10:30–20:00,OMA가 설계한 백화점. 유리 띠가 건물을 감는다.
정선,정선 5일장,Jeongseon Five-day Market,로컬·먹거리,37.3805,128.6606,,,80,매월 2·7일 장 · 09:00–17:00,끝자리 2·7일에 서는 장. 곤드레밥과 메밀전병을 판다.
정선,화암동굴,Hwaam Cave,힐링·생태,37.3232,128.7856,,,90,09:00–16:00 · 유료,금광 갱도를 걸어 들어가는 석회동굴. 모노레일로 오른다.
정선,아우라지,Auraji,힐링·생태,37.472,128.746,,,50,상시 개방 · 무료,송천과 골지천이 만나는 물목. 정선아리랑의 배경이다.
정선,정암사,Jeongamsa Temple,역사·문화,37.201,128.933,,,50,상시 개방 · 무료,자장율사가 세운 절. 수마노탑이 국보로 지정돼 있다.
정선,삼탄아트마인,Samtan Art Mine,테마파크·액티비티,37.2306,128.848,,,90,09:30–18:00 · 월 휴관 · 유료,폐광 시설을 그대로 둔 예술 단지. 갱도와 세탁실이 전시장이다.
정선,레일바이크 (구절리~아우라지),Jeongseon Rail Bike,테마파크·액티비티,37.48,128.715,,,90,운행 시간대별 · 유료 · 예약 권장,폐선 철길 7.2km를 내려가는 레일바이크.
충주,중앙탑공원,Jungangtap Park,역사·문화,37.0163,127.8656,,,60,상시 개방 · 무료,통일신라 7층 석탑이 선 강변 공원. 탄금호와 이어진다.
충주,충주 고구려비 전시관,Chungju Goguryeo Stele Museum,역사·문화,37.053,127.924,,,50,09:00–18:00 · 월 휴관 · 무료,남한에 하나뿐인 고구려비를 보관한 전시관.
충주,충주호 유람선 (충주나루),Chungjuho Cruise,테마파크·액티비티,36.997,128.051,,,90,운항 시간대별 · 유료,충주호를 도는 유람선. 월악산 자락을 물 위에서 본다.
충주,미륵대원지,Mireuksaji Temple Site,역사·문화,36.828,128.013,,,50,상시 개방 · 무료,하늘재 아래 고려 절터. 석굴 형식의 미륵불이 서 있다.
충주,활옥동굴,Hwarok Cave,테마파크·액티비티,36.991,127.888,,,70,09:00–18:00 · 유료,활석 광산을 고친 동굴. 지하 호수에서 카약을 탄다.
충주,충주 라이트월드,Chungju Light World,테마파크·액티비티,36.988,127.892,,,80,일몰 후 개장 · 유료,야간 조명 테마파크. 호수 옆 산책 코스와 이어진다.
대구,서문시장,Seomun Market,로컬·먹거리,35.86889,128.58079,,Y,70,09:00–19:00 · 야시장 19:00–23:30,조선 3대 시장에서 이어진 대구 최대 시장. 저녁에는 야시장이 선다.
대구,동성로,Dongseong-ro,로컬·먹거리,35.87082,128.59554,,,80,상시 · 상점별 상이,대구 도심 최대 번화가. 대구역과 반월당 사이를 걷는다.
대구,김광석다시그리기길,Kim Kwang-seok Road,테마파크·액티비티,35.85997,128.60663,,,60,상시 개방 · 무료,가수 김광석을 기린 벽화 골목. 방천시장과 붙어 있다.
대구,앞산전망대,Apsan Observatory,힐링·생태,35.82433,128.58709,,,90,케이블카 10:30–일몰 후 · 유료,케이블카로 오르는 전망대. 대구 분지가 한눈에 들어온다.
대구,이월드 83타워,E-World & 83 Tower,테마파크·액티비티,35.85331,128.56657,,,150,10:00–22:00 · 유료,두류공원 안 놀이공원과 전망탑. 야간 조명이 알려져 있다.
대구,팔공산 동화사,Donghwasa Temple,역사·문화,35.99291,128.704,,,90,08:00–18:00 · 무료,신라 때 세운 절. 통일약사여래대불이 서 있다.
대구,국립대구박물관,Daegu National Museum,역사·문화,35.84561,128.63792,,,80,10:00–18:00 · 월 휴관 · 무료,대구·경북 유물을 모은 국립박물관.
대구,수성못,Suseong Lake,힐링·생태,35.82764,128.61772,,,60,상시 개방 · 무료,오리배와 음악분수가 있는 도심 호수. 카페가 둘러싼다.
전주,전주한옥마을,Jeonju Hanok Village,역사·문화,35.81754,127.15204,,Y,120,상시 · 시설별 상이,한옥 700여 채가 모인 마을. 골목마다 공방과 찻집이 있다.
전주,경기전,Gyeonggijeon Shrine,역사·문화,35.81535,127.14979,,,60,09:00–19:00 · 유료,태조 이성계의 어진을 모신 사당. 대숲길이 이어진다.
전주,전동성당,Jeondong Catholic Church,역사·문화,35.81336,127.14926,,,40,09:00–17:00 · 무료,1914년 벽돌 로마네스크 성당. 한옥마을 입구에 있다.
전주,자만벽화마을,Jaman Mural Village,테마파크·액티비티,35.81422,127.15721,,,50,상시 개방 · 무료,오목대 뒤 언덕의 벽화 골목. 마을에서 한옥마을이 내려다보인다.
전주,남부시장,Nambu Market,로컬·먹거리,35.81269,127.14686,,,70,06:00–20:00 · 야시장 금·토,콩나물국밥과 청년몰로 알려진 전주 대표 시장.
전주,오목대,Omokdae,역사·문화,35.81439,127.1546,,,40,상시 개방 · 무료,이성계가 승전 잔치를 벌였다는 언덕. 한옥 지붕이 펼쳐진다.
전주,전주향교,Jeonju Hyanggyo,역사·문화,35.81262,127.15723,,,50,09:00–18:00 · 무료,조선 향교. 가을에는 400년 은행나무가 노랗게 물든다.
전주,덕진공원,Deokjin Park,힐링·생태,35.84757,127.12189,,,60,상시 개방 · 무료,연꽃으로 이름난 호수 공원. 여름에 연지가 가득 찬다.
강릉,경포해변,Gyeongpo Beach,해양·자연,37.80549,128.90783,,,80,상시 개방 · 해수욕 7–8월,동해안 대표 백사장. 소나무숲과 경포호가 뒤에 있다.
강릉,강릉중앙시장,Gangneung Jungang Market,로컬·먹거리,37.75399,128.89861,,,60,08:00–20:00 · 점포별 상이,닭강정과 수제어묵으로 붐비는 시내 시장.
강릉,안목해변 커피거리,Anmok Coffee Street,로컬·먹거리,37.77316,128.94727,,,70,상시 · 카페별 상이,바다를 마주한 카페 거리. 강릉 커피 문화의 출발점이다.
강릉,오죽헌,Ojukheon,역사·문화,37.77924,128.87752,,,70,09:00–18:00 · 유료,신사임당과 율곡 이이가 태어난 집. 검은 대나무가 자란다.
강릉,정동진,Jeongdongjin,해양·자연,37.69188,129.02139,,,60,상시 개방 · 무료,바다에 가장 가까운 기차역. 일출 명소로 알려져 있다.
강릉,선교장,Seongyojang House,역사·문화,37.78654,128.88512,,,60,09:00–18:00 · 유료,300년 된 사대부 저택. 연못 위 활래정이 있다.
강릉,주문진항,Jumunjin Port,로컬·먹거리,37.89206,128.82989,,,60,수산시장 06:00–20:00,활어시장과 건어물 좌판이 늘어선 항구.
강릉,경포호,Gyeongpo Lake,힐링·생태,37.7967,128.90205,,,60,상시 개방 · 무료,해변 뒤 석호. 둘레 4.3km 산책로가 돈다.
여수,오동도,Odongdo,해양·자연,34.74467,127.7665,,,80,상시 개방 · 동백열차 유료,방파제로 이어진 섬. 동백나무 숲과 등대가 있다.
여수,향일암,Hyangiram Hermitage,역사·문화,34.59162,127.80393,,,90,07:00–19:00 · 유료,금오산 절벽에 앉은 암자. 남해 일출로 알려져 있다.
여수,여수해상케이블카,Yeosu Maritime Cable Car,테마파크·액티비티,34.73056,127.74157,,,70,09:30–21:30 · 유료,돌산과 자산공원을 잇는 해상 케이블카.
여수,이순신광장,Yi Sun-sin Square,역사·문화,34.73951,127.73601,,,40,상시 개방 · 무료,거북선 모형이 선 광장. 밤바다 산책의 시작점이다.
여수,진남관,Jinnamgwan,역사·문화,34.74192,127.73661,,,50,09:00–18:00 · 무료,임진왜란 수군 본영 자리의 객사. 국보로 지정돼 있다.
여수,돌산공원,Dolsan Park,힐링·생태,34.73046,127.73966,,,50,상시 개방 · 무료,거북선대교와 여수항 야경이 내려다보이는 공원.
여수,낭만포차거리,Nangman Pojang Street,로컬·먹거리,34.73641,127.74933,,,70,19:00–01:00 (계절별 상이),밤바다를 따라 늘어선 포장마차 거리.
여수,여수해양공원,Yeosu Maritime Park,힐링·생태,34.73841,127.74491,,,50,상시 개방 · 무료,항구를 따라 난 해안 공원. 밤바다 노래의 무대다.
통영,동피랑벽화마을,Dongpirang Mural Village,테마파크·액티비티,34.84564,128.42761,,,60,상시 개방 · 무료,강구안이 내려다보이는 언덕 벽화마을.
통영,통영중앙시장,Tongyeong Jungang Market,로컬·먹거리,34.84528,128.42464,,,60,06:00–20:00 · 점포별 상이,"활어와 충무김밥, 꿀빵이 모인 항구 시장."
통영,한려수도 조망케이블카,Hallyeosudo Cable Car,테마파크·액티비티,34.82643,128.42542,,,90,09:30–17:00 · 유료 · 기상 휴업,미륵산 정상으로 오르는 케이블카. 한려수도가 펼쳐진다.
통영,이순신공원,Yi Sun-sin Park,힐링·생태,34.84381,128.4429,,,60,상시 개방 · 무료,한산대첩 해역을 마주한 해안 공원.
통영,달아공원,Dara Park,해양·자연,34.76915,128.39958,,,50,상시 개방 · 무료,다도해 일몰로 알려진 전망 공원.
통영,삼도수군통제영,Tongjeyeong Naval HQ,역사·문화,34.84755,128.42315,,,70,09:00–18:00 · 유료,조선 수군 총사령부. 세병관이 국보로 남아 있다.
통영,통영해저터널,Tongyeong Undersea Tunnel,역사·문화,34.83615,128.41149,,,40,상시 개방 · 무료,1932년에 뚫린 동양 최초의 해저 터널.
통영,강구안,Gangguan,힐링·생태,34.84842,128.42404,,,50,상시 개방 · 무료,어선이 드나드는 도심 포구. 거북선 모형이 떠 있다.
속초,속초관광수산시장,Sokcho Tourist & Fishery Market,로컬·먹거리,38.20445,128.59015,,Y,70,08:00–21:00 · 점포별 상이,닭강정과 오징어순대로 붐비는 시장.
속초,영금정,Yeonggeumjeong,해양·자연,38.21184,128.60145,,,40,상시 개방 · 무료,파도가 바위에 부딪히는 정자 전망대. 일출 자리로 알려져 있다.
속초,아바이마을,Abai Village,역사·문화,38.20068,128.59474,,,60,상시 · 갯배 05:00–23:00,실향민이 이룬 마을. 갯배를 타고 건넌다.
속초,속초해수욕장,Sokcho Beach,해양·자연,38.19058,128.60354,,,70,상시 개방 · 해수욕 7–8월,시내와 붙은 백사장. 설악산 능선이 배경이다.
속초,설악산 소공원,Seoraksan Sogongwon,힐링·생태,38.17296,128.49251,,,180,05:00–일몰 · 유료 · 케이블카 별도,설악산 북쪽 입구. 권금성 케이블카와 신흥사가 있다.
속초,청초호수공원,Cheongchoho Park,힐링·생태,38.19585,128.58242,,,50,상시 개방 · 무료,석호를 두른 공원. 엑스포타워 전망대가 있다.
속초,대포항,Daepo Port,로컬·먹거리,38.17546,128.60679,,,60,수산시장 08:00–21:00,활어회와 튀김이 유명한 항구.
속초,외옹치 바다향기로,Oeongchi Seaside Trail,해양·자연,38.1794,128.61173,,,60,06:00–20:00 · 무료,군 경계 철책을 걷어낸 해안 데크길.
철원,고석정,Goseokjeong,힐링·생태,38.18524,127.28796,,,60,09:00–18:00 · 무료,한탄강 협곡의 기암과 정자. 래프팅 출발점이다.
철원,한탄강 물윗길,Hantan River Water Trail,테마파크·액티비티,38.20577,127.26989,,,120,11월–3월 개방 · 유료,강 위에 띄운 부교를 걷는 겨울 코스.
철원,철원 노동당사,Cheorwon Workers Party HQ,역사·문화,38.25517,127.20197,,,40,상시 개방 · 무료,분단 전 지어진 건물 골조가 남은 근대 유적.
철원,제2땅굴,Second Infiltration Tunnel,역사·문화,38.30969,127.3116,,,60,09:00–16:00 · 안보관광 예약,1975년 발견된 남침용 땅굴. 안보관광으로 들어간다.
철원,철원평화전망대,Cheorwon Peace Observatory,힐링·생태,38.30919,127.25132,,,60,09:00–16:30 · 유료,비무장지대와 철원평야가 보이는 전망대.
철원,삼부연폭포,Sambuyeon Falls,힐링·생태,38.14011,127.32766,,,40,상시 개방 · 무료,바위벽을 세 단으로 떨어지는 폭포.
철원,직탕폭포,Jiktang Falls,힐링·생태,38.20971,127.26648,,,40,상시 개방 · 무료,한탄강을 가로지르는 넓고 낮은 폭포.
철원,한탄강 은하수교,Hantan River Sky Bridge,테마파크·액티비티,38.20076,127.27825,,,50,09:00–18:00 · 무료,협곡을 건너는 보행 현수교.
안동,안동하회마을,Hahoe Folk Village,역사·문화,36.53903,128.51764,Y,Y,120,09:00–18:00 · 유료,낙동강이 감아 도는 씨족 마을. 유네스코 세계유산이다.
안동,부용대,Buyongdae,힐링·생태,36.54291,128.51662,,,50,상시 개방 · 무료,하회마을이 한눈에 보이는 절벽.
안동,월영교,Woryeonggyo Bridge,힐링·생태,36.57666,128.76089,,,50,상시 개방 · 야간 조명,안동호를 건너는 목책교. 밤에 조명이 켜진다.
안동,도산서원,Dosan Seowon,역사·문화,36.7271,128.8432,Y,,80,09:00–18:00 · 유료,퇴계 이황이 세운 서원. 유네스코 세계유산이다.
안동,안동구시장 찜닭골목,Andong Jjimdak Alley,로컬·먹거리,36.5655,128.72801,,,60,10:00–21:00 · 점포별 상이,안동찜닭 가게가 모인 골목.
안동,병산서원,Byeongsan Seowon,역사·문화,36.54049,128.55265,Y,,70,09:00–18:00 · 무료,만대루에서 강과 병산이 액자처럼 보이는 서원.
안동,안동민속촌,Andong Folk Village,역사·문화,36.57699,128.76511,,,60,상시 개방 · 무료,수몰 마을에서 옮겨 온 민가와 정자.
안동,임청각,Imcheonggak,역사·문화,36.56514,128.74475,,,50,09:00–18:00 · 무료,독립운동가 이상룡의 생가. 99칸 고택이다.
인천,인천 차이나타운,Incheon Chinatown,로컬·먹거리,37.47559,126.61788,,Y,70,상시 · 상점별 상이,짜장면의 시작점으로 알려진 화교 거리.
인천,송월동 동화마을,Songwol Fairy Tale Village,테마파크·액티비티,37.47766,126.62058,,,50,상시 개방 · 무료,동화 벽화로 채운 골목 마을.
인천,월미도,Wolmido,힐링·생태,37.4754,126.59781,,,90,상시 · 놀이시설 별도,문화의거리와 놀이공원이 있는 섬. 유람선이 뜬다.
인천,인천 개항장 거리,Open Port Street,역사·문화,37.47343,126.62115,,,70,상시 개방 · 무료,옛 영사관과 은행 건물이 남은 근대 거리.
인천,소래포구,Sorae Port,로컬·먹거리,37.39787,126.73927,,,70,수산시장 08:00–21:00,새우와 꽃게로 알려진 어시장. 옛 철교가 남아 있다.
인천,송도 센트럴파크,Songdo Central Park,힐링·생태,37.39349,126.63486,,Y,70,상시 개방 · 무료,해수를 끌어들인 도심 수변공원. 수상택시가 다닌다.
인천,강화 고인돌 유적,Ganghwa Dolmen Site,역사·문화,37.7065,126.4434,Y,,60,상시 개방 · 무료,청동기 고인돌군. 유네스코 세계유산이다.
인천,을왕리해수욕장,Eurwangni Beach,해양·자연,37.44773,126.3725,,,80,상시 개방 · 해수욕 7–8월,영종도 서쪽 해변. 일몰과 조개구이로 알려져 있다.
인천,인천대공원,Incheon Grand Park,힐링·생태,37.45924,126.75222,,,90,05:00–23:00 · 무료,수목원과 호수를 둔 대형 공원. 봄에는 벚꽃길이 이어진다.
인천,자유공원,Jayu Park,역사·문화,37.47508,126.62202,,,50,상시 개방 · 무료,1888년에 연 한국 최초의 서구식 공원. 항구가 내려다보인다.
인천,인천상륙작전기념관,Incheon Landing Memorial,역사·문화,37.41961,126.65426,,,70,09:00–18:00 · 월 휴관 · 무료,1950년 상륙작전을 기록한 기념관. 야외에 장비가 전시된다.
인천,강화 전등사,Jeondeungsa Temple,역사·문화,37.63179,126.48455,,,80,08:00–18:30 · 유료,삼랑성 안에 자리한 절. 한국에서 가장 오래된 사찰로 꼽힌다.
인천,강화 마니산,Manisan,힐링·생태,37.70998,126.45076,,,180,09:00–17:00 입산 · 유료,단군이 제를 올렸다는 참성단이 있는 산.
인천,강화 광성보,Gwangseongbo Fort,역사·문화,37.66494,126.53009,,,60,09:00–18:00 · 유료,신미양요의 격전지. 돈대와 성벽이 해안을 따라 남아 있다.
인천,정서진,Jeongseojin,해양·자연,37.55689,126.60486,,,50,상시 개방 · 무료,정동진과 마주 보는 서해 일몰 지점. 아라뱃길 끝에 있다.
인천,배다리 헌책방거리,Baedari Old Book Street,테마파크·액티비티,37.47252,126.63649,,,50,10:00–19:00 · 점포별 상이,오래된 헌책방이 줄지어 남은 골목.
인천,신포국제시장,Sinpo Market,로컬·먹거리,37.47139,126.62721,,,60,09:00–21:00 · 점포별 상이,닭강정과 공갈빵으로 알려진 개항기 시장.
인천,인천 아트플랫폼,Incheon Art Platform,테마파크·액티비티,37.47314,126.61932,,,60,11:00–18:00 · 월 휴관 · 무료,근대 창고를 고친 복합 예술공간.
인천,수도국산달동네박물관,Daldongne Museum,역사·문화,37.47792,126.63925,,,50,09:00–18:00 · 월 휴관 · 유료,1960–70년대 산동네 살림을 재현한 박물관.
인천,영종도 구읍뱃터,Yeongjong Guyeop Ferry Pier,해양·자연,37.49254,126.5809,,,50,상시 · 카페별 상이,월미도행 배가 뜨는 옛 선착장. 노을 카페가 늘어선다.
인천,무의도 하나개해수욕장,Hanagae Beach,해양·자연,37.38465,126.40927,,,90,상시 개방 · 해수욕 7–8월,무의대교로 이어진 섬 해변. 갯벌 체험을 한다.
인천,청라호수공원,Cheongna Lake Park,힐링·생태,37.52797,126.63438,,,60,상시 개방 · 무료,신도시 한가운데의 호수 공원. 음악분수가 선다.
진주,진주성,Jinjuseong Fortress,역사·문화,35.18902,128.078,,Y,80,05:00–23:00 · 유료,임진왜란 진주대첩의 성. 남강을 따라 성벽이 돈다.
진주,촉석루,Chokseongnu,역사·문화,35.18944,128.08186,,,40,09:00–18:00 · 성 입장료 포함,남강 절벽 위의 누각. 논개의 의암이 아래에 있다.
진주,진주 남강,Nam River,힐링·생태,35.18203,128.0932,,,50,상시 개방 · 유등축제 10월,유등축제가 열리는 강변. 밤에 등이 뜬다.
진주,국립진주박물관,Jinju National Museum,역사·문화,35.1889,128.07694,,,70,09:00–18:00 · 월 휴관 · 무료,임진왜란사를 다룬 국립박물관. 성 안에 있다.
진주,진주중앙시장,Jinju Jungang Market,로컬·먹거리,35.19431,128.08521,,,60,08:00–20:00 · 점포별 상이,진주냉면과 비빔밥으로 알려진 도심 시장.
진주,월아산 숲속의 진주,Wolasan Forest Park,힐링·생태,35.19991,128.1942,,,80,09:00–18:00 · 무료,편백숲과 전망대를 둔 산림공원.
순천,순천만습지,Suncheonman Wetland,힐링·생태,34.88597,127.50903,,Y,100,08:00–일몰 · 유료,세계 5대 연안습지. 갈대밭과 철새가 있다.
순천,순천만국가정원,Suncheonman National Garden,힐링·생태,34.92844,127.49827,,Y,120,09:00–19:00 · 유료,국가정원 1호. 세계 정원과 호수정원이 있다.
순천,낙안읍성,Naganeupseong Folk Village,역사·문화,34.9073,127.34113,,,80,09:00–18:00 · 유료,조선 읍성이 마을째 남은 곳. 아직 주민이 산다.
순천,선암사,Seonamsa Temple,역사·문화,34.99605,127.33048,Y,,80,08:00–18:00 · 유료,조계산 태고종 본산. 승선교 무지개다리가 있다.
순천,순천 드라마촬영장,Suncheon Drama Film Set,테마파크·액티비티,34.957,127.5376,,,70,09:00–18:00 · 유료,1960–80년대 거리를 재현한 세트장.
순천,와온해변,Waon Beach,해양·자연,34.8464,127.52538,,,50,상시 개방 · 무료,순천만 서쪽의 갯벌 해변. 일몰로 알려져 있다.
목포,목포근대역사관,Mokpo Modern History Museum,역사·문화,34.78757,126.38209,,Y,60,09:00–18:00 · 월 휴관 · 유료,옛 일본영사관 건물을 쓴 역사관.
목포,유달산,Yudalsan,힐링·생태,34.792,126.37257,,,90,상시 개방 · 무료,목포 시내와 다도해가 보이는 바위산.
목포,목포해상케이블카,Mokpo Marine Cable Car,테마파크·액티비티,34.79862,126.36827,,Y,80,09:00–20:00 · 유료,유달산과 고하도를 잇는 국내 최장 해상 케이블카.
목포,갓바위,Gatbawi Rock,해양·자연,34.79213,126.42576,,,50,상시 개방 · 무료,풍화로 갓 모양이 된 천연기념물 바위.
목포,국립해양유물전시관,National Maritime Museum,역사·문화,34.79286,126.42281,,,80,09:00–18:00 · 월 휴관 · 무료,신안 해저 유물과 고선박을 전시한다.
목포,목포 항구포차,Mokpo Harbour Food Carts,로컬·먹거리,34.7813,126.3882,,,60,18:00–01:00 (계절별 상이),항구를 따라 늘어선 밤 포차 거리.
영주,부석사,Buseoksa Temple,역사·문화,36.99845,128.68696,Y,,90,08:00–18:00 · 유료,무량수전이 남은 신라 고찰. 유네스코 산사에 든다.
영주,소수서원,Sosu Seowon,역사·문화,36.92489,128.58015,Y,,70,09:00–18:00 · 유료,조선 최초의 사액서원. 유네스코 세계유산이다.
영주,무섬마을,Museom Village,역사·문화,36.73222,128.62111,,,70,상시 개방 · 무료,강이 감아 도는 전통 마을. 외나무다리가 놓인다.
영주,선비촌,Seonbichon,역사·문화,36.92778,128.582,,,60,09:00–18:00 · 유료,조선 선비의 살림집을 재현한 마을.
영주,순흥벽화고분,Sunheung Mural Tomb,역사·문화,36.91273,128.5655,,,40,09:00–18:00 · 무료,삼국시대 벽화가 남은 고분.
포항,호미곶 해맞이광장,Homigot Sunrise Square,해양·자연,36.07676,129.56786,,,70,상시 개방 · 무료,바다에 선 상생의 손. 한반도 동쪽 끝 일출 자리다.
포항,영일대해수욕장,Yeongildae Beach,해양·자연,36.05615,129.37817,,,70,상시 개방 · 해수욕 7–8월,바다 위 누각이 있는 도심 해변.
포항,죽도시장,Jukdo Market,로컬·먹거리,36.03549,129.36727,,,70,06:00–21:00 · 점포별 상이,동해안 최대 어시장. 과메기와 물회가 난다.
포항,포항 스페이스워크,Pohang Space Walk,테마파크·액티비티,36.06517,129.39029,,Y,60,10:00–20:00 · 무료,환호공원 언덕에 놓인 강철 트랙 조형물.
포항,구룡포 근대문화역사거리,Guryongpo Modern History Street,역사·문화,35.98531,129.53547,,,60,상시 · 상점별 상이,일본식 가옥이 남은 항구 거리.
포항,내연산 보경사,Bogyeongsa Temple,힐링·생태,36.25228,129.31795,,,100,08:00–18:00 · 유료,열두 폭포 골짜기로 드는 절.
춘천,남이섬,Nami Island,힐링·생태,37.79171,127.52552,,Y,150,08:00–21:00 · 배편 유료,메타세쿼이아 길로 알려진 강 위의 섬.
춘천,소양강 스카이워크,Soyanggang Skywalk,테마파크·액티비티,37.89334,127.72341,,,50,10:00–21:00 · 무료,강 위로 뻗은 유리 바닥 전망 다리.
춘천,청평사,Cheongpyeongsa Temple,역사·문화,37.96655,127.82528,,,110,08:00–18:00 · 배편 별도,소양호를 배로 건너 오르는 고려 고찰.
춘천,김유정문학촌,Kim Yu-jeong Literary Village,역사·문화,37.81826,127.71766,,,60,09:00–18:00 · 월 휴관 · 유료,소설가 김유정의 생가를 복원한 마을.
춘천,명동 닭갈비골목,Dakgalbi Alley,로컬·먹거리,37.87961,127.72835,,,60,11:00–22:00 · 점포별 상이,춘천 닭갈비 가게가 모인 골목.
춘천,의암호 자전거길,Uiamho Bike Path,힐링·생태,37.87461,127.69509,,,80,상시 개방 · 대여 유료,호수를 한 바퀴 도는 자전거길.
울릉,도동항,Dodong Port,해양·자연,37.48116,130.90994,,,60,상시 · 여객선 시간 확인,육지 배가 드는 울릉도의 관문 항구.
울릉,독도전망대,Dokdo Observatory,힐링·생태,37.48075,130.90408,,,70,케이블카 08:00–18:00 · 유료,맑은 날 독도가 보이는 전망대.
울릉,나리분지,Nari Basin,힐링·생태,37.5184,130.87161,,,80,상시 개방 · 무료,울릉도 유일의 평지. 화산 분화구 바닥이다.
울릉,봉래폭포,Bongnae Falls,힐링·생태,37.49838,130.88333,,,60,08:00–18:00 · 유료,삼단으로 떨어지는 폭포. 천연 에어컨 바람굴이 있다.
울릉,관음도,Gwaneumdo,해양·자연,37.54293,130.92003,,,70,09:00–17:00 · 유료,연도교로 건너는 무인도. 해안 절벽을 걷는다.
울릉,해안산책로,Coastal Walkway,해양·자연,37.46629,130.87421,,,60,상시 개방 · 기상 시 통제,절벽을 따라 놓인 해안 데크길.
남원,광한루원,Gwanghallu Garden,역사·문화,35.4039,127.3798,,Y,70,08:00–21:00 · 유료,춘향전의 무대가 된 조선 정원.
남원,춘향테마파크,Chunhyang Theme Park,테마파크·액티비티,35.40163,127.38673,,,70,09:00–18:00 · 유료,춘향전을 전시와 세트로 풀어낸 공원.
남원,지리산 뱀사골,Baemsagol Valley,힐링·생태,35.37647,127.58043,,,120,상시 개방 · 무료,지리산 북쪽의 계곡. 단풍으로 알려져 있다.
남원,실상사,Silsangsa Temple,역사·문화,35.41642,127.6354,,,60,08:00–18:00 · 무료,신라 구산선문의 하나. 들판에 앉은 절이다.
남원,남원 예촌,Namwon Yechon,로컬·먹거리,35.40472,127.37867,,,60,상시 · 시설별 상이,광한루 옆 한옥 체험·식당 마을.
남해,남해 독일마을,Namhae German Village,테마파크·액티비티,34.79972,128.03864,,Y,70,상시 · 상점별 상이,파독 광부·간호사가 돌아와 이룬 마을. 붉은 지붕이 바다를 본다.
남해,다랭이마을,Darangee Village,힐링·생태,34.72728,127.8944,,,70,상시 개방 · 무료,비탈을 깎아 만든 계단식 논 마을.
남해,보리암,Boriam Hermitage,역사·문화,34.75202,127.98296,,,90,04:00–19:00 · 유료,금산 정상 아래 암자. 남해 바다가 펼쳐진다.
남해,상주은모래비치,Sangju Silver Sand Beach,해양·자연,34.72078,127.98809,,,70,상시 개방 · 해수욕 7–8월,반달 모양의 백사장. 금산이 뒤를 감싼다.
남해,남해 편백자연휴양림,Namhae Cypress Forest,힐링·생태,34.7526,128.0166,,,90,09:00–18:00 · 유료,편백숲 사이로 산책로가 난 국립휴양림.
합천,해인사,Haeinsa Temple,역사·문화,35.80118,128.0981,Y,,110,08:00–18:00 · 유료,팔만대장경을 모신 절. 장경판전이 유네스코 세계유산이다.
합천,대장경테마파크,Tripitaka Theme Park,테마파크·액티비티,35.76785,128.13491,,,70,09:00–18:00 · 월 휴관 · 유료,대장경 판각 과정을 전시로 푼 공원.
합천,합천영상테마파크,Hapcheon Film Set,테마파크·액티비티,35.54921,128.07312,,,70,09:00–18:00 · 유료,근현대 거리를 재현한 촬영 세트장.
합천,황매산 군립공원,Hwangmaesan Park,힐링·생태,35.48187,128.00348,,,120,상시 개방 · 주차 유료,철쭉과 억새로 알려진 고원. 5월과 10월이 절정이다.
합천,합천호,Hapcheon Lake,힐링·생태,35.52366,128.01843,,,60,상시 개방 · 무료,댐이 만든 호수. 호반 드라이브 길이 돈다.
광주,국립아시아문화전당,Asia Culture Center,테마파크·액티비티,35.14672,126.92025,,Y,110,10:00–18:00 · 월 휴관 · 일부 유료,옛 전남도청 자리에 지은 복합 문화시설.
광주,5·18 민주광장,May 18 Democracy Square,역사·문화,35.15008,126.85591,,,40,상시 개방 · 무료,1980년 항쟁의 중심 광장. 분수대가 남아 있다.
광주,양림동 근대역사문화마을,Yangnim-dong Historic Village,역사·문화,35.1403,126.91562,,,70,상시 개방 · 무료,선교사 사택과 한옥이 남은 근대 골목.
광주,무등산 국립공원,Mudeungsan National Park,힐링·생태,35.14411,126.98901,,Y,180,상시 개방 · 무료,주상절리 입석대와 서석대가 있는 산.
광주,대인예술시장,Daein Art Market,로컬·먹거리,35.15528,126.91619,,,60,10:00–20:00 · 야시장 토요일,예술가가 들어와 되살아난 시장.
광주,광주시립미술관,Gwangju Museum of Art,테마파크·액티비티,35.18315,126.8857,,,70,10:00–18:00 · 월 휴관 · 유료,비엔날레와 함께 지역 미술을 다루는 시립관.
천안,독립기념관,Independence Hall of Korea,역사·문화,36.78371,127.22334,,Y,120,09:30–18:00 · 월 휴관 · 무료,독립운동사를 다룬 국립 기념관.
천안,각원사,Gagwonsa Temple,역사·문화,36.83429,127.19694,,,60,상시 개방 · 무료,태조산 자락의 절. 청동 좌불이 크게 앉아 있다.
천안,병천순대거리,Byeongcheon Sundae Street,로컬·먹거리,36.75968,127.2977,,,60,09:00–20:00 · 점포별 상이,병천순대 노포가 모인 거리.
천안,천안삼거리공원,Cheonan Samgeori Park,힐링·생태,36.78492,127.16556,,,50,상시 개방 · 무료,흥타령으로 알려진 옛 길목의 공원.
천안,아라리오갤러리,Arario Gallery,테마파크·액티비티,36.81937,127.15788,,,60,11:00–19:00 · 월 휴관 · 유료,천안역 앞 현대미술 갤러리.
공주,공산성,Gongsanseong Fortress,역사·문화,36.46465,127.12491,Y,Y,80,09:00–18:00 · 유료,백제 웅진기의 산성. 유네스코 백제역사유적지구다.
공주,무령왕릉과 왕릉원,Tomb of King Muryeong,역사·문화,36.46313,127.11449,Y,Y,70,09:00–18:00 · 유료,무령왕 부부의 벽돌무덤. 유네스코 세계유산이다.
공주,국립공주박물관,Gongju National Museum,역사·문화,36.46577,127.11244,,,80,09:00–18:00 · 월 휴관 · 무료,무령왕릉 출토품을 모은 국립박물관.
공주,마곡사,Magoksa Temple,역사·문화,36.55885,127.01212,Y,,90,08:00–18:00 · 유료,태화산 계곡의 절. 유네스코 산사에 든다.
공주,공주 산성시장,Gongju Sanseong Market,로컬·먹거리,36.45782,127.12327,,,60,08:00–20:00 · 야시장 금·토,공산성 앞 전통시장. 밤에 야시장이 선다.
부여,부소산성,Busosanseong Fortress,역사·문화,36.28847,126.91257,Y,Y,90,09:00–18:00 · 유료,사비 백제의 배후 산성. 낙화암이 있다.
부여,정림사지 오층석탑,Jeongnimsa Stone Pagoda,역사·문화,36.27933,126.91337,Y,,50,09:00–18:00 · 유료,백제 석탑의 전형. 절터에 홀로 서 있다.
부여,궁남지,Gungnamji Pond,힐링·생태,36.2696,126.91223,Y,Y,60,상시 개방 · 무료,백제의 인공 연못. 여름에 연꽃이 덮는다.
부여,국립부여박물관,Buyeo National Museum,역사·문화,36.27639,126.919,,,70,09:00–18:00 · 월 휴관 · 무료,금동대향로를 소장한 국립박물관.
부여,백제문화단지,Baekje Cultural Land,테마파크·액티비티,36.3069,126.90549,,,90,09:00–18:00 · 유료,사비 왕궁을 복원한 단지.
군산,군산 근대역사박물관,Gunsan Modern History Museum,역사·문화,35.9907,126.71197,,,70,09:00–18:00 · 월 휴관 · 유료,개항과 수탈의 역사를 다룬 박물관.
군산,경암동 철길마을,Gyeongam-dong Rail Village,테마파크·액티비티,35.98131,126.7355,,,50,상시 · 상점별 상이,집 사이로 철길이 지나던 마을.
군산,초원사진관,Chowon Photo Studio,테마파크·액티비티,35.98772,126.70838,,,30,09:00–18:00 · 무료,영화 8월의 크리스마스 촬영지.
군산,선유도해수욕장,Seonyudo Beach,해양·자연,35.81643,126.4106,,,100,상시 개방 · 해수욕 7–8월,고군산군도의 섬 해변. 다리로 이어진다.
군산,이성당,Lee Sung Dang Bakery,로컬·먹거리,35.9872,126.71127,,,40,08:00–21:00,1945년에 연 한국에서 가장 오래된 빵집.
용인,한국민속촌,Korean Folk Village,역사·문화,37.25894,127.11811,,Y,150,10:00–18:30 · 유료,조선 마을을 재현한 민속촌. 공연이 이어진다.
용인,에버랜드,Everland,테마파크·액티비티,37.29391,127.20257,,Y,240,10:00–21:00 · 유료,국내 최대 테마파크. 사파리와 장미원이 있다.
용인,백남준아트센터,Nam June Paik Art Center,테마파크·액티비티,37.26915,127.11038,,,70,10:00–18:00 · 월 휴관 · 무료,비디오 아트의 백남준을 다룬 미술관.
용인,경기도박물관,Gyeonggi Provincial Museum,역사·문화,37.26806,127.10881,,,70,10:00–18:00 · 월 휴관 · 무료,경기 지역 역사와 유물을 모은 박물관.
용인,용인자연휴양림,Yongin Forest Resort,힐링·생태,37.31482,127.2676,,,90,09:00–18:00 · 유료,수도권 가까운 산림휴양림. 숲길이 이어진다.
창원,진해 여좌천,Yeojwacheon Stream,힐링·생태,35.16096,128.66025,,,60,상시 개방 · 군항제 4월,벚꽃 터널로 알려진 하천길. 군항제 때 절정이다.
창원,주남저수지,Junam Reservoir,힐링·생태,35.3147,128.67268,,,80,상시 개방 · 무료,겨울 철새가 내리는 저수지. 탐조대가 있다.
창원,마산어시장,Masan Fish Market,로컬·먹거리,35.20281,128.57626,,,60,05:00–20:00 · 점포별 상이,아귀찜과 활어로 알려진 항구 시장.
창원,돝섬해상유원지,Dotseom Island Park,해양·자연,35.17894,128.58114,,,80,유람선 운항시간 확인 · 유료,배로 건너는 섬 유원지. 마산만이 둘러싼다.
창원,상남시장,Sangnam Market,로컬·먹거리,35.22169,128.68403,,,50,09:00–21:00 · 점포별 상이,창원 도심의 상설시장.
창원,용지호수공원,Yongji Lake Park,힐링·생태,35.23102,128.68456,,,50,상시 개방 · 무료,도심 한가운데의 호수 공원. 음악분수가 선다.
울산,대왕암공원,Daewangam Park,해양·자연,35.4924,129.43956,,Y,90,상시 개방 · 무료,해안 기암과 송림을 걷는 공원. 출렁다리가 있다.
울산,태화강 국가정원,Taehwagang National Garden,힐링·생태,35.54777,129.29622,,Y,90,상시 개방 · 무료,국가정원 2호. 십리대숲이 강을 따라 이어진다.
울산,간절곶,Ganjeolgot,해양·자연,35.35914,129.3618,,,50,상시 개방 · 무료,한반도에서 해가 가장 먼저 뜨는 곶.
울산,반구대 암각화,Bangudae Petroglyphs,역사·문화,35.60505,129.17978,,,70,09:00–18:00 · 무료,선사시대 고래 사냥을 새긴 바위그림. 국보다.
울산,장생포 고래문화마을,Jangsaengpo Whale Village,테마파크·액티비티,35.50581,129.3826,,,90,09:00–18:00 · 월 휴관 · 유료,포경 시절을 재현한 마을과 고래박물관.
울산,울산대공원,Ulsan Grand Park,힐링·생태,35.53126,129.29343,,,70,상시 개방 · 무료,장미원과 숲길을 둔 도심 대공원.
태안,꽃지해수욕장,Kkotji Beach,해양·자연,36.49693,126.3352,,Y,80,상시 개방 · 해수욕 7–8월,할미·할아비 바위 사이로 해가 지는 해변.
태안,신두리 해안사구,Sinduri Coastal Dunes,힐링·생태,36.84512,126.19672,,,70,상시 개방 · 무료,한국 최대의 해안 사구. 천연기념물이다.
태안,천리포수목원,Chollipo Arboretum,힐링·생태,36.79836,126.14992,,,90,09:00–18:00 · 유료,목련으로 이름난 바닷가 수목원.
태안,만리포해수욕장,Mallipo Beach,해양·자연,36.78642,126.14235,,,70,상시 개방 · 해수욕 7–8월,서해안의 넓은 백사장. 서핑 스폿이 있다.
태안,안면도 자연휴양림,Anmyeondo Forest Resort,힐링·생태,36.49749,126.36021,,,80,09:00–18:00 · 유료,수령 100년 안면송이 자라는 휴양림.
양평,두물머리,Dumulmeori,힐링·생태,37.53474,127.31789,,Y,60,상시 개방 · 무료,북한강과 남한강이 만나는 자리. 느티나무가 서 있다.
양평,세미원,Semiwon Garden,힐링·생태,37.54016,127.32411,,,70,09:00–18:00 · 유료,연꽃으로 채운 물의 정원.
양평,양평 용문사,Yongmunsa Temple,역사·문화,37.55019,127.57082,,,90,08:00–18:00 · 유료,천년 은행나무가 선 절.
양평,물의정원,Water Garden,힐링·생태,37.55686,127.31499,,,50,상시 개방 · 무료,북한강변의 꽃밭 공원. 봄 양귀비가 핀다.
양평,양평물맑은시장,Yangpyeong Market,로컬·먹거리,37.48926,127.48822,,,50,09:00–19:00 · 5일장 3·8일,한우와 나물로 알려진 오일장.
여주,신륵사,Silleuksa Temple,역사·문화,37.2975,127.66158,,,70,08:00–18:30 · 유료,남한강변에 앉은 절. 강가 전탑이 서 있다.
여주,세종대왕릉 영릉,Yeongneung Royal Tomb,역사·문화,37.31424,127.60871,Y,,80,09:00–18:00 · 유료,세종대왕과 효종의 능. 조선왕릉 세계유산이다.
여주,명성황후 생가,Birthplace of Empress Myeongseong,역사·문화,37.26084,127.65566,,,50,09:00–18:00 · 유료,명성황후가 태어난 집과 기념관.
여주,여주 도자세상,Yeoju Ceramic World,테마파크·액티비티,37.30005,127.65675,,,60,09:00–18:00 · 무료,도예 공방과 전시가 모인 도자 단지.
여주,여주 프리미엄아울렛,Yeoju Premium Outlets,로컬·먹거리,37.29415,127.6463,,,120,10:30–21:00,국내 첫 프리미엄 아울렛.
가평,아침고요수목원,Garden of Morning Calm,힐링·생태,37.74397,127.35249,,Y,100,08:30–19:00 · 유료,축령산 자락의 정원. 겨울 오색별빛정원전이 열린다.
가평,쁘띠프랑스,Petite France,테마파크·액티비티,37.71489,127.49032,,,80,09:00–18:00 · 유료,어린왕자를 주제로 한 프랑스 마을 세트.
가평,자라섬,Jaraseom Island,힐링·생태,37.81649,127.52863,,,70,상시 개방 · 캠핑 유료,재즈 페스티벌이 열리는 강 위의 섬.
가평,잣향기푸른숲,Pine Nut Forest,힐링·생태,37.77214,127.33912,,,90,09:00–18:00 · 유료,잣나무 숲을 걷는 치유의 숲.
가평,호명호수,Homyeong Lake,힐링·생태,37.74858,127.47494,,,70,09:00–17:00 · 무료,산 위에 만든 양수발전 호수. 전망대가 있다.
양산,통도사,Tongdosa Temple,역사·문화,35.48795,129.06434,Y,Y,100,08:00–18:00 · 유료,부처 진신사리를 모신 절. 유네스코 산사에 든다.
양산,홍룡폭포,Hongnyong Falls,힐링·생태,35.39737,129.08731,,,50,상시 개방 · 무료,천성산 자락의 삼단 폭포.
양산,황산공원,Hwangsan Park,힐링·생태,35.29845,128.99318,,,60,상시 개방 · 무료,낙동강변의 넓은 둔치 공원.
보은,법주사,Beopjusa Temple,역사·문화,36.54155,127.83318,Y,Y,100,08:00–18:00 · 유료,속리산 절. 팔상전 목탑이 서 있다. 유네스코 산사다.
보은,속리산 세심정,Songnisan Sesimjeong,힐링·생태,36.53333,127.9,,,90,상시 개방 · 국립공원 입장,법주사에서 문장대로 드는 계곡 길목.
보은,보은 삼년산성,Samnyeon Fortress,역사·문화,36.48846,127.74233,,,70,상시 개방 · 무료,신라가 삼 년에 걸쳐 쌓았다는 석성.
해남,대흥사,Daeheungsa Temple,역사·문화,34.47601,126.6163,Y,,90,08:00–18:00 · 유료,두륜산 자락의 절. 유네스코 산사에 든다.
해남,땅끝마을,Land\u2019s End Village,해양·자연,34.30025,126.52699,,,70,상시 · 모노레일 유료,한반도 남쪽 끝. 전망대와 모노레일이 있다.
해남,우수영관광지,Uisuyeong Site,역사·문화,34.5725,126.3095,,,60,09:00–18:00 · 유료,명량대첩의 바다를 마주한 유적지.
함양,남계서원,Namgye Seowon,역사·문화,35.54886,127.78344,Y,,50,09:00–18:00 · 무료,정여창을 모신 서원. 유네스코 세계유산이다.
함양,상림공원,Sangnim Park,힐링·생태,35.52404,127.71976,,,70,상시 개방 · 무료,최치원이 조성했다는 천년 숲.
함양,개평한옥마을,Gaepyeong Hanok Village,역사·문화,35.56424,127.76927,,,60,상시 개방 · 무료,고택이 모인 선비 마을.
장성,필암서원,Pilam Seowon,역사·문화,35.31067,126.75173,Y,,50,09:00–18:00 · 무료,김인후를 모신 서원. 유네스코 세계유산이다.
장성,백양사,Baekyangsa Temple,힐링·생태,35.4395,126.88336,,,90,08:00–18:00 · 유료,내장산 국립공원의 절. 단풍으로 알려져 있다.
장성,축령산 편백숲,Chungnyeongsan Cypress Forest,힐링·생태,35.39539,126.73459,,,90,상시 개방 · 무료,사람이 심어 기른 편백 조림지.
정읍,무성서원,Museong Seowon,역사·문화,35.60186,126.98385,Y,,50,09:00–18:00 · 무료,최치원을 모신 서원. 유네스코 세계유산이다.
정읍,내장산 국립공원,Naejangsan National Park,힐링·생태,35.4797,126.88798,,Y,150,상시 개방 · 주차 유료,단풍으로 이름난 국립공원.
정읍,구절초지방정원,Gujeolcho Garden,힐링·생태,35.55339,127.01797,,,60,09:00–18:00 · 유료,가을 구절초가 덮는 솔숲 정원.
논산,돈암서원,Donam Seowon,역사·문화,36.20923,127.18076,Y,,50,09:00–18:00 · 무료,김장생을 모신 서원. 유네스코 세계유산이다.
논산,관촉사,Gwanchoksa Temple,역사·문화,36.18815,127.11319,,,60,08:00–18:00 · 무료,거대한 은진미륵 석불이 선 절.
논산,탑정호 출렁다리,Tapjeongho Suspension Bridge,테마파크·액티비티,36.18075,127.16008,,,50,09:00–22:00 · 무료,호수를 건너는 600m 보행 현수교.
경기광주,남한산성,Namhansanseong,역사·문화,37.48159,127.18482,Y,,120,상시 개방 · 행궁 유료,조선의 산성 도읍. 유네스코 세계유산이다.
경기광주,화담숲,Hwadam Forest,힐링·생태,37.34126,127.2892,,,120,08:30–18:00 · 유료 · 예약제,계곡을 따라 조성한 수목원. 모노레일이 오른다.
경기광주,곤지암도자공원,Gonjiam Ceramic Park,테마파크·액티비티,37.35213,127.32743,,,70,10:00–18:00 · 월 휴관 · 무료,조선 백자의 맥을 잇는 도자 공원.
익산,미륵사지,Mireuksa Temple Site,역사·문화,36.01079,127.03063,Y,,80,상시 개방 · 무료,백제 최대 절터. 유네스코 백제역사유적지구다.
익산,왕궁리 유적,Wanggungni Site,역사·문화,35.97281,127.05487,Y,,70,상시 개방 · 무료,백제 왕궁터와 오층석탑. 유네스코 세계유산이다.
익산,익산 보석박물관,Iksan Jewelry Museum,테마파크·액티비티,35.9906,127.10257,,,60,10:00–18:00 · 월 휴관 · 유료,보석 산지 익산의 원석·공예 전시관.
고창,고창 고인돌 유적,Gochang Dolmen Site,역사·문화,35.44873,126.64983,Y,,70,09:00–18:00 · 유료,수백 기가 모인 고인돌군. 유네스코 세계유산이다.
고창,선운사,Seonunsa Temple,역사·문화,35.49694,126.57823,,,90,08:00–18:00 · 유료,동백숲과 상사화로 알려진 절.
고창,고창읍성,Gochang Fortress,역사·문화,35.43089,126.70448,,,60,상시 개방 · 유료,조선 읍성. 성 밟기 풍습으로 알려져 있다.
화순,화순 고인돌 유적,Hwasun Dolmen Site,역사·문화,34.98515,126.91858,Y,,60,상시 개방 · 무료,계곡을 따라 늘어선 고인돌군. 유네스코 세계유산이다.
화순,운주사,Unjusa Temple,역사·문화,34.92548,126.88004,,,70,08:30–18:00 · 유료,천불천탑 전설이 남은 절.
화순,화순적벽,Hwasun Jeokbyeok,힐링·생태,35.11304,127.12315,,,70,셔틀 예약제 · 유료,호수 위로 솟은 붉은 절벽.
김해,대성동 고분군,Daeseong-dong Tombs,역사·문화,35.23741,128.87375,Y,,70,09:00–18:00 · 무료,금관가야 지배층 무덤. 유네스코 가야고분군이다.
김해,수로왕릉,Tomb of King Suro,역사·문화,35.23521,128.87853,,,50,09:00–18:00 · 무료,가락국 시조 수로왕의 능.
김해,가야테마파크,Gaya Theme Park,테마파크·액티비티,35.25073,128.89308,,,90,09:00–18:00 · 월 휴관 · 유료,가야 왕궁을 재현한 테마파크.
함안,말이산 고분군,Marisan Tombs,역사·문화,35.27036,128.40506,Y,,60,상시 개방 · 무료,아라가야 왕들의 능선 고분군. 유네스코 세계유산이다.
함안,함안박물관,Haman Museum,역사·문화,35.2692,128.40365,,,50,09:00–18:00 · 월 휴관 · 무료,말이산 출토품을 모은 박물관.
함안,무진정,Mujinjeong,힐링·생태,35.25542,128.42321,,,40,상시 개방 · 무료,연못 위 정자. 낙화놀이가 열린다.
창녕,교동과 송현동 고분군,Gyo-dong & Songhyeon-dong Tombs,역사·문화,35.5417,128.50865,Y,,60,상시 개방 · 무료,비화가야의 고분군. 유네스코 세계유산이다.
창녕,우포늪,Upo Wetland,힐링·생태,35.5515,128.412,,Y,90,일출–일몰 · 무료,국내 최대의 자연 내륙습지.
창녕,화왕산,Hwawangsan,힐링·생태,35.53722,128.56056,,,150,상시 개방 · 무료,억새 평원으로 알려진 산성 봉우리.
고령,지산동 고분군,Jisan-dong Tombs,역사·문화,35.72614,128.25329,Y,,70,상시 개방 · 무료,대가야 왕릉군. 유네스코 세계유산이다.
고령,대가야박물관,Daegaya Museum,역사·문화,35.723,128.25722,,,60,09:00–18:00 · 월 휴관 · 유료,대가야 유물과 왕릉전시관.
고령,개실마을,Gaesil Village,역사·문화,35.66745,128.22901,,,60,상시 · 체험 예약,점필재 종가가 남은 한옥 마을.
고성,송학동 고분군,Songhak-dong Tombs,역사·문화,34.98035,128.32135,Y,,50,상시 개방 · 무료,소가야의 고분군. 유네스코 세계유산이다.
고성,상족암군립공원,Sangjogam Park,해양·자연,34.9051,128.15112,,,80,상시 개방 · 무료,공룡 발자국이 남은 해안 절벽.
고성,당항포관광지,Danghangpo Site,테마파크·액티비티,35.05653,128.39841,,,70,09:00–18:00 · 유료,이순신 승전지에 조성한 관광지.
서천,서천 갯벌,Seocheon Tidal Flat,해양·자연,36.12851,126.5884,Y,,60,물때 확인 · 무료,유네스코 한국의 갯벌에 든 서해 갯벌.
서천,국립생태원,National Institute of Ecology,힐링·생태,36.02959,126.7248,,,120,09:30–17:00 · 월 휴관 · 유료,다섯 기후대를 재현한 생태 전시관.
서천,장항송림산림욕장,Janghang Pine Forest,힐링·생태,36.01351,126.66675,,,60,상시 개방 · 스카이워크 유료,바다를 낀 솔숲과 스카이워크.
신안,신안 갯벌,Sinan Tidal Flat,해양·자연,34.96439,126.13658,Y,,70,물때 확인 · 무료,유네스코 한국의 갯벌 가운데 가장 넓다.
신안,퍼플섬 반월도,Purple Island,테마파크·액티비티,34.70846,126.13472,,Y,90,상시 · 입장료,다리와 지붕을 보라색으로 칠한 섬.
신안,증도 태평염전,Taepyeong Salt Farm,테마파크·액티비티,34.98224,126.1587,,,70,09:00–18:00 · 유료,국내 최대 단일 천일염전.
보성,보성 벌교갯벌,Beolgyo Tidal Flat,해양·자연,34.76847,127.08325,Y,,60,물때 확인 · 무료,유네스코 한국의 갯벌에 든 꼬막 갯벌.
보성,대한다원 녹차밭,Daehan Tea Plantation,힐링·생태,34.71563,127.07879,,,80,09:00–18:00 · 유료,계단식 차밭과 삼나무길.
보성,율포솔밭해수욕장,Yulpo Beach,해양·자연,34.66995,127.08996,,,60,상시 개방 · 해수욕 7–8월,솔숲을 낀 해변. 해수녹차탕이 있다.
사천,사천 바다케이블카,Sacheon Sea Cable Car,테마파크·액티비티,34.93368,128.05315,,Y,80,09:30–18:00 · 유료 · 기상 휴업,초양도와 각산을 잇는 해상 케이블카.
사천,삼천포용궁수산시장,Samcheonpo Fish Market,로컬·먹거리,34.9275,128.07103,,,60,06:00–21:00 · 점포별 상이,삼천포항의 활어시장. 회와 쥐포가 난다.
사천,초양도,Choyangdo,해양·자연,35.08022,128.08301,,,50,상시 개방 · 무료,케이블카가 닿는 작은 섬. 전망 데크가 있다.
사천,사천 항공우주박물관,Sacheon Aerospace Museum,테마파크·액티비티,35.07137,128.06247,,,80,09:00–18:00 · 월 휴관 · 유료,실물 항공기를 전시한 우주항공 박물관.
사천,사천읍성,Sacheon Fortress,역사·문화,35.08408,128.09362,,,40,상시 개방 · 무료,조선 읍성의 성벽과 수양공원.
문경,문경새재 도립공원,Mungyeong Saejae Park,역사·문화,36.75904,128.07298,,,120,상시 개방 · 무료,조선 영남대로의 고갯길. 관문 세 개가 남았다.
문경,단산모노레일,Dansan Monorail,테마파크·액티비티,36.73682,128.15813,,,70,09:00–17:00 · 유료 · 기상 휴업,단산 정상까지 오르는 국내 최장 모노레일.
문경,문경 철로자전거,Rail Bike,테마파크·액티비티,36.65529,128.12827,,,60,09:00–17:00 · 유료,폐선 위를 달리는 철로자전거.
문경,봉암사,Bongamsa Temple,역사·문화,36.6258,128.0158,,,60,초파일 외 비공개,구산선문의 하나. 평소에는 수행 도량으로 닫혀 있다.
문경,오미자테마터널,Omija Theme Tunnel,테마파크·액티비티,36.66065,128.12875,,,50,09:00–18:00 · 유료,폐터널을 고친 오미자 전시·카페 공간.
울진,성류굴,Seongnyugul Cave,힐링·생태,36.95604,129.37979,,,60,09:00–17:30 · 유료,석회암 종유동굴. 신라 때 기록이 남아 있다.
울진,불영사,Buryeongsa Temple,역사·문화,36.9569,129.2531,,,70,08:00–18:00 · 유료,불영계곡 안의 절. 금강송 숲을 지난다.
울진,덕구온천,Deokgu Hot Spring,힐링·생태,37.07884,129.28332,,,110,06:00–20:00 · 유료,자연 용출 온천. 원탕까지 계곡길이 난다.
울진,죽변해안스카이레일,Jukbyeon Sky Rail,테마파크·액티비티,37.05578,129.42821,,,70,09:00–18:00 · 유료,바다 위를 달리는 4인승 레일.
울진,등기산스카이워크,Deunggisan Skywalk,해양·자연,36.67998,129.46627,,,50,09:00–18:00 · 무료,후포항 앞바다로 뻗은 유리 전망대.
원주,소금산 그랜드밸리,Sogeumsan Grand Valley,테마파크·액티비티,37.36789,127.82514,,,110,09:00–17:00 · 유료,"출렁다리와 울렁다리, 하늘정원을 잇는 협곡 코스."
원주,뮤지엄 산,Museum SAN,테마파크·액티비티,37.41896,127.82299,,Y,120,10:00–18:00 · 월 휴관 · 유료,안도 타다오가 설계한 산 위의 미술관.
원주,치악산 구룡사,Guryongsa Temple,힐링·생태,37.40469,128.0464,,,80,상시 개방 · 국립공원 입장,치악산 자락의 절. 금강송 숲길이 이어진다.
원주,원주 한지테마파크,Hanji Theme Park,테마파크·액티비티,37.33437,127.93546,,,60,09:00–18:00 · 월 휴관 · 무료,한지의 역사와 공예를 다룬 전시관.
원주,원주중앙시장,Wonju Jungang Market,로컬·먹거리,37.34998,127.94924,,,50,09:00–20:00 · 점포별 상이,도심 상설시장과 미로시장 골목.
평창,오대산 월정사,Woljeongsa Temple,역사·문화,37.73194,128.59289,Y,,100,08:00–18:00 · 유료,전나무 숲길로 드는 오대산의 절.
평창,대관령 양떼목장,Daegwallyeong Sheep Farm,힐링·생태,37.68849,128.75276,,,70,09:00–17:30 · 유료,능선을 걷는 초지 목장. 양에게 먹이를 준다.
평창,알펜시아,Alpensia,테마파크·액티비티,37.65692,128.67387,,,120,시설별 상이 · 유료,2018 동계올림픽 시설이 남은 리조트.
평창,발왕산 케이블카,Balwangsan Cable Car,힐링·생태,37.64402,128.67874,,,80,09:00–17:00 · 유료 · 기상 휴업,해발 1458m 정상으로 오르는 케이블카.
평창,봉평 이효석문화마을,Bongpyeong Literary Village,역사·문화,37.48971,128.45438,,,70,09:00–18:00 · 유료,메밀꽃 필 무렵의 무대. 9월에 메밀밭이 핀다.
파주,임진각 평화누리,Imjingak Peace Park,역사·문화,37.89225,126.74306,,Y,90,상시 개방 · 일부 유료,분단의 최전선 공원. 자유의 다리와 평화누리가 있다.
파주,헤이리 예술마을,Heyri Art Village,테마파크·액티비티,37.78884,126.69872,,Y,110,상시 · 시설별 상이,작가들이 지은 갤러리·공방 마을.
파주,파주 프로방스마을,Provence Village,로컬·먹거리,37.79097,126.6844,,,60,10:00–21:00 · 무료,유럽풍 상점과 조명으로 꾸민 마을.
파주,마장호수 흔들다리,Majang Lake Bridge,힐링·생태,37.77565,126.92783,,,60,09:00–18:00 · 무료,호수를 건너는 220m 흔들다리.
파주,파주 프리미엄아울렛,Paju Premium Outlets,로컬·먹거리,37.75959,126.77777,,,120,10:30–21:00,자유로변의 대형 아울렛.
고양,일산호수공원,Ilsan Lake Park,힐링·생태,37.65674,126.76625,,,80,상시 개방 · 무료,국내 최대 인공 호수 공원. 꽃박람회가 열린다.
고양,스타필드 고양,Starfield Goyang,로컬·먹거리,37.64731,126.89528,,,120,10:00–22:00,복합 쇼핑몰. 아쿠아필드가 있다.
고양,고양 행주산성,Haengju Fortress,역사·문화,37.59557,126.82815,,,70,09:00–18:00 · 유료,행주대첩의 토성. 한강이 내려다보인다.
고양,킨텍스,KINTEX,테마파크·액티비티,37.66899,126.74589,,,90,행사별 상이,국내 최대 전시컨벤션센터.
포천,포천 아트밸리,Pocheon Art Valley,테마파크·액티비티,37.92912,127.23488,,,90,09:00–19:00 · 유료,폐채석장을 고친 호수와 조각 공원.
포천,산정호수,Sanjeong Lake,힐링·생태,38.07059,127.32039,,,70,상시 개방 · 주차 유료,명성산 자락의 호수. 둘레길이 돈다.
포천,허브아일랜드,Herb Island,힐링·생태,37.96539,127.13167,,,100,09:00–22:00 · 유료,"허브 정원과 라벤더 축제, 불빛 동화마을."
포천,국립수목원 광릉숲,Gwangneung Forest,힐링·생태,37.75976,127.16888,Y,,110,09:00–18:00 · 예약제 · 유료,조선 왕릉림에서 이어진 유네스코 생물권보전지역.
이천,예스파크 도자예술마을,Yespark Ceramic Village,테마파크·액티비티,37.29345,127.38475,,,90,10:00–18:00 · 월 휴관 · 무료,도예 공방 200여 곳이 모인 마을.
이천,설봉공원,Seolbong Park,힐링·생태,37.27661,127.42663,,,60,상시 개방 · 무료,호수와 도자 조형물을 둔 공원.
이천,이천 테르메덴,Termeden Spa,힐링·생태,37.19541,127.4462,,,150,09:00–19:00 · 유료,독일식 노천 온천 스파.
이천,이천 온천,Icheon Hot Spring,힐링·생태,37.28008,127.45268,,,110,06:00–20:00 · 유료,수도권에서 가까운 알칼리 온천.
남양주,다산유적지,Dasan Historic Site,역사·문화,37.51654,127.30091,,,60,09:00–18:00 · 월 휴관 · 무료,"정약용의 생가와 묘, 기념관."
남양주,수종사,Sujongsa Temple,힐링·생태,37.57103,127.30275,,,80,05:00–19:00 · 무료,두물머리가 내려다보이는 산사. 차 한 잔을 내준다.
남양주,피아노폭포,Piano Waterfall,테마파크·액티비티,37.6302,127.34749,,,40,상시 개방 · 무료,댐 방류구를 피아노 모양으로 꾸민 인공폭포.
양양,낙산사,Naksansa Temple,역사·문화,38.12462,128.62805,,,90,05:00–18:00 · 유료,동해를 마주한 관음성지. 해수관음상이 서 있다.
양양,하조대,Hajodae,해양·자연,38.02109,128.73568,,,50,상시 개방 · 무료,바위 절벽 위 정자와 등대.
양양,죽도해변,Jukdo Beach,해양·자연,37.97503,128.75973,,,70,상시 개방 · 서핑 강습 유료,서핑 문화로 붐비는 해변.
양양,서피비치,Surfyy Beach,테마파크·액티비티,38.02892,128.71753,,,90,09:00–일몰 · 일부 유료,서핑 전용으로 연 해변 라운지.
삼척,죽서루,Jukseoru,역사·문화,37.4409,129.16047,,,40,09:00–18:00 · 무료,오십천 절벽 위 관동팔경의 누각.
삼척,대금굴·환선굴,Daegeumgul & Hwanseongul,힐링·생태,37.31919,129.01833,,,120,08:30–17:00 · 유료 · 대금굴 예약,국내 최대 석회동굴 지대. 모노레일로 든다.
삼척,장호항,Jangho Port,해양·자연,37.2885,129.31753,,,80,상시 · 투명카약 유료,물이 맑아 한국의 나폴리로 불리는 항구.
삼척,삼척해수욕장,Samcheok Beach,해양·자연,37.46833,129.16917,,,70,상시 개방 · 해수욕 7–8월,솔숲을 낀 넓은 백사장.
인제,원대리 자작나무숲,Wondae-ri Birch Forest,힐링·생태,38.00959,128.19449,,Y,120,09:00–17:00 · 무료 · 동절기 통제,흰 자작나무 69만 그루가 선 숲.
인제,백담사,Baekdamsa Temple,역사·문화,38.16515,128.37409,,,90,08:00–17:00 · 셔틀 유료,설악산 내설악의 절. 계곡 버스로 오른다.
인제,내린천 래프팅,Naerincheon Rafting,테마파크·액티비티,38.0281,128.23416,,,150,5–10월 · 유료,급류로 이름난 래프팅 구간.
인제,인제 스피디움,Inje Speedium,테마파크·액티비티,38.00202,128.29181,,,120,행사별 상이 · 유료,산악 서킷과 호텔을 갖춘 모터스포츠 단지.
태백,태백산 국립공원,Taebaeksan National Park,힐링·생태,37.0989,128.91632,,,180,상시 개방 · 주차 유료,천제단이 선 민족의 영산. 겨울 눈꽃이 유명하다.
태백,검룡소,Geomnyongso Spring,힐링·생태,37.2277,128.92464,,,70,09:00–17:00 · 무료,한강이 시작되는 샘.
태백,구문소,Gumunso,힐링·생태,37.09298,129.04223,,,50,상시 개방 · 무료,물이 바위를 뚫어 만든 석문과 고생대 지층.
태백,통리탄탄파크,Tongni Coal Park,테마파크·액티비티,37.16149,129.04297,,,70,09:00–18:00 · 유료,폐광 시설을 고친 탄광 체험 공원.
청주,상당산성,Sangdangsanseong,역사·문화,36.662,127.54103,,,80,상시 개방 · 무료,도심을 두른 조선 산성. 성곽길이 돈다.
청주,청남대,Cheongnamdae,힐링·생태,36.46181,127.48919,,Y,120,09:00–18:00 · 월 휴관 · 유료,옛 대통령 별장. 대청호를 낀 정원이 넓다.
청주,수암골,Suam-gol,테마파크·액티비티,36.64726,127.49429,,,50,상시 개방 · 무료,드라마 촬영지로 알려진 벽화 골목.
청주,고인쇄박물관,Early Printing Museum,역사·문화,36.64404,127.47148,,,70,09:00–18:00 · 월 휴관 · 무료,직지를 찍은 흥덕사 터의 박물관.
제천,청풍호반케이블카,Cheongpung Lake Cable Car,테마파크·액티비티,37.00133,128.16661,,Y,70,09:00–18:00 · 유료,비봉산 정상으로 오르는 케이블카.
제천,의림지,Uirimji Reservoir,힐링·생태,37.17325,128.21049,,,60,상시 개방 · 무료,삼한시대에 쌓았다는 저수지.
제천,옥순봉 출렁다리,Oksunbong Suspension Bridge,테마파크·액티비티,36.94363,128.23316,,,60,09:00–18:00 · 유료,충주호 위를 건너는 222m 다리.
제천,배론성지,Baeron Holy Ground,역사·문화,37.16034,128.08391,,,60,09:00–18:00 · 무료,초기 천주교 신자들이 숨어 살던 골짜기.
단양,도담삼봉,Dodamsambong,힐링·생태,37.00004,128.34397,,Y,50,상시 개방 · 무료,남한강 물 위에 솟은 세 봉우리.
단양,만천하스카이워크,Mancheonha Skywalk,테마파크·액티비티,36.98046,128.33953,,Y,80,09:00–18:00 · 유료,강을 내려다보는 유리 전망대와 짚와이어.
단양,고수동굴,Gosu Cave,힐링·생태,36.98849,128.38159,,,60,09:00–18:00 · 유료,종유석이 빽빽한 석회동굴.
단양,단양 구경시장,Danyang Gugyeong Market,로컬·먹거리,36.98251,128.36992,,,50,09:00–20:00 · 점포별 상이,마늘 요리로 알려진 강변 시장.
보령,대천해수욕장,Daecheon Beach,해양·자연,36.3056,126.51605,,Y,80,상시 개방 · 머드축제 7월,서해 대표 해변. 머드축제가 열린다.
보령,무창포해수욕장,Muchangpo Beach,해양·자연,36.24452,126.53656,,,70,상시 개방 · 무료,바닷길이 갈라지는 신비의 해변.
보령,개화예술공원,Gaehwa Art Park,테마파크·액티비티,36.31227,126.65752,,,70,09:00–18:00 · 유료,조각과 시비를 둔 야외 예술공원.
보령,충청수영성,Chungcheong Naval Fortress,역사·문화,36.43942,126.52279,,,50,상시 개방 · 무료,서해를 지키던 조선 수군 진영.
아산,외암민속마을,Oeam Folk Village,역사·문화,36.73002,127.01647,,,80,09:00–18:00 · 유료,돌담이 이어진 조선 씨족 마을.
아산,현충사,Hyeonchungsa Shrine,역사·문화,36.81129,127.03232,,Y,80,09:00–18:00 · 화 휴관 · 무료,이순신을 모신 사당과 고택.
아산,온양온천,Onyang Hot Spring,힐링·생태,36.78042,127.00371,,,110,06:00–20:00 · 유료,조선 왕들이 찾던 600년 온천.
아산,신정호수공원,Sinjeong Lake Park,힐링·생태,36.76149,126.96888,,,60,상시 개방 · 무료,둘레길과 카페가 늘어선 호수.
담양,죽녹원,Juknokwon Bamboo Forest,힐링·생태,35.32663,126.98539,,Y,80,09:00–18:00 · 유료,대숲 사이로 산책로가 난 정원.
담양,메타세쿼이아 랜드,Metasequoia Road,힐링·생태,35.32369,127.00414,,,60,09:00–19:00 · 유료,2km에 걸친 메타세쿼이아 가로수길.
담양,소쇄원,Soswaewon Garden,역사·문화,35.18421,127.01221,,,60,09:00–18:00 · 유료,조선 선비가 지은 별서 정원.
담양,관방제림,Gwanbangjerim,힐링·생태,35.32346,126.99078,,Y,50,상시 개방 · 무료,제방을 따라 늘어선 300년 노거수 숲.
무주,덕유산 국립공원,Deogyusan National Park,힐링·생태,35.86056,127.74639,,,180,상시 개방 · 곤돌라 유료,향적봉 설경으로 알려진 국립공원.
무주,무주구천동 33경,Gucheondong Valley,힐링·생태,35.89976,127.77555,,,120,상시 개방 · 무료,33경이 이어지는 계곡길.
무주,태권도원,Taekwondowon,테마파크·액티비티,36.00962,127.77653,,Y,100,09:00–18:00 · 월 휴관 · 유료,태권도 수련과 전시를 위한 국제 단지.
무주,반디랜드,Bandi Land,테마파크·액티비티,36.01282,127.75867,,Y,70,09:00–18:00 · 유료,반딧불이를 주제로 한 곤충 박물관.
부안,채석강,Chaeseokgang Cliffs,해양·자연,35.62482,126.46605,,,70,물때 확인 · 무료,책을 쌓은 듯한 해식 절벽.
부안,내소사,Naesosa Temple,역사·문화,35.72642,126.73716,,,80,08:00–18:00 · 유료,전나무 숲길로 드는 변산의 절.
부안,변산해수욕장,Byeonsan Beach,해양·자연,35.68133,126.53159,,,60,상시 개방 · 해수욕 7–8월,완만한 서해 백사장.
부안,곰소염전,Gomso Salt Farm,테마파크·액티비티,35.59541,126.61718,,,50,상시 · 무료,천일염과 젓갈로 알려진 염전.
완도,청산도,Cheongsando,해양·자연,34.18263,126.88659,,,240,여객선 시간 확인 · 유료,슬로시티로 지정된 섬. 구들장논이 남아 있다.
완도,완도타워,Wando Tower,힐링·생태,34.31075,126.76661,,,60,09:00–22:00 · 유료,다도해가 보이는 전망탑.
완도,명사십리해수욕장,Myeongsasimni Beach,해양·자연,34.32739,126.80901,,,70,상시 개방 · 해수욕 7–8월,4km에 이르는 신지도 백사장.
완도,완도수목원,Wando Arboretum,힐링·생태,34.36028,126.66418,,,90,09:00–18:00 · 유료,국내 최대 난대림 수목원.
밀양,영남루,Yeongnamnu,역사·문화,35.49152,128.75507,,,50,상시 개방 · 무료,밀양강 절벽 위의 조선 누각. 국보다.
밀양,밀양 얼음골,Miryang Ice Valley,힐링·생태,35.57288,128.98453,,,70,상시 개방 · 무료,한여름에 얼음이 어는 골짜기.
밀양,표충사,Pyochungsa Temple,역사·문화,35.53259,128.96058,,,80,08:00–18:00 · 유료,사명대사를 기리는 재약산 자락의 절.
밀양,호박소,Hobakso,힐링·생태,35.5878,128.99645,,,50,상시 개방 · 무료,화강암이 패어 만든 푸른 소.
청송,주왕산 국립공원,Juwangsan National Park,힐링·생태,36.40241,129.18787,,Y,150,상시 개방 · 주차 유료,기암 협곡과 폭포가 이어지는 국립공원.
청송,주산지,Jusanji Pond,힐링·생태,36.36265,129.18949,,,60,일출–일몰 · 무료,물에 잠긴 왕버들로 알려진 저수지.
청송,청송 얼음골,Cheongsong Ice Valley,테마파크·액티비티,36.31623,129.22373,,,60,상시 · 빙벽 겨울,여름에 찬바람이 나고 겨울에 빙벽이 서는 골.
청송,송소고택,Songso Historic House,역사·문화,36.43622,129.02661,,,50,09:00–18:00 · 유료,만석꾼이 지은 99칸 고택.
영덕,강구항,Ganggu Port,로컬·먹거리,36.366,129.394,,,70,상시 · 점포별 상이,대게로 알려진 항구. 게 거리가 이어진다.
영덕,영덕 블루로드,Yeongdeok Blue Road,해양·자연,36.26861,129.37417,,,120,상시 개방 · 무료,해안 절벽을 따라 난 64km 도보길.
영덕,삼사해상공원,Samsa Maritime Park,힐링·생태,36.34869,129.38558,,,60,상시 개방 · 무료,동해를 내려다보는 언덕 공원. 대종이 있다.
영덕,장사해수욕장,Jangsa Beach,해양·자연,36.28204,129.37596,,,60,상시 개방 · 해수욕 7–8월,상륙작전 전승기념관이 선 해변.
구미,금오산 도립공원,Geumosan Provincial Park,힐링·생태,36.08849,128.3053,,,150,상시 개방 · 케이블카 유료,대혜폭포와 약사암이 있는 산.
구미,채미정,Chaemijeong,역사·문화,36.11249,128.31315,,,40,상시 개방 · 무료,길재를 기려 세운 정자.
구미,새마을운동테마공원,Saemaul Movement Park,역사·문화,36.09256,128.3496,,,70,09:00–18:00 · 월 휴관 · 무료,1970년대 새마을운동을 다룬 전시공원.
구미,낙동강체육공원,Nakdonggang Sports Park,힐링·생태,36.13606,128.36871,,,50,상시 개방 · 무료,강변 둔치의 체육·산책 공원.
세종,세종호수공원,Sejong Lake Park,힐링·생태,36.49923,127.27037,,,70,상시 개방 · 무료,국내 최대 인공호수 공원. 수상무대섬이 있다.
세종,국립세종수목원,Sejong National Arboretum,힐링·생태,36.49784,127.28549,,Y,100,09:00–18:00 · 월 휴관 · 유료,사계절 온실을 갖춘 도심형 국립수목원.
세종,베어트리파크,Bear Tree Park,테마파크·액티비티,36.67218,127.20859,,,90,09:00–18:00 · 유료,반달곰과 정원을 함께 둔 수목원.
세종,고복자연공원,Gobok Nature Park,힐링·생태,36.60036,127.22781,,,60,상시 개방 · 무료,저수지를 두른 산책 공원.
서울,서울숲,Seoul Forest,힐링·생태,37.54439,127.03744,,Y,80,상시 개방 · 무료,옛 경마장 자리에 만든 숲 공원. 사슴방사장이 있다.
서울,청와대,Cheong Wa Dae,역사·문화,37.58661,126.97481,,Y,90,09:00–18:00 · 화 휴관 · 예약제,2022년 개방된 옛 대통령 관저.
서울,북서울꿈의숲,Dream Forest,힐링·생태,37.62143,127.04062,,,70,상시 개방 · 전망대 10:00–18:00,전망대와 미술관을 둔 강북 최대 공원.
서울,서울대공원,Seoul Grand Park,테마파크·액티비티,37.53848,127.08229,,Y,180,09:00–18:00 · 유료,"동물원과 식물원, 둘레길을 갖춘 공원."
서울,서울랜드,Seoul Land,테마파크·액티비티,37.53034,127.11388,,Y,180,10:00–18:00 · 유료,대공원 옆 놀이공원.
서울,잠실야구장,Jamsil Baseball Stadium,테마파크·액티비티,37.51207,127.07183,,,180,경기일 상이 · 유료,두산·LG의 홈구장.
서울,고척스카이돔,Gocheok Sky Dome,테마파크·액티비티,37.49806,126.86706,,,180,경기일 상이 · 유료,국내 유일의 돔 야구장.
서울,길상사,Gilsangsa Temple,역사·문화,37.59885,126.99435,,,60,04:00–20:00 · 무료,요정 자리를 절로 고친 성북동의 도량.
서울,아차산,Achasan,힐링·생태,37.57151,127.10376,,,110,상시 개방 · 무료,한강과 강동을 내려다보는 능선. 고구려 보루가 남았다.
서울,세빛섬,Some Sevit,테마파크·액티비티,37.51168,126.99472,,,60,10:00–22:00 · 시설별 상이,반포한강공원의 인공섬 문화시설.
서울,더현대 서울,The Hyundai Seoul,로컬·먹거리,37.52605,126.9283,,,120,10:30–20:00,실내 정원을 둔 여의도 백화점.
서울,국립항공박물관,National Aviation Museum,테마파크·액티비티,37.55676,126.80847,,,80,10:00–18:00 · 월 휴관 · 유료,김포공항 옆 항공 역사 박물관.
서울,문래동 창작촌,Mullae Art Village,테마파크·액티비티,37.51664,126.8915,,,60,상시 · 상점별 상이,철공소 골목에 들어선 작업실과 카페.
서울,응봉산 팔각정,Eungbongsan Pavilion,힐링·생태,37.5478,127.02989,,,50,상시 개방 · 무료,개나리와 한강 야경으로 알려진 전망 정자.
인천,석모도 미네랄온천,Seongmodo Mineral Spa,힐링·생태,37.6856,126.31196,,,110,08:00–21:00 · 유료,바다를 보며 몸을 담그는 노천 온천.
인천,교동도 대룡시장,Daeryong Market,역사·문화,37.78212,126.27948,,,60,09:00–18:00 · 점포별 상이,실향민이 세운 1960년대 골목시장.
인천,송도 트리플스트리트,Triple Street Songdo,로컬·먹거리,37.37865,126.66275,,,90,10:30–22:00,거리형 복합 쇼핑몰.
수원,창룡문,Changnyongmun Gate,역사·문화,37.2878,127.02515,,,40,상시 개방 · 무료,화성의 동쪽 성문. 활쏘기 체험장이 붙어 있다.
수원,수원 남문시장,Nammun Market,로컬·먹거리,37.27717,127.0186,,,60,09:00–21:00 · 점포별 상이,팔달문을 둘러싼 아홉 개 시장 거리.
수원,수원 KT위즈파크,KT Wiz Park,테마파크·액티비티,37.29976,127.00967,,,180,경기일 상이 · 유료,KT 위즈의 홈 야구장.
수원,광교산,Gwanggyosan,힐링·생태,37.32804,127.01508,,,150,상시 개방 · 무료,수원 북쪽의 산. 형제봉 능선을 걷는다.
고양,서오릉,Seooreung Royal Tombs,역사·문화,37.62348,126.90074,Y,,80,09:00–18:00 · 월 휴관 · 유료,조선 왕릉 다섯 기. 유네스코 세계유산이다.
고양,원마운트,One Mount,테마파크·액티비티,37.66446,126.75448,,,150,10:00–19:00 · 유료,워터파크와 스노우파크를 갖춘 복합시설.
용인,캐리비안베이,Caribbean Bay,테마파크·액티비티,37.29773,127.20037,,Y,240,10:00–18:00 · 유료,에버랜드에 붙은 대형 워터파크.
용인,와우정사,Wawoo Temple,역사·문화,37.19358,127.27847,,,60,05:00–20:00 · 무료,거대한 와불과 불두가 있는 절.
파주,감악산 출렁다리,Gamaksan Suspension Bridge,테마파크·액티비티,37.93779,126.94708,,,80,상시 개방 · 무료,산 계곡을 건너는 150m 흔들다리.
파주,오두산 통일전망대,Odusan Unification Observatory,역사·문화,37.77312,126.67722,,,70,09:00–17:00 · 유료,한강과 임진강이 만나는 곳에서 북녘을 본다.
파주,벽초지수목원,Byeokchoji Garden,힐링·생태,37.80104,126.87367,,,90,09:00–18:00 · 유료,연못과 유럽식 정원을 둔 수목원.
가평,에델바이스 스위스테마파크,Edelweiss Swiss Theme Park,테마파크·액티비티,37.66778,127.44741,,,70,09:00–18:00 · 유료,스위스 마을을 재현한 테마파크.
가평,청평호반,Cheongpyeong Lake,힐링·생태,37.7085,127.45536,,,60,상시 · 수상레저 유료,수상레저로 붐비는 북한강 호반.
포천,비둘기낭폭포,Bidulginang Falls,힐링·생태,38.07991,127.2171,,,50,09:00–18:00 · 무료,현무암 협곡 안의 폭포. 천연기념물이다.
포천,한탄강 하늘다리,Hantan River Sky Bridge,테마파크·액티비티,38.08439,127.21791,,,50,09:00–18:00 · 무료,협곡 위를 건너는 200m 현수교.
포천,평강랜드,Pyeonggang Botanical Garden,힐링·생태,38.05072,127.30297,,,90,09:00–18:00 · 유료,고산 습지원과 암석원을 둔 정원.
춘천,강촌레일파크,Gangchon Rail Park,테마파크·액티비티,37.81694,127.71336,,,90,09:00–17:30 · 유료,폐선을 달리는 레일바이크.
춘천,제이드가든,Jade Garden,힐링·생태,37.833,127.54159,,,90,09:00–18:00 · 유료,숲속에 조성한 유럽식 수목원.
춘천,구곡폭포,Gugok Falls,힐링·생태,37.79222,127.60917,,,60,09:00–18:00 · 유료,아홉 굽이를 돌아 떨어지는 폭포.
춘천,애니메이션박물관,Animation Museum,테마파크·액티비티,37.89304,127.69193,,,70,10:00–18:00 · 월 휴관 · 유료,국내 유일의 애니메이션 종합 박물관.
강릉,하슬라아트월드,Haslla Art World,테마파크·액티비티,37.70651,129.00991,,,110,09:00–18:00 · 유료,바다를 낀 조각공원과 미술관.
강릉,정동심곡 바다부채길,Badabuchae-gil Trail,해양·자연,37.66717,129.05514,,Y,90,09:00–16:30 · 유료,해안 단구를 따라 걷는 탐방로.
강릉,안반데기,Anbandegi,힐링·생태,37.62281,128.73608,,,80,상시 개방 · 무료,해발 1100m 고랭지 배추밭과 은하수 촬영지.
강릉,솔향수목원,Solhyang Arboretum,힐링·생태,37.6973,128.86155,,,70,09:00–18:00 · 무료,금강소나무를 모은 수목원.
강릉,강릉커피박물관,Gangneung Coffee Museum,로컬·먹거리,37.65225,128.78496,,,60,09:00–18:00 · 유료,커피 도시 강릉의 역사·기구 전시관.
속초,흔들바위·울산바위,Heundeulbawi & Ulsanbawi,힐링·생태,38.18999,128.47498,,,150,05:00–일몰 · 국립공원 입장,설악산 바위 능선으로 오르는 대표 등산로.
속초,영랑호 범바위,Yeongnangho Beombawi,힐링·생태,38.21447,128.57579,,,50,상시 개방 · 무료,석호를 두른 둘레길과 호수 위 부교.
속초,척산온천,Cheoksan Hot Spring,힐링·생태,38.18707,128.54372,,,110,06:00–20:00 · 유료,설악산 자락의 온천 휴양지.
평창,대관령 삼양목장,Samyang Ranch,힐링·생태,37.7212,128.71971,,,110,09:00–17:00 · 유료,풍력발전기가 선 초원 목장.
평창,육백마지기,Yukbaengmajigi,힐링·생태,37.40301,128.5132,,,80,상시 개방 · 무료,해발 1256m 청옥산 정상의 들꽃 평원.
평창,허브나라농원,Herbnara Farm,힐링·생태,37.63595,128.34259,,,80,09:00–18:00 · 유료,흥정계곡을 낀 허브 정원.
부산,황령산 봉수대,Hwangnyeongsan Beacon,힐링·생태,35.1571,129.08208,,,60,상시 개방 · 무료,부산 전역과 광안대교가 보이는 야경 전망대.
부산,송상현광장,Songsanghyeon Square,힐링·생태,35.16415,129.06481,,,40,상시 개방 · 무료,도심 대로 한가운데의 띠 모양 광장.
부산,다대포해수욕장,Dadaepo Beach,해양·자연,35.0469,128.96624,,,80,상시 개방 · 분수 여름,낙동강 하구의 얕은 해변. 꿈의낙조분수가 있다.
부산,임랑해수욕장,Imnang Beach,해양·자연,35.31634,129.26235,,,60,상시 개방 · 해수욕 7–8월,솔숲을 낀 기장 북쪽 해변.
부산,아난티 코브,Ananti Cove,힐링·생태,35.20058,129.22929,,,90,시설별 상이 · 유료,해안 절벽에 선 리조트와 서점·온천.
대구,대구 근대골목,Modern History Alley,역사·문화,35.86543,128.591,,,80,상시 개방 · 무료,청라언덕과 계산성당을 잇는 근대 골목 코스.
대구,서문시장 야시장,Seomun Night Market,로컬·먹거리,35.86855,128.58026,,,70,19:00–23:30 · 계절별 상이,80여 매대가 서는 대구의 야시장.
대구,팔공산 갓바위,Gatbawi Buddha,역사·문화,35.98164,128.7365,,,120,상시 개방 · 무료,소원 하나는 들어준다는 산 정상의 석불.
대구,아양기찻길,Ayang Rail Bridge,테마파크·액티비티,35.89031,128.63835,,,40,상시 개방 · 무료,폐철교를 고친 전망 보행교와 갤러리.
대구,스파밸리,Spa Valley,힐링·생태,35.78806,128.63545,,,150,09:00–19:00 · 유료,온천과 워터파크를 함께 둔 시설.
경주,골굴사,Golgulsa Temple,역사·문화,35.80304,129.40554,,,70,08:00–18:00 · 유료,바위굴에 새긴 마애불. 선무도로 알려져 있다.
경주,기림사,Girimsa Temple,역사·문화,35.83795,129.40345,,,70,08:00–18:00 · 유료,함월산 자락의 신라 고찰.
경주,양남 주상절리 파도소리길,Yangnam Columnar Joint Trail,해양·자연,35.68987,129.47494,,,60,상시 개방 · 무료,부채꼴 주상절리를 따라 걷는 해안길.
울산,십리대숲,Simni Bamboo Grove,힐링·생태,35.54612,129.29564,,,70,상시 개방 · 무료,태화강을 따라 4km 이어지는 대숲길.
울산,슬도,Seuldo Island,해양·자연,35.46667,129.43333,,,50,상시 개방 · 무료,파도 소리가 거문고 같다는 방파제 섬.
울산,강동 몽돌해변,Gangdong Pebble Beach,해양·자연,35.6301,129.44117,,,50,상시 개방 · 무료,자갈이 구르는 소리로 알려진 해변.
창원,저도 콰이강의다리,Jeodo Skywalk Bridge,테마파크·액티비티,35.06669,128.56245,,,50,09:00–18:00 · 무료,바다를 건너는 유리 바닥 보행교.
창원,진해해양공원,Jinhae Maritime Park,해양·자연,35.09244,128.71973,,,80,09:00–18:00 · 유료,솔라타워와 짚트랙을 둔 해양공원.
창원,마산해양드라마세트장,Masan Drama Set,테마파크·액티비티,35.10991,128.54133,,,50,09:00–18:00 · 무료,삼국지 촬영을 위해 지은 바닷가 세트장.
통영,소매물도,Somaemuldo,해양·자연,34.62708,128.55057,,,240,여객선 시간 확인 · 유료,등대섬으로 건너는 물길이 열리는 섬.
통영,연화도,Yeonhwado,해양·자연,34.64522,128.35972,,,180,여객선 시간 확인 · 유료,절벽 능선과 용머리 해안으로 알려진 섬.
통영,사량도,Saryangdo,힐링·생태,34.84941,128.19729,,,240,여객선 시간 확인 · 유료,지리산 능선 종주로 알려진 섬.
거제,공곶이,Gonggoji,힐링·생태,34.79976,128.71521,,,80,상시 개방 · 무료,수선화가 덮는 바닷가 계단 농원.
거제,근포동굴,Geunpo Cave,테마파크·액티비티,34.72292,128.59076,,,40,상시 개방 · 무료,일제강점기에 판 굴. 바다로 난 프레임이 된다.
거제,여차몽돌해변,Yeocha Pebble Beach,해양·자연,34.77175,128.63949,,,50,상시 개방 · 무료,해안도로 끝의 몽돌 해변.
전주,완산칠봉 꽃동산,Wansan Chilbong Flower Hill,힐링·생태,35.80896,127.14688,,,60,상시 개방 · 겹벚꽃 4월,겹벚꽃과 철쭉으로 덮이는 봄 언덕.
전주,아중호수,Ajung Lake,힐링·생태,35.82196,127.17738,,,50,상시 개방 · 무료,둘레길과 카페가 늘어선 도심 호수.
전주,치명자산성지,Chimyeongjasan Holy Ground,역사·문화,35.8085,127.16786,,,60,상시 개방 · 무료,순교자를 모신 언덕 성지. 전주 시내가 보인다.
광주,국립 5·18 민주묘지,May 18 National Cemetery,역사·문화,35.23534,126.94012,,,70,09:00–18:00 · 무료,1980년 희생자를 모신 국립묘지.
광주,사직공원 전망타워,Sajik Park Tower,힐링·생태,35.14185,126.91168,,,50,10:00–22:00 · 무료,무등산과 도심 야경이 보이는 전망대.
광주,펭귄마을,Penguin Village,테마파크·액티비티,35.14054,126.91756,,,50,상시 · 상점별 상이,고물로 꾸민 골목 예술마을.
여수,하화도 꽃섬,Hwahado Flower Island,해양·자연,34.59342,127.61784,,,180,여객선 시간 확인 · 유료,야생화 둘레길이 도는 작은 섬.
여수,고소동 천사벽화골목,Goso-dong Mural Alley,테마파크·액티비티,34.73981,127.74067,,,50,상시 개방 · 무료,1004개 벽화가 이어지는 언덕 골목.
여수,만성리 검은모래해변,Manseong-ri Black Sand Beach,해양·자연,34.77738,127.74489,,,50,상시 개방 · 해수욕 7–8월,검은 모래로 알려진 해변.
목포,삼학도,Samhakdo,힐링·생태,34.78297,126.39143,,,60,상시 개방 · 무료,김대중노벨평화상기념관이 있는 섬 공원.
목포,고하도 용머리,Gohado Yongmeori,해양·자연,34.78514,126.35548,,,70,상시 개방 · 무료,해상 데크길과 전망대가 있는 섬 끝.
목포,서산동 시화골목,Seosan-dong Poetry Alley,테마파크·액티비티,34.78184,126.37714,,,50,상시 개방 · 무료,주민의 시와 그림이 붙은 계단 골목.
순천,송광사,Songgwangsa Temple,역사·문화,35.0003,127.2731,,,90,08:00–18:00 · 유료,승보종찰로 꼽히는 조계산의 절.
순천,조계산,Jogyesan,힐링·생태,35.0025,127.31361,,,150,상시 개방 · 무료,선암사와 송광사를 잇는 산길.
순천,뿌리깊은나무박물관,Deep-rooted Tree Museum,역사·문화,34.90365,127.33986,,,50,09:00–18:00 · 유료,낙안읍성 옆 민속 유물 박물관.
제주,비자림로 삼나무길,Bijarim-ro Cedar Road,힐링·생태,33.47005,126.78635,,,40,상시 개방 · 무료,삼나무가 늘어선 드라이브 길.
제주,김녕 미로공원,Gimnyeong Maze Park,테마파크·액티비티,33.53688,126.77254,,,60,09:00–18:00 · 유료,랜디 서바이벌 정원 미로.
제주,아쿠아플라넷 제주,Aquaplanet Jeju,테마파크·액티비티,33.43278,126.92782,,,120,10:00–19:00 · 유료,국내 최대 규모의 아쿠아리움.
제주,스누피가든,Snoopy Garden,테마파크·액티비티,33.4442,126.77831,,,90,09:00–19:00 · 유료,피너츠를 주제로 한 정원과 전시관.
제주,함덕 서우봉,Seoubong Hill,힐링·생태,33.54332,126.66985,,,60,상시 개방 · 무료,함덕해변을 내려다보는 오름. 봄에 유채가 핀다.
안동,봉정사,Bongjeongsa Temple,역사·문화,36.65327,128.6629,Y,,80,08:00–18:00 · 유료,극락전이 남은 최고(最古) 목조건물. 유네스코 산사다.
안동,만휴정,Manhyujeong,역사·문화,36.41043,128.9098,,,40,상시 개방 · 무료,계곡 위 외나무다리로 건너는 정자.
안동,예끼마을,Yekki Village,테마파크·액티비티,36.69809,128.81263,,,60,상시 · 상점별 상이,수몰 마을에 들어선 벽화·공방 마을.
경주,남산 삼릉,Namsan Samneung,역사·문화,35.76806,129.22556,,,90,상시 개방 · 무료,솔숲에 든 신라 왕릉 셋. 남산 마애불로 오른다.
경주,무장사지,Mujangsa Temple Site,역사·문화,35.88278,129.36062,,,60,상시 개방 · 무료,계곡 깊이 남은 절터와 삼층석탑.
경주,황남빵 본점,Hwangnam Bread,로컬·먹거리,35.84085,129.21368,,,30,08:00–22:00,1939년에 연 경주의 팥빵집.
포항,이가리 닻전망대,Igari Anchor Observatory,해양·자연,36.18835,129.3799,,,50,09:00–18:00 · 무료,바다로 뻗은 닻 모양 전망대.
포항,호미반도 해안둘레길,Homi Peninsula Trail,해양·자연,36.01453,129.47807,,,120,상시 개방 · 무료,기암과 데크가 이어지는 해안 도보길.
포항,오어사,Oeosa Temple,힐링·생태,35.92632,129.36885,,,60,08:00–18:00 · 무료,저수지를 낀 절. 원효교가 놓여 있다.
대전,장태산자연휴양림,Jangtaesan Forest,힐링·생태,36.21872,127.34016,,Y,90,09:00–18:00 · 유료,메타세쿼이아 숲의 스카이웨이.
대전,수통골,Sutonggol Valley,힐링·생태,36.34435,127.28793,,,80,상시 개방 · 무료,계룡산 국립공원 동쪽 계곡.
대전,신세계 아트앤사이언스,Shinsegae Art & Science,로컬·먹거리,36.37513,127.3824,,,120,10:30–20:00,과학관과 전망대를 품은 백화점.
청주,문의문화재단지,Munui Heritage Village,역사·문화,36.50836,127.49381,,,70,09:00–18:00 · 유료,대청호 수몰 마을을 옮겨 세운 단지.
청주,미동산수목원,Midongsan Arboretum,힐링·생태,36.62627,127.66576,,,80,09:00–18:00 · 무료,산림과학과 곤충을 함께 다루는 수목원.
천안,광덕사,Gwangdeoksa Temple,역사·문화,36.67666,127.09273,,,60,08:00–18:00 · 유료,호두나무 시배지로 알려진 절.
공주,계룡산 갑사,Gapsa Temple,역사·문화,36.37845,127.18439,,,80,08:00–18:00 · 유료,계룡산 서쪽의 절. 가을 단풍길로 알려져 있다.
공주,고마나루,Gomanaru,역사·문화,36.47086,127.10653,,,50,상시 개방 · 무료,곰 전설이 남은 금강 나루터 솔숲.
전주,덕진채련,Deokjin Lotus Pond,힐링·생태,35.84756,127.11767,,,50,상시 개방 · 무료,덕진공원 연지. 여름 연꽃으로 알려져 있다.
전주,동고산성,Donggosanseong,역사·문화,35.81089,127.1723,,,60,상시 개방 · 무료,후백제 견훤의 도성으로 전하는 산성.
남원,지리산 정령치,Jeongnyeongchi Pass,힐링·생태,35.36383,127.52205,,,70,상시 개방 · 주차 유료,해발 1172m 고갯마루 전망대.
남원,혼불문학관,Honbul Literary Hall,역사·문화,35.48087,127.32003,,,50,09:00–18:00 · 월 휴관 · 무료,최명희의 소설 혼불을 다룬 문학관.
순천,선암사 승선교,Seungseongyo Bridge,역사·문화,34.99385,127.33345,,,30,상시 개방 · 절 입장료,물에 비쳐 원이 되는 무지개 다리.
목포,평화광장 춤추는바다분수,Dancing Sea Fountain,테마파크·액티비티,34.79465,126.43394,,,50,야간 공연 · 무료,바다 위에서 음악에 맞춰 솟는 분수.
군산,새만금방조제,Saemangeum Seawall,해양·자연,35.82022,126.48276,,,70,상시 개방 · 무료,세계 최장 33km 방조제 드라이브.
군산,은파호수공원,Eunpa Lake Park,힐링·생태,35.95535,126.68924,,,60,상시 개방 · 무료,물빛다리가 놓인 도심 호수.
군산,진포해양테마공원,Jinpo Maritime Park,역사·문화,35.98969,126.71611,,,60,09:00–18:00 · 유료,실물 군용 장비를 전시한 항구 공원.
익산,익산 교도소세트장,Iksan Prison Film Set,테마파크·액티비티,36.06951,126.93115,,,50,09:00–18:00 · 월 휴관 · 유료,영화·드라마를 찍는 폐교도소 세트.
익산,금마저수지,Geumma Reservoir,힐링·생태,36.00203,127.05409,,,50,상시 개방 · 무료,미륵사지 가까운 저수지 둘레길.
부산,을숙도 생태공원,Eulsukdo Eco Park,힐링·생태,35.09661,128.93723,,,80,상시 개방 · 무료,낙동강 하구의 철새 도래지 공원.
부산,오랑대공원,Orangdae Park,해양·자연,35.2057,129.22769,,,50,상시 개방 · 무료,바위 위 해신당과 일출로 알려진 해안.
부산,청사포 다릿돌전망대,Cheongsapo Daritdol Observatory,해양·자연,35.16404,129.19672,,,40,09:00–18:00 · 무료,바다 위로 뻗은 유리 전망대.
김해,봉하마을,Bongha Village,역사·문화,35.31417,128.76956,,,70,상시 개방 · 무료,노무현 전 대통령의 생가와 묘역.
김해,분청도자박물관,Buncheong Ceramics Museum,역사·문화,35.25165,128.74583,,,50,09:00–18:00 · 월 휴관 · 유료,분청사기를 다룬 도자 박물관.
양산,통도환타지아,Tongdo Fantasia,테마파크·액티비티,35.49879,129.08622,,,150,10:00–18:00 · 유료,통도사 인근의 놀이공원.
양산,에덴밸리,Eden Valley,테마파크·액티비티,35.42908,128.98447,,,150,계절별 상이 · 유료,영남 남부의 스키·리조트 단지.
밀양,위양지,Wiyangji Pond,힐링·생태,35.54648,128.716,,,50,상시 개방 · 무료,이팝나무가 피는 연못. 완재정이 섬에 있다.
밀양,트윈터널,Twin Tunnel,테마파크·액티비티,35.40825,128.80436,,,50,10:00–19:00 · 유료,폐터널을 빛으로 꾸민 전시 공간.
진주,진양호 동물원,Jinyangho Zoo,테마파크·액티비티,35.17187,128.03135,,,60,09:00–18:00 · 유료,진양호 공원 안의 소규모 동물원.
거창,수승대,Suseungdae,힐링·생태,35.76082,127.83301,,,70,상시 개방 · 유료,너럭바위와 정자가 있는 계곡 명승.
거창,금원산자연휴양림,Geumwonsan Forest,힐링·생태,35.7289,127.78954,,,80,09:00–18:00 · 유료,계곡을 낀 산림휴양림.
상주,경천대,Gyeongcheondae,힐링·생태,36.45834,128.24634,,,70,상시 개방 · 무료,낙동강 절벽 위의 전망대.
상주,상주 자전거박물관,Sangju Bicycle Museum,테마파크·액티비티,36.45438,128.25446,,,50,09:00–18:00 · 월 휴관 · 무료,자전거 도시 상주의 박물관.
제주,서귀포 치유의숲,Healing Forest,힐링·생태,33.29884,126.52223,,,90,09:00–17:00 · 예약제 · 유료,편백과 삼나무 사이로 난 치유 숲길.
제주,소정방폭포,Sojeongbang Falls,해양·자연,33.24501,126.57754,,,40,상시 개방 · 무료,바다로 바로 떨어지는 작은 폭포.
제주,엉또폭포,Eongtto Falls,힐링·생태,33.26861,126.49999,,,50,상시 개방 · 무료,비가 와야 모습을 드러내는 숲속 폭포.
제주,감귤박물관,Citrus Museum,테마파크·액티비티,33.27152,126.60766,,,60,09:00–18:00 · 월 휴관 · 유료,제주 감귤의 역사와 품종 전시관.
제주,절물오름,Jeolmul Oreum,힐링·생태,33.43312,126.62778,,,70,상시 개방 · 휴양림 유료,절물자연휴양림 위로 오르는 분화구 오름.
제주,삼양검은모래해변,Samyang Black Sand Beach,해양·자연,33.52601,126.58639,,,60,상시 개방 · 무료,검은 화산 모래가 깔린 해변.
제주,용연구름다리,Yongyeon Bridge,힐링·생태,33.51486,126.51445,,,40,상시 개방 · 무료,계곡 위를 건너는 구름다리. 야간 조명이 켜진다.
제주,도두동 무지개해안도로,Dodu Rainbow Coastal Road,해양·자연,33.50926,126.47197,,,40,상시 개방 · 무료,무지개색 방호벽이 이어지는 해안도로.
동해,논골담길,Nongol Damgil,테마파크·액티비티,37.55289,129.11654,,,60,상시 개방 · 무료,묵호항 언덕의 벽화 골목.
동해,무릉별유천지,Mureung Byeolyucheonji,테마파크·액티비티,37.46984,129.03201,,,90,09:00–18:00 · 유료,폐석회광산을 고친 호수와 짚와이어.
정선,정선 스카이워크,Jeongseon Skywalk,테마파크·액티비티,37.36346,128.63477,,,60,09:00–17:00 · 유료,절벽 위 유리 전망대와 짚와이어.
정선,민둥산 억새,Mindungsan Silver Grass,힐링·생태,37.25393,128.77757,,,150,상시 개방 · 무료,가을 억새로 덮이는 민둥한 정상.
영월,청령포 관음송,Gwaneumsong Pine,역사·문화,37.17543,128.4441,,,30,청령포 입장 포함,단종의 유배를 지켜봤다는 600년 소나무.
충주,탄금대,Tangeumdae,역사·문화,36.98835,127.89793,,,60,상시 개방 · 무료,우륵이 가야금을 탔다는 절벽 대.
충주,중원 미륵리사지,Mireungni Temple Site,역사·문화,36.82225,128.09508,,,50,상시 개방 · 무료,고려 석불입상이 선 옛 절터.
단양,사인암,Sainam,힐링·생태,36.89439,128.34039,,,50,상시 개방 · 무료,단양팔경의 하나인 수직 암벽.
단양,온달관광지,Ondal Tourist Park,테마파크·액티비티,37.06305,128.49157,,,80,09:00–18:00 · 유료,온달동굴과 드라마 세트가 함께 있다.
제천,정방사,Jeongbangsa Temple,힐링·생태,36.99897,128.20755,,,60,상시 개방 · 무료,바위에 기대어 앉은 절. 청풍호가 내려다보인다.
제천,능강계곡,Neunggang Valley,힐링·생태,36.98732,128.19751,,,60,상시 개방 · 무료,금수산 자락의 맑은 계곡.
아산,공세리성당,Gongseri Catholic Church,역사·문화,36.8822,126.91383,,,50,09:00–18:00 · 무료,고목이 둘러싼 1922년 벽돌 성당.
아산,지중해마을,Mediterranean Village,로컬·먹거리,36.79698,127.06152,,,70,상시 · 상점별 상이,남유럽풍 상점 거리.
당진,왜목마을,Waemok Village,해양·자연,37.04411,126.5275,,,60,상시 개방 · 무료,일출과 일몰을 한자리에서 보는 서해 마을.
당진,삽교호 함상공원,Sapgyoho Warship Park,테마파크·액티비티,36.89004,126.82609,,,70,09:00–18:00 · 유료,퇴역 군함을 전시한 호숫가 공원.
당진,아미미술관,Ami Art Museum,테마파크·액티비티,36.86178,126.68037,,,60,10:00–18:00 · 유료,폐교를 고친 담쟁이 미술관.
서산,해미읍성,Haemi Fortress,역사·문화,36.71258,126.54862,,Y,70,09:00–18:00 · 무료,성벽과 관아가 남은 조선 읍성.
서산,개심사,Gaesimsa Temple,역사·문화,36.7468,126.5904,,,70,08:00–18:00 · 무료,휜 기둥과 왕벚꽃으로 알려진 절.
서산,간월암,Ganwolam Hermitage,해양·자연,36.60365,126.41121,,,50,물때 확인 · 무료,물이 빠지면 길이 열리는 바다 위 암자.
홍성,남당항,Namdang Port,로컬·먹거리,36.53898,126.4698,,,60,상시 · 대하축제 가을,새조개와 대하로 알려진 항구.
홍성,홍주읍성,Hongju Fortress,역사·문화,36.60034,126.66155,,,50,상시 개방 · 무료,동헌과 성벽이 남은 조선 읍성.
예산,수덕사,Sudeoksa Temple,역사·문화,36.66302,126.62255,,,80,08:00–18:00 · 유료,대웅전이 남은 고려 목조건축의 절.
예산,예당호 출렁다리,Yedangho Suspension Bridge,테마파크·액티비티,36.63854,126.8019,,Y,60,09:00–22:00 · 무료,호수를 건너는 402m 보행 현수교.
양양,휴휴암,Hyuhyuam Hermitage,역사·문화,37.96118,128.76756,,,50,04:00–19:00 · 무료,바닷가 바위에 앉은 암자.
양양,남애항,Namae Port,해양·자연,37.94447,128.78742,,,50,상시 개방 · 무료,강원 3대 미항으로 꼽히는 작은 항구.
고성(강원),고성 통일전망대,Goseong Unification Observatory,역사·문화,38.5867,128.37484,,,70,09:00–16:00 · 출입신고 · 유료,금강산과 해금강이 보이는 최북단 전망대.
고성(강원),화진포,Hwajinpo,해양·자연,38.46722,128.43377,,,80,상시 개방 · 일부 유료,"석호와 해변, 김일성 별장이 함께 있다."
고성(강원),왕곡마을,Wanggok Village,역사·문화,38.34014,128.49996,,,60,상시 개방 · 무료,북방식 기와집이 남은 전통 마을.
철원,소이산 전망대,Soisan Observatory,힐링·생태,38.2547,127.18963,,,70,09:00–17:00 · 모노레일 유료,철원평야와 비무장지대가 보이는 산.
문경,에코랄라,Ecorium Mungyeong,테마파크·액티비티,36.65157,128.06003,,,90,09:00–18:00 · 월 휴관 · 유료,석탄박물관과 영상테마파크가 함께 있다.
문경,쌍용계곡,Ssangyong Valley,힐링·생태,36.5692,127.95401,,,70,상시 개방 · 무료,너럭바위가 이어지는 여름 계곡.
영주,소백산 국립공원,Sobaeksan National Park,힐링·생태,36.9575,128.48489,,,180,상시 개방 · 무료,비로봉 철쭉과 겨울 눈꽃으로 알려진 국립공원.
영주,희방폭포,Huibang Falls,힐링·생태,36.91778,128.45796,,,60,상시 개방 · 유료,영남 제일의 폭포로 불리는 28m 물줄기.
김해,국립김해박물관,Gimhae National Museum,역사·문화,35.23882,128.87165,,,70,09:00–18:00 · 월 휴관 · 무료,가야사 전반을 다루는 국립박물관.
김해,봉황동 유적,Bonghwang-dong Relics,역사·문화,35.23186,128.87534,,,40,상시 개방 · 무료,금관가야 최대의 생활 유적지.
김해,김해 수릉원,Suneungwon Garden,힐링·생태,35.23644,128.87664,,,30,상시 개방 · 무료,수로왕릉과 박물관을 잇는 숲 정원.
김해,김해 연지공원,Yeonji Park,힐링·생태,35.24295,128.86099,,,40,상시 개방 · 무료,연못을 둘러싼 시내 산책 공원.
김해,김해천문대,Gimhae Astronomical Observatory,테마파크·액티비티,35.23967,128.8497,,,60,14:00–22:00 · 월 휴관 · 유료,분성산 정상의 천문대와 전망대.
김해,은하사,Eunhasa Temple,역사·문화,35.24777,128.84842,,,40,상시 개방 · 무료,신어산 자락의 고찰.
김해,클레이아크김해미술관,Clayarch Gimhae Museum,테마파크·액티비티,35.25203,128.75235,,,60,10:00–18:00 · 월 휴관 · 유료,건축 도자를 주제로 한 미술관.
김해,낙동강 레일파크,Nakdonggang Rail Park,테마파크·액티비티,35.32483,128.86392,,,90,09:30–17:30 · 유료,폐선 위를 달리는 레일바이크와 와인동굴.
김해,화포천 습지생태공원,Hwapocheon Wetland Park,힐링·생태,35.31135,128.7741,,,60,09:00–18:00 · 무료,철새가 찾아오는 하천 습지.
김해,김해롯데워터파크,Gimhae Lotte Water Park,테마파크·액티비티,35.21133,128.80643,,,240,계절별 상이 · 유료,장유의 대형 워터파크.
김해,김해한옥체험관,Gimhae Hanok Experience Hall,역사·문화,35.23377,128.87771,,,40,09:00–18:00 · 무료(체험 유료),봉황동 유적 옆의 한옥 숙박·체험 시설.
김해,장유대청계곡,Daecheong Valley,힐링·생태,35.18944,128.80317,,,60,상시 개방 · 무료,불모산에서 내려오는 여름 피서 계곡.
창원,제황산공원 진해탑,Jehwangsan Park Tower,역사·문화,35.14939,128.66469,,,50,09:00–18:00 · 유료(모노레일),진해 시가지를 내려다보는 군함 모양 전망탑.
창원,경화역 공원,Gyeonghwa Station Park,힐링·생태,35.14902,128.69788,,,40,상시 개방 · 무료,폐선 철길을 따라 벚꽃이 이어지는 공원.
창원,진해루,Jinhaeru Pavilion,해양·자연,35.11029,128.66827,,,30,상시 개방 · 무료,속천항 바다 위로 선 2층 누각.
창원,안민고개 전망대,Anmin Pass Lookout,힐링·생태,35.17614,128.66627,,,40,상시 개방 · 무료,진해만과 창원 시가지를 한눈에 보는 고갯길.
창원,창동예술촌,Changdong Art Village,테마파크·액티비티,35.20586,128.57228,,,60,상시 개방 · 무료,옛 마산 도심의 골목 공방·갤러리 거리.
창원,문신미술관,Moonshin Art Museum,테마파크·액티비티,35.19662,128.56703,,,60,09:00–18:00 · 월 휴관 · 유료,조각가 문신의 작업과 언덕 위 전시관.
창원,국립3·15민주묘지,March 15 National Cemetery,역사·문화,35.22768,128.59266,,,40,09:00–18:00 · 무료,3·15 의거 희생자를 모신 국립묘지.
창원,무학산,Muhaksan,힐링·생태,35.22047,128.54268,,,180,상시 개방 · 무료,마산만을 내려다보는 억새 능선 산행.
창원,성주사,Seongjusa Temple,역사·문화,35.20036,128.70426,,,40,상시 개방 · 무료,불모산 자락의 신라 고찰.
창원,마금산온천,Magumsan Hot Springs,힐링·생태,35.33832,128.62047,,,90,시설별 상이 · 유료,낙동강 가까운 알칼리 온천 마을.
창원,다호리 고분군,Dahori Tombs,역사·문화,35.31549,128.72559,,,40,상시 개방 · 무료,변한 시기 목관묘가 나온 유적.
창원,광암해수욕장,Gwangam Beach,해양·자연,35.10708,128.49261,,,60,상시 개방 · 무료,진동만의 조용한 백사장.
양산,양산 신흥사,Sinheungsa Temple Yangsan,역사·문화,35.40309,129.09188,,,40,상시 개방 · 무료,대광전 벽화로 알려진 천성산 고찰.
양산,천성산 화엄벌,Cheonseongsan Hwaeombeol,힐링·생태,35.39306,129.11278,,,210,상시 개방 · 무료,억새가 덮인 정상 고원 능선.
양산,영축산 자장암,Jajangam Hermitage,역사·문화,35.49926,129.07617,,,40,상시 개방 · 무료,통도사 산내 암자 가운데 금와보살 전설이 남은 곳.
양산,배내골,Baenaegol Valley,힐링·생태,35.49361,129.00583,,,120,상시 개방 · 무료,영남알프스 사이로 흐르는 여름 계곡.
양산,원동 매화마을,Wondong Plum Blossom Village,힐링·생태,35.36306,128.99889,,,60,상시 개방 · 무료,낙동강변을 따라 3월에 매화가 피는 마을.
양산,양산 워터파크 웅상,Ungsang Spa Valley,테마파크·액티비티,35.34944,129.18583,,,150,계절별 상이 · 유료,천성산 동쪽 웅상권의 온천·물놀이 시설.
양산,양산시립박물관,Yangsan City Museum,역사·문화,35.34292,129.03556,,,50,09:00–18:00 · 월 휴관 · 무료,북정리 고분군 출토품을 모은 지역 박물관.
양산,북정리 고분군,Bukjeong-ri Tombs,역사·문화,35.34611,129.03444,,,30,상시 개방 · 무료,삼국시대 양산 세력의 봉토분 무리.
양산,영남알프스 하늘억새길,Yeongnam Alps Sky Ridge,힐링·생태,35.53861,129.01167,,,240,상시 개방 · 무료,천황산·재약산으로 이어지는 억새 능선길.
양산,황산베랑길,Hwangsan Berang Trail,힐링·생태,35.32222,128.98611,,,90,상시 개방 · 무료,낙동강 절벽을 따라 난 자전거·도보길.
울산,간월재,Ganwoljae Pass,힐링·생태,35.573,129.01583,,Y,210,상시 개방 · 무료,영남알프스 능선의 대표 억새 평원.
울산,신불산 억새평원,Sinbulsan Reed Plain,힐링·생태,35.56444,129.02083,,,240,상시 개방 · 무료,가을이면 은빛으로 덮이는 정상 고원.
울산,석남사,Seoknamsa Temple,역사·문화,35.58104,129.04722,,,50,08:00–18:00 · 유료,가지산 자락의 비구니 수행 도량.
울산,파래소폭포,Paraeso Falls,힐링·생태,35.54972,129.00861,,,90,상시 개방 · 무료,배내골 안쪽 숲길 끝의 소와 폭포.
울산,천전리 각석,Cheonjeon-ri Petroglyphs,역사·문화,35.62472,129.19222,,,40,상시 개방 · 무료,반구대와 함께 남은 선사·신라 시대 각석.
울산,울산대교 전망대,Ulsan Bridge Observatory,테마파크·액티비티,35.51792,129.39,,,40,09:00–22:00 · 무료,항만과 공단 야경이 펼쳐지는 전망대.
울산,주전 몽돌해변,Jujeon Pebble Beach,해양·자연,35.55361,129.43944,,,50,상시 개방 · 무료,검은 자갈이 파도에 구르는 해변.
울산,외고산 옹기마을,Oegosan Onggi Village,역사·문화,35.43194,129.27694,,,70,09:00–18:00 · 무료(체험 유료),전통 옹기를 굽는 장인 마을.
울산,울산박물관,Ulsan Museum,역사·문화,35.53472,129.29028,,,60,09:00–18:00 · 월 휴관 · 무료,울산의 역사와 산업화를 다룬 시립 박물관.
울산,태화루,Taehwaru Pavilion,역사·문화,35.552,129.31667,,,30,09:00–18:00 · 무료,태화강을 굽어보는 복원 누각.
울산,진하해수욕장,Jinha Beach,해양·자연,35.37694,129.34667,,,60,상시 개방 · 무료,명선도가 보이는 남부권 해변.
울산,서생포왜성,Seosaengpo Japanese Fortress,역사·문화,35.37389,129.34333,,,40,상시 개방 · 무료,임진왜란 때 쌓은 해안 성곽.
통영,욕지도,Yokjido,해양·자연,34.62583,128.26139,,,360,여객선 운항 시간 · 유료,모노레일과 해안 절벽길을 갖춘 남해 큰 섬.
통영,장사도 해상공원,Jangsado Sea Park,힐링·생태,34.72833,128.50861,,,240,여객선 운항 시간 · 유료,동백과 야생화가 덮인 정원 섬.
통영,한산도 제승당,Hansando Jeseungdang,역사·문화,34.77389,128.48417,,,180,여객선 운항 시간 · 유료,이순신이 삼도수군을 지휘하던 진영 터.
통영,미륵산 정상 전망대,Mireuksan Summit Lookout,힐링·생태,34.81361,128.42056,,,90,상시 개방 · 무료,한려수도의 섬들이 한눈에 들어오는 봉우리.
통영,서피랑공원,Seopirang Park,테마파크·액티비티,34.84639,128.41917,,,50,상시 개방 · 무료,99계단과 피아노 계단이 있는 언덕 마을.
통영,박경리기념관,Park Kyung-ni Memorial Hall,역사·문화,34.79806,128.40889,,,50,09:00–18:00 · 월 휴관 · 무료,『토지』를 쓴 작가의 고향 기념관.
통영,전혁림미술관,Jeon Hyuck-lim Art Museum,테마파크·액티비티,34.80528,128.41306,,,40,10:00–17:00 · 월 휴관 · 유료,남해의 푸른색을 그린 화가의 타일 미술관.
통영,통영국제음악당,Tongyeong Concert Hall,테마파크·액티비티,34.82944,128.44028,,,60,공연 일정별 · 유료,윤이상을 기리는 바다 곁 콘서트홀.
통영,비진도,Bijindo,해양·자연,34.70444,128.51528,,,300,여객선 운항 시간 · 유료,모래 사주가 두 섬을 잇는 해수욕 섬.
통영,통영 수산과학관,Tongyeong Marine Science Museum,테마파크·액티비티,34.77444,128.40056,,,60,09:00–18:00 · 월 휴관 · 유료,달아공원 옆 바다 생태 전시관.
남해,물건리 방조어부림,Mulgeon-ri Windbreak Forest,힐링·생태,34.79861,128.04361,,,40,상시 개방 · 무료,바닷바람을 막으려 400년 전 심은 해안 숲.
남해,금산 정상,Geumsan Summit,힐링·생태,34.75028,127.98167,,,150,상시 개방 · 유료(입장료),보리암 위로 이어지는 기암 봉우리.
남해,이순신순국공원,Yi Sun-sin Memorial Park,역사·문화,34.94167,127.87639,,,60,09:00–18:00 · 무료,노량해전 전사지에 조성한 추모 공원.
남해,남해대교·노량,Namhae Bridge & Noryang,해양·자연,34.93583,127.86083,,,40,상시 개방 · 무료,섬과 육지를 잇는 붉은 현수교와 옛 나루.
남해,미조항,Mijo Port,로컬·먹거리,34.7075,128.04278,,,60,상시 개방 · 무료,멸치회로 알려진 남단의 어항.
남해,남해 바래길,Namhae Barae-gil Trail,힐링·생태,34.77361,127.89278,,,180,상시 개방 · 무료,갯벌로 나가던 옛 길을 이은 해안 도보길.
남해,설리스카이워크,Seolli Skywalk,테마파크·액티비티,34.71222,128.02361,,,40,09:00–18:00 · 유료,절벽 위로 뻗은 그네와 전망 데크.
남해,가천암수바위,Gacheon Twin Rocks,역사·문화,34.72611,127.89194,,,20,상시 개방 · 무료,다랭이마을 아래 민속 신앙의 바위 한 쌍.
남해,송정솔바람해변,Songjeong Pine Beach,해양·자연,34.71444,128.01,,,60,상시 개방 · 무료,솔숲이 둘러싼 완만한 백사장.
남해,용문사,Yongmunsa Temple,역사·문화,34.79139,127.93,,,40,상시 개방 · 무료,호국 사찰로 전하는 호구산 고찰.
진주,진양호 전망대,Jinyangho Lookout,힐링·생태,35.17361,128.02611,,,40,상시 개방 · 무료,노을로 알려진 호수 전망 데크.
진주,진주 망경동 벽화마을,Manggyeong-dong Mural Village,테마파크·액티비티,35.18306,128.07444,,,40,상시 개방 · 무료,남강 건너 언덕에 자리한 골목 마을.
진주,경남수목원,Gyeongnam Arboretum,힐링·생태,35.07694,128.14944,,,90,09:00–18:00 · 유료,도내 최대 규모의 수목원과 산림박물관.
진주,진주 유등테마공원,Jinju Lantern Park,테마파크·액티비티,35.18639,128.09944,,,50,상시 개방 · 무료(축제 기간 유료),남강 유등축제를 상설로 옮겨 놓은 공원.
진주,의암바위,Uiam Rock,역사·문화,35.18889,128.08111,,,20,상시 개방 · 무료,논개가 왜장을 안고 뛰어든 강가 바위.
진주,진주 비봉산 산책로,Bibongsan Walk,힐링·생태,35.20528,128.08694,,,70,상시 개방 · 무료,시가지를 내려다보는 도심 뒷산 길.
부여,능산리 고분군,Neungsan-ri Royal Tombs,역사·문화,36.28083,126.94944,Y,,40,09:00–18:00 · 유료,사비기 백제 왕릉이 모인 구릉.
부여,부여 나성,Buyeo Naseong Wall,역사·문화,36.28472,126.93361,Y,,30,상시 개방 · 무료,사비 도성을 둘러싸던 외곽 성벽.
부여,낙화암·고란사,Nakhwaam & Goransa,역사·문화,36.29417,126.91,,,50,09:00–18:00 · 유료(부소산성),백마강을 내려다보는 절벽과 강가 암자.
부여,백마강 황포돛배,Baengmagang Sail Boat,테마파크·액티비티,36.29167,126.90528,,,40,09:00–18:00 · 유료,구드래나루에서 낙화암까지 오가는 돛배.
부여,부여 무량사,Muryangsa Temple,역사·문화,36.28833,126.68472,,,50,상시 개방 · 유료,만수산 자락의 조선 전기 목조 불전.
부여,성흥산성 사랑나무,Seongheungsanseong Love Tree,힐링·생태,36.22722,126.87472,,,50,상시 개방 · 무료,드라마 촬영으로 알려진 산성 위 느티나무.
부여,부여 서동공원,Seodong Park,힐링·생태,36.26861,126.91528,,,40,상시 개방 · 무료,궁남지에 이어진 연꽃 산책 공원.
부여,부여전통시장,Buyeo Traditional Market,로컬·먹거리,36.27583,126.9125,,,40,오일장(5·10일) · 무료,연잎밥과 굿뜨래 농산물이 나오는 오일장.
부여,대백제역사공원,Baekje Reenactment Park,테마파크·액티비티,36.30972,126.90139,,,60,09:00–18:00 · 유료,백제문화단지 옆 야외 재현 공간.
공주,계룡산 동학사,Donghaksa Temple,역사·문화,36.34,127.20917,,,60,상시 개방 · 유료,계룡산 동쪽 골짜기의 비구니 사찰.
공주,계룡산 신원사,Sinwonsa Temple,역사·문화,36.32806,127.16528,,,50,상시 개방 · 유료,중악단 제단이 남은 계룡산 남쪽 절.
공주,공주 한옥마을,Gongju Hanok Village,역사·문화,36.46333,127.11694,,,50,상시 개방 · 무료(숙박 유료),왕릉원 곁의 한옥 숙박 단지.
공주,제민천 원도심,Jemincheon Old Town,테마파크·액티비티,36.45778,127.12028,,,60,상시 개방 · 무료,하천을 따라 책방과 카페가 늘어선 옛 시가지.
공주,공주 석장리박물관,Seokjang-ri Museum,역사·문화,36.49139,127.16111,,,50,09:00–18:00 · 월 휴관 · 유료,한반도 구석기 유적 위에 선 박물관.
공주,공주 황새바위 순교성지,Hwangsaebawi Martyrs Shrine,역사·문화,36.46528,127.11972,,,40,09:00–18:00 · 무료,금강이 내려다보이는 천주교 순교 성지.
공주,마곡사 솔바람길,Magoksa Pine Trail,힐링·생태,36.5625,127.01444,,,90,상시 개방 · 무료,마곡사를 둘러싼 소나무 숲 산책길.
공주,공주 유구색동수국정원,Yugu Hydrangea Garden,힐링·생태,36.59639,126.95,,,50,상시 개방 · 무료,여름이면 수국이 덮이는 하천변 정원.
포항,내연산 12폭포,Naeyeonsan Twelve Falls,힐링·생태,36.26361,129.31139,,,180,상시 개방 · 무료,보경사 위로 폭포가 이어지는 계곡길.
포항,구룡포 일본인 가옥거리,Guryongpo Japanese Houses,역사·문화,35.98639,129.55389,,,50,상시 개방 · 무료,어업 이주민이 남긴 목조 가옥 골목.
포항,포항운하,Pohang Canal,테마파크·액티비티,36.02861,129.37972,,,60,09:00–18:00 · 유료(크루즈),형산강과 동빈내항을 잇는 뱃길.
포항,환호공원,Hwanho Park,힐링·생태,36.06222,129.38722,,,50,상시 개방 · 무료,스페이스워크가 놓인 바다 전망 언덕 공원.
포항,월포해수욕장,Wolpo Beach,해양·자연,36.15556,129.39444,,,60,상시 개방 · 무료,서핑으로 알려진 북부 해변.
포항,죽도 물회거리,Jukdo Mulhoe Street,로컬·먹거리,36.03389,129.36444,,,60,가게별 상이 · 유료,포항 물회 식당이 모인 거리.
포항,장기읍성,Janggi Fortress,역사·문화,35.92361,129.44944,,,40,상시 개방 · 무료,정약용과 송시열이 유배된 조선 읍성.
포항,연오랑세오녀 테마공원,Yeonorang Seonyeo Park,테마파크·액티비티,36.01167,129.44444,,,50,상시 개방 · 무료,삼국유사 설화를 옮겨 놓은 해안 공원.
포항,영일대 해상누각,Yeongildae Sea Pavilion,해양·자연,36.05833,129.38278,,,30,상시 개방 · 무료,바다 위로 놓인 누각과 제철소 야경.
안동,한국국학진흥원,Korean Studies Institute,역사·문화,36.6425,128.80028,,,60,09:00–18:00 · 월 휴관 · 무료,유교 목판과 고문서를 보관·전시하는 곳.
안동,안동 이육사문학관,Yi Yuksa Literary Museum,역사·문화,36.79778,128.90417,,,50,09:00–18:00 · 월 휴관 · 유료,시인이자 독립운동가의 생가 마을 기념관.
안동,농암종택,Nongam Head House,역사·문화,36.79389,128.91861,,,50,상시 개방 · 무료(숙박 유료),낙동강 굽이에 앉은 고택과 한옥 숙박.
안동,고산정,Gosanjeong Pavilion,힐링·생태,36.7975,128.92944,,,40,상시 개방 · 무료,절벽 아래 강가에 선 조선 정자.
안동,안동 신세동 벽화마을,Sinse-dong Mural Village,테마파크·액티비티,36.57139,128.74222,,,40,상시 개방 · 무료,철길 옆 언덕을 오르는 그림 골목.
안동,안동댐 물문화관,Andong Dam Water Culture Hall,테마파크·액티비티,36.58583,128.77556,,,40,09:00–18:00 · 무료,호수와 댐을 내려다보는 전시관.
안동,하회세계탈박물관,Hahoe Mask Museum,역사·문화,36.53833,128.51889,,,40,09:30–18:00 · 유료,하회탈과 세계 각국 탈을 모은 박물관.
여수,아쿠아플라넷 여수,Aquaplanet Yeosu,테마파크·액티비티,34.75417,127.74722,,,120,09:30–18:00 · 유료,엑스포장 옆의 대형 수족관.
여수,여수세계박람회장,Yeosu Expo Park,테마파크·액티비티,34.75278,127.7475,,Y,70,상시 개방 · 무료(시설별 유료),2012 엑스포 부지에 남은 해양 전시 단지.
여수,예술의섬 장도,Jangdo Art Island,테마파크·액티비티,34.7402,127.7269,,,60,09:00–18:00 · 무료(물때 확인),썰물에 길이 열리는 전시·창작 섬.
여수,금오도 비렁길,Geumodo Cliff Trail,힐링·생태,34.47472,127.77667,,,300,여객선 운항 시간 · 무료,벼랑을 따라 이어지는 섬 해안길.
여수,거문도·백도,Geomundo & Baekdo,해양·자연,34.02806,127.30833,,,480,여객선 운항 시간 · 유료,남해 먼바다의 등대섬과 기암 군도.
여수,흥국사,Heungguksa Temple,역사·문화,34.80639,127.63472,,,50,상시 개방 · 무료,승병의 근거지로 전하는 영취산 고찰.
여수,영취산 진달래,Yeongchwisan Azaleas,힐링·생태,34.81111,127.64167,,,150,상시 개방 · 무료,4월이면 산 전체가 붉어지는 진달래 군락.
여수,웅천친수공원,Ungcheon Waterfront Park,해양·자연,34.74306,127.66889,,,50,상시 개방 · 무료,인공 백사장과 해변 산책로가 있는 신도심 공원.
양주,회암사지,Hoeamsa Temple Site,역사·문화,37.76694,127.09944,,,60,09:00–18:00 · 무료,고려말 최대 사찰이 있던 거대한 터.
양주,양주 나리공원,Yangju Nari Park,힐링·생태,37.7967,126.9932,,,50,상시 개방 · 무료,가을 천일홍으로 알려진 넓은 화훼 공원.
양주,양주시립장욱진미술관,Chang Ucchin Museum,테마파크·액티비티,37.70944,126.97972,,,60,10:00–18:00 · 월 휴관 · 유료,화가 장욱진을 기리는 흰 건축의 미술관.
양주,송암스페이스센터,Songam Space Center,테마파크·액티비티,37.70389,126.97528,,,90,10:00–22:00 · 월 휴관 · 유료,천문대와 케이블카를 갖춘 우주 체험관.
양주,장흥자연휴양림,Jangheung Forest Resort,힐링·생태,37.70972,126.94833,,,120,상시 개방 · 유료,북한산 자락 계곡을 낀 숲 휴양림.
양주,불곡산,Bulgoksan,힐링·생태,37.79139,127.02778,,,180,상시 개방 · 무료,바위 능선이 이어지는 양주 진산.
양주,양주 별산대놀이마당,Yangju Byeolsandae Theatre,역사·문화,37.78778,127.03167,,,50,공연 일정별 · 무료,국가무형유산 탈놀이를 전수하는 마당.
양주,양주관아지,Yangju Government Office Site,역사·문화,37.78944,127.02972,,,30,상시 개방 · 무료,조선 양주목의 관아 터와 복원 건물.
울릉,성인봉,Seonginbong Peak,힐링·생태,37.50083,130.86333,,,300,상시 개방 · 무료,"섬 한가운데 솟은 최고봉, 원시림을 지나 오른다."
울릉,저동 촛대바위,Jeodong Candlestick Rock,해양·자연,37.50361,130.91611,,,30,상시 개방 · 무료,저동항 방파제 끝에 선 바위와 일출.
울릉,행남해안산책로,Haengnam Coastal Path,해양·자연,37.48889,130.91611,,,90,상시 개방 · 무료(구간 통제),도동과 저동을 잇는 절벽 데크길.
울릉,울릉도 해상관광 유람선,Ulleung Island Cruise,테마파크·액티비티,37.48167,130.90944,,,150,기상·운항 일정별 · 유료,섬을 한 바퀴 돌며 해안 절벽을 보는 배.
울릉,독도,Dokdo,해양·자연,37.24139,131.86528,,Y,240,여객선 운항·접안 조건 · 유료,울릉에서 배로 닿는 동해 최동단 섬.
울릉,독도박물관,Dokdo Museum,역사·문화,37.48278,130.90417,,,50,09:00–18:00 · 월 휴관 · 무료,독도 관련 사료를 모은 박물관.
울릉,태하 향목관광모노레일,Taeha Monorail,테마파크·액티비티,37.51139,130.83194,,,60,09:00–17:00 · 유료,태하 등대와 절벽 전망대로 오르는 모노레일.
울릉,울릉 예림원,Yerimwon Garden,힐링·생태,37.53194,130.84167,,,50,08:00–18:00 · 유료,바다를 내려다보는 수석·야생화 정원.
울릉,현포항 노을,Hyeonpo Port Sunset,해양·자연,37.54028,130.83667,,,30,상시 개방 · 무료,코끼리바위와 함께 해가 지는 북서쪽 항구.
울릉,죽도,Jukdo Islet,해양·자연,37.5375,130.94722,,,180,여객선 운항 시간 · 유료,나선형 계단을 올라 더덕밭이 펼쳐지는 부속 섬.
남양주,홍릉·유릉,Hongneung & Yureung,역사·문화,37.62944,127.21722,Y,,50,09:00–18:00 · 월 휴관 · 유료,대한제국 황제릉이 나란히 선 능역.
남양주,북한강철교,Bukhangang Rail Bridge,힐링·생태,37.54611,127.30389,,,50,상시 개방 · 무료,폐철교를 자전거·도보길로 바꾼 강 위 다리.
남양주,축령산자연휴양림,Chungnyeongsan Forest Resort,힐링·생태,37.747,127.3359,,,150,상시 개방 · 유료,잣나무 숲이 깊은 경기 동북부 휴양림.
경기광주,팔당물안개공원,Paldang Mist Park,힐링·생태,37.5245,127.2926,,,60,상시 개방 · 무료,팔당호 물안개가 오르는 강변 잔디 공원.
경기광주,분원백자자료관,Bunwon White Porcelain Museum,역사·문화,37.515,127.31889,,,40,09:00–18:00 · 월 휴관 · 유료,조선 왕실 백자를 굽던 관요 터의 자료관.
이천,시몬스 테라스,Simmons Terrace,테마파크·액티비티,37.226,127.429,,,70,11:00–19:00 · 무료,전시장과 카페를 겸한 복합 문화 공간.
이천,백사 산수유마을,Baeksa Cornelian Cherry Village,힐링·생태,37.296,127.481,,,60,상시 개방 · 무료,3월이면 노란 산수유가 마을을 덮는다.
여주,황학산수목원,Hwanghaksan Arboretum,힐링·생태,37.31833,127.60417,,,70,09:00–18:00 · 무료,습지원과 물맞이 정원이 있는 시립 수목원.
고양,렛츠런팜 원당,Wondang Horse Ranch,힐링·생태,37.67083,126.854,,,60,10:00–17:00 · 월 휴장 · 무료,말과 메타세쿼이아 길이 있는 목장.
용인,용인 대장금파크,Dae Jang Geum Park,테마파크·액티비티,37.32111,127.29861,,,90,09:00–18:00 · 유료,사극을 찍는 국내 최대 규모의 야외 세트장.
홍성,만해 한용운 생가지,Han Yong-un Birthplace,역사·문화,36.5578,126.6478,,,40,09:00–18:00 · 무료,시인이자 독립운동가의 초가 생가와 사당.
홍성,용봉산,Yongbongsan,힐링·생태,36.6152,126.6297,,,150,상시 개방 · 무료,기암이 늘어선 낮지만 험한 바위산.
예산,추사고택,Kim Jeong-hui House,역사·문화,36.7169,126.7492,,,40,09:00–18:00 · 무료,추사 김정희가 나고 자란 한옥과 묘소.
예산,예산상설시장,Yesan Market,로컬·먹거리,36.6825,126.8489,,,60,가게별 상이 · 유료,장터를 개조한 먹거리 골목으로 알려진 시장.
논산,강경 근대역사거리,Ganggyeong Historic Street,역사·문화,36.1553,127.0114,,,60,상시 개방 · 무료,금강 포구 시절의 창고와 은행 건물이 남은 거리.
서천,신성리 갈대밭,Sinseong-ri Reed Field,힐링·생태,36.0322,126.8028,,,50,상시 개방 · 무료,금강 하구에 넓게 퍼진 갈대 습지.
당진,솔뫼성지,Solmoe Shrine,역사·문화,36.8908,126.7222,,,50,09:00–18:00 · 무료,김대건 신부가 태어난 솔숲 성지.
서산,서산 마애여래삼존상,Seosan Rock-carved Triad,역사·문화,36.7293,126.5961,,,40,09:00–18:00 · 무료,백제의 미소로 불리는 바위 삼존불.
세종,이응다리,Geumgang Pedestrian Bridge,테마파크·액티비티,36.4881,127.2778,,,50,상시 개방 · 무료,금강을 원형으로 건너는 보행 전용 다리.
세종,밀마루전망대,Milmaru Observatory,힐링·생태,36.5069,127.2586,,,30,10:00–18:00 · 무료,행정중심복합도시를 한눈에 보는 전망탑.
담양,담양호 용마루길,Damyangho Lakeside Walk,힐링·생태,35.4106,127.0011,,,90,상시 개방 · 무료,호수 위로 놓인 수변 데크 산책길.
고창,학원농장 청보리밭,Hakwon Farm Barley Field,힐링·생태,35.4472,126.6669,,,60,상시 개방 · 무료,"봄에는 청보리, 가을에는 메밀이 덮는 언덕 농장."
정읍,정읍 쌍화차거리,Jeongeup Ssanghwacha Street,로컬·먹거리,35.5686,126.8564,,,50,가게별 상이 · 유료,약재를 달인 쌍화차 찻집이 모인 거리.
장성,장성호 수변길,Jangseongho Waterside Trail,힐링·생태,35.36,126.8006,,,80,상시 개방 · 무료,출렁다리와 데크가 이어지는 호반길.
화순,세량지,Seryangji Pond,힐링·생태,35.0328,126.9542,,,40,상시 개방 · 무료,새벽 물안개와 산벚꽃으로 알려진 저수지.
해남,미황사,Mihwangsa Temple,역사·문화,34.4128,126.5411,,,60,상시 개방 · 유료,달마산 바위 능선을 등진 남쪽 끝 절.
보성,태백산맥문학관,Taebaek Sanmaek Literary Hall,역사·문화,34.83,127.3369,,,50,09:00–18:00 · 월 휴관 · 유료,소설 『태백산맥』의 무대 벌교에 선 문학관.
신안,흑산도,Heuksando,해양·자연,34.6858,125.4353,,,420,여객선 운항 시간 · 유료,상라산 전망과 홍어로 알려진 먼바다 섬.
익산,아가페정원,Agape Garden,힐링·생태,36.0175,126.9525,,,50,개방 기간 상이 · 유료,초여름 수국이 가득 피는 사설 정원.
부안,적벽강,Jeokbyeokgang Cliffs,해양·자연,35.6522,126.4483,,,50,상시 개방 · 무료,채석강 북쪽으로 이어지는 붉은 해식 절벽.
철원,월정리역,Woljeong-ri Station,역사·문화,38.2758,127.2181,,,40,안보견학 일정별 · 유료,비무장지대 앞에 멈춰 선 경원선 종착역.
철원,백마고지 전적지,Baengmagoji Battle Site,역사·문화,38.3103,127.1839,,,40,상시 개방 · 무료,한국전쟁 최대 격전지 가운데 하나.
철원,도피안사,Dopiansa Temple,역사·문화,38.2317,127.2358,,,40,상시 개방 · 무료,신라 철조비로자나불좌상이 남은 평지 사찰.
철원,철원 두루미 월동지,Cheorwon Crane Fields,힐링·생태,38.2189,127.1889,,,90,겨울철 탐조 · 예약제,겨울마다 두루미가 내려앉는 민통선 들녘.
철원,한탄강 주상절리길,Hantangang Columnar Joint Path,힐링·생태,38.188,127.3,,Y,120,09:00–17:00 · 유료,협곡 절벽에 매단 잔도를 따라 걷는 길.
철원,철원 승일교,Seungil Bridge,역사·문화,38.1906,127.2853,,,30,상시 개방 · 무료,남북이 나누어 놓은 아치 교량.
철원,철원 학저수지,Hak Reservoir,힐링·생태,38.1906,127.2214,,,50,상시 개방 · 무료,철새와 낚시로 알려진 평야 속 저수지.
하동,화개장터,Hwagae Market,로컬·먹거리,35.1739,127.6339,,Y,50,09:00–18:00 · 무료,섬진강을 사이에 둔 영호남 경계의 장터.
하동,쌍계사,Ssanggyesa Temple,역사·문화,35.2317,127.6506,,Y,60,상시 개방 · 유료,지리산 남쪽 골짜기의 통일신라 고찰.
하동,최참판댁,Choi Champandaek,역사·문화,35.1361,127.7,,,60,09:00–18:00 · 유료,소설 『토지』의 무대로 지은 평사리 한옥.
하동,하동 십리벚꽃길,Hwagae Cherry Blossom Road,힐링·생태,35.1889,127.6417,,,60,상시 개방 · 무료,화개장터에서 쌍계사까지 이어지는 벚꽃길.
하동,하동 녹차밭 (도심다원),Hadong Tea Fields,힐링·생태,35.2169,127.6414,,,60,09:00–18:00 · 유료(시음),우리나라 차 시배지로 전하는 비탈 차밭.
하동,하동 송림공원,Hadong Pine Grove,힐링·생태,35.0678,127.7519,,,40,상시 개방 · 무료,섬진강 백사장을 등진 노송 숲.
하동,삼성궁,Samseonggung,역사·문화,35.2664,127.6108,,,80,08:30–17:00 · 유료,돌탑이 숲을 이룬 지리산 속 수련장.
하동,하동 스카이워크,Hadong Skywalk,테마파크·액티비티,35.0644,127.7539,,,30,상시 개방 · 무료,섬진강 위로 뻗은 유리 전망대.
하동,금오산 짚와이어,Geumosan Zip Wire,테마파크·액티비티,34.9772,127.8267,,,90,09:00–17:00 · 유료,남해 바다를 보며 내려오는 국내 최장급 짚라인.
거창,우두산 Y자형 출렁다리,Udusan Y-Bridge,테마파크·액티비티,35.7225,128.0086,,,90,상시 개방 · 무료,세 갈래로 갈라진 산 위 현수교.
거창,고견사,Gogyeonsa Temple,역사·문화,35.7181,128.0158,,,70,상시 개방 · 무료,의상봉 아래 폭포를 낀 산사.
거창,월성계곡,Wolseong Valley,힐링·생태,35.8022,127.7686,,,80,상시 개방 · 무료,덕유산 자락을 흐르는 맑은 여름 계곡.
거창,거창 창포원,Geochang Iris Garden,힐링·생태,35.6393,127.9243,,,60,09:00–18:00 · 유료,저수지를 낀 수변 화훼 정원.
거창,감악산 아스타 꽃밭,Gamaksan Aster Fields,힐링·생태,35.6019,127.9608,,,70,상시 개방 · 무료,가을이면 보랏빛 아스터가 덮는 능선.
거창,거창사건추모공원,Geochang Incident Memorial Park,역사·문화,35.5716,127.8875,,,40,09:00–18:00 · 무료,한국전쟁기 민간인 희생을 기리는 공원.
거창,황산마을 옛담장,Hwangsan Village Walls,역사·문화,35.7249,127.8351,,,40,상시 개방 · 무료,돌담과 기와집이 남은 동계 종택 마을.
거창,거창박물관,Geochang Museum,역사·문화,35.6864,127.9106,,,40,09:00–18:00 · 월 휴관 · 무료,가야·조선기 거창 유물을 모은 지역 박물관.
,한반도지형 (선암마을),Hanbando Topography,힐링·생태,37.2620,128.3299,,,80,상시 개방 · 무료 · 033-370-2622,서강이 감아 돌며 한반도 모양을 만든 지형. 촬영지는 아니지만 영월 촬영지 순례 코스에 거의 빠지지 않는다. 주차장에서 전망대까지 흙길 800m.
,별마로천문대,Byeolmaro Observatory,테마파크·액티비티,37.1743,128.4805,,,90,"하계 19:00–24:00 · 어른 7,000원 · 033-372-8445","봉래산 정상 해발 799m. 해 질 무렵 오르면 영월읍과 동강의 야경이 펼쳐지고, 밤에는 망원경 관측과 별자리 해설이 이어진다. 낮에 유배지를 걷고 하루를 닫는 자리로 권한다."
,요선암 돌개구멍,Yoseonam Potholes,힐링·생태,37.2853,128.3571,,,50,상시 개방 · 무료,주천강 화강암 바닥이 물살에 패여 만들어진 항아리 모양 구멍들. 천연기념물이며 위쪽에 요선정이 있다.
,영월 서부시장,Yeongwol Seobu Market,로컬·먹거리,37.1841,128.4638,,,60,08:00–19:00 · 끝자리 4·9일 장,"메밀전병과 다슬기해장국, 꼴두국수를 파는 상설시장. 관풍헌에서 도보 3분이라 점심 자리로 붙이기 좋다."
,고씨굴,Gossigul Cave,힐링·생태,37.1465,128.5357,,,70,"09:00–17:00 · 어른 5,000원 · 033-372-7269",임진왜란 때 고씨 일가가 숨었다는 석회암 동굴. 내부 620m 구간이 개방돼 있다.
,김삿갓 유적지,Kim Sat-gat Historic Site,역사·문화,37.0852,128.5711,,,60,09:00–18:00 · 무료 · 033-375-7900,방랑시인 김병연의 묘와 문학관. 계곡을 따라 시비가 늘어서 있다.
,라디오스타 박물관,Radio Star Museum,테마파크·액티비티,37.1846,128.4634,,,60,"09:30–18:00 · 어른 5,000원 · 033-375-8322",옛 영월방송국을 고쳐 만든 라디오 박물관. 영화 촬영지 사이 실내 대안으로 쓰기 좋다.
,동강사진박물관,Donggang Museum of Photography,테마파크·액티비티,37.1836,128.4682,,,60,"09:00–18:00 · 어른 3,000원 · 033-375-4554",국내 첫 공립 사진박물관. 매년 여름 동강국제사진제가 열린다.
,젊은달와이파크,Younger than Yesterday Art Park,테마파크·액티비티,37.2951,128.3609,,,90,"10:00–18:00 · 어른 15,000원 · 033-372-9411",옛 술 공장 터를 붉은 대나무 구조물로 바꾼 야외 미술관.
,법흥사,Beopheungsa Temple,역사·문화,37.2571,128.3055,,,70,상시 개방 · 무료 · 033-374-9177,자장율사가 창건했다는 적멸보궁. 사자산 아래 전나무 숲길이 길다.
,영월곤충박물관,Yeongwol Insect Museum,테마파크·액티비티,37.1740,128.4741,,,50,"09:00–18:00 · 어른 3,000원 · 033-374-5888",청령포 건너편 곤충 표본관. 청령포 관람과 묶기 좋다.
,단종역사관,Danjong History Museum,역사·문화,37.1876,128.4610,,,40,09:00–18:00 · 장릉 입장권 공용,"장릉 경내의 전시관. 유배부터 복위까지의 기록을 연대순으로 놓아, 영화를 보고 온 사람에게 순서를 정리해 준다."
,동강생태정보센터,Donggang Eco Information Center,힐링·생태,37.2000,128.5010,,,50,09:00–18:00 · 무료 · 033-375-6828,어라연 들머리의 안내 시설. 트레킹 코스 상태와 래프팅 운항을 여기서 확인한다.
,창덕궁,Changdeokgung Palace,역사·문화,37.5794,126.9910,Y,,110,"09:00–18:00 · 월요일 휴궁 · 어른 3,000원 · 후원 별도",유네스코 세계유산. 후원은 시간제 관람이라 예약이 필요하다.
,광화문광장,Gwanghwamun Square,역사·문화,37.5725,126.9769,,Y,50,상시 개방 · 무료,"경복궁에서 곧장 남쪽으로 이어지는 광장. 분수와 역사물길이 있고, 야간 조명이 들어오면 궁 방향으로 보는 구도가 좋다."
,삼청동길,Samcheong-dong,로컬·먹거리,37.5828,126.9817,,,90,상점 11:00–21:00,북촌 서쪽의 카페·공방 거리. 한옥마을 관람 뒤 쉬어가는 구간으로 붙인다.
,익선동 한옥거리,Ikseon-dong,로컬·먹거리,37.5735,126.9903,,,80,상점 11:00–23:00,한옥을 고쳐 만든 좁은 골목 상권. 종로3가역에서 바로 닿는다.
,인사동,Insa-dong,로컬·먹거리,37.5740,126.9856,,,70,상점 10:00–21:00,전통 공예와 찻집이 모인 거리. 쌈지길 나선 통로가 중심이다.
,국립중앙박물관,National Museum of Korea,역사·문화,37.5240,126.9803,,Y,150,10:00–18:00 · 상설전시 무료 · 02-2077-9000,작품이 빌려온 호랑이·까치 도상과 무속 유물을 실물로 볼 수 있다. 기념품점의 인기도 작품 이후 크게 올랐다.
,흥인지문 · 한양도성,Heunginjimun & City Wall,역사·문화,37.5712,127.0094,,,50,상시 개방 · 무료,낙산 성곽길의 남쪽 들머리. 동대문에서 걸어 올라가면 낙산공원까지 40분이다.
,성수동 카페거리,Seongsu Cafe Street,로컬·먹거리,37.5445,127.0557,,,100,상점 11:00–22:00,붉은 벽돌 공장을 고친 카페와 팝업 스토어 밀집 구역. 케이팝 관련 팝업이 자주 선다.
,코엑스 별마당도서관,Starfield Library COEX,테마파크·액티비티,37.5126,127.0589,,,50,10:30–22:00 · 무료,13m 서가가 선 실내 광장. 삼성역 전광판을 보러 간 김에 함께 돈다.
,서울약령시 한의약박물관,Seoul Yangnyeongsi Herb Museum,힐링·생태,37.5830,127.0382,,,50,10:00–18:00 · 월요일 휴관 · 무료,한방진흥센터와 같은 단지. 약재 감별과 한방차 체험을 함께 운영한다.
,잠실 롯데월드 어드벤처,Lotte World Adventure,테마파크·액티비티,37.5111,127.0980,,,300,"10:00–21:00 · 종일권 어른 62,000원",서울스카이와 같은 단지의 실내외 테마파크. 비 오는 날 대안이 된다.
,반포한강공원 달빛무지개분수,Banpo Moonlight Rainbow Fountain,힐링·생태,37.5106,126.9955,,,60,분수 4–10월 야간 20:00·20:30·21:00,반포대교 난간에서 물을 뿜는 야간 분수. 한강 야경 코스의 마무리로 넣는다.
,덕수궁 돌담길,Deoksugung Doldam-gil,역사·문화,37.5658,126.9751,,,60,"궁 09:00–21:00 · 어른 1,000원 · 돌담길 상시",정동 방향으로 이어지는 돌담길. 궁과 근대 건축이 한 화면에 들어온다.
,종묘,Jongmyo Shrine,역사·문화,37.5747,126.9944,Y,,80,"09:00–18:00 · 화요일 휴무 · 시간제 관람 · 어른 1,000원",조선 왕실 신주를 모신 사당. 유네스코 세계유산이며 정전의 긴 지붕선이 압도적이다.
,운현궁,Unhyeongung,역사·문화,37.5747,126.9857,,,50,09:00–18:00 · 월요일 휴무 · 무료,흥선대원군의 사저. 안국역 옆이라 북촌 코스에 붙이기 쉽다.
,동대문디자인플라자,Dongdaemun Design Plaza,테마파크·액티비티,37.5665,127.0092,,,80,10:00–20:00 · 외부 상시,곡면 알루미늄 외피의 복합 문화 시설. 야간 조명과 LED 장미밭이 사진 자리다.
,광장시장,Gwangjang Market,로컬·먹거리,37.5701,126.9997,,,70,09:00–23:00 · 점포별 상이,빈대떡과 김밥 좌판이 통로를 채우는 100년 시장.
,청계천,Cheonggyecheon,힐링·생태,37.5696,126.9784,,Y,60,상시 개방 · 무료,도심을 동서로 가르는 복원 하천. 광장시장까지 물길을 따라 걷는다.
,서울로7017,Seoullo 7017,힐링·생태,37.5561,126.9723,,,50,상시 개방 · 무료,고가도로를 고쳐 만든 보행길. 서울역에서 남대문 방향으로 이어진다.
,남대문시장,Namdaemun Market,로컬·먹거리,37.5591,126.9773,,,70,08:30–18:00 · 일부 야간,서울 최대 전통시장. 갈치조림 골목과 수입 상가가 붙어 있다.
,경리단길,Gyeongnidan-gil,로컬·먹거리,37.5405,126.9895,,,80,상점 12:00–24:00,남산 남쪽 사면의 경사진 상권. 국적이 섞인 식당이 많다.
,홍대거리,Hongdae Street,로컬·먹거리,37.5556,126.9236,,Y,90,상시 · 버스킹 저녁,거리 공연이 상시로 열리는 대학가 상권.
,연남동 경의선숲길,Yeonnam Gyeongui Line Park,힐링·생태,37.5606,126.9256,,,70,상시 개방 · 무료,폐선을 공원으로 바꾼 긴 녹지. 홍대에서 연남동까지 이어진다.
,여의도 한강공원,Yeouido Hangang Park,힐링·생태,37.5285,126.9337,,Y,80,상시 개방 · 무료,봄 벚꽃과 여름 물빛광장. 유람선 선착장이 붙어 있다.
,노들섬,Nodeul Island,테마파크·액티비티,37.5176,126.9583,,,60,10:00–22:00 · 무료,한강 한가운데의 공연·전시 섬. 보행로로 걸어 들어간다.
,서울숲,Seoul Forest,힐링·생태,37.5444,127.0374,,Y,90,상시 개방 · 무료,사슴방사장과 은행나무길이 있는 대형 공원. 성수동과 붙어 있다.
,건대입구 거리,Konkuk Univ. Stn. Street,로컬·먹거리,37.5405,127.0700,,,90,상시 · 상점별 상이,건대입구역 2·7호선 출구에서 이어지는 먹자골목과 로데오거리. 늦게까지 문을 여는 가게가 많다.
,서울어린이대공원,Seoul Children\'s Grand Park,힐링·생태,37.5495,127.0815,,,90,05:00–22:00 · 무료,"동물원과 식물원, 놀이동산이 한 울타리에 있는 공원. 어린이대공원역에서 바로 이어진다."
,석촌호수,Seokchon Lake,힐링·생태,37.5088,127.1024,,Y,60,상시 개방 · 무료,롯데월드타워를 물에 비추는 호수. 한 바퀴 2.5km다.
,올림픽공원,Olympic Park,힐링·생태,37.5202,127.1215,,,90,상시 개방 · 무료,들판 한가운데 선 나무로 알려진 대형 공원. 주경기장 코스 뒤에 붙인다.
,가로수길,Garosu-gil,로컬·먹거리,37.5209,127.0227,,,70,상점 11:00–22:00,신사동 은행나무 가로수 상권. 강남 쪽 카페 코스의 기준점이다.
,봉은사,Bongeunsa Temple,역사·문화,37.5148,127.0577,,,60,05:00–22:00 · 무료 · 02-3218-4800,코엑스 건너편의 천년 사찰. 템플스테이와 연등이 알려져 있다.
,선릉·정릉,Seonjeongneung,역사·문화,37.5089,127.0492,Y,,60,"06:00–21:00 · 어른 1,000원",빌딩 사이에 남은 조선 왕릉. 유네스코 세계유산이다.
,국립민속박물관,National Folk Museum,역사·문화,37.5814,126.9793,,,80,09:00–18:00 · 무료 · 02-3704-3114,경복궁 경내의 민속 전시관. 무속과 세시풍속 자료가 두텁다.
,북악스카이웨이 팔각정,Bugaksan Skyway Pavilion,힐링·생태,37.6013,126.9814,,,50,상시 개방 · 무료,북악 능선의 전망 정자. 도심과 남산이 한눈에 든다.
,통인시장,Tongin Market,로컬·먹거리,37.5808,126.9704,,,50,07:00–18:00 · 일부 월요일 휴무,엽전으로 반찬을 사는 도시락 카페로 알려진 시장. 경복궁 서쪽이다.
,서촌,Seochon,로컬·먹거리,37.5789,126.9711,,Y,70,상점 11:00–21:00,경복궁 서쪽의 오래된 주택가 상권. 골목이 좁고 조용하다.
,국립현대미술관 서울,MMCA Seoul,테마파크·액티비티,37.5785,126.98,,,90,10:00–18:00 · 수·토 21:00 · 02-3701-9500,경복궁 옆 현대미술관. 삼청동 코스와 묶인다.
,노량진 수산시장,Noryangjin Fish Market,로컬·먹거리,37.5138,126.9542,,,70,24시간 · 경매 새벽,24시간 도매 수산시장. 2층 식당에서 바로 손질해 먹는다.
,하늘공원,Haneul Park,힐링·생태,37.5701,126.8827,,,80,상시 개방 · 무료,매립지를 덮어 만든 언덕 공원. 가을 억새밭이 넓다.
,선유도공원,Seonyudo Park,힐링·생태,37.5443,126.8998,,,70,06:00–24:00 · 무료,정수장을 그대로 두고 만든 한강 섬 공원. 양화대교에서 걸어 들어간다.
,서울식물원,Seoul Botanic Park,힐링·생태,37.5695,126.8348,,,110,09:30–18:00 · 온실 유료 · 월 휴관,"열대 온실과 호수원, 습지원이 이어지는 대형 식물원. 마곡나루역과 붙어 있다."
,예술의전당,Seoul Arts Center,테마파크·액티비티,37.4797,127.0114,,,120,공연·전시 일정별 상이,"오페라극장과 콘서트홀, 한가람미술관이 모인 복합 예술 단지."
,몽촌토성,Mongchontoseong Fortress,역사·문화,37.5175,127.1145,,,80,상시 개방 · 무료,올림픽공원 안에 남은 백제 토성. 성벽 위 산책로를 한 바퀴 돌 수 있다.
,올림픽홀,Olympic Hall,테마파크·액티비티,37.5211,127.1160,,,60,공연 일정별 상이,올림픽공원 안 공연장. K팝 공연과 페스티벌이 자주 열린다.
,창경궁,Changgyeonggung Palace,역사·문화,37.5785,126.9950,,,80,09:00–21:00 · 월 휴궁 · 유료,창덕궁과 담을 맞댄 조선 궁궐. 춘당지 주변 산책로가 조용하다.
,인사동 문화의거리,Insa-dong Culture Street,로컬·먹거리,37.5730,126.9855,,,90,상시 · 상점별 상이,"화랑과 필방, 전통 찻집이 늘어선 거리. 주말에는 차량을 막는다."
,서대문형무소역사관,Seodaemun Prison History Hall,역사·문화,37.5745,126.9560,,,90,09:30–18:00 · 월 휴관 · 유료,일제강점기 감옥을 남긴 역사관. 옥사와 사형장이 그대로 보존돼 있다.
,독립문,Dongnimmun Gate,역사·문화,37.5725,126.9592,,,30,상시 개방 · 무료,1897년 독립협회가 세운 석조 문. 서대문형무소역사관과 같은 공원 안에 있다.
,경희궁,Gyeonghuigung Palace,역사·문화,37.5719,126.9690,,,50,09:00–18:00 · 월 휴궁 · 무료,서쪽 궁궐로 불린 조선 이궁. 숭정전 일원이 복원돼 있고 입장료가 없다.
,리움미술관,Leeum Museum of Art,테마파크·액티비티,37.5384,126.9990,,,110,10:00–18:00 · 월 휴관 · 상설 무료,고미술과 현대미술을 두 건물에 나눠 보여주는 미술관. 한남동 언덕에 있다.
,이태원 거리,Itaewon Street,로컬·먹거리,37.5345,126.9946,,,90,상시 · 상점별 상이,각국 음식점과 바가 모인 거리. 경리단길과 해방촌으로 이어진다.
,혜화동 대학로,"Daehangno, Hyehwa-dong",테마파크·액티비티,37.5822,127.0020,,,100,공연 일정별 상이,소극장 수십 곳이 모인 연극 거리. 마로니에공원을 중심으로 퍼져 있다.
,서울시립미술관,Seoul Museum of Art,테마파크·액티비티,37.5640,126.9738,,,80,10:00–20:00 · 월 휴관 · 무료,옛 대법원 건물을 쓰는 시립미술관. 덕수궁 돌담길 끝에 있다.
,세종문화회관,Sejong Center,테마파크·액티비티,37.5725,126.9758,,,70,공연 일정별 상이,광화문광장에 면한 대극장. 전시실과 야외 계단 공간도 함께 쓴다.
,국립고궁박물관,National Palace Museum,역사·문화,37.5765,126.9740,,,80,10:00–18:00 · 무료,조선 왕실 유물을 모은 박물관. 경복궁 서쪽 문 옆에 있다.
,남산골 한옥마을,Namsangol Hanok Village,역사·문화,37.5592,126.9940,,,70,09:00–21:00 · 화 휴관 · 무료,서울 곳곳에서 옮겨 온 한옥 다섯 채와 전통 정원. 충무로역에서 가깝다.
,국립극장,National Theater of Korea,테마파크·액티비티,37.5522,127.0053,,,80,공연 일정별 상이,남산 자락의 국립 공연장. 국립창극단과 국립무용단이 무대를 올린다.
,국회의사당,National Assembly Building,역사·문화,37.5320,126.9143,,,60,평일 관람 · 사전 신청 · 무료,돔을 얹은 의회 건물. 봄에는 뒤편 윤중로 벚꽃길이 이어진다.
,여의도공원,Yeouido Park,힐링·생태,37.5262,126.9243,,,60,상시 개방 · 무료,업무지구 한가운데 놓인 긴 공원. 한강공원까지 걸어서 이어진다.
,63빌딩,63 Building,테마파크·액티비티,37.5197,126.9403,,,80,10:00–22:00 · 전망대 유료,한강변 금빛 고층 건물. 60층 전망대에서 서울 서남부가 내려다보인다.
,신촌 대학가,Sinchon University Area,로컬·먹거리,37.5559,126.9368,,,90,상시 · 상점별 상이,연세대·이화여대 앞으로 이어지는 상권. 연세로는 차 없는 거리다.
,합정동 상권,Hapjeong-dong Area,로컬·먹거리,37.5495,126.9139,,,80,상시 · 상점별 상이,카페와 소품점이 몰린 골목. 홍대와 망원 사이를 걸어서 잇는다.
,망원시장,Mangwon Market,로컬·먹거리,37.5560,126.9030,,,60,09:00–21:00 · 점포별 상이,튀김과 반찬 가게가 늘어선 동네 시장. 망원한강공원과 가깝다.
,조계사,Jogyesa Temple,역사·문화,37.5744,126.9814,,,40,상시 개방 · 무료,도심 한복판의 대한불교조계종 총본산. 마당의 회화나무가 오래됐다.
,명동대성당,Myeongdong Cathedral,역사·문화,37.5633,126.9873,,,40,09:00–21:00 · 미사 중 관람 제한,1898년에 세운 벽돌 고딕 성당. 언덕 아래로 명동 상권이 이어진다.
,서울광장,Seoul Plaza,테마파크·액티비티,37.5658,126.9784,,,30,상시 개방 · 무료,시청 앞 잔디 광장. 겨울에는 스케이트장이 열린다.
,서울역사박물관,Seoul Museum of History,역사·문화,37.5704,126.9694,,,80,09:00–18:00 · 월 휴관 · 무료,조선 한양부터 현대 서울까지를 다룬 박물관. 경희궁 옆에 있다.
,압구정 로데오거리,Apgujeong Rodeo Street,로컬·먹거리,37.5271,127.0392,,,80,상시 · 상점별 상이,편집숍과 카페가 모인 거리. 연예기획사 사옥이 가까워 팬들이 자주 찾는다.
,K-스타로드,K-Star Road,테마파크·액티비티,37.5254,127.0357,,,50,상시 개방 · 무료,압구정에서 청담으로 이어지는 한류 거리. 아이돌 그룹별 곰 조형물이 놓여 있다.
,강남역 일대,Gangnam Station Area,로컬·먹거리,37.4979,127.0276,,,90,상시 · 상점별 상이,대형 상권과 지하상가가 붙어 있는 구역. 밤늦게까지 사람이 많다.
,가락시장,Garak Market,로컬·먹거리,37.4930,127.1180,,,70,경매 새벽 · 점포별 상이,국내 최대 농수산물 도매시장. 새벽 경매와 수산동 식당가가 볼거리다.
,암사동 유적,Amsa-dong Prehistoric Site,역사·문화,37.5520,127.1289,,,70,09:30–18:00 · 월 휴관 · 유료,신석기 집터를 복원한 유적. 빗살무늬토기가 나온 곳이다.
,국립서울현충원,Seoul National Cemetery,역사·문화,37.4998,126.9740,,,80,06:00–18:00 · 무료,한강 남쪽 관악산 자락의 국립묘지. 4월 수양벚꽃길로도 알려져 있다.
,월드컵공원,World Cup Park,힐링·생태,37.5663,126.8976,,,110,상시 개방 · 무료,난지도 매립지를 덮어 만든 다섯 개 공원. 하늘공원과 노을공원이 여기에 속한다.
,경동시장,Gyeongdong Market,로컬·먹거리,37.5800,127.0396,,,70,09:00–19:00 · 점포별 상이 · 일 휴무 많음,한약재와 제철 농산물을 파는 큰 재래시장. 옛 극장을 고친 카페가 안쪽에 있다.
,섭지코지,Seopjikoji,힐링·생태,33.4239,126.9309,,,70,상시 개방 · 무료,성산 남쪽으로 뻗은 곶. 등대까지 걷는 길에 유채와 바다가 번갈아 나온다.
,만장굴,Manjanggul Cave,역사·문화,33.5285,126.7714,Y,,60,"09:00–18:00 · 첫째 수요일 휴무 · 어른 4,000원",세계자연유산 용암동굴. 1km 구간을 걸어 들어가며 기온이 11도 안팎으로 유지된다.
,성읍민속마을,Seongeup Folk Village,역사·문화,33.3872,126.7986,,,80,상시 개방 · 무료,초가와 돌담이 남은 옛 읍성 마을. 1950년대 제주의 생활상을 그대로 볼 수 있다.
,제주민속촌,Jeju Folk Village,역사·문화,33.3222,126.8355,,,120,"08:30–18:00 · 어른 15,000원",조선 후기 제주 마을을 옮겨 지은 야외 박물관. 시대극 촬영이 잦다.
,사려니숲길,Saryeoni Forest Path,힐링·생태,33.4176,126.6414,,,110,09:00–17:00 입산 · 무료,삼나무가 늘어선 평탄한 숲길. 왕복 10km지만 중간에 돌아 나올 수 있다.
,새별오름,Saebyeol Oreum,힐링·생태,33.3646,126.357,,,70,상시 개방 · 무료,30분이면 오르는 화산 언덕. 매년 봄 들불축제가 열린다.
,한라산 어리목,Hallasan Eorimok,힐링·생태,33.386,126.496,Y,,300,탐방로 06:00–14:00 입산 · 무료,한라산 서쪽 들머리. 윗세오름까지 왕복 다섯 시간쯤 걸린다.
,천지연폭포,Cheonjiyeon Falls,힐링·생태,33.247,126.5547,,,50,"09:00–22:00 · 어른 2,000원",서귀포 시내에서 걸어 닿는 폭포. 야간 조명이 들어온다.
,정방폭포,Jeongbang Falls,힐링·생태,33.2447,126.5716,,,50,"09:00–17:40 · 어른 2,000원",바다로 곧장 떨어지는 폭포. 동양에서 드문 해안 직폭이다.
,중문색달해변,Jungmun Saekdal Beach,힐링·생태,33.2447,126.4113,,,70,상시 개방 · 7–8월 개장,검은 모래가 섞인 해변. 파도가 높아 서핑 강습이 열린다.
,카멜리아힐,Camellia Hill,힐링·생태,33.2892,126.3679,,,100,"08:30–18:00 · 어른 10,000원",동백 500여 종이 심긴 수목원. 겨울에서 초봄이 절정이다.
,오설록 티뮤지엄,O’sulloc Tea Museum,로컬·먹거리,33.3057,126.2895,,,70,09:00–18:00 · 무료,녹차밭에 붙은 차 박물관과 카페. 밭 사이로 산책로가 나 있다.
,용두암,Yongduam Rock,힐링·생태,33.5155,126.5121,,,40,상시 개방 · 무료,제주공항에서 가장 가까운 해안 명소. 도착 첫날이나 마지막 날에 넣기 좋다.
,이호테우해변,Iho Tewoo Beach,힐링·생태,33.4939,126.4531,,,50,상시 개방 · 무료,붉고 흰 말 등대가 선 해변. 공항에서 15분이라 노을만 보러 들르기도 한다.
,애월 한담해안산책로,Aewol Handam Coastal Path,힐링·생태,33.4636,126.3096,,,60,상시 개방 · 무료,현무암 해안을 따라 1.2km 이어지는 산책로. 카페가 줄지어 있다.
,한림공원,Hallim Park,힐링·생태,33.39,126.241,,,120,"09:00–18:00 · 어른 15,000원",협재해변 옆의 대형 수목원. 협재굴·쌍용굴이 안에 있다.
,산굼부리,Sangumburi Crater,힐링·생태,33.4331,126.6889,,,70,"09:00–18:40 · 어른 6,000원",평지에 뚫린 분화구. 가을 억새가 분화구 둘레를 덮는다.
,비자림,Bijarim Forest,힐링·생태,33.4894,126.8107,,Y,80,"09:00–17:00 · 어른 3,000원",수령 500년 넘는 비자나무 숲. 길이 평탄해 유아차도 다닌다.
,아부오름,Abu Oreum,힐링·생태,33.42,126.742,,,50,상시 개방 · 무료,10분이면 오르는 낮은 오름. 분화구 안쪽에 삼나무가 둥글게 심겨 있다.
,월정리해변,Woljeong-ri Beach,로컬·먹거리,33.5563,126.7956,,,60,상시 개방 · 카페 10:00–20:00,카페가 줄지어 선 해변. 김녕에서 해안도로로 이어진다.
,세화민속오일장,Sehwa Five-day Market,로컬·먹거리,33.5243,126.8586,,,60,5·10일 08:00–17:00,바다를 등지고 서는 오일장. 해녀가 캔 해산물이 바로 나온다.
,해녀박물관,Haenyeo Museum,역사·문화,33.5261,126.8445,,,70,"09:00–18:00 · 월요일 휴관 · 어른 1,100원",해녀의 일과 물질 도구를 모은 박물관. 드라마 속 바다 노동의 배경을 이해하는 데 도움이 된다.
,송악산 둘레길,Songaksan Trail,힐링·생태,33.2007,126.289,,,80,탐방로 09:00–17:00 · 무료,분화구와 해안 절벽을 함께 도는 길. 가파도와 마라도가 보인다.
,가파도,Gapado Island,테마파크·액티비티,33.166,126.27,,,240,"운진항 도선 · 왕복 14,000원 · 기상 결항 잦음", 청보리밭이 섬 전체를 덮는 봄이 절정. 한 바퀴 두 시간이면 돈다.
,마라도,Marado Island,테마파크·액티비티,33.1167,126.2683,,,240,"운진항 도선 · 왕복 20,000원",국토 최남단 섬. 배 시간이 정해져 있어 체류 시간이 짧다.
,쇠소깍,Soesokkak,힐링·생태,33.253,126.6173,,,50,09:00–18:00 · 테우 유료,민물과 바다가 만나는 검은 소. 전통 뗏목 테우를 탄다.
,외돌개,Oedolgae Rock,힐링·생태,33.2384,126.5432,,,50,상시 개방 · 무료,바다에 홀로 선 20m 바위 기둥. 올레 7코스가 지난다.
,천제연폭포,Cheonjeyeon Falls,힐링·생태,33.2523,126.4187,,,60,"09:00–17:20 · 어른 2,500원",3단으로 떨어지는 폭포. 선임교 다리에서 전체가 보인다.
,제주 올레시장,Seogwipo Olle Market,로컬·먹거리,33.2482,126.562,,,70,07:00–21:00,서귀포 시내 재래시장. 감귤과 흑돼지 먹거리가 많다.
,산방산,Sanbangsan,역사·문화,33.2371,126.313,,,70,"09:00–18:00 · 어른 1,000원",바다 옆에 솟은 종상화산. 중턱의 산방굴사까지 계단이 놓여 있다.
,용머리해안,Yongmeori Coast,힐링·생태,33.233,126.314,,,60,"09:00–17:00 · 물때·기상에 따라 통제 · 어른 2,000원",수천만 년 퇴적층이 드러난 해안 절벽. 만조에는 출입이 막힌다.
,곽지과물해변,Gwakji Beach,힐링·생태,33.4506,126.305,,,60,상시 개방 · 용천수 노천탕 있음,모래밭에 용천수가 솟는 해변. 애월 산책로와 이어진다.
,제주 4·3 평화공원,Jeju 4·3 Peace Park,역사·문화,33.4438,126.5503,,,110,09:00–18:00 · 월요일 휴관 · 무료,1948년 사건의 희생자를 기리는 기념관과 위령 공간. 섬의 근현대사를 이해하는 출발점이다.
,국립제주박물관,Jeju National Museum,역사·문화,33.5209,126.5497,,,80,10:00–18:00 · 월요일 휴관 · 무료,탐라부터 조선까지 섬의 유물을 모았다. 공항에서 가까워 첫날에 넣기 좋다.
,삼성혈,Samseonghyeol,역사·문화,33.5029,126.529,,,40,"09:00–18:00 · 어른 4,000원",탐라 건국 신화의 세 시조가 솟았다는 구멍. 도심 한복판의 숲에 있다.
,관덕정,Gwandeokjeong,역사·문화,33.5136,126.5212,,,30,상시 개방 · 무료,제주목 관아 앞의 조선 초기 누각. 보물로 지정돼 있다.
,제주민속자연사박물관,Jeju Folklore & Natural History Museum,역사·문화,33.506,126.532,,,80,"09:00–18:00 · 월요일 휴관 · 어른 2,000원",화산섬 지질과 생활 민속을 한 건물에서 본다. 삼성혈 바로 옆이다.
,한라수목원,Hallasan Arboretum,힐링·생태,33.456,126.494,,,70,상시 개방 · 무료 · 야간 산책로,제주시 시내에서 가장 가까운 숲. 저녁에도 걷는 사람이 많다.
,사라봉,Sarabong,힐링·생태,33.5197,126.547,,,50,상시 개방 · 무료,제주항과 시내가 함께 보이는 오름. 정상까지 20분이다.
,도두봉,Dodubong,힐링·생태,33.506,126.465,,,40,상시 개방 · 무료,공항 활주로와 바다가 같이 보이는 낮은 언덕. 비행기 사진 자리로 알려져 있다.
,한라생태숲,Hallasan Eco Forest,힐링·생태,33.437,126.592,,,80,09:00–18:00 · 무료,516도로 옆의 생태 숲. 코스가 여러 갈래로 짧게 나뉜다.
,절물자연휴양림,Jeolmul Recreation Forest,힐링·생태,33.447,126.636,,Y,90,"07:00–18:00 · 어른 1,000원",삼나무가 곧게 선 휴양림. 장생의 숲길이 길게 이어진다.
,교래 자연휴양림,Gyorae Recreation Forest,힐링·생태,33.427,126.669,,,80,"09:00–17:00 · 어른 1,000원",곶자왈 지형을 그대로 둔 휴양림. 습한 숲 특유의 식생이 짙다.
,동백동산 습지,Dongbaekdongsan Wetland,힐링·생태,33.503,126.713,,,80,상시 개방 · 무료,람사르 습지로 등록된 곶자왈 숲. 먼물깍 연못까지 평탄하게 걷는다.
,거문오름,Geomunoreum,힐링·생태,33.456,126.723,Y,,150,"탐방 예약제 · 화요일 휴무 · 어른 2,000원",만장굴을 만든 용암의 발원지. 세계자연유산이며 사전 예약이 필요하다.
,용눈이오름,Yongnuni Oreum,힐링·생태,33.457,126.839,,,60,개방 시기 확인 필요 · 무료,능선이 부드럽게 겹치는 오름. 휴식년제로 닫히는 해가 있다.
,다랑쉬오름,Darangshi Oreum,힐링·생태,33.464,126.832,,,90,상시 개방 · 무료,분화구가 깊게 파인 오름. 정상까지 40분 남짓 오른다.
,하도해변,Hado Beach,힐링·생태,33.517,126.883,,,50,상시 개방 · 무료,철새도래지를 옆에 둔 조용한 해변. 사람이 적다.
,평대해변,Pyeongdae Beach,힐링·생태,33.552,126.833,,,50,상시 개방 · 무료,비자림 가는 길에 들르는 작은 해변.
,김녕성세기해변,Gimnyeong Seongsegi Beach,힐링·생태,33.558,126.753,,,50,상시 개방 · 무료,김녕 본 해변 옆의 작은 만. 물빛이 더 짙다.
,세화해변,Sehwa Beach,힐링·생태,33.524,126.86,,,50,상시 개방 · 무료,오일장이 서는 마을 앞 해변.
,신양섭지해수욕장,Sinyang Seopji Beach,힐링·생태,33.43,126.926,,,50,상시 개방 · 여름 개장,섭지코지 안쪽의 잔잔한 만. 윈드서핑을 많이 한다.
,성산포항,Seongsanpo Harbour,테마파크·액티비티,33.474,126.935,,,40,우도행 도선 07:00–18:00,우도로 가는 배가 뜨는 항구. 회센터가 붙어 있다.
,혼인지,Honinji,역사·문화,33.438,126.904,,,40,상시 개방 · 무료,탐라 삼신인이 혼례를 올렸다는 못. 수국철에 특히 붐빈다.
,표선해수욕장,Pyoseon Beach,힐링·생태,33.325,126.833,,,60,상시 개방 · 여름 개장,썰물에 백사장이 운동장처럼 넓게 드러나는 해변.
,남원 큰엉해안경승지,Keunnyeong Coastal Walk,힐링·생태,33.275,126.715,,,60,상시 개방 · 무료,절벽 위로 난 산책로. 한반도 모양으로 뚫린 나뭇잎 구간이 알려져 있다.
,서귀포 이중섭거리,Lee Jung-seop Street,역사·문화,33.247,126.562,,,60,"미술관 09:00–18:00 · 월요일 휴관 · 어른 1,500원",화가가 피난기에 머문 초가와 미술관이 있는 거리. 올레시장과 붙어 있다.
,새연교,Saeyeongyo Bridge,힐링·생태,33.239,126.561,,,40,상시 개방 · 무료,서귀포항과 새섬을 잇는 보행교. 야간 조명이 들어온다.
,대포주상절리대,Daepo Columnar Joints,역사·문화,33.238,126.427,,,50,"09:00–18:00 · 어른 2,000원",육각 기둥이 바다로 늘어선 절벽. 중문 권역에 있다.
,여미지식물원,Yeomiji Botanic Garden,힐링·생태,33.25,126.413,,,90,"09:00–18:00 · 어른 12,000원",온실과 외부 정원이 함께 있는 식물원. 비 오는 날 대안이다.
,제주항공우주박물관,Jeju Aerospace Museum,테마파크·액티비티,33.304,126.309,,,110,"09:00–18:00 · 월요일 휴관 · 어른 10,000원",실물 항공기를 전시하는 대형 박물관. 아이 동반 일정에 넣는다.
,본태박물관,Bonte Museum,테마파크·액티비티,33.302,126.368,,,80,"10:00–18:00 · 어른 20,000원",안도 다다오가 설계한 미술관. 전통 공예와 현대미술을 함께 건다.
,제주 신화월드,Jeju Shinhwa World,테마파크·액티비티,33.305,126.32,,,180,테마파크 10:00–18:00 · 요금 상이,호텔과 테마파크가 묶인 복합 단지. 서쪽 일정의 거점이 된다.
,금오름,Geumoreum,힐링·생태,33.355,126.306,,,60,상시 개방 · 무료,분화구에 물이 고이는 오름. 노을 시간에 사람이 몰린다.
,저지오름,Jeoji Oreum,힐링·생태,33.323,126.267,,,70,상시 개방 · 무료,둘레길이 잘 난 숲 오름. 정상 전망대가 있다.
,수월봉,Suwolbong,역사·문화,33.293,126.166,,,60,상시 개방 · 무료,화산재층이 켜켜이 드러난 해안 절벽. 세계지질공원 대표 지점이다.
,차귀도,Chagwido,테마파크·액티비티,33.312,126.149,,,150,유람선 · 기상 결항 잦음,무인도 세 개가 모인 해상 경관. 배로 돌거나 자구내포구에서 본다.
,신창풍차해안도로,Sinchang Windmill Coast,힐링·생태,33.34,126.172,,,50,상시 개방 · 무료,바다 위에 풍력발전기가 선 해안 구간. 노을 시간이 좋다.
,협재 비양도,Biyangdo Island,테마파크·액티비티,33.404,126.227,,,180,한림항 도선 09:00·12:00·14:00·16:00,협재 앞바다의 작은 섬. 한 바퀴 한 시간이면 돈다.
,제주현대미술관,Jeju Museum of Contemporary Art,테마파크·액티비티,33.321,126.268,,,70,"09:00–18:00 · 월요일 휴관 · 어른 2,000원",저지예술인마을 안의 미술관. 주변에 공방이 모여 있다.
,항파두리 항몽유적지,Hangpaduri Fortress,역사·문화,33.438,126.406,,,50,상시 개방 · 무료,삼별초가 마지막으로 항전한 토성 터. 유채와 코스모스를 심는다.
,새별오름 나홀로나무,Saebyeol Lone Tree,힐링·생태,33.361,126.351,,,30,상시 개방 · 무료,들판에 한 그루 선 나무. 새별오름 바로 아래다.
,서귀포 자연휴양림,Seogwipo Recreation Forest,힐링·생태,33.313,126.467,,,90,"09:00–18:00 · 어른 1,000원",한라산 남쪽 사면의 편백 숲. 1100도로 중턱에 있다.
,1100고지 습지,1100 Highland Wetland,힐링·생태,33.358,126.465,,,40,상시 개방 · 무료,람사르 습지로 등록된 고지대 늪. 겨울에 눈이 가장 먼저 쌓인다.
,성판악 탐방로,Seongpanak Trail,힐링·생태,33.385,126.619,Y,,480,입산 통제 시간 엄격 · 예약제 · 무료,백록담까지 오르는 유일한 완주 코스 중 하나. 왕복 아홉 시간을 잡는다.
,송도해수욕장 · 케이블카,Songdo Beach & Cable Car,힐링·생태,35.0759,129.017,,,90,"케이블카 09:00–21:00 · 왕복 15,000원",국내 첫 공설 해수욕장. 바다 위를 건너는 케이블카와 구름산책로가 붙어 있다.
,송도용궁구름다리,Songdo Yonggung Suspension Bridge,힐링·생태,35.0619,129.02221,,,50,"09:00–18:00 · 어른 1,000원",암남공원과 동섬을 잇는 해상 현수교. 발밑으로 파도가 보인다.
,신선대 전망대,Sinseondae Lookout,힐링·생태,35.10044,129.09995,,,50,상시 개방 · 무료,컨테이너 항만이 한눈에 드는 전망대. 부산항의 규모가 실감 난다.
,오륙도 스카이워크,Oryukdo Skywalk,힐링·생태,35.0977,129.1237,,,60,09:00–18:00 · 기상 시 통제 · 무료,유리 바닥 전망대. 동해와 남해가 갈리는 지점에 서 있다.
,이기대 전망대,Igidae Lookout,힐링·생태,35.11807,129.12785,,,120,상시 개방 · 무료,바위 해안을 따라 4km 이어지는 길. 광안대교가 계속 따라온다.
,흥국사·황령산 전망대,Hwangnyeongsan Lookout,힐링·생태,35.1571,129.08208,,,60,상시 개방 · 무료,부산 시내 야경이 가장 넓게 보이는 자리. 차로 정상 부근까지 오른다.
,부산시민공원,Busan Citizens Park,힐링·생태,35.1689,129.0596,,,90,상시 개방 · 무료,미군 기지를 공원으로 바꾼 도심 녹지. 숲길과 수로가 길게 난다.
,부산현대미술관,Museum of Contemporary Art Busan,테마파크·액티비티,35.109,128.943,,,90,10:00–18:00 · 월요일 휴관 · 무료,을숙도 안의 미술관. 외벽을 식물이 덮고 있다.
,을숙도 철새도래지,Eulsukdo Migratory Bird Sanctuary,힐링·생태,35.108,128.9455,,,80,09:00–18:00 · 월요일 휴관 · 무료,낙동강 하구의 철새 서식지. 겨울에 개체가 가장 많다.
,다대포 꿈의낙조분수,Dadaepo Sunset Fountain,힐링·생태,35.0489,128.9666,,,60,분수 4–10월 야간 · 무료,해 지는 시간에 맞춰 물을 뿜는 대형 분수. 다대포 해변과 붙어 있다.
,아미산 전망대,Amisan Observatory,힐링·생태,35.05262,128.96071,,,50,09:00–18:00 · 월요일 휴관 · 무료,낙동강 하구의 모래섬이 한눈에 드는 전망대.
,부산 용두산공원 · 부산타워,Yongdusan Park & Busan Tower,힐링·생태,35.1008,129.0324,,,70,"공원 상시 · 타워 10:00–22:00 · 어른 12,000원",남포동 위 언덕의 공원. 타워에서 항구와 영도가 함께 보인다.
,보수동 책방골목,Bosu-dong Book Street,로컬·먹거리,35.1022,129.0248,,,50,10:00–19:00 · 일부 일요일 휴무,헌책방이 줄지어 선 좁은 골목. 국제시장 바로 옆이다.
,깡통시장 야시장,Kkangtong Night Market,로컬·먹거리,35.1006,129.0281,,,60,야시장 19:30–23:30,부평깡통시장 통로에 서는 야시장. 먹거리 노점이 이어진다.
,초량 이바구길,Choryang Ibagu-gil,역사·문화,35.1152,129.0384,,,80,상시 개방 · 무료 · 모노레일 운행,부산역 뒤 산복도로로 오르는 계단길. 168계단과 모노레일이 있다.
,유엔기념공원,UN Memorial Cemetery,역사·문화,35.12781,129.09571,,,70,09:00–17:00 · 무료,한국전쟁 참전 유엔군이 묻힌 세계 유일의 유엔 묘지.
,부산박물관,Busan Museum,역사·문화,35.1276,129.0968,,,90,09:00–18:00 · 월요일 휴관 · 무료,가야부터 근현대까지 부산의 역사를 모았다.
,범어사,Beomeosa Temple,역사·문화,35.2856,129.0689,,,100,08:30–17:30 · 무료 · 051-508-3122,금정산 자락의 천년 사찰. 템플스테이를 운영한다.
,금정산성,Geumjeongsanseong Fortress,역사·문화,35.2755,129.0575,,,150,상시 개방 · 무료,국내 최대 규모의 산성. 성곽길이 능선을 따라 길게 이어진다.
,온천천 카페거리,Oncheoncheon Cafe Street,로컬·먹거리,35.19159,129.10196,,,60,상점 11:00–22:00,하천을 따라 카페가 늘어선 산책 구간. 벚꽃철이 절정이다.
,동래읍성 · 복천박물관,Dongnae Fortress & Bokcheon Museum,역사·문화,35.2069,129.0891,,,80,09:00–18:00 · 월요일 휴관 · 무료,가야·신라 고분과 읍성 터가 함께 있다.
,해동용궁사,Haedong Yonggungsa,역사·문화,35.1885,129.2233,,Y,80,05:00–일몰 · 무료 · 051-722-7744,바다 절벽에 앉은 사찰. 파도가 법당 아래까지 닿는다.
,오시리아 관광단지,Osiria Tourism Complex,테마파크·액티비티,35.18941,129.2124,,Y,180,시설별 상이,아쿠아리움·테마파크·아울렛이 묶인 해안 단지. 용궁사와 붙어 있다.
,죽성리 드림성당,Jukseong Dream Chapel,힐링·생태,35.24507,129.23914,,,40,상시 개방 · 무료,드라마 세트로 지은 바닷가 성당. 실제 성당은 아니다.
,기장 죽성 해안,Jukseong Coast,힐링·생태,35.2445,129.2402,,,50,상시 개방 · 무료,갯바위와 방파제가 이어지는 조용한 해안.
,일광해수욕장,Ilgwang Beach,힐링·생태,35.2622,129.2318,,,60,상시 개방 · 여름 개장,기장 북쪽의 완만한 해변. 동해선 일광역에서 걸어 닿는다.
,송정해수욕장,Songjeong Beach,힐링·생태,35.1785,129.1994,,Y,70,상시 개방 · 서핑 강습 연중,서핑 보드가 늘 떠 있는 해변. 해운대에서 한 정거장이다.
,달맞이길 문탠로드,Dalmaji-gil Moontan Road,힐링·생태,35.15638,129.18026,,,70,상시 개방 · 무료,해운대 동쪽 언덕을 감아 오르는 숲길. 달빛 산책로로 알려져 있다.
,부산 센텀시티,Centum City,테마파크·액티비티,35.169,129.13,,,150,백화점 10:30–20:00,대형 백화점과 전시장이 모인 구역. 영화의전당 바로 옆이다.
,부산 아난티 · 힐튼 해안,Ananti Coast,힐링·생태,35.19766,129.22809,,,80,상점 10:00–21:00,절벽 위 리조트 단지의 공개 산책로와 서점.
,부산 F1963,F1963,테마파크·액티비티,35.1767,129.11531,,,80,09:00–21:00 · 무료,와이어 공장을 고친 복합 문화 공간. 서점과 전시장이 있다.
,민락수변공원,Millak Waterside Park,로컬·먹거리,35.1546,129.13,,,60,상시 개방 · 음주 취식 규정 확인,광안대교를 정면으로 보는 방파제 공원. 저녁에 사람이 모인다.
,부산 전포 카페거리,Jeonpo Cafe Street,로컬·먹거리,35.1554,129.06733,,,70,상점 11:00–22:00,공구 상가가 카페 거리로 바뀐 구역. 서면에서 걸어 닿는다.
,서면 먹자골목,Seomyeon Food Alley,로컬·먹거리,35.1579,129.0594,,,70,상점 11:00–24:00,부산에서 가장 밀도 높은 상권. 돼지국밥집이 몰려 있다.
,부산 광복로,Gwangbok-ro,로컬·먹거리,35.0995,129.0312,,,60,상점 11:00–22:00,남포동의 보행 상가 거리. 겨울 조명 축제가 열린다.
,부산항 북항 친수공원,North Port Waterfront Park,힐링·생태,35.11493,129.0454,,,60,상시 개방 · 무료,재개발한 항만 부지의 수변 공원. 크루즈 부두가 보인다.
,국립해양박물관,National Maritime Museum,테마파크·액티비티,35.07833,129.07986,,,100,09:00–18:00 · 월요일 휴관 · 무료,영도 동삼동의 해양 박물관. 대형 수조와 선박 전시가 있다.
,흰여울 절영해안산책로,Jeollyeong Coastal Walk,힐링·생태,35.07323,129.0514,,,60,상시 개방 · 무료,흰여울마을 아래 해안으로 내려가는 길. 파도 소리가 가깝다.
,구포시장,Gupo Market,로컬·먹거리,35.20872,129.00378,,,60,08:00–20:00 · 3·8일 오일장,낙동강 나루터에서 자란 재래시장. 국수와 돼지국밥이 유명하다.
,벡스코,BEXCO,테마파크·액티비티,35.1690,129.1345,,,80,행사 일정별 상이,전시·컨벤션 센터. 지스타와 부산국제모터쇼가 열린다.
,동백섬 · 누리마루,Dongbaekseom & Nurimaru,힐링·생태,35.1535,129.1530,,,70,상시 개방 · 누리마루 09:00–18:00,해운대 서쪽 끝 육계도. 해안 산책로가 누리마루 APEC하우스로 이어진다.
,마린시티,Marine City,로컬·먹거리,35.1560,129.1450,,,70,상시 · 상점별 상이,초고층 주거단지 앞 해안 산책로와 식당가. 광안대교 야경이 정면이다.
,부전시장,Bujeon Market,로컬·먹거리,35.1608,129.0605,,,70,05:00–20:00 · 점포별 상이,부산 최대 재래시장. 농수산물과 먹자골목이 서면과 붙어 있다.
,허심청,Hurshimchung Spa,힐링·생태,35.2223,129.0806,,,120,05:30–21:00 · 유료,동래온천 수원을 쓰는 대형 온천탕. 노천탕과 40여 개 탕이 있다.
,부산 롯데월드 어드벤처,Lotte World Adventure Busan,테마파크·액티비티,35.19624,129.21494,,,240,10:00–20:00 · 유료,오시리아 관광단지의 야외 테마파크. 자이언트 디거가 대표 기구다.
,부네치아 (장림포구),Bunezia (Jangnim Port),힐링·생태,35.07967,128.9527,,,60,상시 개방 · 무료,색색의 창고가 물가에 늘어선 포구. 베네치아를 빗대 부네치아로 불린다.
,사직야구장,Sajik Baseball Stadium,테마파크·액티비티,35.1940,129.0615,,,180,경기 일정별 · 유료,롯데 자이언츠 홈구장. 응원 열기로 이름난 곳이다.
,부산어린이대공원,Busan Children\'s Grand Park,힐링·생태,35.18463,129.04348,,,90,05:00–22:00 · 무료,백양산 자락의 계곡 공원. 성지곡수원지 둘레길과 학생교육문화회관이 있다.
,부산아시아드 주경기장,Busan Asiad Main Stadium,테마파크·액티비티,35.1902,129.0585,,,60,경기 일정별 상이,2002 아시안게임·월드컵 경기장. 사직야구장과 한 단지에 있다.
,영도 남항시장,Yeongdo Namhang Market,로컬·먹거리,35.0887,129.04154,,,50,08:00–20:00 · 점포별 상이,"영도대교 건너 남항동 골목시장. 어묵과 건어물, 생선 좌판이 이어진다."
,삼진어묵 영도 본점,Samjin Eomuk Flagship,로컬·먹거리,35.0929,129.04275,,,50,09:00–20:00,1953년 시작한 부산 어묵 공장의 본점. 체험공간과 어묵베이커리가 함께 있다.
,초량 168계단,Choryang 168 Stairs,역사·문화,35.11722,129.03546,,,40,상시 개방 · 모노레일 05:00–24:00,산복도로와 부산항을 잇는 168칸 계단. 옆에 무료 모노레일이 오른다.
,부산 차이나타운,Busan Chinatown,로컬·먹거리,35.11531,129.03764,,,60,상시 · 상점별 상이,부산역 맞은편 상해거리. 화교 학교와 중식당이 모여 있다.
,태종대온천,Taejongdae Hot Spring,힐링·생태,35.06459,129.07887,,,110,05:00–20:00 · 유료,태종대 초입의 해수 온천. 태종대 산책과 묶기 좋다.
,스타필드 시티 명지,Starfield City Myeongji,로컬·먹거리,35.09316,128.91816,,,90,10:00–22:00,명지국제신도시의 복합몰. 스포츠몬스터와 식당가가 있다.
,삼익비치타운 벚꽃길,Samik Beach Town Cherry Road,힐링·생태,35.14151,129.11572,,,50,상시 개방 · 벚꽃 4월 초,광안리 남쪽 아파트 단지를 감싼 벚꽃길. 4월 초에 절정이다.
,부산대 대학로,Pusan National Univ. Street,로컬·먹거리,35.23148,129.08728,,,80,상시 · 상점별 상이,"부산대 정문 앞 상권. 노포와 소극장, 먹자골목이 이어진다."
,해운대 전통시장,Haeundae Traditional Market,로컬·먹거리,35.16145,129.16225,,,60,09:00–22:00 · 점포별 상이,해운대역과 해변 사이 골목시장. 씨앗호떡과 회센터가 이어진다.
,블루라인파크 미포정거장,Blueline Park Mipo Station,테마파크·액티비티,35.15828,129.17277,,,90,09:00–20:00 · 유료 · 예약 권장,해변열차와 스카이캡슐이 출발하는 정거장. 청사포·송정으로 이어진다.
,신세계백화점 센텀시티점,Shinsegae Centum City,로컬·먹거리,35.16892,129.12963,,,120,10:30–20:00 · 스파랜드 별도 유료,"세계 최대 규모의 백화점. 스파랜드와 옥상정원, 식당가가 함께 있다."