화면,도시,시군,순번,id,장소명,장소명(영문),분류코드,분류,위도,경도,권장체류(분),체류표기,운영시간(원문),개장(파싱),폐장(파싱),운영시간적용,영상장소,확장장소,한국관광100선,유네스코,무장애,자동코스후보,좌표근거
seoul,서울,서울,1,kd1,낙산공원 성곽길,Naksan Park City Wall,herit,문화유산·전통체험,37.58,127.0075,70,1h 10m,상시 개방 · 무료 · 02-743-7985,,,N,Y,N,N,N,N,Y,종로구 낙산길 41 주소 기반 좌표
seoul,서울,서울,2,kd2,북촌한옥마을,Bukchon Hanok Village,herit,문화유산·전통체험,37.5826,126.985,90,1h 30m,상시 개방 · 주민 거주 구역 17:00 이후 관람 제한,,,N,Y,N,N,N,N,Y,종로구 계동길 일대 주소 기반 좌표
seoul,서울,서울,3,kd3,명동거리,Myeongdong Street,food,로컬상권·먹거리,37.5636,126.985,110,1h 50m,상점 10:30–22:00 · 노점 17:00 이후,10:30,22:00,Y,Y,N,N,N,N,Y,중구 명동8길 일대 주소 기반 좌표
seoul,서울,서울,4,kd4,남산서울타워,N Seoul Tower,activity,테마파크·액티비티,37.5512,126.9882,120,2h,"10:30–23:00 · 전망대 어른 21,000원 · 02-3455-9277",10:30,23:00,Y,Y,N,N,N,N,Y,용산구 남산공원길 105 주소 기반 좌표
seoul,서울,서울,5,kd5,롯데월드타워 서울스카이,Lotte World Tower Seoul Sky,activity,테마파크·액티비티,37.5125,127.1025,120,2h,"10:00–22:00 · 전망대 어른 29,000원 · 1661-2000",10:00,22:00,Y,Y,N,N,N,N,Y,송파구 올림픽로 300 주소 기반 좌표
seoul,서울,서울,6,kd6,서울올림픽주경기장,Seoul Olympic Stadium,activity,테마파크·액티비티,37.5159,127.0728,80,1h 20m,외부 상시 · 내부는 행사일에 따름,,,N,Y,N,N,N,N,Y,송파구 올림픽로 25 주소 기반 좌표
seoul,서울,서울,7,kd7,청담대교 · 자양역,Cheongdam Bridge & Jayang Stn,heal,힐링·생태·체험,37.5343,127.0678,40,40m,상시,,,N,Y,N,N,N,N,Y,광진구 자양동 7호선 자양역 주소 기반 좌표
seoul,서울,서울,8,kd8,K-POP SQUARE (삼성역 전광판),K-POP SQUARE Media,activity,테마파크·액티비티,37.5115,127.0595,40,40m,상시 · 영상 10:00–23:00,10:00,23:00,Y,Y,N,N,N,N,Y,강남구 영동대로 513 코엑스 주소 기반 좌표
seoul,서울,서울,9,kd9,서울한방진흥센터,Seoul Oriental Medicine Center,heal,힐링·생태·체험,37.5825,127.0374,70,1h 10m,10:00–18:00 · 월요일 휴관 · 02-969-9241,10:00,18:00,Y,Y,N,N,N,N,Y,동대문구 약령중앙로 26 주소 기반 좌표
seoul,서울,서울,10,kd10,경복궁,Gyeongbokgung Palace,herit,문화유산·전통체험,37.5796,126.977,100,1h 40m,"09:00–18:00 · 화요일 휴궁 · 어른 3,000원 · 02-3700-3900",09:00,18:00,Y,Y,N,N,N,N,Y,종로구 사직로 161 주소 기반 좌표
seoul,서울,서울,11,kd11,뚝섬한강공원,Ttukseom Hangang Park,heal,힐링·생태·체험,37.5295,127.07,80,1h 20m,상시 개방 · 무료,,,N,Y,N,N,N,N,Y,광진구 강변북로 139 주소 기반 좌표
seoul,서울,서울,·,kdx1,창덕궁,Changdeokgung Palace,herit,문화유산·전통체험,37.5794,126.991,110,1h 50m,"09:00–18:00 · 월요일 휴궁 · 어른 3,000원 · 후원 별도",09:00,18:00,Y,N,Y,N,Y,N,Y,종로구 율곡로 99 주소 기반 좌표
seoul,서울,서울,·,kdx2,광화문광장,Gwanghwamun Square,herit,문화유산·전통체험,37.5725,126.9769,50,50m,상시 개방 · 무료,,,N,N,Y,Y,N,N,Y,종로구 세종대로 172 주소 기반 좌표
seoul,서울,서울,·,kdx3,삼청동길,Samcheong-dong,food,로컬상권·먹거리,37.5828,126.9817,90,1h 30m,상점 11:00–21:00,11:00,21:00,Y,N,Y,N,N,N,Y,종로구 삼청로 일대 주소 기반 좌표
seoul,서울,서울,·,kdx4,익선동 한옥거리,Ikseon-dong,food,로컬상권·먹거리,37.5735,126.9903,80,1h 20m,상점 11:00–23:00,11:00,23:00,Y,N,Y,N,N,N,Y,종로구 수표로28길 주소 기반 좌표
seoul,서울,서울,·,kdx5,인사동,Insa-dong,food,로컬상권·먹거리,37.574,126.9856,70,1h 10m,상점 10:00–21:00,10:00,21:00,Y,N,Y,N,N,N,Y,종로구 인사동길 주소 기반 좌표
seoul,서울,서울,·,kdx6,국립중앙박물관,National Museum of Korea,herit,문화유산·전통체험,37.524,126.9803,150,2h 30m,10:00–18:00 · 상설전시 무료 · 02-2077-9000,10:00,18:00,Y,N,Y,Y,N,N,Y,용산구 서빙고로 137 주소 기반 좌표
seoul,서울,서울,·,kdx7,흥인지문 · 한양도성,Heunginjimun & City Wall,herit,문화유산·전통체험,37.5712,127.0094,50,50m,상시 개방 · 무료,,,N,N,Y,N,N,N,Y,종로구 종로 288 주소 기반 좌표
seoul,서울,서울,·,kdx8,성수동 카페거리,Seongsu Cafe Street,food,로컬상권·먹거리,37.5445,127.0557,100,1h 40m,상점 11:00–22:00,11:00,22:00,Y,N,Y,N,N,N,Y,성동구 연무장길 주소 기반 좌표
seoul,서울,서울,·,kdx9,코엑스 별마당도서관,Starfield Library COEX,activity,테마파크·액티비티,37.5126,127.0589,50,50m,10:30–22:00 · 무료,10:30,22:00,Y,N,Y,N,N,N,Y,강남구 영동대로 513 주소 기반 좌표
seoul,서울,서울,·,kdx10,서울약령시 한의약박물관,Seoul Yangnyeongsi Herb Museum,heal,힐링·생태·체험,37.583,127.0382,50,50m,10:00–18:00 · 월요일 휴관 · 무료,10:00,18:00,Y,N,Y,N,N,N,Y,동대문구 약령중앙로 26 주소 기반 좌표
seoul,서울,서울,·,kdx11,잠실 롯데월드 어드벤처,Lotte World Adventure,activity,테마파크·액티비티,37.5111,127.098,300,5h,"10:00–21:00 · 종일권 어른 62,000원",10:00,21:00,Y,N,Y,N,N,N,Y,송파구 올림픽로 240 주소 기반 좌표
seoul,서울,서울,·,kdx12,반포한강공원 달빛무지개분수,Banpo Moonlight Rainbow Fountain,heal,힐링·생태·체험,37.5106,126.9955,60,1h,분수 4–10월 야간 20:00·20:30·21:00,,,N,N,Y,N,N,N,Y,서초구 신반포로11길 40 주소 기반 좌표
seoul,서울,서울,·,kdx13,덕수궁 돌담길,Deoksugung Doldam-gil,herit,문화유산·전통체험,37.5658,126.9751,60,1h,"궁 09:00–21:00 · 어른 1,000원 · 돌담길 상시",09:00,21:00,Y,N,Y,N,N,N,Y,중구 세종대로 99 주소 기반 좌표
seoul,서울,서울,·,kdx14,종묘,Jongmyo Shrine,herit,문화유산·전통체험,37.5747,126.9944,80,1h 20m,"09:00–18:00 · 화요일 휴무 · 시간제 관람 · 어른 1,000원",09:00,18:00,Y,N,Y,N,Y,N,Y,종로구 종로 157 주소 기반 좌표
seoul,서울,서울,·,kdx15,운현궁,Unhyeongung,herit,문화유산·전통체험,37.5747,126.9857,50,50m,09:00–18:00 · 월요일 휴무 · 무료,09:00,18:00,Y,N,Y,N,N,N,Y,종로구 삼일대로 464 주소 기반 좌표
seoul,서울,서울,·,kdx16,동대문디자인플라자,Dongdaemun Design Plaza,activity,테마파크·액티비티,37.5665,127.0092,80,1h 20m,10:00–20:00 · 외부 상시,10:00,20:00,Y,N,Y,N,N,N,Y,중구 을지로 281 주소 기반 좌표
seoul,서울,서울,·,kdx17,광장시장,Gwangjang Market,food,로컬상권·먹거리,37.5701,126.9997,70,1h 10m,09:00–23:00 · 점포별 상이,09:00,23:00,Y,N,Y,N,N,N,Y,종로구 창경궁로 88 주소 기반 좌표
seoul,서울,서울,·,kdx18,청계천,Cheonggyecheon,heal,힐링·생태·체험,37.5696,126.9784,60,1h,상시 개방 · 무료,,,N,N,Y,Y,N,N,Y,종로구 청계천로 주소 기반 좌표
seoul,서울,서울,·,kdx19,서울로7017,Seoullo 7017,heal,힐링·생태·체험,37.5561,126.9723,50,50m,상시 개방 · 무료,,,N,N,Y,N,N,N,Y,중구 청파로 432 주소 기반 좌표
seoul,서울,서울,·,kdx20,남대문시장,Namdaemun Market,food,로컬상권·먹거리,37.5591,126.9773,70,1h 10m,08:30–18:00 · 일부 야간,08:30,18:00,Y,N,Y,N,N,N,Y,중구 남대문시장4길 21 주소 기반 좌표
seoul,서울,서울,·,kdx21,경리단길,Gyeongnidan-gil,food,로컬상권·먹거리,37.5405,126.9895,80,1h 20m,상점 12:00–24:00,12:00,00:00,Y,N,Y,N,N,N,Y,용산구 회나무로 주소 기반 좌표
seoul,서울,서울,·,kdx22,홍대거리,Hongdae Street,food,로컬상권·먹거리,37.5556,126.9236,90,1h 30m,상시 · 버스킹 저녁,,,N,N,Y,Y,N,N,Y,마포구 어울마당로 주소 기반 좌표
seoul,서울,서울,·,kdx23,연남동 경의선숲길,Yeonnam Gyeongui Line Park,heal,힐링·생태·체험,37.5606,126.9256,70,1h 10m,상시 개방 · 무료,,,N,N,Y,N,N,N,Y,마포구 연남동 주소 기반 좌표
seoul,서울,서울,·,kdx24,여의도 한강공원,Yeouido Hangang Park,heal,힐링·생태·체험,37.5285,126.9337,80,1h 20m,상시 개방 · 무료,,,N,N,Y,Y,N,N,Y,영등포구 여의동로 330 주소 기반 좌표
seoul,서울,서울,·,kdx25,노들섬,Nodeul Island,activity,테마파크·액티비티,37.5176,126.9583,60,1h,10:00–22:00 · 무료,10:00,22:00,Y,N,Y,N,N,N,Y,용산구 양녕로 445 주소 기반 좌표
seoul,서울,서울,·,kdx26,서울숲,Seoul Forest,heal,힐링·생태·체험,37.5444,127.0374,90,1h 30m,상시 개방 · 무료,,,N,N,Y,Y,N,N,Y,성동구 뚝섬로 273 주소 기반 좌표
seoul,서울,서울,·,kdx27,건대입구 거리,Konkuk Univ. Stn. Street,food,로컬상권·먹거리,37.5405,127.07,90,1h 30m,상시 · 상점별 상이,,,N,N,Y,N,N,N,Y,광진구 능동로 지하철 건대입구역 일대 주소 기반 좌표
seoul,서울,서울,·,kdx28,서울어린이대공원,Seoul Children's Grand Park,heal,힐링·생태·체험,37.5495,127.0815,90,1h 30m,05:00–22:00 · 무료,05:00,22:00,Y,N,Y,N,N,N,Y,광진구 능동로 216 주소 기반 좌표
seoul,서울,서울,·,kdx29,석촌호수,Seokchon Lake,heal,힐링·생태·체험,37.5088,127.1024,60,1h,상시 개방 · 무료,,,N,N,Y,Y,N,N,Y,송파구 삼학사로 136 주소 기반 좌표
seoul,서울,서울,·,kdx30,올림픽공원,Olympic Park,heal,힐링·생태·체험,37.5202,127.1215,90,1h 30m,상시 개방 · 무료,,,N,N,Y,N,N,N,Y,송파구 올림픽로 424 주소 기반 좌표
seoul,서울,서울,·,kdx31,가로수길,Garosu-gil,food,로컬상권·먹거리,37.5209,127.0227,70,1h 10m,상점 11:00–22:00,11:00,22:00,Y,N,Y,N,N,N,Y,강남구 신사동 주소 기반 좌표
seoul,서울,서울,·,kdx32,봉은사,Bongeunsa Temple,herit,문화유산·전통체험,37.5148,127.0577,60,1h,05:00–22:00 · 무료 · 02-3218-4800,05:00,22:00,Y,N,Y,N,N,N,Y,강남구 봉은사로 531 주소 기반 좌표
seoul,서울,서울,·,kdx33,선릉·정릉,Seonjeongneung,herit,문화유산·전통체험,37.5089,127.0492,60,1h,"06:00–21:00 · 어른 1,000원",06:00,21:00,Y,N,Y,N,Y,N,Y,강남구 선릉로100길 1 주소 기반 좌표
seoul,서울,서울,·,kdx34,국립민속박물관,National Folk Museum,herit,문화유산·전통체험,37.5814,126.9793,80,1h 20m,09:00–18:00 · 무료 · 02-3704-3114,09:00,18:00,Y,N,Y,N,N,N,Y,종로구 삼청로 37 주소 기반 좌표
seoul,서울,서울,·,kdx35,북악스카이웨이 팔각정,Bugaksan Skyway Pavilion,heal,힐링·생태·체험,37.6013,126.9814,50,50m,상시 개방 · 무료,,,N,N,Y,N,N,N,Y,종로구 북악산로 267 주소 기반 좌표
seoul,서울,서울,·,kdx36,통인시장,Tongin Market,food,로컬상권·먹거리,37.5808,126.9704,50,50m,07:00–18:00 · 일부 월요일 휴무,07:00,18:00,Y,N,Y,N,N,N,Y,종로구 자하문로15길 18 주소 기반 좌표
seoul,서울,서울,·,kdx37,서촌,Seochon,food,로컬상권·먹거리,37.5789,126.9711,70,1h 10m,상점 11:00–21:00,11:00,21:00,Y,N,Y,Y,N,N,Y,종로구 필운대로 주소 기반 좌표
seoul,서울,서울,·,kdx38,국립현대미술관 서울,MMCA Seoul,activity,테마파크·액티비티,37.5785,126.98,90,1h 30m,10:00–18:00 · 수·토 21:00 · 02-3701-9500,10:00,18:00,Y,N,Y,N,N,N,Y,종로구 삼청로 30 주소 기반 좌표
seoul,서울,서울,·,kdx39,노량진 수산시장,Noryangjin Fish Market,food,로컬상권·먹거리,37.5138,126.9542,70,1h 10m,24시간 · 경매 새벽,,,N,N,Y,N,N,N,Y,동작구 노들로 674 주소 기반 좌표
seoul,서울,서울,·,kdx40,하늘공원,Haneul Park,heal,힐링·생태·체험,37.5701,126.8827,80,1h 20m,상시 개방 · 무료,,,N,N,Y,N,N,N,Y,마포구 하늘공원로 95 주소 기반 좌표
seoul,서울,서울,·,kdx41,선유도공원,Seonyudo Park,heal,힐링·생태·체험,37.5443,126.8998,70,1h 10m,06:00–24:00 · 무료,06:00,00:00,Y,N,Y,N,N,N,Y,영등포구 선유로 343 주소 기반 좌표
seoul,서울,서울,·,kdx42,서울식물원,Seoul Botanic Park,heal,힐링·생태·체험,37.5695,126.8348,110,1h 50m,09:30–18:00 · 온실 유료 · 월 휴관,09:30,18:00,Y,N,Y,N,N,N,Y,강서구 마곡동로 161 주소 기반 좌표
seoul,서울,서울,·,kdx43,예술의전당,Seoul Arts Center,activity,테마파크·액티비티,37.4797,127.0114,120,2h,공연·전시 일정별 상이,,,N,N,Y,N,N,N,Y,서초구 남부순환로 2406 주소 기반 좌표
seoul,서울,서울,·,kdx44,몽촌토성,Mongchontoseong Fortress,herit,문화유산·전통체험,37.5175,127.1145,80,1h 20m,상시 개방 · 무료,,,N,N,Y,N,N,N,Y,송파구 올림픽로 424 올림픽공원 내 좌표
seoul,서울,서울,·,kdx45,올림픽홀,Olympic Hall,activity,테마파크·액티비티,37.5211,127.116,60,1h,공연 일정별 상이,,,N,N,Y,N,N,N,Y,송파구 올림픽로 424 올림픽공원 내 좌표
seoul,서울,서울,·,kdx46,창경궁,Changgyeonggung Palace,herit,문화유산·전통체험,37.5785,126.995,80,1h 20m,09:00–21:00 · 월 휴궁 · 유료,09:00,21:00,Y,N,Y,N,N,N,Y,종로구 창경궁로 185 주소 기반 좌표
seoul,서울,서울,·,kdx47,인사동 문화의거리,Insa-dong Culture Street,food,로컬상권·먹거리,37.573,126.9855,90,1h 30m,상시 · 상점별 상이,,,N,N,Y,N,N,N,Y,종로구 인사동길 주소 기반 좌표
seoul,서울,서울,·,kdx48,서대문형무소역사관,Seodaemun Prison History Hall,herit,문화유산·전통체험,37.5745,126.956,90,1h 30m,09:30–18:00 · 월 휴관 · 유료,09:30,18:00,Y,N,Y,N,N,N,Y,서대문구 통일로 251 주소 기반 좌표
seoul,서울,서울,·,kdx49,독립문,Dongnimmun Gate,herit,문화유산·전통체험,37.5725,126.9592,30,30m,상시 개방 · 무료,,,N,N,Y,N,N,N,Y,서대문구 통일로 251 독립공원 내 좌표
seoul,서울,서울,·,kdx50,경희궁,Gyeonghuigung Palace,herit,문화유산·전통체험,37.5719,126.969,50,50m,09:00–18:00 · 월 휴궁 · 무료,09:00,18:00,Y,N,Y,N,N,N,Y,종로구 새문안로 45 주소 기반 좌표
seoul,서울,서울,·,kdx51,리움미술관,Leeum Museum of Art,activity,테마파크·액티비티,37.5384,126.999,110,1h 50m,10:00–18:00 · 월 휴관 · 상설 무료,10:00,18:00,Y,N,Y,N,N,N,Y,용산구 이태원로55길 60-16 주소 기반 좌표
seoul,서울,서울,·,kdx52,이태원 거리,Itaewon Street,food,로컬상권·먹거리,37.5345,126.9946,90,1h 30m,상시 · 상점별 상이,,,N,N,Y,N,N,N,Y,용산구 이태원로 주소 기반 좌표
seoul,서울,서울,·,kdx53,혜화동 대학로,"Daehangno, Hyehwa-dong",activity,테마파크·액티비티,37.5822,127.002,100,1h 40m,공연 일정별 상이,,,N,N,Y,N,N,N,Y,종로구 대학로 주소 기반 좌표
seoul,서울,서울,·,kdx54,서울시립미술관,Seoul Museum of Art,activity,테마파크·액티비티,37.564,126.9738,80,1h 20m,10:00–20:00 · 월 휴관 · 무료,10:00,20:00,Y,N,Y,N,N,N,Y,중구 덕수궁길 61 주소 기반 좌표
seoul,서울,서울,·,kdx55,세종문화회관,Sejong Center,activity,테마파크·액티비티,37.5725,126.9758,70,1h 10m,공연 일정별 상이,,,N,N,Y,N,N,N,Y,종로구 세종대로 175 주소 기반 좌표
seoul,서울,서울,·,kdx56,국립고궁박물관,National Palace Museum,herit,문화유산·전통체험,37.5765,126.974,80,1h 20m,10:00–18:00 · 무료,10:00,18:00,Y,N,Y,N,N,N,Y,종로구 효자로 12 주소 기반 좌표
seoul,서울,서울,·,kdx57,남산골 한옥마을,Namsangol Hanok Village,herit,문화유산·전통체험,37.5592,126.994,70,1h 10m,09:00–21:00 · 화 휴관 · 무료,09:00,21:00,Y,N,Y,N,N,N,Y,중구 퇴계로34길 28 주소 기반 좌표
seoul,서울,서울,·,kdx58,국립극장,National Theater of Korea,activity,테마파크·액티비티,37.5522,127.0053,80,1h 20m,공연 일정별 상이,,,N,N,Y,N,N,N,Y,중구 장충단로 59 주소 기반 좌표
seoul,서울,서울,·,kdx59,국회의사당,National Assembly Building,herit,문화유산·전통체험,37.532,126.9143,60,1h,평일 관람 · 사전 신청 · 무료,,,N,N,Y,N,N,N,Y,영등포구 의사당대로 1 주소 기반 좌표
seoul,서울,서울,·,kdx60,여의도공원,Yeouido Park,heal,힐링·생태·체험,37.5262,126.9243,60,1h,상시 개방 · 무료,,,N,N,Y,N,N,N,Y,영등포구 여의공원로 68 주소 기반 좌표
seoul,서울,서울,·,kdx61,63빌딩,63 Building,activity,테마파크·액티비티,37.5197,126.9403,80,1h 20m,10:00–22:00 · 전망대 유료,10:00,22:00,Y,N,Y,N,N,N,Y,영등포구 63로 50 주소 기반 좌표
seoul,서울,서울,·,kdx62,신촌 대학가,Sinchon University Area,food,로컬상권·먹거리,37.5559,126.9368,90,1h 30m,상시 · 상점별 상이,,,N,N,Y,N,N,N,Y,서대문구 신촌로 주소 기반 좌표
seoul,서울,서울,·,kdx63,합정동 상권,Hapjeong-dong Area,food,로컬상권·먹거리,37.5495,126.9139,80,1h 20m,상시 · 상점별 상이,,,N,N,Y,N,N,N,Y,마포구 양화로 합정역 일대 주소 기반 좌표
seoul,서울,서울,·,kdx64,망원시장,Mangwon Market,food,로컬상권·먹거리,37.556,126.903,60,1h,09:00–21:00 · 점포별 상이,09:00,21:00,Y,N,Y,N,N,N,Y,마포구 포은로8길 14 주소 기반 좌표
seoul,서울,서울,·,kdx65,조계사,Jogyesa Temple,herit,문화유산·전통체험,37.5744,126.9814,40,40m,상시 개방 · 무료,,,N,N,Y,N,N,N,Y,종로구 우정국로 55 주소 기반 좌표
seoul,서울,서울,·,kdx66,명동대성당,Myeongdong Cathedral,herit,문화유산·전통체험,37.5633,126.9873,40,40m,09:00–21:00 · 미사 중 관람 제한,09:00,21:00,Y,N,Y,N,N,N,Y,중구 명동길 74 주소 기반 좌표
seoul,서울,서울,·,kdx67,서울광장,Seoul Plaza,activity,테마파크·액티비티,37.5658,126.9784,30,30m,상시 개방 · 무료,,,N,N,Y,N,N,N,Y,중구 세종대로 110 주소 기반 좌표
seoul,서울,서울,·,kdx68,서울역사박물관,Seoul Museum of History,herit,문화유산·전통체험,37.5704,126.9694,80,1h 20m,09:00–18:00 · 월 휴관 · 무료,09:00,18:00,Y,N,Y,N,N,N,Y,종로구 새문안로 55 주소 기반 좌표
seoul,서울,서울,·,kdx69,압구정 로데오거리,Apgujeong Rodeo Street,food,로컬상권·먹거리,37.5271,127.0392,80,1h 20m,상시 · 상점별 상이,,,N,N,Y,N,N,N,Y,강남구 압구정로 로데오역 일대 주소 기반 좌표
seoul,서울,서울,·,kdx70,K-스타로드,K-Star Road,activity,테마파크·액티비티,37.5254,127.0357,50,50m,상시 개방 · 무료,,,N,N,Y,N,N,N,Y,강남구 압구정로 apgujeong~청담 구간 주소 기반 좌표
seoul,서울,서울,·,kdx71,강남역 일대,Gangnam Station Area,food,로컬상권·먹거리,37.4979,127.0276,90,1h 30m,상시 · 상점별 상이,,,N,N,Y,N,N,N,Y,강남구 강남대로 강남역 일대 주소 기반 좌표
seoul,서울,서울,·,kdx72,가락시장,Garak Market,food,로컬상권·먹거리,37.493,127.118,70,1h 10m,경매 새벽 · 점포별 상이,,,N,N,Y,N,N,N,Y,송파구 양재대로 932 주소 기반 좌표
seoul,서울,서울,·,kdx73,암사동 유적,Amsa-dong Prehistoric Site,herit,문화유산·전통체험,37.552,127.1289,70,1h 10m,09:30–18:00 · 월 휴관 · 유료,09:30,18:00,Y,N,Y,N,N,N,Y,강동구 올림픽로 875 주소 기반 좌표
seoul,서울,서울,·,kdx74,국립서울현충원,Seoul National Cemetery,herit,문화유산·전통체험,37.4998,126.974,80,1h 20m,06:00–18:00 · 무료,06:00,18:00,Y,N,Y,N,N,N,Y,동작구 현충로 210 주소 기반 좌표
seoul,서울,서울,·,kdx75,월드컵공원,World Cup Park,heal,힐링·생태·체험,37.5663,126.8976,110,1h 50m,상시 개방 · 무료,,,N,N,Y,N,N,N,Y,마포구 월드컵로 243-60 주소 기반 좌표
seoul,서울,서울,·,kdx76,경동시장,Gyeongdong Market,food,로컬상권·먹거리,37.58,127.0396,70,1h 10m,09:00–19:00 · 점포별 상이 · 일 휴무 많음,09:00,19:00,Y,N,Y,N,N,N,Y,동대문구 고산자로36길 3 주소 기반 좌표
busan,부산,부산,1,bc1,감천문화마을,Gamcheon Culture Village,herit,문화유산·전통체험,35.0975,129.0107,110,1h 50m,09:00–18:00 · 무료 · 051-204-1444,09:00,18:00,Y,Y,N,N,N,N,Y,사하구 감내2로 203 주소 기반 좌표
busan,부산,부산,2,bc2,자갈치시장,Jagalchi Market,food,로컬상권·먹거리,35.0966,129.0306,90,1h 30m,05:00–22:00 · 둘째·넷째 화요일 휴무,05:00,22:00,Y,Y,N,N,N,N,Y,중구 자갈치해안로 52 주소 기반 좌표
busan,부산,부산,3,bc3,해운대해수욕장,Haeundae Beach,heal,힐링·생태·체험,35.1587,129.1604,90,1h 30m,상시 개방 · 7–8월 개장 · 051-749-7621,,,N,Y,N,N,N,N,Y,해운대구 우동 해운대해변로 주소 기반 좌표
busan,부산,부산,4,bc4,광안리해변 · 광안대교,Gwangalli Beach & Diamond Bridge,heal,힐링·생태·체험,35.1531,129.1187,80,1h 20m,상시 개방 · 다리 조명 일몰–24:00,,,N,Y,N,N,N,N,Y,수영구 광안해변로 주소 기반 좌표
busan,부산,부산,5,bc5,부산 국제시장,Gukje Market,food,로컬상권·먹거리,35.1013,129.0288,80,1h 20m,09:00–20:00 · 첫째·셋째 일요일 휴무,09:00,20:00,Y,Y,N,N,N,N,Y,중구 신창동4가 국제시장 주소 기반 좌표
busan,부산,부산,6,bc6,흰여울문화마을,Huinnyeoul Culture Village,heal,힐링·생태·체험,35.0783,129.043,70,1h 10m,상시 개방 · 무료 · 주민 거주 구역,,,N,Y,N,N,N,N,Y,영도구 영선동4가 흰여울길 주소 기반 좌표
busan,부산,부산,7,bc7,영도대교,Yeongdo Bridge,herit,문화유산·전통체험,35.0977,129.0356,50,50m,도개 매일 14:00 (약 15분),,,N,Y,N,N,N,N,Y,중구 중앙동7가 주소 기반 좌표
busan,부산,부산,8,bc8,부산영화체험박물관,Busan Museum of Movies,activity,테마파크·액티비티,35.1017,129.0338,90,1h 30m,"10:00–18:00 · 월요일 휴관 · 어른 10,000원 · 051-715-4200",10:00,18:00,Y,Y,N,N,N,N,Y,중구 대청로126번길 12 주소 기반 좌표
busan,부산,부산,9,bc9,영화의전당,Busan Cinema Center,activity,테마파크·액티비티,35.1712,129.1289,80,1h 20m,상영 시간별 · 야외극장 계절 운영 · 051-780-6000,,,N,Y,N,N,N,N,Y,해운대구 수영강변대로 120 주소 기반 좌표
busan,부산,부산,10,bc10,부산 BIFF 광장,BIFF Square,food,로컬상권·먹거리,35.0988,129.027,60,1h,상시 · 상점 11:00–22:00,11:00,22:00,Y,Y,N,N,N,N,Y,중구 비프광장로 주소 기반 좌표
busan,부산,부산,11,bc11,청사포 · 미포 철길,Cheongsapo & Mipo Rail Path,heal,힐링·생태·체험,35.1608,129.1897,90,1h 30m,해변열차 09:30–18:30 · 구간별 요금 상이,09:30,18:30,Y,Y,N,N,N,N,Y,해운대구 청사포로 주소 기반 좌표
busan,부산,부산,12,bc12,태종대,Taejongdae,heal,힐링·생태·체험,35.0533,129.087,110,1h 50m,04:00–24:00 · 무료 · 다누비열차 유료,04:00,00:00,Y,Y,N,N,N,N,Y,영도구 전망로 24 주소 기반 좌표
busan,부산,부산,·,bcx1,송도해수욕장 · 케이블카,Songdo Beach & Cable Car,heal,힐링·생태·체험,35.0759,129.017,90,1h 30m,"케이블카 09:00–21:00 · 왕복 15,000원",09:00,21:00,Y,N,Y,N,N,N,Y,서구 송도해변로 주소 기반 좌표
busan,부산,부산,·,bcx2,송도용궁구름다리,Songdo Yonggung Suspension Bridge,heal,힐링·생태·체험,35.0619,129.02221,50,50m,"09:00–18:00 · 어른 1,000원",09:00,18:00,Y,N,Y,N,N,N,Y,서구 암남동 620-53 구글 지오코딩
busan,부산,부산,·,bcx3,신선대 전망대,Sinseondae Lookout,heal,힐링·생태·체험,35.10044,129.09995,50,50m,상시 개방 · 무료,,,N,N,Y,N,N,N,Y,남구 용호동 산252-1 구글 지오코딩
busan,부산,부산,·,bcx4,오륙도 스카이워크,Oryukdo Skywalk,heal,힐링·생태·체험,35.0977,129.1237,60,1h,09:00–18:00 · 기상 시 통제 · 무료,09:00,18:00,Y,N,Y,N,N,N,Y,남구 오륙도로 137 주소 기반 좌표
busan,부산,부산,·,bcx5,이기대 전망대,Igidae Lookout,heal,힐링·생태·체험,35.11807,129.12785,120,2h,상시 개방 · 무료,,,N,N,Y,N,N,N,Y,남구 용호동 산129-1 구글 지오코딩
busan,부산,부산,·,bcx6,흥국사·황령산 전망대,Hwangnyeongsan Lookout,heal,힐링·생태·체험,35.1571,129.08208,60,1h,상시 개방 · 무료,,,N,N,Y,N,N,N,Y,남구 대연동 산50-1 (황령산) 구글 지오코딩
busan,부산,부산,·,bcx7,부산시민공원,Busan Citizens Park,heal,힐링·생태·체험,35.1689,129.0596,90,1h 30m,상시 개방 · 무료,,,N,N,Y,N,N,N,Y,부산진구 시민공원로 73 주소 기반 좌표
busan,부산,부산,·,bcx8,부산현대미술관,Museum of Contemporary Art Busan,activity,테마파크·액티비티,35.109,128.943,90,1h 30m,10:00–18:00 · 월요일 휴관 · 무료,10:00,18:00,Y,N,Y,N,N,N,Y,사하구 낙동남로 1191 주소 기반 좌표
busan,부산,부산,·,bcx9,을숙도 철새도래지,Eulsukdo Migratory Bird Sanctuary,heal,힐링·생태·체험,35.108,128.9455,80,1h 20m,09:00–18:00 · 월요일 휴관 · 무료,09:00,18:00,Y,N,Y,N,N,N,Y,사하구 낙동남로 1240 주소 기반 좌표
busan,부산,부산,·,bcx10,다대포 꿈의낙조분수,Dadaepo Sunset Fountain,heal,힐링·생태·체험,35.0489,128.9666,60,1h,분수 4–10월 야간 · 무료,,,N,N,Y,N,N,N,Y,사하구 몰운대1길 14 주소 기반 좌표
busan,부산,부산,·,bcx11,아미산 전망대,Amisan Observatory,heal,힐링·생태·체험,35.05262,128.96071,50,50m,09:00–18:00 · 월요일 휴관 · 무료,09:00,18:00,Y,N,Y,N,N,N,Y,사하구 다대낙조2길 77 구글 지오코딩
busan,부산,부산,·,bcx12,부산 용두산공원 · 부산타워,Yongdusan Park & Busan Tower,heal,힐링·생태·체험,35.1008,129.0324,70,1h 10m,"공원 상시 · 타워 10:00–22:00 · 어른 12,000원",10:00,22:00,Y,N,Y,N,N,N,Y,중구 용두산길 37-55 주소 기반 좌표
busan,부산,부산,·,bcx13,보수동 책방골목,Bosu-dong Book Street,food,로컬상권·먹거리,35.1022,129.0248,50,50m,10:00–19:00 · 일부 일요일 휴무,10:00,19:00,Y,N,Y,N,N,N,Y,중구 책방골목길 주소 기반 좌표
busan,부산,부산,·,bcx14,깡통시장 야시장,Kkangtong Night Market,food,로컬상권·먹거리,35.1006,129.0281,60,1h,야시장 19:30–23:30,19:30,23:30,Y,N,Y,N,N,N,Y,중구 부평1길 주소 기반 좌표
busan,부산,부산,·,bcx15,초량 이바구길,Choryang Ibagu-gil,herit,문화유산·전통체험,35.1152,129.0384,80,1h 20m,상시 개방 · 무료 · 모노레일 운행,,,N,N,Y,N,N,N,Y,동구 영초길 주소 기반 좌표
busan,부산,부산,·,bcx16,유엔기념공원,UN Memorial Cemetery,herit,문화유산·전통체험,35.12781,129.09571,70,1h 10m,09:00–17:00 · 무료,09:00,17:00,Y,N,Y,N,N,N,Y,남구 유엔평화로 93 구글 지오코딩
busan,부산,부산,·,bcx17,부산박물관,Busan Museum,herit,문화유산·전통체험,35.1276,129.0968,90,1h 30m,09:00–18:00 · 월요일 휴관 · 무료,09:00,18:00,Y,N,Y,N,N,N,Y,남구 유엔평화로 63 주소 기반 좌표
busan,부산,부산,·,bcx18,범어사,Beomeosa Temple,herit,문화유산·전통체험,35.2856,129.0689,100,1h 40m,08:30–17:30 · 무료 · 051-508-3122,08:30,17:30,Y,N,Y,N,N,N,Y,금정구 범어사로 250 주소 기반 좌표
busan,부산,부산,·,bcx19,금정산성,Geumjeongsanseong Fortress,herit,문화유산·전통체험,35.2755,129.0575,150,2h 30m,상시 개방 · 무료,,,N,N,Y,N,N,N,Y,금정구 북문로 122 (금정산성 북문) 구글 지오코딩
busan,부산,부산,·,bcx20,온천천 카페거리,Oncheoncheon Cafe Street,food,로컬상권·먹거리,35.19159,129.10196,60,1h,상점 11:00–22:00,11:00,22:00,Y,N,Y,N,N,N,Y,동래구 온천천로 451 구글 지오코딩
busan,부산,부산,·,bcx21,동래읍성 · 복천박물관,Dongnae Fortress & Bokcheon Museum,herit,문화유산·전통체험,35.2069,129.0891,80,1h 20m,09:00–18:00 · 월요일 휴관 · 무료,09:00,18:00,Y,N,Y,N,N,N,Y,동래구 복천로 63 주소 기반 좌표
busan,부산,부산,·,bcx22,해동용궁사,Haedong Yonggungsa,herit,문화유산·전통체험,35.1885,129.2233,80,1h 20m,05:00–일몰 · 무료 · 051-722-7744,,,N,N,Y,Y,N,N,Y,기장군 기장읍 용궁길 86 주소 기반 좌표
busan,부산,부산,·,bcx23,오시리아 관광단지,Osiria Tourism Complex,activity,테마파크·액티비티,35.18941,129.2124,180,3h,시설별 상이,,,N,N,Y,Y,N,N,Y,오시리아관광단지 입구 구글 지오코딩
busan,부산,부산,·,bcx24,죽성리 드림성당,Jukseong Dream Chapel,heal,힐링·생태·체험,35.24507,129.23914,40,40m,상시 개방 · 무료,,,N,N,Y,N,N,N,Y,기장읍 죽성리 구글 지오코딩
busan,부산,부산,·,bcx25,기장 죽성 해안,Jukseong Coast,heal,힐링·생태·체험,35.2445,129.2402,50,50m,상시 개방 · 무료,,,N,N,Y,N,N,N,Y,기장읍 죽성리 해안 구글 지오코딩
busan,부산,부산,·,bcx26,일광해수욕장,Ilgwang Beach,heal,힐링·생태·체험,35.2622,129.2318,60,1h,상시 개방 · 여름 개장,,,N,N,Y,N,N,N,Y,기장군 일광읍 일광로 주소 기반 좌표
busan,부산,부산,·,bcx27,송정해수욕장,Songjeong Beach,heal,힐링·생태·체험,35.1785,129.1994,70,1h 10m,상시 개방 · 서핑 강습 연중,,,N,N,Y,Y,N,N,Y,해운대구 송정해변로 주소 기반 좌표
busan,부산,부산,·,bcx28,달맞이길 문탠로드,Dalmaji-gil Moontan Road,heal,힐링·생태·체험,35.15638,129.18026,70,1h 10m,상시 개방 · 무료,,,N,N,Y,N,N,N,Y,해운대구 중동 달맞이길 구글 지오코딩
busan,부산,부산,·,bcx29,부산 센텀시티,Centum City,activity,테마파크·액티비티,35.169,129.13,150,2h 30m,백화점 10:30–20:00,10:30,20:00,Y,N,Y,N,N,N,Y,해운대구 센텀남대로 주소 기반 좌표
busan,부산,부산,·,bcx30,부산 아난티 · 힐튼 해안,Ananti Coast,heal,힐링·생태·체험,35.19766,129.22809,80,1h 20m,상점 10:00–21:00,10:00,21:00,Y,N,Y,N,N,N,Y,기장군 기장해안로 268-32 구글 지오코딩
busan,부산,부산,·,bcx31,부산 F1963,F1963,activity,테마파크·액티비티,35.1767,129.11531,80,1h 20m,09:00–21:00 · 무료,09:00,21:00,Y,N,Y,N,N,N,Y,수영구 구락로123번길 20 구글 지오코딩
busan,부산,부산,·,bcx32,민락수변공원,Millak Waterside Park,food,로컬상권·먹거리,35.1546,129.13,60,1h,상시 개방 · 음주 취식 규정 확인,,,N,N,Y,N,N,N,Y,수영구 광안해변로 361 주소 기반 좌표
busan,부산,부산,·,bcx33,부산 전포 카페거리,Jeonpo Cafe Street,food,로컬상권·먹거리,35.1554,129.06733,70,1h 10m,상점 11:00–22:00,11:00,22:00,Y,N,Y,N,N,N,Y,부산진구 동천로 92 구글 지오코딩
busan,부산,부산,·,bcx34,서면 먹자골목,Seomyeon Food Alley,food,로컬상권·먹거리,35.1579,129.0594,70,1h 10m,상점 11:00–24:00,11:00,00:00,Y,N,Y,N,N,N,Y,부산진구 서면로 주소 기반 좌표
busan,부산,부산,·,bcx35,부산 광복로,Gwangbok-ro,food,로컬상권·먹거리,35.0995,129.0312,60,1h,상점 11:00–22:00,11:00,22:00,Y,N,Y,N,N,N,Y,중구 광복로 주소 기반 좌표
busan,부산,부산,·,bcx36,부산항 북항 친수공원,North Port Waterfront Park,heal,힐링·생태·체험,35.11493,129.0454,60,1h,상시 개방 · 무료,,,N,N,Y,N,N,N,Y,동구 초량동 1185-1 구글 지오코딩
busan,부산,부산,·,bcx37,국립해양박물관,National Maritime Museum,activity,테마파크·액티비티,35.07833,129.07986,100,1h 40m,09:00–18:00 · 월요일 휴관 · 무료,09:00,18:00,Y,N,Y,N,N,N,Y,영도구 해양로301번길 45 구글 지오코딩
busan,부산,부산,·,bcx38,흰여울 절영해안산책로,Jeollyeong Coastal Walk,heal,힐링·생태·체험,35.07323,129.0514,60,1h,상시 개방 · 무료,,,N,N,Y,N,N,N,Y,영도구 영선동4가 650-4 구글 지오코딩
busan,부산,부산,·,bcx40,구포시장,Gupo Market,food,로컬상권·먹거리,35.20872,129.00378,60,1h,08:00–20:00 · 3·8일 오일장,08:00,20:00,Y,N,Y,N,N,N,Y,북구 구포시장2길 7 구글 지오코딩
busan,부산,부산,·,bcx41,벡스코,BEXCO,activity,테마파크·액티비티,35.169,129.1345,80,1h 20m,행사 일정별 상이,,,N,N,Y,N,N,N,Y,해운대구 APEC로 55 주소 기반 좌표
busan,부산,부산,·,bcx42,동백섬 · 누리마루,Dongbaekseom & Nurimaru,heal,힐링·생태·체험,35.1535,129.153,70,1h 10m,상시 개방 · 누리마루 09:00–18:00,09:00,18:00,Y,N,Y,N,N,N,Y,해운대구 우동 동백섬 주소 기반 좌표
busan,부산,부산,·,bcx43,마린시티,Marine City,food,로컬상권·먹거리,35.156,129.145,70,1h 10m,상시 · 상점별 상이,,,N,N,Y,N,N,N,Y,해운대구 마린시티2로 일대 주소 기반 좌표
busan,부산,부산,·,bcx44,부전시장,Bujeon Market,food,로컬상권·먹거리,35.1608,129.0605,70,1h 10m,05:00–20:00 · 점포별 상이,05:00,20:00,Y,N,Y,N,N,N,Y,부산진구 중앙대로 785 주소 기반 좌표
busan,부산,부산,·,bcx45,허심청,Hurshimchung Spa,heal,힐링·생태·체험,35.2223,129.0806,120,2h,05:30–21:00 · 유료,05:30,21:00,Y,N,Y,N,N,N,Y,동래구 금강공원로20번길 23 주소 기반 좌표
busan,부산,부산,·,bcx46,부산 롯데월드 어드벤처,Lotte World Adventure Busan,activity,테마파크·액티비티,35.19624,129.21494,240,4h,10:00–20:00 · 유료,10:00,20:00,Y,N,Y,N,N,N,Y,기장군 동부산관광로 42 구글 지오코딩
busan,부산,부산,·,bcx47,부네치아 (장림포구),Bunezia (Jangnim Port),heal,힐링·생태·체험,35.07967,128.9527,60,1h,상시 개방 · 무료,,,N,N,Y,N,N,N,Y,사하구 장림로93번길 72 구글 지오코딩
busan,부산,부산,·,bcx48,사직야구장,Sajik Baseball Stadium,activity,테마파크·액티비티,35.194,129.0615,180,3h,경기 일정별 · 유료,,,N,N,Y,N,N,N,Y,동래구 사직로 45 주소 기반 좌표
busan,부산,부산,·,bcx49,부산어린이대공원,Busan Children's Grand Park,heal,힐링·생태·체험,35.18463,129.04348,90,1h 30m,05:00–22:00 · 무료,05:00,22:00,Y,N,Y,N,N,N,Y,부산진구 새싹로 295 구글 지오코딩
busan,부산,부산,·,bcx50,부산아시아드 주경기장,Busan Asiad Main Stadium,activity,테마파크·액티비티,35.1902,129.0585,60,1h,경기 일정별 상이,,,N,N,Y,N,N,N,Y,연제구 월드컵대로 344 주소 기반 좌표
busan,부산,부산,·,bcx51,영도 남항시장,Yeongdo Namhang Market,food,로컬상권·먹거리,35.0887,129.04154,50,50m,08:00–20:00 · 점포별 상이,08:00,20:00,Y,N,Y,N,N,N,Y,영도구 영선동1가 남항시장 구글 지오코딩
busan,부산,부산,·,bcx52,삼진어묵 영도 본점,Samjin Eomuk Flagship,food,로컬상권·먹거리,35.0929,129.04275,50,50m,09:00–20:00,09:00,20:00,Y,N,Y,N,N,N,Y,영도구 태종로99번길 36 구글 지오코딩
busan,부산,부산,·,bcx53,초량 168계단,Choryang 168 Stairs,herit,문화유산·전통체험,35.11722,129.03546,40,40m,상시 개방 · 모노레일 05:00–24:00,05:00,00:00,Y,N,Y,N,N,N,Y,동구 영초길 191 구글 지오코딩
busan,부산,부산,·,bcx54,부산 차이나타운,Busan Chinatown,food,로컬상권·먹거리,35.11531,129.03764,60,1h,상시 · 상점별 상이,,,N,N,Y,N,N,N,Y,동구 초량중로 38 구글 지오코딩
busan,부산,부산,·,bcx55,태종대온천,Taejongdae Hot Spring,heal,힐링·생태·체험,35.06459,129.07887,110,1h 50m,05:00–20:00 · 유료,05:00,20:00,Y,N,Y,N,N,N,Y,영도구 태종로 808 구글 지오코딩
busan,부산,부산,·,bcx56,스타필드 시티 명지,Starfield City Myeongji,food,로컬상권·먹거리,35.09316,128.91816,90,1h 30m,10:00–22:00,10:00,22:00,Y,N,Y,N,N,N,Y,강서구 명지국제6로 168 구글 지오코딩
busan,부산,부산,·,bcx57,삼익비치타운 벚꽃길,Samik Beach Town Cherry Road,heal,힐링·생태·체험,35.14151,129.11572,50,50m,상시 개방 · 벚꽃 4월 초,,,N,N,Y,N,N,N,Y,수영구 광안해변로 100 구글 지오코딩
busan,부산,부산,·,bcx58,부산대 대학로,Pusan National Univ. Street,food,로컬상권·먹거리,35.23148,129.08728,80,1h 20m,상시 · 상점별 상이,,,N,N,Y,N,N,N,Y,금정구 부산대학로 구글 지오코딩
busan,부산,부산,·,bcx59,해운대 전통시장,Haeundae Traditional Market,food,로컬상권·먹거리,35.16145,129.16225,60,1h,09:00–22:00 · 점포별 상이,09:00,22:00,Y,N,Y,N,N,N,Y,해운대구 구남로41번길 22-1 구글 지오코딩
busan,부산,부산,·,bcx60,블루라인파크 미포정거장,Blueline Park Mipo Station,activity,테마파크·액티비티,35.15828,129.17277,90,1h 30m,09:00–20:00 · 유료 · 예약 권장,09:00,20:00,Y,N,Y,N,N,N,Y,해운대구 달맞이길62번길 13 구글 지오코딩
busan,부산,부산,·,bcx61,신세계백화점 센텀시티점,Shinsegae Centum City,food,로컬상권·먹거리,35.16892,129.12963,120,2h,10:30–20:00 · 스파랜드 별도 유료,10:30,20:00,Y,N,Y,N,N,N,Y,해운대구 센텀남대로 35 구글 지오코딩
jeju,제주,제주,1,jd1,성산일출봉,Seongsan Ilchulbong,herit,문화유산·전통체험,33.4581,126.9425,110,1h 50m,"07:00–20:00 · 어른 5,000원 · 첫째 월요일 휴무",07:00,20:00,Y,Y,N,N,Y,N,Y,서귀포시 성산읍 일출로 284-12 주소 기반 좌표
jeju,제주,제주,2,jd2,김녕해수욕장,Gimnyeong Beach,heal,힐링·생태·체험,33.5591,126.757,80,1h 20m,상시 개방 · 여름 감시요원 배치,,,N,Y,N,N,N,N,Y,제주시 구좌읍 김녕리 주소 기반 좌표
jeju,제주,제주,3,jd3,제주목 관아,Jeju Mokgwana,herit,문화유산·전통체험,33.5136,126.5218,70,1h 10m,"09:00–18:00 · 어른 1,500원 · 064-710-6714",09:00,18:00,Y,Y,N,N,N,N,Y,제주시 관덕로 25 주소 기반 좌표
jeju,제주,제주,4,jd4,오라동 메밀꽃밭,Ora-dong Buckwheat Fields,heal,힐링·생태·체험,33.4602,126.4938,60,1h,개화기 5–6월·9–10월 · 사유지 통제 구간 있음,,,N,Y,N,N,N,N,Y,제주시 오라2동 주소 기반 좌표
jeju,제주,제주,5,jd5,협재해수욕장,Hyeopjae Beach,heal,힐링·생태·체험,33.394,126.2396,90,1h 30m,상시 개방 · 7–8월 개장 · 064-796-2404,,,N,Y,N,N,N,N,Y,제주시 한림읍 한림로 329-10 주소 기반 좌표
jeju,제주,제주,6,jd6,금능포구 돌담길,Geumneung Harbour Stone Walls,heal,힐링·생태·체험,33.3897,126.2296,60,1h,상시 개방 · 무료,,,N,Y,N,N,N,N,Y,제주시 한림읍 금능리 주소 기반 좌표
jeju,제주,제주,7,jd7,제주 동문재래시장,Dongmun Market,food,로컬상권·먹거리,33.5117,126.5272,80,1h 20m,08:00–21:00 · 야시장 18:00–24:00,08:00,21:00,Y,Y,N,N,N,N,Y,제주시 관덕로14길 20 주소 기반 좌표
jeju,제주,제주,8,jd8,광치기해변,Gwangchigi Beach,heal,힐링·생태·체험,33.4497,126.9276,50,50m,상시 개방 · 물때 확인 필요,,,N,Y,N,N,N,N,Y,서귀포시 성산읍 고성리 주소 기반 좌표
jeju,제주,제주,9,jd9,종달리 해안도로,Jongdal-ri Coastal Road,heal,힐링·생태·체험,33.4936,126.913,50,50m,상시 · 렌터카 권장,,,N,Y,N,N,N,N,Y,제주시 구좌읍 종달리 주소 기반 좌표
jeju,제주,제주,10,jd10,우도,Udo Island,activity,테마파크·액티비티,33.5067,126.9527,240,4h,"성산항 도선 07:00–18:00 · 왕복 10,500원",07:00,18:00,Y,Y,N,N,N,N,Y,제주시 우도면 주소 기반 좌표
jeju,제주,제주,11,jd11,함덕해수욕장,Hamdeok Beach,heal,힐링·생태·체험,33.5434,126.6696,80,1h 20m,상시 개방 · 7–8월 개장,,,N,Y,N,N,N,N,Y,제주시 조천읍 조함해안로 519 주소 기반 좌표
jeju,제주,제주,·,jdx1,섭지코지,Seopjikoji,heal,힐링·생태·체험,33.4239,126.9309,70,1h 10m,상시 개방 · 무료,,,N,N,Y,N,N,N,Y,서귀포시 성산읍 섭지코지로 주소 기반 좌표
jeju,제주,제주,·,jdx2,만장굴,Manjanggul Cave,herit,문화유산·전통체험,33.5285,126.7714,60,1h,"09:00–18:00 · 첫째 수요일 휴무 · 어른 4,000원",09:00,18:00,Y,N,Y,N,Y,N,Y,제주시 구좌읍 만장굴길 182 주소 기반 좌표
jeju,제주,제주,·,jdx3,성읍민속마을,Seongeup Folk Village,herit,문화유산·전통체험,33.3872,126.7986,80,1h 20m,상시 개방 · 무료,,,N,N,Y,N,N,N,Y,서귀포시 표선면 성읍정의현로 주소 기반 좌표
jeju,제주,제주,·,jdx4,제주민속촌,Jeju Folk Village,herit,문화유산·전통체험,33.3222,126.8355,120,2h,"08:30–18:00 · 어른 15,000원",08:30,18:00,Y,N,Y,N,N,N,Y,서귀포시 표선면 민속해안로 631-34 주소 기반 좌표
jeju,제주,제주,·,jdx5,사려니숲길,Saryeoni Forest Path,heal,힐링·생태·체험,33.4176,126.6414,110,1h 50m,09:00–17:00 입산 · 무료,09:00,17:00,Y,N,Y,N,N,Y,Y,제주시 조천읍 교래리 주소 기반 좌표
jeju,제주,제주,·,jdx6,새별오름,Saebyeol Oreum,heal,힐링·생태·체험,33.3646,126.357,70,1h 10m,상시 개방 · 무료,,,N,N,Y,N,N,N,Y,제주시 애월읍 봉성리 주소 기반 좌표
jeju,제주,제주,·,jdx7,한라산 어리목,Hallasan Eorimok,heal,힐링·생태·체험,33.386,126.496,300,5h,탐방로 06:00–14:00 입산 · 무료,06:00,14:00,Y,N,Y,N,Y,N,Y,제주시 해안동 어리목길 주소 기반 좌표
jeju,제주,제주,·,jdx8,천지연폭포,Cheonjiyeon Falls,heal,힐링·생태·체험,33.247,126.5547,50,50m,"09:00–22:00 · 어른 2,000원",09:00,22:00,Y,N,Y,N,N,Y,Y,서귀포시 천지동 남성중로 주소 기반 좌표
jeju,제주,제주,·,jdx9,정방폭포,Jeongbang Falls,heal,힐링·생태·체험,33.2447,126.5716,50,50m,"09:00–17:40 · 어른 2,000원",09:00,17:40,Y,N,Y,N,N,N,Y,서귀포시 칠십리로 214번길 37 주소 기반 좌표
jeju,제주,제주,·,jdx10,중문색달해변,Jungmun Saekdal Beach,heal,힐링·생태·체험,33.2447,126.4113,70,1h 10m,상시 개방 · 7–8월 개장,,,N,N,Y,N,N,N,Y,서귀포시 색달동 중문관광로72번길 주소 기반 좌표
jeju,제주,제주,·,jdx11,카멜리아힐,Camellia Hill,heal,힐링·생태·체험,33.2892,126.3679,100,1h 40m,"08:30–18:00 · 어른 10,000원",08:30,18:00,Y,N,Y,N,N,N,Y,서귀포시 안덕면 병악로 166 주소 기반 좌표
jeju,제주,제주,·,jdx12,오설록 티뮤지엄,O’sulloc Tea Museum,food,로컬상권·먹거리,33.3057,126.2895,70,1h 10m,09:00–18:00 · 무료,09:00,18:00,Y,N,Y,N,N,N,Y,서귀포시 안덕면 신화역사로 15 주소 기반 좌표
jeju,제주,제주,·,jdx13,용두암,Yongduam Rock,heal,힐링·생태·체험,33.5155,126.5121,40,40m,상시 개방 · 무료,,,N,N,Y,N,N,N,Y,제주시 용두암길 15 주소 기반 좌표
jeju,제주,제주,·,jdx14,이호테우해변,Iho Tewoo Beach,heal,힐링·생태·체험,33.4939,126.4531,50,50m,상시 개방 · 무료,,,N,N,Y,N,N,N,Y,제주시 이호일동 주소 기반 좌표
jeju,제주,제주,·,jdx15,애월 한담해안산책로,Aewol Handam Coastal Path,heal,힐링·생태·체험,33.4636,126.3096,60,1h,상시 개방 · 무료,,,N,N,Y,N,N,N,Y,제주시 애월읍 애월리 주소 기반 좌표
jeju,제주,제주,·,jdx16,한림공원,Hallim Park,heal,힐링·생태·체험,33.39,126.241,120,2h,"09:00–18:00 · 어른 15,000원",09:00,18:00,Y,N,Y,N,N,N,Y,제주시 한림읍 한림로 300 주소 기반 좌표
jeju,제주,제주,·,jdx17,산굼부리,Sangumburi Crater,heal,힐링·생태·체험,33.4331,126.6889,70,1h 10m,"09:00–18:40 · 어른 6,000원",09:00,18:40,Y,N,Y,N,N,N,Y,제주시 조천읍 비자림로 768 주소 기반 좌표
jeju,제주,제주,·,jdx18,비자림,Bijarim Forest,heal,힐링·생태·체험,33.4894,126.8107,80,1h 20m,"09:00–17:00 · 어른 3,000원",09:00,17:00,Y,N,Y,Y,N,N,Y,제주시 구좌읍 비자숲길 55 주소 기반 좌표
jeju,제주,제주,·,jdx19,아부오름,Abu Oreum,heal,힐링·생태·체험,33.42,126.742,50,50m,상시 개방 · 무료,,,N,N,Y,N,N,N,Y,제주시 구좌읍 송당리 주소 기반 좌표
jeju,제주,제주,·,jdx20,월정리해변,Woljeong-ri Beach,food,로컬상권·먹거리,33.5563,126.7956,60,1h,상시 개방 · 카페 10:00–20:00,10:00,20:00,Y,N,Y,N,N,N,Y,제주시 구좌읍 월정리 주소 기반 좌표
jeju,제주,제주,·,jdx21,세화민속오일장,Sehwa Five-day Market,food,로컬상권·먹거리,33.5243,126.8586,60,1h,5·10일 08:00–17:00,08:00,17:00,Y,N,Y,N,N,N,Y,제주시 구좌읍 세화리 주소 기반 좌표
jeju,제주,제주,·,jdx22,해녀박물관,Haenyeo Museum,herit,문화유산·전통체험,33.5261,126.8445,70,1h 10m,"09:00–18:00 · 월요일 휴관 · 어른 1,100원",09:00,18:00,Y,N,Y,N,N,N,Y,제주시 구좌읍 해녀박물관길 26 주소 기반 좌표
jeju,제주,제주,·,jdx23,송악산 둘레길,Songaksan Trail,heal,힐링·생태·체험,33.2007,126.289,80,1h 20m,탐방로 09:00–17:00 · 무료,09:00,17:00,Y,N,Y,N,N,N,Y,서귀포시 대정읍 상모리 주소 기반 좌표
jeju,제주,제주,·,jdx24,가파도,Gapado Island,activity,테마파크·액티비티,33.166,126.27,240,4h,"운진항 도선 · 왕복 14,000원 · 기상 결항 잦음",,,N,N,Y,N,N,N,Y,서귀포시 대정읍 가파리 주소 기반 좌표
jeju,제주,제주,·,jdx25,마라도,Marado Island,activity,테마파크·액티비티,33.1167,126.2683,240,4h,"운진항 도선 · 왕복 20,000원",,,N,N,Y,N,N,N,Y,서귀포시 대정읍 마라리 주소 기반 좌표
jeju,제주,제주,·,jdx26,쇠소깍,Soesokkak,heal,힐링·생태·체험,33.253,126.6173,50,50m,09:00–18:00 · 테우 유료,09:00,18:00,Y,N,Y,N,N,N,Y,서귀포시 하효동 105 주소 기반 좌표
jeju,제주,제주,·,jdx27,외돌개,Oedolgae Rock,heal,힐링·생태·체험,33.2384,126.5432,50,50m,상시 개방 · 무료,,,N,N,Y,N,N,N,Y,서귀포시 남성중로 252번길 주소 기반 좌표
jeju,제주,제주,·,jdx28,천제연폭포,Cheonjeyeon Falls,heal,힐링·생태·체험,33.2523,126.4187,60,1h,"09:00–17:20 · 어른 2,500원",09:00,17:20,Y,N,Y,N,N,N,Y,서귀포시 색달동 천제연로 주소 기반 좌표
jeju,제주,제주,·,jdx29,제주 올레시장,Seogwipo Olle Market,food,로컬상권·먹거리,33.2482,126.562,70,1h 10m,07:00–21:00,07:00,21:00,Y,N,Y,N,N,N,Y,서귀포시 중정로 62 주소 기반 좌표
jeju,제주,제주,·,jdx30,산방산,Sanbangsan,herit,문화유산·전통체험,33.2371,126.313,70,1h 10m,"09:00–18:00 · 어른 1,000원",09:00,18:00,Y,N,Y,N,N,N,Y,서귀포시 안덕면 사계남로216번길 주소 기반 좌표
jeju,제주,제주,·,jdx31,용머리해안,Yongmeori Coast,heal,힐링·생태·체험,33.233,126.314,60,1h,"09:00–17:00 · 물때·기상에 따라 통제 · 어른 2,000원",09:00,17:00,Y,N,Y,N,N,N,Y,서귀포시 안덕면 사계리 주소 기반 좌표
jeju,제주,제주,·,jdx32,곽지과물해변,Gwakji Beach,heal,힐링·생태·체험,33.4506,126.305,60,1h,상시 개방 · 용천수 노천탕 있음,,,N,N,Y,N,N,N,Y,제주시 애월읍 곽지리 주소 기반 좌표
jeju,제주,제주,·,jdx33,제주 4·3 평화공원,Jeju 4·3 Peace Park,herit,문화유산·전통체험,33.4438,126.5503,110,1h 50m,09:00–18:00 · 월요일 휴관 · 무료,09:00,18:00,Y,N,Y,N,N,N,Y,제주시 명림로 430 주소 기반 좌표
jeju,제주,제주,·,jdx34,국립제주박물관,Jeju National Museum,herit,문화유산·전통체험,33.5209,126.5497,80,1h 20m,10:00–18:00 · 월요일 휴관 · 무료,10:00,18:00,Y,N,Y,N,N,N,Y,제주시 일주동로 17 주소 기반 좌표
jeju,제주,제주,·,jdx35,삼성혈,Samseonghyeol,herit,문화유산·전통체험,33.5029,126.529,40,40m,"09:00–18:00 · 어른 4,000원",09:00,18:00,Y,N,Y,N,N,N,Y,제주시 삼성로 22 주소 기반 좌표
jeju,제주,제주,·,jdx36,관덕정,Gwandeokjeong,herit,문화유산·전통체험,33.5136,126.5212,30,30m,상시 개방 · 무료,,,N,N,Y,N,N,N,Y,제주시 관덕로 19 주소 기반 좌표
jeju,제주,제주,·,jdx37,제주민속자연사박물관,Jeju Folklore & Natural History Museum,herit,문화유산·전통체험,33.506,126.532,80,1h 20m,"09:00–18:00 · 월요일 휴관 · 어른 2,000원",09:00,18:00,Y,N,Y,N,N,N,Y,제주시 삼성로 40 주소 기반 좌표
jeju,제주,제주,·,jdx38,한라수목원,Hallasan Arboretum,heal,힐링·생태·체험,33.456,126.494,70,1h 10m,상시 개방 · 무료 · 야간 산책로,,,N,N,Y,N,N,N,Y,제주시 수목원길 72 주소 기반 좌표
jeju,제주,제주,·,jdx39,사라봉,Sarabong,heal,힐링·생태·체험,33.5197,126.547,50,50m,상시 개방 · 무료,,,N,N,Y,N,N,N,Y,제주시 사라봉동길 74 주소 기반 좌표
jeju,제주,제주,·,jdx40,도두봉,Dodubong,heal,힐링·생태·체험,33.506,126.465,40,40m,상시 개방 · 무료,,,N,N,Y,N,N,N,Y,제주시 도두일동 주소 기반 좌표
jeju,제주,제주,·,jdx41,한라생태숲,Hallasan Eco Forest,heal,힐링·생태·체험,33.437,126.592,80,1h 20m,09:00–18:00 · 무료,09:00,18:00,Y,N,Y,N,N,N,Y,제주시 516로 2596 주소 기반 좌표
jeju,제주,제주,·,jdx42,절물자연휴양림,Jeolmul Recreation Forest,heal,힐링·생태·체험,33.447,126.636,90,1h 30m,"07:00–18:00 · 어른 1,000원",07:00,18:00,Y,N,Y,Y,N,N,Y,제주시 명림로 584 주소 기반 좌표
jeju,제주,제주,·,jdx43,교래 자연휴양림,Gyorae Recreation Forest,heal,힐링·생태·체험,33.427,126.669,80,1h 20m,"09:00–17:00 · 어른 1,000원",09:00,17:00,Y,N,Y,N,N,N,Y,제주시 조천읍 남조로 2023 주소 기반 좌표
jeju,제주,제주,·,jdx44,동백동산 습지,Dongbaekdongsan Wetland,heal,힐링·생태·체험,33.503,126.713,80,1h 20m,상시 개방 · 무료,,,N,N,Y,N,N,N,Y,제주시 조천읍 선흘리 주소 기반 좌표
jeju,제주,제주,·,jdx45,거문오름,Geomunoreum,heal,힐링·생태·체험,33.456,126.723,150,2h 30m,"탐방 예약제 · 화요일 휴무 · 어른 2,000원",,,N,N,Y,N,Y,N,Y,제주시 조천읍 선흘리 주소 기반 좌표
jeju,제주,제주,·,jdx46,용눈이오름,Yongnuni Oreum,heal,힐링·생태·체험,33.457,126.839,60,1h,개방 시기 확인 필요 · 무료,,,N,N,Y,N,N,N,Y,제주시 구좌읍 종달리 주소 기반 좌표
jeju,제주,제주,·,jdx47,다랑쉬오름,Darangshi Oreum,heal,힐링·생태·체험,33.464,126.832,90,1h 30m,상시 개방 · 무료,,,N,N,Y,N,N,N,Y,제주시 구좌읍 세화리 주소 기반 좌표
jeju,제주,제주,·,jdx48,하도해변,Hado Beach,heal,힐링·생태·체험,33.517,126.883,50,50m,상시 개방 · 무료,,,N,N,Y,N,N,N,Y,제주시 구좌읍 하도리 주소 기반 좌표
jeju,제주,제주,·,jdx49,평대해변,Pyeongdae Beach,heal,힐링·생태·체험,33.552,126.833,50,50m,상시 개방 · 무료,,,N,N,Y,N,N,N,Y,제주시 구좌읍 평대리 주소 기반 좌표
jeju,제주,제주,·,jdx50,김녕성세기해변,Gimnyeong Seongsegi Beach,heal,힐링·생태·체험,33.558,126.753,50,50m,상시 개방 · 무료,,,N,N,Y,N,N,N,Y,제주시 구좌읍 김녕리 주소 기반 좌표
jeju,제주,제주,·,jdx51,세화해변,Sehwa Beach,heal,힐링·생태·체험,33.524,126.86,50,50m,상시 개방 · 무료,,,N,N,Y,N,N,N,Y,제주시 구좌읍 세화리 주소 기반 좌표
jeju,제주,제주,·,jdx52,신양섭지해수욕장,Sinyang Seopji Beach,heal,힐링·생태·체험,33.43,126.926,50,50m,상시 개방 · 여름 개장,,,N,N,Y,N,N,N,Y,서귀포시 성산읍 신양리 주소 기반 좌표
jeju,제주,제주,·,jdx53,성산포항,Seongsanpo Harbour,activity,테마파크·액티비티,33.474,126.935,40,40m,우도행 도선 07:00–18:00,07:00,18:00,Y,N,Y,N,N,N,Y,서귀포시 성산읍 성산리 주소 기반 좌표
jeju,제주,제주,·,jdx54,혼인지,Honinji,herit,문화유산·전통체험,33.438,126.904,40,40m,상시 개방 · 무료,,,N,N,Y,N,N,N,Y,서귀포시 성산읍 혼인지로 39-22 주소 기반 좌표
jeju,제주,제주,·,jdx55,표선해수욕장,Pyoseon Beach,heal,힐링·생태·체험,33.325,126.833,60,1h,상시 개방 · 여름 개장,,,N,N,Y,N,N,N,Y,서귀포시 표선면 표선리 주소 기반 좌표
jeju,제주,제주,·,jdx56,남원 큰엉해안경승지,Keunnyeong Coastal Walk,heal,힐링·생태·체험,33.275,126.715,60,1h,상시 개방 · 무료,,,N,N,Y,N,N,N,Y,서귀포시 남원읍 태위로 주소 기반 좌표
jeju,제주,제주,·,jdx57,서귀포 이중섭거리,Lee Jung-seop Street,herit,문화유산·전통체험,33.247,126.562,60,1h,"미술관 09:00–18:00 · 월요일 휴관 · 어른 1,500원",09:00,18:00,Y,N,Y,N,N,N,Y,서귀포시 이중섭로 주소 기반 좌표
jeju,제주,제주,·,jdx58,새연교,Saeyeongyo Bridge,heal,힐링·생태·체험,33.239,126.561,40,40m,상시 개방 · 무료,,,N,N,Y,N,N,N,Y,서귀포시 서홍동 주소 기반 좌표
jeju,제주,제주,·,jdx59,대포주상절리대,Daepo Columnar Joints,herit,문화유산·전통체험,33.238,126.427,50,50m,"09:00–18:00 · 어른 2,000원",09:00,18:00,Y,N,Y,N,N,N,Y,서귀포시 이어도로 36-30 주소 기반 좌표
jeju,제주,제주,·,jdx60,여미지식물원,Yeomiji Botanic Garden,heal,힐링·생태·체험,33.25,126.413,90,1h 30m,"09:00–18:00 · 어른 12,000원",09:00,18:00,Y,N,Y,N,N,N,Y,서귀포시 중문관광로 93 주소 기반 좌표
jeju,제주,제주,·,jdx61,제주항공우주박물관,Jeju Aerospace Museum,activity,테마파크·액티비티,33.304,126.309,110,1h 50m,"09:00–18:00 · 월요일 휴관 · 어른 10,000원",09:00,18:00,Y,N,Y,N,N,N,Y,서귀포시 안덕면 녹차분재로 218 주소 기반 좌표
jeju,제주,제주,·,jdx62,본태박물관,Bonte Museum,activity,테마파크·액티비티,33.302,126.368,80,1h 20m,"10:00–18:00 · 어른 20,000원",10:00,18:00,Y,N,Y,N,N,N,Y,서귀포시 안덕면 산록남로 762번길 69 주소 기반 좌표
jeju,제주,제주,·,jdx63,제주 신화월드,Jeju Shinhwa World,activity,테마파크·액티비티,33.305,126.32,180,3h,테마파크 10:00–18:00 · 요금 상이,10:00,18:00,Y,N,Y,N,N,N,Y,서귀포시 안덕면 신화역사로 304번길 38 주소 기반 좌표
jeju,제주,제주,·,jdx64,금오름,Geumoreum,heal,힐링·생태·체험,33.355,126.306,60,1h,상시 개방 · 무료,,,N,N,Y,N,N,N,Y,제주시 한림읍 금악리 주소 기반 좌표
jeju,제주,제주,·,jdx65,저지오름,Jeoji Oreum,heal,힐링·생태·체험,33.323,126.267,70,1h 10m,상시 개방 · 무료,,,N,N,Y,N,N,N,Y,제주시 한경면 저지리 주소 기반 좌표
jeju,제주,제주,·,jdx66,수월봉,Suwolbong,herit,문화유산·전통체험,33.293,126.166,60,1h,상시 개방 · 무료,,,N,N,Y,N,N,N,Y,제주시 한경면 노을해안로 주소 기반 좌표
jeju,제주,제주,·,jdx67,차귀도,Chagwido,activity,테마파크·액티비티,33.312,126.149,150,2h 30m,유람선 · 기상 결항 잦음,,,N,N,Y,N,N,N,Y,제주시 한경면 고산리 주소 기반 좌표
jeju,제주,제주,·,jdx68,신창풍차해안도로,Sinchang Windmill Coast,heal,힐링·생태·체험,33.34,126.172,50,50m,상시 개방 · 무료,,,N,N,Y,N,N,N,Y,제주시 한경면 신창리 주소 기반 좌표
jeju,제주,제주,·,jdx69,협재 비양도,Biyangdo Island,activity,테마파크·액티비티,33.404,126.227,180,3h,한림항 도선 09:00·12:00·14:00·16:00,,,N,N,Y,N,N,N,Y,제주시 한림읍 비양도 주소 기반 좌표
jeju,제주,제주,·,jdx70,제주현대미술관,Jeju Museum of Contemporary Art,activity,테마파크·액티비티,33.321,126.268,70,1h 10m,"09:00–18:00 · 월요일 휴관 · 어른 2,000원",09:00,18:00,Y,N,Y,N,N,N,Y,제주시 한경면 저지14길 35 주소 기반 좌표
jeju,제주,제주,·,jdx71,항파두리 항몽유적지,Hangpaduri Fortress,herit,문화유산·전통체험,33.438,126.406,50,50m,상시 개방 · 무료,,,N,N,Y,N,N,N,Y,제주시 애월읍 항파두리로 50 주소 기반 좌표
jeju,제주,제주,·,jdx72,새별오름 나홀로나무,Saebyeol Lone Tree,heal,힐링·생태·체험,33.361,126.351,30,30m,상시 개방 · 무료,,,N,N,Y,N,N,N,Y,제주시 애월읍 봉성리 주소 기반 좌표
jeju,제주,제주,·,jdx73,서귀포 자연휴양림,Seogwipo Recreation Forest,heal,힐링·생태·체험,33.313,126.467,90,1h 30m,"09:00–18:00 · 어른 1,000원",09:00,18:00,Y,N,Y,N,N,N,Y,서귀포시 1100로 882 주소 기반 좌표
jeju,제주,제주,·,jdx74,1100고지 습지,1100 Highland Wetland,heal,힐링·생태·체험,33.358,126.465,40,40m,상시 개방 · 무료,,,N,N,Y,N,N,N,Y,서귀포시 색달동 산 1-2 주소 기반 좌표
jeju,제주,제주,·,jdx75,성판악 탐방로,Seongpanak Trail,heal,힐링·생태·체험,33.385,126.619,480,8h,입산 통제 시간 엄격 · 예약제 · 무료,,,N,N,Y,N,Y,N,Y,제주시 조천읍 516로 1865 주소 기반 좌표
yeongwol,영월,영월,1,yw1,청령포,Cheongnyeongpo,herit,문화유산·전통체험,37.175028,128.444056,90,1h 30m,"09:00–18:00 (입장 마감 17:00) · 어른 3,000원 · 1577-0545",09:00,18:00,Y,Y,N,N,N,N,Y,남면 광천리 · 위키백과 등재 좌표
yeongwol,영월,영월,2,yw3,관풍헌,Gwanpungheon,herit,문화유산·전통체험,37.1834,128.4652,30,30m,상시 개방 · 무료,,,N,Y,N,N,N,N,Y,영월읍 중앙로 61 주소 기반 좌표 — 재검증 권장
yeongwol,영월,영월,3,yw2,영월 장릉,Jangneung Royal Tomb,herit,문화유산·전통체험,37.1974,128.4529,70,1h 10m,"09:00–18:00 · 어른 2,000원 · 033-372-3088",09:00,18:00,Y,Y,N,N,Y,N,Y,영월읍 단종로 190 · 위키백과 등재 좌표
yeongwol,영월,영월,4,yw4,선돌,Seondol Standing Rock,heal,힐링·생태·체험,37.2139,128.4339,40,40m,상시 개방 · 무료,,,N,Y,N,N,N,N,Y,영월읍 방절리 산122 주소 기반 좌표 — 재검증 권장
yeongwol,영월,영월,5,yw5,어라연,Eorayeon,heal,힐링·생태·체험,37.2483,128.5236,180,3h,상시 개방 · 래프팅 5–10월 · 거운분교 탐방안내소,,,N,Y,N,N,N,N,Y,영월읍 거운리 동강 어라연 일대 좌표 — 재검증 권장
yeongwol,영월,영월,·,ywx10,한반도지형 (선암마을),Hanbando Topography,heal,힐링·생태·체험,37.262,128.3299,80,1h 20m,상시 개방 · 무료 · 033-370-2622,,,N,N,Y,N,N,N,Y,한반도면 옹정리 선암마을 주소 기반 좌표 — 재검증 권장
yeongwol,영월,영월,·,ywx11,별마로천문대,Byeolmaro Observatory,activity,테마파크·액티비티,37.1743,128.4805,90,1h 30m,"하계 19:00–24:00 · 어른 7,000원 · 033-372-8445",19:00,00:00,Y,N,Y,N,N,N,Y,영월읍 봉래산길 136 주소 기반 좌표 — 재검증 권장
yeongwol,영월,영월,·,ywx12,요선암 돌개구멍,Yoseonam Potholes,heal,힐링·생태·체험,37.2853,128.3571,50,50m,상시 개방 · 무료,,,N,N,Y,N,N,N,Y,무릉도원면 무릉리 주소 기반 좌표 — 재검증 권장
yeongwol,영월,영월,·,ywx13,영월 서부시장,Yeongwol Seobu Market,food,로컬상권·먹거리,37.1841,128.4638,60,1h,08:00–19:00 · 끝자리 4·9일 장,08:00,19:00,Y,N,Y,N,N,N,Y,영월읍 중앙로 21 주소 기반 좌표 — 재검증 권장
yeongwol,영월,영월,·,ywx1,고씨굴,Gossigul Cave,heal,힐링·생태·체험,37.1465,128.5357,70,1h 10m,"09:00–17:00 · 어른 5,000원 · 033-372-7269",09:00,17:00,Y,N,Y,N,N,N,Y,김삿갓면 진별리 주소 기반 좌표 — 재검증 권장
yeongwol,영월,영월,·,ywx2,김삿갓 유적지,Kim Sat-gat Historic Site,herit,문화유산·전통체험,37.0852,128.5711,60,1h,09:00–18:00 · 무료 · 033-375-7900,09:00,18:00,Y,N,Y,N,N,N,Y,김삿갓면 김삿갓로 216-22 주소 기반 좌표 — 재검증 권장
yeongwol,영월,영월,·,ywx3,라디오스타 박물관,Radio Star Museum,activity,테마파크·액티비티,37.1846,128.4634,60,1h,"09:30–18:00 · 어른 5,000원 · 033-375-8322",09:30,18:00,Y,N,Y,N,N,N,Y,영월읍 서부로 10 주소 기반 좌표 — 재검증 권장
yeongwol,영월,영월,·,ywx4,동강사진박물관,Donggang Museum of Photography,activity,테마파크·액티비티,37.1836,128.4682,60,1h,"09:00–18:00 · 어른 3,000원 · 033-375-4554",09:00,18:00,Y,N,Y,N,N,N,Y,영월읍 영월로 1909-10 주소 기반 좌표 — 재검증 권장
yeongwol,영월,영월,·,ywx5,젊은달와이파크,Younger than Yesterday Art Park,activity,테마파크·액티비티,37.2951,128.3609,90,1h 30m,"10:00–18:00 · 어른 15,000원 · 033-372-9411",10:00,18:00,Y,N,Y,N,N,N,Y,주천면 송학주천로 1467-9 주소 기반 좌표 — 재검증 권장
yeongwol,영월,영월,·,ywx6,법흥사,Beopheungsa Temple,herit,문화유산·전통체험,37.2571,128.3055,70,1h 10m,상시 개방 · 무료 · 033-374-9177,,,N,N,Y,N,N,N,Y,무릉도원면 법흥리 주소 기반 좌표 — 재검증 권장
yeongwol,영월,영월,·,ywx7,영월곤충박물관,Yeongwol Insect Museum,activity,테마파크·액티비티,37.174,128.4741,50,50m,"09:00–18:00 · 어른 3,000원 · 033-374-5888",09:00,18:00,Y,N,Y,N,N,N,Y,영월읍 청령포로 61 주소 기반 좌표 — 재검증 권장
yeongwol,영월,영월,·,ywx8,단종역사관,Danjong History Museum,herit,문화유산·전통체험,37.1876,128.461,40,40m,09:00–18:00 · 장릉 입장권 공용,09:00,18:00,Y,N,Y,N,N,N,Y,영월읍 단종로 178 주소 기반 좌표 — 재검증 권장
yeongwol,영월,영월,·,ywx9,동강생태정보센터,Donggang Eco Information Center,heal,힐링·생태·체험,37.2,128.501,50,50m,09:00–18:00 · 무료 · 033-375-6828,09:00,18:00,Y,N,Y,N,N,N,Y,영월읍 거운리 주소 기반 좌표 — 재검증 권장
nation,전국,경주,1,gj1,효우당,Hyowoodang,stay,숙박,35.8923,129.1786,180,3h,15:00 IN / 11:00 OUT,,,N,Y,N,N,N,N,N,현곡면 소현효자길 21-3 지오코딩 확인
nation,전국,경주,2,gj2,쪽샘 44호 신라공주묘,Jjoksaem Tomb No. 44,herit,문화유산·전통체험,35.8397,129.2163,40,40m,09:00–18:00,09:00,18:00,Y,Y,N,N,N,N,Y,쪽샘길 60 지오코딩 확인
nation,전국,경주,3,gj3,동궁과 월지,Donggung & Wolji,herit,문화유산·전통체험,35.8348,129.2266,70,1h 10m,09:00–22:00,09:00,22:00,Y,Y,N,N,N,N,Y,공식 관광정보 좌표
nation,전국,경주,4,gj4,황리단길,Hwangnidan-gil,food,로컬상권·먹거리,35.8377,129.2097,120,2h,11:00–22:00,11:00,22:00,Y,Y,N,N,N,N,Y,황리단길 대표 구간 중심점
nation,전국,경주,5,gj5,경주월드,Gyeongju World,activity,테마파크·액티비티,35.8368,129.282,240,4h,10:00–21:00,10:00,21:00,Y,Y,N,N,N,N,Y,경주월드 주소 기준 지오코딩
nation,전국,경주,6,gj6,경주 라원(미디어아트),Gyeongju Rawon Media Art,activity,테마파크·액티비티,35.847,129.2619,60,1h,10:00–20:00,10:00,20:00,Y,Y,N,N,N,N,Y,보문동 3-3 지오코딩 확인
nation,전국,경주,7,gj7,추억의 달동네 (귀신의집),Memory Hill Village (Haunted House),activity,테마파크·액티비티,35.8036,129.3123,70,1h 10m,10:00–19:00,10:00,19:00,Y,Y,N,N,N,N,Y,보불로 216-8 지오코딩 확인
nation,전국,경주,·,gjx1,불국사,Bulguksa,herit,문화유산·전통체험,35.79,129.332,90,1h 30m,09:00–18:00 · 문의 054-746-9913,09:00,18:00,Y,N,Y,Y,Y,N,Y,경주시 관광지 현황(공공데이터) 진현동 산15 · 대웅전 기준 지오코딩
nation,전국,경주,·,gjx2,대릉원,Daereungwon,herit,문화유산·전통체험,35.8382,129.2128,70,1h 10m,"09:00–22:00 (매표 21:30) · 어른 3,000원 · 054-750-8650",09:00,22:00,Y,N,Y,Y,Y,N,Y,경주시 관광지 현황(공공데이터) 황남동 31-1 · 지오코딩 확인
nation,전국,경주,·,gjx3,첨성대,Cheomseongdae,herit,문화유산·전통체험,35.8347,129.2191,40,40m,상시 개방 (야간 조명),,,N,N,Y,Y,Y,N,Y,경주시 관광지 현황(공공데이터) 인왕동 839-1 · 지오코딩 확인
nation,전국,경주,·,gjx4,국립경주박물관,Gyeongju National Museum,herit,문화유산·전통체험,35.8292,129.2279,90,1h 30m,10:00–18:00 · 상설전시 무료 · 054-740-7500,10:00,18:00,Y,N,Y,N,N,N,Y,경주시 관광지 현황(공공데이터) 일정로 186 · 지오코딩 확인
nation,전국,경주,·,gjx5,석굴암,Seokguram Grotto,herit,문화유산·전통체험,35.7951,129.3489,60,1h,"09:00–18:00 · 어른 6,000원 · 054-746-9933",09:00,18:00,Y,N,Y,Y,Y,N,Y,경주시 관광지 현황(공공데이터) 불국로 873-243 · 지오코딩 확인
nation,전국,경주,·,gjx6,월정교,Woljeonggyo Bridge,herit,문화유산·전통체험,35.8291,129.2173,40,40m,상시 개방 · 누각 09:00–22:00 · 무료,09:00,22:00,Y,N,Y,N,N,N,Y,경주시 관광지 현황(공공데이터) 교동 274 · 지오코딩 확인
nation,전국,경주,·,gjx7,교촌마을,Gyochon Traditional Village,herit,문화유산·전통체험,35.8295,129.2148,50,50m,상시 개방 · 무료 · 054-760-7880,,,N,N,Y,N,N,N,Y,경주시 관광지 현황(공공데이터) 교촌길 39-2 · 지오코딩 확인
nation,전국,경주,·,gjx8,경주 양남 주상절리,Yangnam Columnar Joints,sea,해양·자연경관,35.6908,129.4746,50,50m,전망대 09:00–18:00 · 무료 · 054-775-6366,09:00,18:00,Y,N,Y,N,N,N,Y,경주시 관광지 현황(공공데이터) 양남면 동해안로 498-13 · 지오코딩 확인
nation,전국,경주,·,gjx9,문무대왕릉,Tomb of King Munmu,sea,해양·자연경관,35.7395,129.4835,40,40m,상시 개방 · 무료 · 054-779-6324,,,N,N,Y,N,N,N,Y,경주시 관광지 현황(공공데이터) 문무대왕면 봉길리 26 · 지오코딩 확인
nation,전국,경주,·,gjx10,양동마을,Yangdong Folk Village,herit,문화유산·전통체험,35.9995,129.2547,90,1h 30m,"09:00–18:00 · 어른 4,000원 · 054-762-2630",09:00,18:00,Y,N,Y,N,Y,N,Y,경주시 관광지 현황(공공데이터) 강동면 양동마을길 138-18 · 지오코딩 확인
nation,전국,경주,·,gjx11,경주 엑스포대공원,Gyeongju Expo Park,activity,테마파크·액티비티,35.833,129.2893,120,2h,10:00–18:00 · 054-748-3011,10:00,18:00,Y,N,Y,N,N,N,Y,경주시 관광지 현황(공공데이터) 경감로 614 · 지오코딩 확인
nation,전국,경주,·,gjx12,금관총,Geumgwanchong,herit,문화유산·전통체험,35.84112,129.2098,50,50m,09:00–18:00 · 무료 · 054-777-6100,09:00,18:00,Y,N,Y,N,Y,N,Y,경주시 관광지 현황(공공데이터) 노서동 104 · 지오코딩 확인
nation,전국,경주,·,gjx13,오릉,Oreung,herit,문화유산·전통체험,35.8234,129.2088,50,50m,"09:00–18:00 · 어른 2,000원 · 054-750-8614",09:00,18:00,Y,N,Y,N,N,N,Y,경주시 관광지 현황(공공데이터) 탑동 67-1 · 지오코딩 확인
nation,전국,경주,·,gjx14,감포항,Gampo Port,food,로컬상권·먹거리,35.8041,129.5047,60,1h,상시 · 공설시장 08:00–19:00,08:00,19:00,Y,N,Y,N,N,N,Y,경주시 관광지 현황(공공데이터) 감포읍 감포로2길 93 · 지오코딩 확인
nation,전국,경주,·,gjx15,경주 최부자댁,Choi Family House,herit,문화유산·전통체험,35.8309,129.2162,50,50m,09:00–18:00 · 무료,09:00,18:00,Y,N,Y,N,N,N,Y,경주시 관광지 현황(공공데이터) 교촌안길 27-44 · 지오코딩 확인
nation,전국,경주,·,gjx16,계림,Gyerim Forest,heal,힐링·생태·체험,35.8326,129.219,40,40m,상시 개방 · 무료 · 054-779-8743,,,N,N,Y,N,Y,N,Y,경주시 관광지 현황(공공데이터) 교동 1 · 지오코딩 확인
nation,전국,경주,·,gjx17,포석정,Poseokjeong,herit,문화유산·전통체험,35.807,129.2131,40,40m,상시 개방 · 무료 · 054-745-8484,,,N,N,Y,N,Y,N,Y,경주시 관광지 현황(공공데이터) 배동 454-1 · 지오코딩 확인
nation,전국,경주,·,gjx18,보문관광단지,Bomun Resort Complex,heal,힐링·생태·체험,35.8428,129.2858,60,1h,상시 개방 · 무료,,,N,N,Y,N,N,Y,Y,경주시 관광지 현황(공공데이터) 신평동 375 · 지오코딩 확인
nation,전국,경주,·,gjx19,힐튼 경주,Hilton Gyeongju,stay,숙박,35.84,129.286,0,0m,체크인 15:00 · 054-745-7788,,,N,N,Y,N,N,N,N,경주시 관광지 현황(공공데이터) 보문로 484-7 · 지오코딩 확인
nation,전국,경주,·,gjx20,신라밀레니엄파크,Silla Millennium Park,activity,테마파크·액티비티,35.8389,129.2887,150,2h 30m,"10:00–18:00 · 어른 26,000원 · 054-777-7000",10:00,18:00,Y,N,Y,N,N,N,Y,경주시 관광지 현황(공공데이터) 보문로 484-7 · 지오코딩 확인
nation,전국,경주,·,gjx21,월성,Wolseong Palace Site,herit,문화유산·전통체험,35.8309,129.2262,60,1h,상시 개방 · 무료,,,N,N,Y,N,Y,N,Y,경주시 관광지 현황(공공데이터) 인왕동 387-1 · 지오코딩 확인
nation,전국,경주,·,gjx22,천마총,Cheonmachong,herit,문화유산·전통체험,35.8386,129.2105,50,50m,"09:00–22:00 · 어른 3,000원 · 054-743-1925",09:00,22:00,Y,N,Y,N,Y,N,Y,경주시 관광지 현황(공공데이터) 황남동 262 · 지오코딩 확인
nation,전국,경주,·,gjx23,봉황대,Bonghwangdae Mound,herit,문화유산·전통체험,35.8413,129.2106,30,30m,상시 개방 · 무료,,,N,N,Y,N,Y,N,Y,경주시 관광지 현황(공공데이터) 노동동 261 · 지오코딩 확인
nation,전국,경주,·,gjx24,황룡사지,Hwangnyongsa Temple Site,herit,문화유산·전통체험,35.8388,129.2335,40,40m,상시 개방 · 무료,,,N,N,Y,N,Y,N,Y,경주시 관광지 현황(공공데이터) 구황동 320-2 · 지오코딩 확인
nation,전국,경주,·,gjx25,성동시장,Seongdong Market,food,로컬상권·먹거리,35.847,129.2164,60,1h,08:00–19:00 · 054-772-4226,08:00,19:00,Y,N,Y,N,N,N,Y,경주시 관광지 현황(공공데이터) 동문로24번길 12 · 지오코딩 확인
nation,전국,경주,·,gjx26,중앙시장 야시장,Jungang Market Night Market,food,로컬상권·먹거리,35.844,129.2063,70,1h 10m,금·토 18:00–23:00 · 054-743-3696,18:00,23:00,Y,N,Y,N,N,N,Y,경주시 관광지 현황(공공데이터) 금성로 295 · 지오코딩 확인
nation,전국,경주,·,gjx27,서출지,Seochulji Pond,heal,힐링·생태·체험,35.7965,129.2419,40,40m,상시 개방 · 무료,,,N,N,Y,N,Y,N,Y,경주시 관광지 현황(공공데이터) 남산1길 17 · 지오코딩 확인
nation,전국,경주,·,gjx28,칠불암,Chilbulam Hermitage,herit,문화유산·전통체험,35.7785,129.234,120,2h,일출–일몰 · 무료,,,N,N,Y,N,Y,N,Y,경주시 관광지 현황(공공데이터) 칠불암길 201 · 지오코딩 확인
nation,전국,경주,·,gjx29,감은사지,Gameunsa Temple Site,herit,문화유산·전통체험,35.7481,129.4773,40,40m,상시 개방 · 무료,,,N,N,Y,N,N,N,Y,경주시 관광지 현황(공공데이터) 문무대왕면 용당리 55-9 · 지오코딩 확인
nation,전국,경주,·,gjx32,경주 동궁원,Gyeongju Donggungwon,activity,테마파크·액티비티,35.85,129.2629,90,1h 30m,"09:00–18:00 · 어른 5,000원 · 054-779-8725",09:00,18:00,Y,N,Y,N,N,N,Y,경주시 관광지 현황(공공데이터) 보문로 74-14 · 지오코딩 확인
nation,전국,경주,·,gjx33,테디베어박물관,Teddy Bear Museum,activity,테마파크·액티비티,35.8523,129.2753,70,1h 10m,"09:00–18:00 · 어른 10,000원 · 054-742-7400",09:00,18:00,Y,N,Y,N,N,N,Y,경주시 관광지 현황(공공데이터) 보문로 280-34 · 지오코딩 확인
nation,전국,경주,·,gjx34,민속공예촌,Folk Craft Village,herit,문화유산·전통체험,35.8045,129.3112,70,1h 10m,09:00–18:00 · 무료 · 054-746-7270,09:00,18:00,Y,N,Y,N,N,N,Y,경주시 관광지 현황(공공데이터) 보불로 230 · 지오코딩 확인
nation,전국,경주,·,gjx35,옥산서원,Oksan Seowon,herit,문화유산·전통체험,36.0117,129.1633,60,1h,09:00–18:00 · 무료 · 054-762-6567,09:00,18:00,Y,N,Y,N,Y,N,Y,경주시 관광지 현황(공공데이터) 안강읍 옥산서원길 216-27 · 지오코딩 확인
nation,전국,거제,8,gz1,덕포해수욕장,Deokpo Beach,sea,해양·자연경관,34.9131,128.7126,70,1h 10m,상시 개방,,,N,Y,N,N,N,N,Y,거제시 관광정보 좌표
nation,전국,거제,9,gz2,매미성,Maemi Fortress,sea,해양·자연경관,34.9682513,128.7051193,50,50m,상시 개방,,,N,Y,N,N,N,N,Y,한국관광공사 좌표
nation,전국,거제,10,gz3,해금강,Haegeumgang,sea,해양·자연경관,34.7333355,128.6839246,90,1h 30m,유람선 09:00–16:00,09:00,16:00,Y,Y,N,N,N,N,Y,한국관광공사 좌표
nation,전국,거제,11,gz4,바람의 언덕,Windy Hill,sea,해양·자연경관,34.7447,128.6631,60,1h,상시 개방,,,N,Y,N,N,N,N,Y,한국관광공사 좌표
nation,전국,거제,12,gz5,오션뷰 카페 씨야드,Seayard Ocean-view Cafe,sea,해양·자연경관,34.8552,128.5772,60,1h,10:00–21:00,10:00,21:00,Y,Y,N,N,N,N,Y,거제남서로 3613-70 지오코딩 확인
nation,전국,거제,13,gz6,거제식물원,Geoje Botanic Garden,heal,힐링·생태·체험,34.8568,128.5782,80,1h 20m,09:00–18:00,09:00,18:00,Y,Y,N,N,N,N,Y,관광정보 좌표
nation,전국,거제,14,gz7,거제 파노라마 케이블카,Geoje Panorama Cable Car,heal,힐링·생태·체험,34.7868,128.6327,70,1h 10m,09:30–17:30,09:30,17:30,Y,Y,N,N,N,N,Y,하부역사(거제중앙로 288) 지오코딩 확인
nation,전국,거제,15,gz8,동부저수지,Dongbu Reservoir,heal,힐링·생태·체험,34.8125,128.6239,40,40m,상시 개방,,,N,Y,N,N,N,N,Y,관광정보 좌표
nation,전국,거제,16,gz9,고현동 상권,Gohyeon-dong District,food,로컬상권·먹거리,34.8863,128.6239,90,1h 30m,11:00–23:00,11:00,23:00,Y,N,N,N,N,N,Y,고현시장 대표점 기준 분석점 (반경 500m)
nation,전국,거제,17,gz10,거제 고현시장,Gohyeon Market,food,로컬상권·먹거리,34.8863,128.6239,50,50m,08:00–20:00,08:00,20:00,Y,Y,N,N,N,N,Y,거제중앙로 1883 지오코딩 확인
nation,전국,거제,18,gz11,원조거제굴구이,Wonjo Geoje Grilled Oyster,food,로컬상권·먹거리,34.84311,128.56209,80,1h 20m,11:00–21:00,11:00,21:00,Y,Y,N,N,N,N,Y,거제면 내간리 977-5 지오코딩 확인 (구글 지도 공유 링크 기준)
nation,전국,거제,19,gz12,거제 전통 양곱창 전골,Geoje Gopchang Hot Pot,food,로컬상권·먹거리,34.8927675,128.6264102,70,1h 10m,16:00–24:00,16:00,00:00,Y,Y,N,N,N,N,Y,주소 기반 좌표
nation,전국,거제,20,gz13,금농갈비,Geumnong Galbi,food,로컬상권·먹거리,34.8895,128.6922,75,1h 15m,11:30–21:30,11:30,21:30,Y,Y,N,N,N,N,Y,옥포로9길 6 지오코딩 확인
nation,전국,거제,21,gz14,농소몽돌해수욕장,Nongso Mongdol Beach,sea,해양·자연경관,35.005,128.7011,60,1h,상시 개방,,,N,Y,N,N,N,N,Y,거제북로 2593 지오코딩 확인
nation,전국,거제,·,gzx1,외도 보타니아,Oedo Botania,heal,힐링·생태·체험,34.7697,128.7106,150,2h 30m,유람선 시간에 따름,,,N,N,Y,N,N,N,Y,한국관광 데이터랩 인기 관광지 · 일운면 외도길 17 지오코딩 확인
nation,전국,거제,·,gzx2,학동 흑진주 몽돌해변,Hakdong Pebble Beach,sea,해양·자연경관,34.7725,128.6398,60,1h,상시 개방,,,N,N,Y,N,N,N,Y,한국관광 데이터랩 인기 관광지 · 동부면 학동6길 30 지오코딩 확인
nation,전국,거제,·,gzx3,신선대,Sinseondae,sea,해양·자연경관,34.7379,128.6648,40,40m,상시 개방,,,N,N,Y,N,N,N,Y,한국관광 데이터랩 인기 관광지 · 남부면 갈곶리 산21-20 지오코딩 확인
nation,전국,거제,·,gzx4,구조라성,Gujora Fortress,herit,문화유산·전통체험,34.7999,128.6911,50,50m,상시 개방 · 무료,,,N,N,Y,N,N,N,Y,거제시 관광 안내 · 일운면 구조라리 산65-3 지오코딩 확인
nation,전국,거제,·,gzx5,구조라해수욕장,Gujora Beach,sea,해양·자연경관,34.8088,128.6906,70,1h 10m,상시 개방 · 무료 · 055-639-4178,,,N,N,Y,N,N,N,Y,거제시 관광 안내 · 일운면 구조라리 500-1 지오코딩 확인
nation,전국,거제,·,gzx6,지심도,Jisimdo Island,heal,힐링·생태·체험,34.8215,128.7501,240,4h,"장승포항 도선 08:30–17:00 · 왕복 19,000원",08:30,17:00,Y,N,Y,N,N,N,Y,거제시 관광 안내 · 일운면 지심도길 31-2 지오코딩 확인
nation,전국,거제,·,gzx7,거제 포로수용소 유적공원,Geoje POW Camp Park,herit,문화유산·전통체험,34.8756,128.6247,110,1h 50m,"09:00–18:00 · 어른 7,000원 · 055-639-8125",09:00,18:00,Y,N,Y,N,N,Y,Y,거제시 관광 안내 · 계룡로 61 지오코딩 확인
nation,전국,거제,·,gzx8,여차·홍포 전망대,Yeocha–Hongpo Lookout,sea,해양·자연경관,34.7038,128.6101,40,40m,상시 개방 · 무료,,,N,N,Y,N,N,N,Y,거제시 관광 안내 · 남부면 다포리 산38-145 지오코딩 확인
nation,전국,부산,·,ctu1,대변항,Daebyeonhang,sea,해양·자연경관,35.22053,129.23087,40,40m,,,,N,N,Y,N,N,N,Y,부산 기장군 기장읍 대변리 274-17 · 전국시티투어 경유지 · 카카오 좌표
nation,전국,부산,·,ctu2,국회부산도서관,Gukhoebusandoseogwan,herit,문화유산·전통체험,35.10346,128.90441,60,1h,,,,N,N,Y,N,N,N,Y,부산 강서구 명지국제1로 161 · 전국시티투어 경유지 · 카카오 좌표
nation,전국,제주,·,ctu3,오래물광장,Oraemulgwangjang,heal,힐링·생태·체험,33.50493,126.46676,60,1h,,,,N,N,Y,N,N,N,Y,제주특별자치도 제주시 도두일동 2605-5 · 전국시티투어 경유지 · 카카오 좌표
nation,전국,제주,·,ctu4,산지천,Sanjicheon,heal,힐링·생태·체험,33.51336,126.5274,60,1h,,,,N,N,Y,N,N,N,Y,제주특별자치도 제주시 일도일동 1498 · 전국시티투어 경유지 · 카카오 좌표
nation,전국,대구,·,ctu5,화원동산,Hwawondongsan,heal,힐링·생태·체험,35.81168,128.48133,60,1h,,,,N,N,Y,N,N,N,Y,대구 달성군 화원읍 사문진로1길 40-14 · 전국시티투어 경유지 · 카카오 좌표
nation,전국,해남,·,ctu6,산이정원,Sanijeongwon,heal,힐링·생태·체험,34.70906,126.38648,60,1h,,,,N,N,Y,N,N,N,Y,전남광주통합특별시 해남군 산이면 구성리 664 · 전국시티투어 경유지 · 카카오 좌표
nation,전국,광양,·,ctu7,광양향교,Gwangyanghyanggyo,herit,문화유산·전통체험,34.98247,127.58819,60,1h,,,,N,N,Y,N,N,N,Y,전남광주통합특별시 광양시 광양읍 향교길 67 · 전국시티투어 경유지 · 카카오 좌표
nation,전국,광양,·,ctu8,배알도 섬정원,Baealdo Seomjeongwon,heal,힐링·생태·체험,34.96356,127.75975,60,1h,,,,N,N,Y,N,N,N,Y,전남광주통합특별시 광양시 태인동 산 1 · 전국시티투어 경유지 · 카카오 좌표
nation,전국,광양,·,ctu9,전남도립미술관,Jeonnamdoripmisulgwan,activity,테마파크·액티비티,34.96775,127.58887,90,1h 30m,,,,N,N,Y,N,N,N,Y,전남광주통합특별시 광양시 광양읍 순광로 660 · 전국시티투어 경유지 · 카카오 좌표
nation,전국,광양,·,ctu10,광양예술창고,Gwangyangyesulchanggo,activity,테마파크·액티비티,34.96822,127.58831,90,1h 30m,,,,N,N,Y,N,N,N,Y,전남광주통합특별시 광양시 광양읍 순광로 664 · 전국시티투어 경유지 · 카카오 좌표
nation,전국,광양,·,ctu11,해오름육교,Haeoreumyukgyo,heal,힐링·생태·체험,34.9359,127.70984,60,1h,,,,N,N,Y,N,N,N,Y,전남광주통합특별시 광양시 마동 1125 · 전국시티투어 경유지 · 카카오 좌표
nation,전국,여수,·,ctu12,국동어항단지,Gukdongeohangdanji,heal,힐링·생태·체험,34.72982,127.72511,60,1h,,,,N,N,Y,N,N,N,Y,전남광주통합특별시 여수시 봉산동 100 · 전국시티투어 경유지 · 카카오 좌표
nation,전국,여수,·,ctu13,돌산대교,Dolsandaegyo,sea,해양·자연경관,34.73074,127.7347,40,40m,,,,N,N,Y,N,N,N,Y,전남광주통합특별시 여수시 남산동 56-5 · 전국시티투어 경유지 · 카카오 좌표
nation,전국,여수,·,ctu14,거북선대교,Geobukseondaegyo,sea,해양·자연경관,34.73385,127.74854,40,40m,,,,N,N,Y,N,N,N,Y,전남광주통합특별시 여수시 돌산읍 우두리 758-11 · 전국시티투어 경유지 · 카카오 좌표
nation,전국,여수,·,ctu15,만성리형제묘,Manseongrihyeongjemyo,herit,문화유산·전통체험,34.76902,127.75,60,1h,,,,N,N,Y,N,N,N,Y,전남광주통합특별시 여수시 만흥동 산 269-2 · 전국시티투어 경유지 · 카카오 좌표
nation,전국,여수,·,ctu16,여순사건희생자위령비,Yeosunsageonhuisaengjawiryeongbi,herit,문화유산·전통체험,34.76786,127.75065,60,1h,,,,N,N,Y,N,N,N,Y,전남광주통합특별시 여수시 만흥동 149-6 · 전국시티투어 경유지 · 카카오 좌표
nation,전국,여수,·,ctu17,둔병대교,Dunbyeongdaegyo,sea,해양·자연경관,34.63042,127.55574,40,40m,,,,N,N,Y,N,N,N,Y,전남광주통합특별시 여수시 화정면 조발리 산 70 · 전국시티투어 경유지 · 카카오 좌표
nation,전국,여수,·,ctu18,팔영대교,Palyeongdaegyo,sea,해양·자연경관,34.63142,127.50363,40,40m,,,,N,N,Y,N,N,N,Y,전남광주통합특별시 여수시 화정면 적금리 813 · 전국시티투어 경유지 · 카카오 좌표
nation,전국,여수,·,ctu19,서틀러다육식물원,Seoteulreodayuksikmulwon,activity,테마파크·액티비티,34.75305,127.61243,90,1h 30m,,,,N,N,Y,N,N,N,Y,전남광주통합특별시 여수시 소라면 현천리 1071-3 · 전국시티투어 경유지 · 카카오 좌표
nation,전국,화성,·,ctu20,민들레연극마을,Mindeulreyeongeukmaeul,activity,테마파크·액티비티,37.03965,126.7979,90,1h 30m,,,,N,N,Y,N,N,N,Y,경기 화성시 만세구 우정읍 이화뱅곳길 22 · 전국시티투어 경유지 · 카카오 좌표
nation,전국,화성,·,ctu21,융릉 건릉 역사문화관,Yungreung Geonreung Yeoksamunhwagwan,herit,문화유산·전통체험,37.20825,126.98899,60,1h,,,,N,N,Y,N,N,N,Y,경기 화성시 병점구 효행로481번길 21 · 전국시티투어 경유지 · 카카오 좌표
nation,전국,밀양,·,ctu24,천주교명례성지,Cheonjugyomyeongryeseongji,heal,힐링·생태·체험,35.35069,128.76556,60,1h,,,,N,N,Y,N,N,N,Y,경남 밀양시 하남읍 명례안길 44-3 · 전국시티투어 경유지 · 카카오 좌표
nation,전국,밀양,·,ctu25,밀양강둔치 야외공연장,Milyanggangdunchi Yaoegongyeonjang,activity,테마파크·액티비티,35.48975,128.75426,90,1h 30m,,,,N,N,Y,N,N,N,Y,경남 밀양시 삼문동 253-2 · 전국시티투어 경유지 · 카카오 좌표
nation,전국,사천,·,ctu26,사천항공우주과학관,Sacheonhanggongujugwahakgwan,activity,테마파크·액티비티,35.07084,128.06356,90,1h 30m,,,,N,N,Y,N,N,N,Y,경남 사천시 사남면 공단1로 108 · 전국시티투어 경유지 · 카카오 좌표
nation,전국,사천,·,ctu27,대방진굴항,Daebangjingulhang,sea,해양·자연경관,34.92891,128.05676,40,40m,,,,N,N,Y,N,N,N,Y,경남 사천시 대방동 251 · 전국시티투어 경유지 · 카카오 좌표
nation,전국,사천,·,ctu28,노을전망교,Noeuljeonmanggyo,sea,해양·자연경관,34.93343,128.04949,40,40m,,,,N,N,Y,N,N,N,Y,경남 사천시 대방동 758-2 · 전국시티투어 경유지 · 카카오 좌표
nation,전국,영주,·,ctu29,영주호 용마루공원2 평은역사,Yeongjuho Yongmarugongwon2 Pyeongeunyeoksa,activity,테마파크·액티비티,36.7199,128.6694,90,1h 30m,,,,N,N,Y,N,N,N,Y,경북 영주시 평은면 수변로 114-126 · 전국시티투어 경유지 · 카카오 좌표
nation,전국,익산,·,ctu30,원불교 중앙총부,Wonbulgyo Jungangchongbu,heal,힐링·생태·체험,35.97102,126.95212,60,1h,,,,N,N,Y,N,N,N,Y,전북특별자치도 익산시 익산대로 501 · 전국시티투어 경유지 · 카카오 좌표
nation,전국,서산,·,ctu31,간월도,Ganwoldo,sea,해양·자연경관,36.60913,126.41859,40,40m,,,,N,N,Y,N,N,N,Y,충남 서산시 부석면 간월도리 61-1 · 전국시티투어 경유지 · 카카오 좌표
nation,전국,서산,·,ctu32,삼길포항,Samgilpohang,sea,해양·자연경관,37.00354,126.45279,40,40m,,,,N,N,Y,N,N,N,Y,충남 서산시 대산읍 화곡리 1891 · 전국시티투어 경유지 · 카카오 좌표
nation,전국,연천,·,ctu33,연천국악사랑방 서울경서도,Yeoncheongukaksarangbang Seoulgyeongseodo,heal,힐링·생태·체험,38.02769,127.06849,60,1h,,,,N,N,Y,N,N,N,Y,경기 연천군 전곡읍 은전로78번길 14 · 전국시티투어 경유지 · 카카오 좌표
nation,전국,평택,·,ctu35,팽성읍객사,Paengseongeupgaeksa,herit,문화유산·전통체험,36.96485,127.06342,60,1h,,,,N,N,Y,N,N,N,Y,경기 평택시 팽성읍 동서촌로 101-3 · 전국시티투어 경유지 · 카카오 좌표
nation,전국,의정부,·,ctu37,자일 산림욕장,Jail Sanrimyokjang,heal,힐링·생태·체험,37.76905,127.10949,60,1h,,,,N,N,Y,N,N,N,Y,경기 의정부시 자일동 산 87 · 전국시티투어 경유지 · 카카오 좌표
nation,전국,의정부,·,ctu38,백영수미술관,Baekyeongsumisulgwan,activity,테마파크·액티비티,37.7137,127.0444,90,1h 30m,,,,N,N,Y,N,N,N,Y,경기 의정부시 안말로58번안길 55-1 · 전국시티투어 경유지 · 카카오 좌표
nation,전국,봉화,·,ctu41,오전약수관광지,Ojeonyaksugwangwangji,heal,힐링·생태·체험,37.013,128.74873,60,1h,,,,N,N,Y,N,N,N,Y,경북 봉화군 물야면 오전약수탕길 18-24 · 전국시티투어 경유지 · 카카오 좌표
nation,전국,정선,·,ctu42,아리랑센터,Arirangsenteo,heal,힐링·생태·체험,37.37638,128.67154,60,1h,,,,N,N,Y,N,N,N,Y,강원특별자치도 정선군 정선읍 애산로 51 · 전국시티투어 경유지 · 카카오 좌표
nation,전국,가평,·,ctu43,공유양조벤처센터 술지움,Gongyuyangjobencheosenteo Suljium,heal,힐링·생태·체험,37.75492,127.40763,60,1h,,,,N,N,Y,N,N,N,Y,경기 가평군 상면 청군로 248 · 전국시티투어 경유지 · 카카오 좌표
nation,전국,가평,·,ctu44,가평크루즈,Gapyeongkeurujeu,heal,힐링·생태·체험,37.69002,127.51899,60,1h,,,,N,N,Y,N,N,N,Y,경기 가평군 설악면 미사리로 267-19 · 전국시티투어 경유지 · 카카오 좌표
nation,전국,시흥,·,ctu46,배곧천,Baegotcheon,heal,힐링·생태·체험,37.36555,126.72884,60,1h,,,,N,N,Y,N,N,N,Y,경기 시흥시 배곧동 256-3 · 전국시티투어 경유지 · 카카오 좌표
nation,전국,시흥,·,ctu47,배다리선착장,Baedariseonchakjang,sea,해양·자연경관,37.34851,126.69334,40,40m,,,,N,N,Y,N,N,N,Y,경기 시흥시 정왕동 · 전국시티투어 경유지 · 카카오 좌표
nation,전국,인천,·,ctu48,석모도수목원,Seokmodosumokwon,heal,힐링·생태·체험,37.69119,126.32649,60,1h,,,,N,N,Y,N,N,N,Y,인천 강화군 삼산면 삼산북로449번길 161 · 전국시티투어 경유지 · 카카오 좌표
nation,전국,안산,·,ctu49,방아머리선착장,Bangameoriseonchakjang,sea,해양·자연경관,37.29636,126.57442,40,40m,,,,N,N,Y,N,N,N,Y,경기 안산시 단원구 대부황금로 1567-3 · 전국시티투어 경유지 · 카카오 좌표
nation,전국,안산,·,ctu50,그랑꼬또와이너리,Geurangkkottowaineori,heal,힐링·생태·체험,37.25734,126.58216,60,1h,,,,N,N,Y,N,N,N,Y,경기 안산시 단원구 뻐꾹산길 107 · 전국시티투어 경유지 · 카카오 좌표
nation,전국,세종,·,ctu51,정부세종컨벤션센터 홍보동 출입구,Jeongbusejongkeonbensyeonsenteo Hongbodong Chulipgu,heal,힐링·생태·체험,36.50063,127.27213,60,1h,,,,N,N,Y,N,N,N,Y,세종특별자치시 어진동 34-44 · 전국시티투어 경유지 · 카카오 좌표
nation,전국,화순,·,ctu52,이서커뮤니티센터,Iseokeomyunitisenteo,heal,힐링·생태·체험,35.11074,127.0794,60,1h,,,,N,N,Y,N,N,N,Y,전남광주통합특별시 화순군 이서면 백아로 3114 · 전국시티투어 경유지 · 카카오 좌표
nation,전국,춘천,·,ctu53,소양아트서클,Soyangateuseokeul,heal,힐링·생태·체험,37.89398,127.72687,60,1h,,,,N,N,Y,N,N,N,Y,강원특별자치도 춘천시 소양로1가 47-1 · 전국시티투어 경유지 · 카카오 좌표
nation,전국,춘천,·,ctu54,KT플라자 춘천점,KTpeulraja Chuncheonjeom,heal,힐링·생태·체험,37.88229,127.72407,60,1h,,,,N,N,Y,N,N,N,Y,강원특별자치도 춘천시 금강로 11 · 전국시티투어 경유지 · 카카오 좌표
nation,전국,김해,·,ctu55,대성동고분박물관,Daeseongdonggobunbakmulgwan,herit,문화유산·전통체험,35.23647,128.87309,60,1h,,,,N,N,Y,N,N,N,Y,경남 김해시 가야의길 126 · 전국시티투어 경유지 · 카카오 좌표
nation,전국,영광,·,ctu56,숲쟁이꽃동산,Supjaengikkotdongsan,heal,힐링·생태·체험,35.36393,126.43367,60,1h,,,,N,N,Y,N,N,N,Y,전남광주통합특별시 영광군 법성면 진내리 · 전국시티투어 경유지 · 카카오 좌표
nation,전국,영광,·,ctu57,영광물무산행복숲 질퍽질퍽맨발황톳길,Yeonggwangmulmusanhaengboksup Jilpeokjilpeokmaenbalhwangtotgil,heal,힐링·생태·체험,35.27682,126.53579,60,1h,,,,N,N,Y,N,N,N,Y,전남광주통합특별시 영광군 묘량면 덕흥리 615 · 전국시티투어 경유지 · 카카오 좌표
nation,전국,완주,·,ctu58,플리커책방 두베점,Peulrikeochaekbang Dubejeom,heal,힐링·생태·체험,35.90406,127.24279,60,1h,,,,N,N,Y,N,N,N,Y,전북특별자치도 완주군 소양면 송광수만로 500 · 전국시티투어 경유지 · 카카오 좌표
nation,전국,곡성,·,ctu59,곡성기차마을전통시장 저온저장고,Gokseonggichamaeuljeontongsijang Jeoonjeojanggo,heal,힐링·생태·체험,35.27953,127.29893,60,1h,,,,N,N,Y,N,N,N,Y,전남광주통합특별시 곡성군 곡성읍 곡성로 856 · 전국시티투어 경유지 · 카카오 좌표
nation,전국,대전,·,ctu60,낙조,Nakjo,heal,힐링·생태·체험,36.31988,127.42482,60,1h,,,,N,N,Y,N,N,N,Y,대전 중구 수도산로 3 · 전국시티투어 경유지 · 카카오 좌표
nation,전국,홍천,·,ctu61,홍천무궁화수목원,Hongcheonmugunghwasumokwon,heal,힐링·생태·체험,37.72248,127.83396,60,1h,,,,N,N,Y,N,N,N,Y,강원특별자치도 홍천군 북방면 능평리 산 57 · 전국시티투어 경유지 · 카카오 좌표
nation,전국,대전,·,ctu62,계룡산국립공원 수통골,Gyeryongsangukripgongwon Sutonggol,heal,힐링·생태·체험,36.34532,127.28856,60,1h,,,,N,N,Y,N,N,N,Y,대전 유성구 수통골로 47-3 · 전국시티투어 경유지 · 카카오 좌표
nation,전국,경산,·,ctu63,갓바위탐방지원센터,Gatbawitambangjiwonsenteo,heal,힐링·생태·체험,35.98552,128.7488,60,1h,,,,N,N,Y,N,N,N,Y,경북 경산시 와촌면 갓바위로 595 · 전국시티투어 경유지 · 카카오 좌표
nation,전국,경산,·,ctu64,경산의삽살개육종연구소,Gyeongsanuisapsalgaeyukjongyeonguso,heal,힐링·생태·체험,35.95246,128.80298,60,1h,,,,N,N,Y,N,N,N,Y,경북 경산시 와촌면 삽살개공원길 37 · 전국시티투어 경유지 · 카카오 좌표
nation,전국,울산,·,ctu65,태화강국가정원 십리대숲,Taehwaganggukgajeongwon Sipridaesup,heal,힐링·생태·체험,35.54564,129.29655,60,1h,,,,N,N,Y,N,N,N,Y,울산 중구 태화동 636 · 전국시티투어 경유지 · 카카오 좌표
nation,전국,서울,·,ctu66,DMZ관광,DMZgwangwang,heal,힐링·생태·체험,37.54623,126.95217,60,1h,,,,N,N,Y,N,N,N,Y,서울 마포구 마포대로 127 · 전국시티투어 경유지 · 카카오 좌표
nation,전국,서울,·,ctu67,스노우피크 롯데아울렛서울역점,Seunoupikeu Rotdeaulretseoulyeokjeom,activity,테마파크·액티비티,37.55466,126.97046,90,1h 30m,,,,N,N,Y,N,N,N,Y,서울 중구 한강대로 405 · 전국시티투어 경유지 · 카카오 좌표
nation,전국,서울,·,ctu68,황금텃밭농장,Hwanggeumteotbatnongjang,activity,테마파크·액티비티,37.5807,126.79135,90,1h 30m,,,,N,N,Y,N,N,N,Y,서울 강서구 개화동 497-2 · 전국시티투어 경유지 · 카카오 좌표
nation,전국,서울,·,ctu69,별빛남문시장 6번 게이트,Byeolbitnammunsijang 6beon Geiteu,heal,힐링·생태·체험,37.47497,126.90088,60,1h,,,,N,N,Y,N,N,N,Y,서울 금천구 독산동 997-15 · 전국시티투어 경유지 · 카카오 좌표
nation,전국,부산,·,ctt1,낙동강하구에코센터,Nakdongganghaguekosenteo,herit,문화유산·전통체험,35.10439,128.94583,60,1h,,,,N,N,Y,N,N,N,Y,부산 사하구 낙동남로 1240 · 전국시티투어 경유지 · 카카오 좌표
nation,전국,부산,·,ctt2,송도구름산책로 송도365,Songdogureumsanchaekro Songdo365,heal,힐링·생태·체험,35.07534,129.02229,60,1h,,,,N,N,Y,N,N,N,Y,부산 서구 암남동 129-4 · 전국시티투어 경유지 · 카카오 좌표
nation,전국,부산,·,ctt3,암남공원,Amnamgongwon,heal,힐링·생태·체험,35.05859,129.01568,60,1h,,,,N,N,Y,N,N,N,Y,부산 서구 암남동 산 193-4 · 전국시티투어 경유지 · 카카오 좌표
nation,전국,부산,·,ctt4,동아대학교 석당박물관,Dongadaehakgyo Seokdangbakmulgwan,herit,문화유산·전통체험,35.10485,129.01946,60,1h,,,,N,N,Y,N,N,N,Y,부산 서구 구덕로 225 · 전국시티투어 경유지 · 카카오 좌표
nation,전국,부산,·,ctt5,천마산하늘전망대,Cheonmasanhaneuljeonmangdae,activity,테마파크·액티비티,35.09357,129.01733,90,1h 30m,,,,N,N,Y,N,N,N,Y,부산 서구 해돋이로183번길 17-4 · 전국시티투어 경유지 · 카카오 좌표
nation,전국,부산,·,ctt6,평화공원,Pyeonghwagongwon,heal,힐링·생태·체험,35.1258,129.10031,60,1h,,,,N,N,Y,N,N,N,Y,부산 남구 대연동 706-5 · 전국시티투어 경유지 · 카카오 좌표
nation,전국,부산,·,ctt7,BIFF광장,BIFFgwangjang,food,로컬상권·먹거리,35.09887,129.02905,50,50m,,,,N,N,Y,N,N,N,Y,부산 중구 남포동3가 15-1 · 전국시티투어 경유지 · 카카오 좌표
nation,전국,부산,·,ctt8,UN기념공원 안내소,UNginyeomgongwon Annaeso,heal,힐링·생태·체험,35.1268,129.09596,60,1h,,,,N,N,Y,N,N,N,Y,부산 남구 유엔평화로 93 · 전국시티투어 경유지 · 카카오 좌표
nation,전국,대구,·,ctt9,군위한밤마을 돌담길,Gunwihanbammaeul Doldamgil,food,로컬상권·먹거리,36.05926,128.655,50,50m,,,,N,N,Y,N,N,N,Y,대구 군위군 부계면 한티로 2137-3 · 전국시티투어 경유지 · 카카오 좌표
nation,전국,대구,·,ctt10,삼국유사테마파크,Samgukyusatemapakeu,activity,테마파크·액티비티,36.16423,128.69612,90,1h 30m,,,,N,N,Y,N,N,N,Y,대구 군위군 의흥면 일연테마로 100 · 전국시티투어 경유지 · 카카오 좌표
nation,전국,대구,·,ctt11,사라온이야기마을,Saraoniyagimaeul,activity,테마파크·액티비티,36.23623,128.56742,90,1h 30m,,,,N,N,Y,N,N,N,Y,대구 군위군 군위읍 동서길 49 · 전국시티투어 경유지 · 카카오 좌표
nation,전국,대구,·,ctt12,영화 리틀포레스트 촬영지,Yeonghwa Riteulporeseuteu Chwalyeongji,heal,힐링·생태·체험,36.17973,128.66452,60,1h,,,,N,N,Y,N,N,N,Y,대구 군위군 우보면 미성5길 58-1 · 전국시티투어 경유지 · 카카오 좌표
nation,전국,대구,·,ctt13,도동서원,Dodongseowon,herit,문화유산·전통체험,35.70102,128.37193,60,1h,,,,N,N,Y,N,N,N,Y,대구 달성군 구지면 도동서원로 1 · 전국시티투어 경유지 · 카카오 좌표
nation,전국,대구,·,ctt14,송해공원,Songhaegongwon,heal,힐링·생태·체험,35.76858,128.4874,60,1h,,,,N,N,Y,N,N,N,Y,대구 달성군 옥포읍 기세리 969-44 · 전국시티투어 경유지 · 카카오 좌표
nation,전국,대구,·,ctt15,비슬산자연휴양림,Biseulsanjayeonhyuyangrim,heal,힐링·생태·체험,35.68963,128.51362,60,1h,,,,N,N,Y,N,N,N,Y,대구 달성군 유가읍 일연선사길 99 · 전국시티투어 경유지 · 카카오 좌표
nation,전국,대구,·,ctt16,대구수목원,Daegusumokwon,heal,힐링·생태·체험,35.79972,128.52202,60,1h,,,,N,N,Y,N,N,N,Y,대구 달서구 화암로 342 · 전국시티투어 경유지 · 카카오 좌표
nation,전국,대구,·,ctt17,마비정벽화마을,Mabijeongbyeokhwamaeul,herit,문화유산·전통체험,35.77877,128.54161,60,1h,,,,N,N,Y,N,N,N,Y,대구 달성군 화원읍 마비정길 262-5 · 전국시티투어 경유지 · 카카오 좌표
nation,전국,대구,·,ctt18,화원자연휴양림,Hwawonjayeonhyuyangrim,heal,힐링·생태·체험,35.77223,128.53561,60,1h,,,,N,N,Y,N,N,N,Y,대구 달성군 화원읍 화원휴양림길 126 · 전국시티투어 경유지 · 카카오 좌표
nation,전국,대구,·,ctt19,대명유수지,Daemyeongyusuji,heal,힐링·생태·체험,35.82237,128.49105,60,1h,,,,N,N,Y,N,N,N,Y,대구 달서구 대천동 816 · 전국시티투어 경유지 · 카카오 좌표
nation,전국,대구,·,ctt20,삼존석굴모전석탑,Samjonseokgulmojeonseoktap,herit,문화유산·전통체험,36.04872,128.64091,60,1h,,,,N,N,Y,N,N,N,Y,대구 군위군 부계면 남산4길 24 · 전국시티투어 경유지 · 카카오 좌표
nation,전국,대구,·,ctt21,김수환추기경사랑과나눔공원,Gimsuhwanchugigyeongsaranggwananumgongwon,heal,힐링·생태·체험,36.23237,128.59964,60,1h,,,,N,N,Y,N,N,N,Y,대구 군위군 군위읍 군위금성로 270 · 전국시티투어 경유지 · 카카오 좌표
nation,전국,대구,·,ctt22,엄마아빠어렸을적에,Eommaappaeoryeoteuljeoke,activity,테마파크·액티비티,36.1278,128.69667,90,1h 30m,,,,N,N,Y,N,N,N,Y,대구 군위군 산성면 산성가음로 722 · 전국시티투어 경유지 · 카카오 좌표
nation,전국,대구,·,ctt23,화원유원지,Hwawonyuwonji,heal,힐링·생태·체험,35.81306,128.48236,60,1h,,,,N,N,Y,N,N,N,Y,대구 달성군 화원읍 사문진로1길 40-14 · 전국시티투어 경유지 · 카카오 좌표
nation,전국,대구,·,ctt24,달성습지,Dalseongseupji,heal,힐링·생태·체험,35.82333,128.4834,60,1h,,,,N,N,Y,N,N,N,Y,대구 달성군 화원읍 구라리 1769 · 전국시티투어 경유지 · 카카오 좌표
nation,전국,대구,·,ctt25,디아크문화관,Diakeumunhwagwan,heal,힐링·생태·체험,35.83885,128.46807,60,1h,,,,N,N,Y,N,N,N,Y,대구 달성군 다사읍 강정본길 57 · 전국시티투어 경유지 · 카카오 좌표
nation,전국,대구,·,ctt26,봉무공원,Bongmugongwon,heal,힐링·생태·체험,35.9194,128.65018,60,1h,,,,N,N,Y,N,N,N,Y,대구 동구 팔공로50길 66 · 전국시티투어 경유지 · 카카오 좌표
nation,전국,대구,·,ctt27,갓바위 자생식물원,Gatbawi Jasaengsikmulwon,heal,힐링·생태·체험,35.97083,128.72554,60,1h,,,,N,N,Y,N,N,N,Y,대구 동구 갓바위로 223-7 · 전국시티투어 경유지 · 카카오 좌표
nation,전국,대구,·,ctt28,대구방짜유기박물관,Daegubangjjayugibakmulgwan,herit,문화유산·전통체험,35.96561,128.70127,60,1h,,,,N,N,Y,N,N,N,Y,대구 동구 도장길 29 · 전국시티투어 경유지 · 카카오 좌표
nation,전국,대구,·,ctt29,대구중구골목투어 근대문화골목(2코스),Daegujunggugolmoktueo Geundaemunhwagolmok(2koseu),heal,힐링·생태·체험,35.86787,128.5903,60,1h,,,,N,N,Y,N,N,N,Y,대구 중구 장관동 55-1 · 전국시티투어 경유지 · 카카오 좌표
nation,전국,대구,·,ctt30,두류공원,Duryugongwon,heal,힐링·생태·체험,35.84863,128.55903,60,1h,,,,N,N,Y,N,N,N,Y,대구 달서구 두류동 산 310-9 · 전국시티투어 경유지 · 카카오 좌표
nation,전국,대구,·,ctt31,앞산해넘이전망대,Apsanhaeneomijeonmangdae,activity,테마파크·액티비티,35.83181,128.5657,90,1h 30m,,,,N,N,Y,N,N,N,Y,대구 남구 대명동 산 218-15 · 전국시티투어 경유지 · 카카오 좌표
nation,전국,대구,·,ctt32,대구앞산공원,Daeguapsangongwon,heal,힐링·생태·체험,35.82722,128.58766,60,1h,,,,N,N,Y,N,N,N,Y,대구 남구 대명동 산 227-5 · 전국시티투어 경유지 · 카카오 좌표
nation,전국,대구,·,ctt33,고산골공룡공원,Gosangolgongryonggongwon,activity,테마파크·액티비티,35.83004,128.60345,90,1h 30m,,,,N,N,Y,N,N,N,Y,대구 남구 용두2길 43 · 전국시티투어 경유지 · 카카오 좌표
nation,전국,대구,·,ctt34,메타세콰이어길,Metasekwaieogil,heal,힐링·생태·체험,35.84998,128.48,60,1h,,,,N,N,Y,N,N,N,Y,대구 달서구 호산로 126 · 전국시티투어 경유지 · 카카오 좌표
nation,전국,대구,·,ctt35,동촌유원지,Dongchonyuwonji,heal,힐링·생태·체험,35.88262,128.65047,60,1h,,,,N,N,Y,N,N,N,Y,대구 동구 효동로6길 73 · 전국시티투어 경유지 · 카카오 좌표
nation,전국,광양,·,ctt36,광양김시식지,Gwangyanggimsisikji,herit,문화유산·전통체험,34.94686,127.75171,60,1h,,,,N,N,Y,N,N,N,Y,전남광주통합특별시 광양시 김시식지1길 57-6 · 전국시티투어 경유지 · 카카오 좌표
nation,전국,광양,·,ctt37,섬진강망덕포구먹거리타운,Seomjingangmangdeokpogumeokgeoritaun,food,로컬상권·먹거리,34.97072,127.75931,50,50m,,,,N,N,Y,N,N,N,Y,전남광주통합특별시 광양시 진월면 망덕리 845-82 · 전국시티투어 경유지 · 카카오 좌표
nation,전국,광양,·,ctt38,조선수군지 선소기념관,Joseonsugunji Seonsoginyeomgwan,herit,문화유산·전통체험,34.97867,127.7584,60,1h,,,,N,N,Y,N,N,N,Y,전남광주통합특별시 광양시 진월면 선소중앙길 31 · 전국시티투어 경유지 · 카카오 좌표
nation,전국,광양,·,ctt39,백운산자연휴양림,Baekunsanjayeonhyuyangrim,heal,힐링·생태·체험,35.05372,127.59743,60,1h,,,,N,N,Y,N,N,N,Y,전남광주통합특별시 광양시 옥룡면 백계로 337 · 전국시티투어 경유지 · 카카오 좌표
nation,전국,광양,·,ctt40,백운산산림박물관,Baekunsansanrimbakmulgwan,herit,문화유산·전통체험,35.05314,127.5974,60,1h,,,,N,N,Y,N,N,N,Y,전남광주통합특별시 광양시 옥룡면 백계로 337-1 · 전국시티투어 경유지 · 카카오 좌표
nation,전국,광양,·,ctt41,광양불고기특화거리,Gwangyangbulgogiteukhwageori,food,로컬상권·먹거리,34.96946,127.57905,50,50m,,,,N,N,Y,N,N,N,Y,전남광주통합특별시 광양시 광양읍 칠성리 · 전국시티투어 경유지 · 카카오 좌표
nation,전국,광양,·,ctt42,광양시관광안내소,Gwangyangsigwangwangannaeso,heal,힐링·생태·체험,34.93646,127.69846,60,1h,,,,N,N,Y,N,N,N,Y,전남광주통합특별시 광양시 중마중앙로 70 · 전국시티투어 경유지 · 카카오 좌표
nation,전국,광양,·,ctt43,이순신대교 먹거리타운,Isunsindaegyo Meokgeoritaun,food,로컬상권·먹거리,34.93427,127.69997,50,50m,,,,N,N,Y,N,N,N,Y,전남광주통합특별시 광양시 중동 1800 · 전국시티투어 경유지 · 카카오 좌표
nation,전국,여수,·,ctt44,소호동동다리,Sohodongdongdari,heal,힐링·생태·체험,34.74088,127.65075,60,1h,,,,N,N,Y,N,N,N,Y,전남광주통합특별시 여수시 소호동 498-1 · 전국시티투어 경유지 · 카카오 좌표
nation,전국,여수,·,ctt45,여수선소유적,Yeosuseonsoyujeok,herit,문화유산·전통체험,34.75501,127.66322,60,1h,,,,N,N,Y,N,N,N,Y,전남광주통합특별시 여수시 시전동 708 · 전국시티투어 경유지 · 카카오 좌표
nation,전국,여수,·,ctt46,하멜전시관,Hameljeonsigwan,activity,테마파크·액티비티,34.7367,127.74854,90,1h 30m,,,,N,N,Y,N,N,N,Y,전남광주통합특별시 여수시 하멜로 96 · 전국시티투어 경유지 · 카카오 좌표
nation,전국,여수,·,ctt47,여수국가산업단지전망대,Yeosugukgasaneopdanjijeonmangdae,activity,테마파크·액티비티,34.80127,127.64843,90,1h 30m,,,,N,N,Y,N,N,N,Y,전남광주통합특별시 여수시 화치동 산 183-1 · 전국시티투어 경유지 · 카카오 좌표
nation,전국,여수,·,ctt48,여수충민사,Yeosuchungminsa,herit,문화유산·전통체험,34.75858,127.73482,60,1h,,,,N,N,Y,N,N,N,Y,전남광주통합특별시 여수시 충민사길 52-23 · 전국시티투어 경유지 · 카카오 좌표
nation,전국,여수,·,ctt49,고소대,Gosodae,herit,문화유산·전통체험,34.74011,127.73872,60,1h,,,,N,N,Y,N,N,N,Y,전남광주통합특별시 여수시 고소3길 13 · 전국시티투어 경유지 · 카카오 좌표
nation,전국,여수,·,ctt50,이충무공 어머니 사시던 곳,Ichungmugong Eomeoni Sasideon Got,herit,문화유산·전통체험,34.74188,127.68483,60,1h,,,,N,N,Y,N,N,N,Y,전남광주통합특별시 여수시 신월로 195 · 전국시티투어 경유지 · 카카오 좌표
nation,전국,여수,·,ctt51,여순사건 기념관,Yeosunsageon Ginyeomgwan,herit,문화유산·전통체험,34.74542,127.76606,60,1h,,,,N,N,Y,N,N,N,Y,전남광주통합특별시 여수시 오동도로 242 · 전국시티투어 경유지 · 카카오 좌표
nation,전국,여수,·,ctt52,낭도,Nangdo,sea,해양·자연경관,34.60745,127.547,40,40m,,,,N,N,Y,N,N,N,Y,전남광주통합특별시 여수시 화정면 낭도리 산 197 · 전국시티투어 경유지 · 카카오 좌표
nation,전국,여수,·,ctt53,적금도,Jeokgeumdo,sea,해양·자연경관,34.62887,127.51411,40,40m,,,,N,N,Y,N,N,N,Y,전남광주통합특별시 여수시 화정면 적금리 378 · 전국시티투어 경유지 · 카카오 좌표
nation,전국,여수,·,ctt54,적금도전망공원,Jeokgeumdojeonmanggongwon,heal,힐링·생태·체험,34.62335,127.51526,60,1h,,,,N,N,Y,N,N,N,Y,전남광주통합특별시 여수시 화정면 적금리 158 · 전국시티투어 경유지 · 카카오 좌표
nation,전국,여수,·,ctt55,가사리생태공원,Gasarisaengtaegongwon,heal,힐링·생태·체험,34.74739,127.59619,60,1h,,,,N,N,Y,N,N,N,Y,전남광주통합특별시 여수시 소라면 현천리 1038-2 · 전국시티투어 경유지 · 카카오 좌표
nation,전국,여수,·,ctt56,전남광주통합특별시해양수산과학관,Jeonnamgwangjutonghapteukbyeolsihaeyangsusangwahakgwan,heal,힐링·생태·체험,34.68375,127.77598,60,1h,,,,N,N,Y,N,N,N,Y,전남광주통합특별시 여수시 돌산읍 돌산로 2876 · 전국시티투어 경유지 · 카카오 좌표
nation,전국,목포,·,ctt57,유달유원지,Yudalyuwonji,heal,힐링·생태·체험,34.78745,126.36745,60,1h,,,,N,N,Y,N,N,N,Y,전남광주통합특별시 목포시 죽교동 465-142 · 전국시티투어 경유지 · 카카오 좌표
nation,전국,목포,·,ctt58,목포스카이워크,Mokposeukaiwokeu,heal,힐링·생태·체험,34.78773,126.36728,60,1h,,,,N,N,Y,N,N,N,Y,전남광주통합특별시 목포시 해양대학로 59 · 전국시티투어 경유지 · 카카오 좌표
nation,전국,목포,·,ctt59,가톨릭목포성지 역사박물관,Gatolrikmokposeongji Yeoksabakmulgwan,herit,문화유산·전통체험,34.79956,126.386,60,1h,,,,N,N,Y,N,N,N,Y,전남광주통합특별시 목포시 노송길 35 · 전국시티투어 경유지 · 카카오 좌표
nation,전국,목포,·,ctt60,김대중노벨평화상기념관,Gimdaejungnobelpyeonghwasangginyeomgwan,herit,문화유산·전통체험,34.78291,126.39219,60,1h,,,,N,N,Y,N,N,N,Y,전남광주통합특별시 목포시 삼학로92번길 68 · 전국시티투어 경유지 · 카카오 좌표
nation,전국,목포,·,ctt61,목포자연사박물관,Mokpojayeonsabakmulgwan,herit,문화유산·전통체험,34.79373,126.42107,60,1h,,,,N,N,Y,N,N,N,Y,전남광주통합특별시 목포시 남농로 135 · 전국시티투어 경유지 · 카카오 좌표
nation,전국,화성,·,ctt62,화성요트,Hwaseongyoteu,activity,테마파크·액티비티,37.1856,126.65105,90,1h 30m,,,,N,N,Y,N,N,N,Y,경기 화성시 만세구 서신면 전곡항로 5 · 전국시티투어 경유지 · 카카오 좌표
nation,전국,화성,·,ctt63,화성시공예문화관,Hwaseongsigongyemunhwagwan,heal,힐링·생태·체험,37.04313,126.75413,60,1h,,,,N,N,Y,N,N,N,Y,경기 화성시 만세구 우정읍 고온리안길 24-9 · 전국시티투어 경유지 · 카카오 좌표
nation,전국,화성,·,ctt64,예랑도예원,Yerangdoyewon,heal,힐링·생태·체험,37.21649,126.93479,60,1h,,,,N,N,Y,N,N,N,Y,경기 화성시 효행구 봉담읍 삼봉길 100-11 · 전국시티투어 경유지 · 카카오 좌표
nation,전국,화성,·,ctt65,소다미술관,Sodamisulgwan,activity,테마파크·액티비티,37.2016,127.00615,90,1h 30m,,,,N,N,Y,N,N,N,Y,경기 화성시 병점구 효행로707번길 30 · 전국시티투어 경유지 · 카카오 좌표
nation,전국,화성,·,ctt66,진주목장,Jinjumokjang,heal,힐링·생태·체험,37.24127,126.87933,60,1h,,,,N,N,Y,N,N,N,Y,경기 화성시 효행구 비봉면 일묵동길 24 · 전국시티투어 경유지 · 카카오 좌표
nation,전국,화성,·,ctt67,라바팜스토리,Rabapamseutori,activity,테마파크·액티비티,37.16821,126.81752,90,1h 30m,,,,N,N,Y,N,N,N,Y,경기 화성시 만세구 남양읍 남양로368번길 127 · 전국시티투어 경유지 · 카카오 좌표
nation,전국,화성,·,ctt68,백미리어촌체험휴양마을,Baekmirieochoncheheomhyuyangmaeul,activity,테마파크·액티비티,37.14346,126.68014,90,1h 30m,,,,N,N,Y,N,N,N,Y,경기 화성시 만세구 서신면 백미길 210-35 · 전국시티투어 경유지 · 카카오 좌표
nation,전국,화성,·,ctt69,제부마리나 클럽하우스,Jebumarina Keulreophauseu,heal,힐링·생태·체험,37.17549,126.62798,60,1h,,,,N,N,Y,N,N,N,Y,경기 화성시 만세구 서신면 해안길 467 · 전국시티투어 경유지 · 카카오 좌표
nation,전국,화성,·,ctt70,궁평관광지,Gungpyeonggwangwangji,heal,힐링·생태·체험,37.12844,126.68324,60,1h,,,,N,N,Y,N,N,N,Y,경기 화성시 만세구 서신면 궁평리 513-9 · 전국시티투어 경유지 · 카카오 좌표
nation,전국,화성,·,ctt71,전곡항 층상 응회암,Jeongokhang Cheungsang Eunghoeam,heal,힐링·생태·체험,37.1829,126.6513,60,1h,,,,N,N,Y,N,N,N,Y,경기 화성시 만세구 서신면 장외리 · 전국시티투어 경유지 · 카카오 좌표
nation,전국,화성,·,ctt72,화성황금해안길 3구간 궁평관광길,Hwaseonghwanggeumhaeangil 3gugan Gungpyeonggwangwanggil,heal,힐링·생태·체험,37.14066,126.6795,60,1h,,,,N,N,Y,N,N,N,Y,경기 화성시 만세구 서신면 백미리 352-5 · 전국시티투어 경유지 · 카카오 좌표
nation,전국,화성,·,ctt73,화성융릉과건릉,Hwaseongyungreunggwageonreung,herit,문화유산·전통체험,37.21172,126.99097,60,1h,,,,N,N,Y,N,N,N,Y,경기 화성시 병점구 효행로481번길 21 · 전국시티투어 경유지 · 카카오 좌표
nation,전국,화성,·,ctt74,제부도,Jebudo,sea,해양·자연경관,37.17221,126.62402,40,40m,,,,N,N,Y,N,N,N,Y,경기 화성시 만세구 서신면 제부리 · 전국시티투어 경유지 · 카카오 좌표
nation,전국,화성,·,ctt75,공룡알화석산지 방문자센터,Gongryongalhwaseoksanji Bangmunjasenteo,heal,힐링·생태·체험,37.26235,126.74706,60,1h,,,,N,N,Y,N,N,N,Y,경기 화성시 만세구 송산면 공룡로 659 · 전국시티투어 경유지 · 카카오 좌표
nation,전국,화성,·,ctt76,제부도해상케이블카 서해랑 전곡정류장,Jebudohaesangkeibeulka Seohaerang Jeongokjeongryujang,activity,테마파크·액티비티,37.18391,126.65009,90,1h 30m,,,,N,N,Y,N,N,N,Y,경기 화성시 만세구 서신면 전곡항로 1-10 · 전국시티투어 경유지 · 카카오 좌표
nation,전국,화성,·,ctt77,화성시우리꽃식물원,Hwaseongsiurikkotsikmulwon,heal,힐링·생태·체험,37.11543,126.88287,60,1h,,,,N,N,Y,N,N,N,Y,경기 화성시 만세구 팔탄면 3.1만세로 777-17 · 전국시티투어 경유지 · 카카오 좌표
nation,전국,화성,·,ctt78,서해랑길 87코스,Seohaeranggil 87koseu,heal,힐링·생태·체험,37.05855,126.75314,60,1h,,,,N,N,Y,N,N,N,Y,경기 화성시 만세구 우정읍 매향리 976 · 전국시티투어 경유지 · 카카오 좌표
nation,전국,화성,·,ctt79,남양성모성지,Namyangseongmoseongji,herit,문화유산·전통체험,37.20504,126.81676,60,1h,,,,N,N,Y,N,N,N,Y,경기 화성시 만세구 남양읍 남양성지로 112 · 전국시티투어 경유지 · 카카오 좌표
nation,전국,화성,·,ctt80,용주사,Yongjusa,herit,문화유산·전통체험,37.21217,127.00508,60,1h,,,,N,N,Y,N,N,N,Y,경기 화성시 병점구 용주로 136 · 전국시티투어 경유지 · 카카오 좌표
nation,전국,화성,·,ctt81,화성시독립운동기념관,Hwaseongsidokripundongginyeomgwan,herit,문화유산·전통체험,37.125,126.89032,60,1h,,,,N,N,Y,N,N,N,Y,경기 화성시 만세구 향남읍 제암고주로 34 · 전국시티투어 경유지 · 카카오 좌표
nation,전국,화성,·,ctt82,정조효공원,Jeongjohyogongwon,heal,힐링·생태·체험,37.20623,126.99651,60,1h,,,,N,N,Y,N,N,N,Y,경기 화성시 병점구 안녕동 228 · 전국시티투어 경유지 · 카카오 좌표
nation,전국,합천,·,ctt83,핫들생태공원,Hatdeulsaengtaegongwon,heal,힐링·생태·체험,35.57494,128.16933,60,1h,,,,N,N,Y,N,N,N,Y,경남 합천군 율곡면 임북리 810-1 · 전국시티투어 경유지 · 카카오 좌표
nation,전국,밀양,·,ctt84,만어사,Maneosa,herit,문화유산·전통체험,35.45489,128.84607,60,1h,,,,N,N,Y,N,N,N,Y,경남 밀양시 삼랑진읍 만어로 776 · 전국시티투어 경유지 · 카카오 좌표
nation,전국,밀양,·,ctt85,수산제역사공원,Susanjeyeoksagongwon,heal,힐링·생태·체험,35.38195,128.71698,60,1h,,,,N,N,Y,N,N,N,Y,경남 밀양시 하남읍 양동리 671 · 전국시티투어 경유지 · 카카오 좌표
nation,전국,밀양,·,ctt86,밀양아리랑 우주천문대,Milyangarirang Ujucheonmundae,heal,힐링·생태·체험,35.50258,128.76108,60,1h,,,,N,N,Y,N,N,N,Y,경남 밀양시 밀양대공원로 86 · 전국시티투어 경유지 · 카카오 좌표
nation,전국,밀양,·,ctt87,밀양향교,Milyanghyanggyo,herit,문화유산·전통체험,35.50654,128.75475,60,1h,,,,N,N,Y,N,N,N,Y,경남 밀양시 밀양향교3길 19 · 전국시티투어 경유지 · 카카오 좌표
nation,전국,밀양,·,ctt88,밀양아리랑아트센터,Milyangarirangateusenteo,activity,테마파크·액티비티,35.50436,128.75838,90,1h 30m,,,,N,N,Y,N,N,N,Y,경남 밀양시 밀양대공원로 112 · 전국시티투어 경유지 · 카카오 좌표
nation,전국,사천,·,ctt89,사천시 우주항공청 홍보관,Sacheonsi Ujuhanggongcheong Hongbogwan,activity,테마파크·액티비티,35.00372,128.06421,90,1h 30m,,,,N,N,Y,N,N,N,Y,경남 사천시 용현면 시청로 77 · 전국시티투어 경유지 · 카카오 좌표
nation,전국,사천,·,ctt90,무지갯빛해안도로,Mujigaetbithaeandoro,heal,힐링·생태·체험,35.00946,128.04704,60,1h,,,,N,N,Y,N,N,N,Y,경남 사천시 용현면 금문리 212-3 · 전국시티투어 경유지 · 카카오 좌표
nation,전국,사천,·,ctt91,다솔사 봉일암,Dasolsa Bongilam,herit,문화유산·전통체험,35.0846,127.91956,60,1h,,,,N,N,Y,N,N,N,Y,경남 사천시 곤명면 다솔사길 424 · 전국시티투어 경유지 · 카카오 좌표
nation,전국,사천,·,ctt92,사천조명군총,Sacheonjomyeonggunchong,herit,문화유산·전통체험,35.04147,128.04777,60,1h,,,,N,N,Y,N,N,N,Y,경남 사천시 용현면 선진리 402 · 전국시티투어 경유지 · 카카오 좌표
nation,전국,사천,·,ctt93,모충공원,Mochunggongwon,heal,힐링·생태·체험,34.9685,128.0479,60,1h,,,,N,N,Y,N,N,N,Y,경남 사천시 송포동 산 161-5 · 전국시티투어 경유지 · 카카오 좌표
nation,전국,사천,·,ctt94,사천케이블카자연휴양림,Sacheonkeibeulkajayeonhyuyangrim,heal,힐링·생태·체험,34.95017,128.05761,60,1h,,,,N,N,Y,N,N,N,Y,경남 사천시 실안길 242-45 · 전국시티투어 경유지 · 카카오 좌표
nation,전국,영주,·,ctt95,영주금성대군신단,Yeongjugeumseongdaegunsindan,herit,문화유산·전통체험,36.92729,128.57854,60,1h,,,,N,N,Y,N,N,N,Y,경북 영주시 순흥면 소백로2767번길 5 · 전국시티투어 경유지 · 카카오 좌표
nation,전국,영주,·,ctt96,관사골 부용대,Gwansagol Buyongdae,heal,힐링·생태·체험,36.83011,128.6177,60,1h,,,,N,N,Y,N,N,N,Y,경북 영주시 영주동 150-11 · 전국시티투어 경유지 · 카카오 좌표
nation,전국,영주,·,ctt97,영주댐전망대,Yeongjudaemjeonmangdae,activity,테마파크·액티비티,36.73205,128.67451,90,1h 30m,,,,N,N,Y,N,N,N,Y,경북 영주시 평은면 수변로 50-61 · 전국시티투어 경유지 · 카카오 좌표
nation,전국,영주,·,ctt98,용마루2공원,Yongmaru2gongwon,heal,힐링·생태·체험,36.72939,128.67321,60,1h,,,,N,N,Y,N,N,N,Y,경북 영주시 평은면 금광리 1401 · 전국시티투어 경유지 · 카카오 좌표
nation,전국,익산,·,ctt99,무왕릉,Muwangreung,herit,문화유산·전통체험,35.98,127.03325,60,1h,,,,N,N,Y,N,N,N,Y,전북특별자치도 익산시 석왕동 산 55 · 전국시티투어 경유지 · 카카오 좌표
nation,전국,익산,·,ctt100,나바위성지 성당,Nabawiseongji Seongdang,herit,문화유산·전통체험,36.13826,126.99944,60,1h,,,,N,N,Y,N,N,N,Y,전북특별자치도 익산시 망성면 나바위1길 146 · 전국시티투어 경유지 · 카카오 좌표
nation,전국,익산,·,ctt101,익산문화예술의거리,Iksanmunhwayesuluigeori,food,로컬상권·먹거리,35.93912,126.94806,50,50m,,,,N,N,Y,N,N,N,Y,전북특별자치도 익산시 중앙동1가 · 전국시티투어 경유지 · 카카오 좌표
nation,전국,홍성,·,ctt102,광천토굴새우젓 홍보전시관,Gwangcheontogulsaeujeot Hongbojeonsigwan,activity,테마파크·액티비티,36.4873,126.61644,90,1h 30m,,,,N,N,Y,N,N,N,Y,충남 홍성군 광천읍 광천로 119 · 전국시티투어 경유지 · 카카오 좌표
nation,전국,홍성,·,ctt103,광천 새우젓토굴 테마공원,Gwangcheon Saeujeottogul Temagongwon,heal,힐링·생태·체험,36.48763,126.61759,60,1h,,,,N,N,Y,N,N,N,Y,충남 홍성군 광천읍 옹암리 475 · 전국시티투어 경유지 · 카카오 좌표
nation,전국,홍성,·,ctt104,그림같은수목원,Geurimgateunsumokwon,heal,힐링·생태·체험,36.5195,126.6279,60,1h,,,,N,N,Y,N,N,N,Y,충남 홍성군 광천읍 충서로400번길 102-36 · 전국시티투어 경유지 · 카카오 좌표
nation,전국,홍성,·,ctt105,남당노을전망대,Namdangnoeuljeonmangdae,activity,테마파크·액티비티,36.54434,126.46558,90,1h 30m,,,,N,N,Y,N,N,N,Y,충남 홍성군 서부면 남당리 767-18 · 전국시티투어 경유지 · 카카오 좌표
nation,전국,홍성,·,ctt106,어사리 노을공원,Eosari Noeulgongwon,heal,힐링·생태·체험,36.5557,126.4685,60,1h,,,,N,N,Y,N,N,N,Y,충남 홍성군 서부면 어사리 490-1 · 전국시티투어 경유지 · 카카오 좌표
nation,전국,홍성,·,ctt107,이응노의집,Ieungnouijip,herit,문화유산·전통체험,36.62248,126.63176,60,1h,,,,N,N,Y,N,N,N,Y,충남 홍성군 홍북읍 이응노로 61-7 · 전국시티투어 경유지 · 카카오 좌표
nation,전국,서산,·,ctt108,서산버드랜드,Seosanbeodeuraendeu,heal,힐링·생태·체험,36.6311,126.3784,60,1h,,,,N,N,Y,N,N,N,Y,충남 서산시 부석면 천수만로 655-73 · 전국시티투어 경유지 · 카카오 좌표
nation,전국,서산,·,ctt109,천수만,Cheonsuman,heal,힐링·생태·체험,36.59108,126.41393,60,1h,,,,N,N,Y,N,N,N,Y,충남 서산시 부석면 간월도리 · 전국시티투어 경유지 · 카카오 좌표
nation,전국,서산,·,ctt110,서산시광역자원회수시설 전망대,Seosansigwangyeokjawonhoesusiseol Jeonmangdae,activity,테마파크·액티비티,36.72282,126.45596,90,1h 30m,,,,N,N,Y,N,N,N,Y,충남 서산시 양대11로 34 · 전국시티투어 경유지 · 카카오 좌표
nation,전국,서산,·,ctt111,서산동부전통시장 쌈지공원,Seosandongbujeontongsijang Ssamjigongwon,heal,힐링·생태·체험,36.78274,126.45536,60,1h,,,,N,N,Y,N,N,N,Y,충남 서산시 동문동 900 · 전국시티투어 경유지 · 카카오 좌표
nation,전국,서산,·,ctt112,황금산,Hwanggeumsan,heal,힐링·생태·체험,36.99016,126.33062,60,1h,,,,N,N,Y,N,N,N,Y,충남 서산시 대산읍 독곶리 산 230-2 · 전국시티투어 경유지 · 카카오 좌표
nation,전국,서산,·,ctt113,안견기념관,Angyeonginyeomgwan,herit,문화유산·전통체험,36.86403,126.43854,60,1h,,,,N,N,Y,N,N,N,Y,충남 서산시 지곡면 안견관길 15-17 · 전국시티투어 경유지 · 카카오 좌표
nation,전국,서산,·,ctt114,해미 국제성지,Haemi Gukjeseongji,herit,문화유산·전통체험,36.71287,126.53775,60,1h,,,,N,N,Y,N,N,N,Y,충남 서산시 해미면 성지1로 13 · 전국시티투어 경유지 · 카카오 좌표
nation,전국,천안,·,ctt115,충청남도안전체험관,Chungcheongnamdoanjeoncheheomgwan,activity,테마파크·액티비티,36.82172,127.1916,90,1h 30m,,,,N,N,Y,N,N,N,Y,충남 천안시 동남구 태조산길 267-17 · 전국시티투어 경유지 · 카카오 좌표
nation,전국,천안,·,ctt116,태조산공원,Taejosangongwon,heal,힐링·생태·체험,36.8237,127.1913,60,1h,,,,N,N,Y,N,N,N,Y,충남 천안시 동남구 태조산길 261 · 전국시티투어 경유지 · 카카오 좌표
nation,전국,천안,·,ctt117,유관순열사사적지,Yugwansunyeolsasajeokji,herit,문화유산·전통체험,36.75966,127.30782,60,1h,,,,N,N,Y,N,N,N,Y,충남 천안시 동남구 병천면 유관순길 38 · 전국시티투어 경유지 · 카카오 좌표
nation,전국,충주,·,ctt118,중원문화길 1코스(생태탐방길),Jungwonmunhwagil 1koseu(saengtaetambanggil),heal,힐링·생태·체험,37.01578,127.91822,60,1h,,,,N,N,Y,N,N,N,Y,충북 충주시 목행동 · 전국시티투어 경유지 · 카카오 좌표
nation,전국,충주,·,ctt119,비내길 2코스,Binaegil 2koseu,heal,힐링·생태·체험,37.09961,127.81594,60,1h,,,,N,N,Y,N,N,N,Y,충북 충주시 앙성면 조천리 산 40 · 전국시티투어 경유지 · 카카오 좌표
nation,전국,태백,·,ctt120,철암탄광역사촌,Cheolamtangwangyeoksachon,heal,힐링·생태·체험,37.11415,129.03715,60,1h,,,,N,N,Y,N,N,N,Y,강원특별자치도 태백시 동태백로 402 · 전국시티투어 경유지 · 카카오 좌표
nation,전국,원주,·,ctt121,빙하미술관,Binghamisulgwan,activity,테마파크·액티비티,37.39361,127.78905,90,1h 30m,,,,N,N,Y,N,N,N,Y,강원특별자치도 원주시 지정면 구재로 66 · 전국시티투어 경유지 · 카카오 좌표
nation,전국,연천,·,ctt122,숭의전,Sunguijeon,herit,문화유산·전통체험,38.02372,126.97307,60,1h,,,,N,N,Y,N,N,N,Y,경기 연천군 미산면 숭의전로 382-27 · 전국시티투어 경유지 · 카카오 좌표
nation,전국,연천,·,ctt123,은대리문화벽돌공장,Eundaerimunhwabyeokdolgongjang,heal,힐링·생태·체험,38.05119,127.07134,60,1h,,,,N,N,Y,N,N,N,Y,경기 연천군 전곡읍 평화로940번길 72-27 · 전국시티투어 경유지 · 카카오 좌표
nation,전국,연천,·,ctt124,재인폭포,Jaeinpokpo,heal,힐링·생태·체험,38.07693,127.14337,60,1h,,,,N,N,Y,N,N,N,Y,경기 연천군 연천읍 부곡리 산 235 · 전국시티투어 경유지 · 카카오 좌표
nation,전국,연천,·,ctt125,태풍전망대,Taepungjeonmangdae,activity,테마파크·액티비티,38.12595,126.97302,90,1h 30m,,,,N,N,Y,N,N,N,Y,경기 연천군 중면 횡산리 산 108-1 · 전국시티투어 경유지 · 카카오 좌표
nation,전국,연천,·,ctt126,한탄강 베개용암 출렁다리,Hantangang Begaeyongam Chulreongdari,heal,힐링·생태·체험,38.03965,127.11367,60,1h,,,,N,N,Y,N,N,N,Y,경기 연천군 전곡읍 신답리 산 98 · 전국시티투어 경유지 · 카카오 좌표
nation,전국,연천,·,ctt127,임진강자연센터,Imjingangjayeonsenteo,heal,힐링·생태·체험,38.01903,127.01421,60,1h,,,,N,N,Y,N,N,N,Y,경기 연천군 미산면 마동로196번길 226-23 · 전국시티투어 경유지 · 카카오 좌표
nation,전국,연천,·,ctt128,연천 경순왕릉,Yeoncheon Gyeongsunwangreung,herit,문화유산·전통체험,37.99069,126.84361,60,1h,,,,N,N,Y,N,N,N,Y,경기 연천군 장남면 장남로 288 · 전국시티투어 경유지 · 카카오 좌표
nation,전국,연천,·,ctt129,고랑포구역사공원,Gorangpoguyeoksagongwon,heal,힐링·생태·체험,37.98762,126.84684,60,1h,,,,N,N,Y,N,N,N,Y,경기 연천군 장남면 고랑포리 209-2 · 전국시티투어 경유지 · 카카오 좌표
nation,전국,연천,·,ctt130,연천호로고루,Yeoncheonhorogoru,herit,문화유산·전통체험,37.98619,126.85856,60,1h,,,,N,N,Y,N,N,N,Y,경기 연천군 장남면 원당리 1257-1 · 전국시티투어 경유지 · 카카오 좌표
nation,전국,이천,·,ctt131,도예촌쌀밥거리,Doyechonssalbapgeori,food,로컬상권·먹거리,37.3111,127.40103,50,50m,,,,N,N,Y,N,N,N,Y,경기 이천시 신둔면 수광리 · 전국시티투어 경유지 · 카카오 좌표
nation,전국,이천,·,ctt132,이천산수유마을,Icheonsansuyumaeul,heal,힐링·생태·체험,37.34078,127.4623,60,1h,,,,N,N,Y,N,N,N,Y,경기 이천시 백사면 원적로775번길 17 · 전국시티투어 경유지 · 카카오 좌표
nation,전국,이천,·,ctt133,서경들마을,Seogyeongdeulmaeul,activity,테마파크·액티비티,37.1619,127.4811,90,1h 30m,,,,N,N,Y,N,N,N,Y,경기 이천시 모가면 진상미로1178번길 13 · 전국시티투어 경유지 · 카카오 좌표
nation,전국,이천,·,ctt134,자채방아마을,Jachaebangamaeul,activity,테마파크·액티비티,37.19115,127.50704,90,1h 30m,,,,N,N,Y,N,N,N,Y,경기 이천시 대월면 대월로358번길 168-24 · 전국시티투어 경유지 · 카카오 좌표
nation,전국,평택,·,ctt135,진위향교,Jinwihyanggyo,herit,문화유산·전통체험,37.09933,127.09481,60,1h,,,,N,N,Y,N,N,N,Y,경기 평택시 진위면 진위로 49 · 전국시티투어 경유지 · 카카오 좌표
nation,전국,평택,·,ctt136,원릉군기념관,Wonreunggunginyeomgwan,herit,문화유산·전통체험,37.05484,127.10675,60,1h,,,,N,N,Y,N,N,N,Y,경기 평택시 원릉군길 96-5 · 전국시티투어 경유지 · 카카오 좌표
nation,전국,평택,·,ctt137,정도전사당,Jeongdojeonsadang,herit,문화유산·전통체험,37.08001,127.12252,60,1h,,,,N,N,Y,N,N,N,Y,경기 평택시 진위면 은산길 80-15 · 전국시티투어 경유지 · 카카오 좌표
nation,전국,평택,·,ctt138,만기사,Mangisa,herit,문화유산·전통체험,37.10806,127.10065,60,1h,,,,N,N,Y,N,N,N,Y,경기 평택시 진위면 진위로 181-82 · 전국시티투어 경유지 · 카카오 좌표
nation,전국,평택,·,ctt139,평택향교,Pyeongtaekhyanggyo,herit,문화유산·전통체험,36.96548,127.05604,60,1h,,,,N,N,Y,N,N,N,Y,경기 평택시 팽성읍 부용로17번길 40 · 전국시티투어 경유지 · 카카오 좌표
nation,전국,평택,·,ctt140,농성,Nongseong,herit,문화유산·전통체험,36.96519,127.04476,60,1h,,,,N,N,Y,N,N,N,Y,경기 평택시 팽성읍 안정리 78-30 · 전국시티투어 경유지 · 카카오 좌표
nation,전국,평택,·,ctt141,수도사,Sudosa,herit,문화유산·전통체험,37.00262,126.82171,60,1h,,,,N,N,Y,N,N,N,Y,경기 평택시 포승읍 호암길 58 · 전국시티투어 경유지 · 카카오 좌표
nation,전국,평택,·,ctt142,심복사,Simboksa,herit,문화유산·전통체험,36.95048,126.9654,60,1h,,,,N,N,Y,N,N,N,Y,경기 평택시 현덕면 심복사길 22 · 전국시티투어 경유지 · 카카오 좌표
nation,전국,평택,·,ctt143,이대원장군묘및신도비,Idaewonjanggunmyomitsindobi,herit,문화유산·전통체험,36.96919,126.87466,60,1h,,,,N,N,Y,N,N,N,Y,경기 평택시 포승읍 희곡리 산 83-6 · 전국시티투어 경유지 · 카카오 좌표
nation,전국,평택,·,ctt144,오썸플랙스,Osseompeulraekseu,activity,테마파크·액티비티,37.02946,127.01459,90,1h 30m,,,,N,N,Y,N,N,N,Y,경기 평택시 고덕면 도시지원1길 91 · 전국시티투어 경유지 · 카카오 좌표
nation,전국,평택,·,ctt145,신당근린공원 평택항홍보관,Sindanggeunringongwon Pyeongtaekhanghongbogwan,activity,테마파크·액티비티,36.97009,126.84742,90,1h 30m,,,,N,N,Y,N,N,N,Y,경기 평택시 포승읍 평택항로 98 · 전국시티투어 경유지 · 카카오 좌표
nation,전국,평택,·,ctt146,평택문화원 웃다리문화촌,Pyeongtaekmunhwawon Utdarimunhwachon,heal,힐링·생태·체험,37.06879,127.00822,60,1h,,,,N,N,Y,N,N,N,Y,경기 평택시 서탄면 용소금각로 438-14 · 전국시티투어 경유지 · 카카오 좌표
nation,전국,평택,·,ctt147,팽성생활사박물관,Paengseongsaenghwalsabakmulgwan,herit,문화유산·전통체험,36.96061,127.04728,60,1h,,,,N,N,Y,N,N,N,Y,경기 평택시 팽성읍 안정로39번길 21 · 전국시티투어 경유지 · 카카오 좌표
nation,전국,평택,·,ctt148,원평나루,Wonpyeongnaru,heal,힐링·생태·체험,36.98487,127.08037,60,1h,,,,N,N,Y,N,N,N,Y,경기 평택시 평택동 · 전국시티투어 경유지 · 카카오 좌표
nation,전국,평택,·,ctt149,내리문화공원,Naerimunhwagongwon,heal,힐링·생태·체험,36.97493,127.03098,60,1h,,,,N,N,Y,N,N,N,Y,경기 평택시 팽성읍 내리 260 · 전국시티투어 경유지 · 카카오 좌표
nation,전국,평택,·,ctt150,안정리예술인광장,Anjeongriyesulingwangjang,heal,힐링·생태·체험,36.95956,127.04399,60,1h,,,,N,N,Y,N,N,N,Y,경기 평택시 팽성읍 안정쇼핑로 11 · 전국시티투어 경유지 · 카카오 좌표
nation,전국,평택,·,ctt151,평택시농업생태원,Pyeongtaeksinongeopsaengtaewon,activity,테마파크·액티비티,37.01313,126.98365,90,1h 30m,,,,N,N,Y,N,N,N,Y,경기 평택시 오성면 청오로 33-34 · 전국시티투어 경유지 · 카카오 좌표
nation,전국,평택,·,ctt152,평택호관광단지,Pyeongtaekhogwangwangdanji,heal,힐링·생태·체험,36.92144,126.92223,60,1h,,,,N,N,Y,N,N,N,Y,경기 평택시 현덕면 평택호길 159 · 전국시티투어 경유지 · 카카오 좌표
nation,전국,청주,·,ctt153,청주체육관,Cheongjucheyukgwan,activity,테마파크·액티비티,36.63657,127.47345,90,1h 30m,,,,N,N,Y,N,N,N,Y,충북 청주시 서원구 사직대로 229 · 전국시티투어 경유지 · 카카오 좌표
nation,전국,청주,·,ctt154,옥화9경 제1경 청석굴,Okhwa9gyeong Je1gyeong Cheongseokgul,heal,힐링·생태·체험,36.61374,127.68571,60,1h,,,,N,N,Y,N,N,N,Y,충북 청주시 상당구 미원면 운암리 산 22 · 전국시티투어 경유지 · 카카오 좌표
nation,전국,청주,·,ctt155,성안길,Seongangil,food,로컬상권·먹거리,36.63585,127.48901,50,50m,,,,N,N,Y,N,N,N,Y,충북 청주시 상당구 북문로1가 210-1 · 전국시티투어 경유지 · 카카오 좌표
nation,전국,여주,·,ctt156,대신섬,Daesinseom,sea,해양·자연경관,37.39505,127.54257,40,40m,,,,N,N,Y,N,N,N,Y,경기 여주시 대신면 천서리 545-5 · 전국시티투어 경유지 · 카카오 좌표
nation,전국,여주,·,ctt157,이포보전망대,Ipobojeonmangdae,activity,테마파크·액티비티,37.40538,127.54374,90,1h 30m,,,,N,N,Y,N,N,N,Y,경기 여주시 대신면 여양로 2001 · 전국시티투어 경유지 · 카카오 좌표
nation,전국,여주,·,ctt158,파사성,Pasaseong,herit,문화유산·전통체험,37.41122,127.54931,60,1h,,,,N,N,Y,N,N,N,Y,경기 여주시 대신면 천서리 산 9 · 전국시티투어 경유지 · 카카오 좌표
nation,전국,여주,·,ctt159,대로사,Daerosa,herit,문화유산·전통체험,37.29929,127.63313,60,1h,,,,N,N,Y,N,N,N,Y,경기 여주시 청심로 113 · 전국시티투어 경유지 · 카카오 좌표
nation,전국,여주,·,ctt160,금은모래캠핑장 어린이물놀이장,Geumeunmoraekaempingjang Eorinimulnolijang,activity,테마파크·액티비티,37.29392,127.66733,90,1h 30m,,,,N,N,Y,N,N,N,Y,경기 여주시 강변유원지길 105 · 전국시티투어 경유지 · 카카오 좌표
nation,전국,양산,·,ctt161,창기마을체험휴양관,Changgimaeulcheheomhyuyanggwan,activity,테마파크·액티비티,35.33486,129.12025,90,1h 30m,,,,N,N,Y,N,N,N,Y,경남 양산시 동면 창기1길 15-5 · 전국시티투어 경유지 · 카카오 좌표
nation,전국,양산,·,ctt162,한국궁중꽃박물관,Hangukgungjungkkotbakmulgwan,herit,문화유산·전통체험,35.36667,129.1758,60,1h,,,,N,N,Y,N,N,N,Y,경남 양산시 매곡외산로 232 · 전국시티투어 경유지 · 카카오 좌표
nation,전국,양산,·,ctt163,법기수원지,Beopgisuwonji,heal,힐링·생태·체험,35.34797,129.1063,60,1h,,,,N,N,Y,N,N,N,Y,경남 양산시 동면 법기로 198-13 · 전국시티투어 경유지 · 카카오 좌표
nation,전국,봉화,·,ctt164,가평리계서당,Gapyeongrigyeseodang,herit,문화유산·전통체험,36.94975,128.73346,60,1h,,,,N,N,Y,N,N,N,Y,경북 봉화군 물야면 계서당길 34-1 · 전국시티투어 경유지 · 카카오 좌표
nation,전국,봉화,·,ctt165,봉화닭실마을,Bonghwadaksilmaeul,activity,테마파크·액티비티,36.90483,128.74282,90,1h 30m,,,,N,N,Y,N,N,N,Y,경북 봉화군 봉화읍 충재길 42 · 전국시티투어 경유지 · 카카오 좌표
nation,전국,봉화,·,ctt166,봉화목재문화체험장,Bonghwamokjaemunhwacheheomjang,activity,테마파크·액티비티,36.9042,128.79951,90,1h 30m,,,,N,N,Y,N,N,N,Y,경북 봉화군 봉성면 구절로 151 · 전국시티투어 경유지 · 카카오 좌표
nation,전국,봉화,·,ctt167,오전약수탕,Ojeonyaksutang,heal,힐링·생태·체험,37.0134,128.75016,60,1h,,,,N,N,Y,N,N,N,Y,경북 봉화군 물야면 문수로 1601 · 전국시티투어 경유지 · 카카오 좌표
nation,전국,청도,·,ctt168,새마을운동발상지 기념관,Saemaeulundongbalsangji Ginyeomgwan,herit,문화유산·전통체험,35.60021,128.76616,60,1h,,,,N,N,Y,N,N,N,Y,경북 청도군 청도읍 새마을1길 34 · 전국시티투어 경유지 · 카카오 좌표
nation,전국,청도,·,ctt169,청도소싸움미디어체험관,Cheongdosossaummidieocheheomgwan,activity,테마파크·액티비티,35.68521,128.72419,90,1h 30m,,,,N,N,Y,N,N,N,Y,경북 청도군 화양읍 남성현로 346 · 전국시티투어 경유지 · 카카오 좌표
nation,전국,청도,·,ctt170,와인터널,Wainteoneol,heal,힐링·생태·체험,35.71439,128.72028,60,1h,,,,N,N,Y,N,N,N,Y,경북 청도군 화양읍 송금리 907-1 · 전국시티투어 경유지 · 카카오 좌표
nation,전국,안동,·,ctt171,하회세계탈박물관 하회장터,Hahoesegyetalbakmulgwan Hahoejangteo,heal,힐링·생태·체험,36.54951,128.52762,60,1h,,,,N,N,Y,N,N,N,Y,경북 안동시 풍천면 전서로 214-6 · 전국시티투어 경유지 · 카카오 좌표
nation,전국,안동,·,ctt172,탈놀이전수관,Talnolijeonsugwan,activity,테마파크·액티비티,36.54092,128.52433,90,1h 30m,,,,N,N,Y,N,N,N,Y,경북 안동시 풍천면 하회종가길 3-15 · 전국시티투어 경유지 · 카카오 좌표
nation,전국,안동,·,ctt173,영호루,Yeonghoru,herit,문화유산·전통체험,36.55269,128.72195,60,1h,,,,N,N,Y,N,N,N,Y,경북 안동시 강남로 187-5 · 전국시티투어 경유지 · 카카오 좌표
nation,전국,안동,·,ctt174,웅부공원,Ungbugongwon,heal,힐링·생태·체험,36.5662,128.73321,60,1h,,,,N,N,Y,N,N,N,Y,경북 안동시 서동문로 193 · 전국시티투어 경유지 · 카카오 좌표
nation,전국,예산,·,ctt175,덕산 메타세쿼이아길,Deoksan Metasekwoiagil,food,로컬상권·먹거리,36.68705,126.65962,50,50m,,,,N,N,Y,N,N,N,Y,충남 예산군 덕산면 시량리 27-31 · 전국시티투어 경유지 · 카카오 좌표
nation,전국,예산,·,ctt176,덕산온천족욕장,Deoksanoncheonjokyokjang,heal,힐링·생태·체험,36.69076,126.65937,60,1h,,,,N,N,Y,N,N,N,Y,충남 예산군 덕산면 온천단지2로 11 · 전국시티투어 경유지 · 카카오 좌표
nation,전국,부여,·,ctt177,사비수체육공원 축구장6,Sabisucheyukgongwon Chukgujang6,activity,테마파크·액티비티,36.27705,126.89677,90,1h 30m,,,,N,N,Y,N,N,N,Y,충남 부여군 부여읍 구교리 281 · 전국시티투어 경유지 · 카카오 좌표
nation,전국,부여,·,ctt178,충남종합관광안내소,Chungnamjonghapgwangwangannaeso,heal,힐링·생태·체험,36.28405,126.91453,60,1h,,,,N,N,Y,N,N,N,Y,충남 부여군 부여읍 성왕로 247-9 · 전국시티투어 경유지 · 카카오 좌표
nation,전국,부여,·,ctt179,신동엽문학관,Sindongyeopmunhakgwan,activity,테마파크·액티비티,36.27767,126.90936,90,1h 30m,,,,N,N,Y,N,N,N,Y,충남 부여군 부여읍 신동엽길 12 · 전국시티투어 경유지 · 카카오 좌표
nation,전국,부여,·,ctt180,백강문화관,Baekgangmunhwagwan,heal,힐링·생태·체험,36.28084,126.91018,60,1h,,,,N,N,Y,N,N,N,Y,충남 부여군 부여읍 사비로 91 · 전국시티투어 경유지 · 카카오 좌표
nation,전국,정선,·,ctt181,정선아리랑 창작센터,Jeongseonarirang Changjaksenteo,activity,테마파크·액티비티,37.3629,128.60159,90,1h 30m,,,,N,N,Y,N,N,N,Y,강원특별자치도 정선군 정선읍 정선로 411 · 전국시티투어 경유지 · 카카오 좌표
nation,전국,정선,·,ctt182,정선아라리촌,Jeongseonararichon,heal,힐링·생태·체험,37.3746,128.67191,60,1h,,,,N,N,Y,N,N,N,Y,강원특별자치도 정선군 정선읍 애산로 37 · 전국시티투어 경유지 · 카카오 좌표
nation,전국,정선,·,ctt183,정선가리왕산케이블카 숙암역,Jeongseongariwangsankeibeulka Sukamyeok,activity,테마파크·액티비티,37.47413,128.60982,90,1h 30m,,,,N,N,Y,N,N,N,Y,강원특별자치도 정선군 북평면 중봉길 41-35 · 전국시티투어 경유지 · 카카오 좌표
nation,전국,가평,·,ctt184,가평레일파크,Gapyeongreilpakeu,activity,테마파크·액티비티,37.82897,127.51584,90,1h 30m,,,,N,N,Y,N,N,N,Y,경기 가평군 가평읍 장터길 14 · 전국시티투어 경유지 · 카카오 좌표
nation,전국,가평,·,ctt185,가평빠지아토믹워터파크,Gapyeongppajiatomikwoteopakeu,activity,테마파크·액티비티,37.7998,127.52328,90,1h 30m,,,,N,N,Y,N,N,N,Y,경기 가평군 가평읍 북한강변로 970-9 · 전국시티투어 경유지 · 카카오 좌표
nation,전국,가평,·,ctt186,신비동물원,Sinbidongmulwon,activity,테마파크·액티비티,37.68814,127.51315,90,1h 30m,,,,N,N,Y,N,N,N,Y,경기 가평군 설악면 미사리로 189 · 전국시티투어 경유지 · 카카오 좌표
nation,전국,파주,·,ctt187,DMZ 평화의 길 5코스,DMZ Pyeonghwaui Gil 5koseu,heal,힐링·생태·체험,37.72113,126.68775,60,1h,,,,N,N,Y,N,N,N,Y,경기 파주시 문발동 211-5 · 전국시티투어 경유지 · 카카오 좌표
nation,전국,파주,·,ctt188,파주혜음원지,Pajuhyeeumwonji,herit,문화유산·전통체험,37.73538,126.89189,60,1h,,,,N,N,Y,N,N,N,Y,경기 파주시 광탄면 용미리 234-1 · 전국시티투어 경유지 · 카카오 좌표
nation,전국,파주,·,ctt189,국립민속박물관 파주,Gukripminsokbakmulgwan Paju,herit,문화유산·전통체험,37.78664,126.6939,60,1h,,,,N,N,Y,N,N,N,Y,경기 파주시 탄현면 헤이리로 30 · 전국시티투어 경유지 · 카카오 좌표
nation,전국,파주,·,ctt190,파주장단콩웰빙마루,Pajujangdankongwelbingmaru,activity,테마파크·액티비티,37.77723,126.68448,90,1h 30m,,,,N,N,Y,N,N,N,Y,경기 파주시 탄현면 필승로 396 · 전국시티투어 경유지 · 카카오 좌표
nation,전국,파주,·,ctt191,파주임진각평화곤돌라,Pajuimjingakpyeonghwagondolra,activity,테마파크·액티비티,37.89146,126.74029,90,1h 30m,,,,N,N,Y,N,N,N,Y,경기 파주시 문산읍 임진각로 148-73 · 전국시티투어 경유지 · 카카오 좌표
nation,전국,파주,·,ctt192,임진각관광지,Imjingakgwangwangji,activity,테마파크·액티비티,37.89002,126.74054,90,1h 30m,,,,N,N,Y,N,N,N,Y,경기 파주시 문산읍 마정리 1325-2 · 전국시티투어 경유지 · 카카오 좌표
nation,전국,파주,·,ctt193,황희선생유적지,Hwanghuiseonsaengyujeokji,herit,문화유산·전통체험,37.86745,126.75317,60,1h,,,,N,N,Y,N,N,N,Y,경기 파주시 문산읍 반구정로85번길 3 · 전국시티투어 경유지 · 카카오 좌표
nation,전국,파주,·,ctt194,황포돛배,Hwangpodotbae,heal,힐링·생태·체험,37.965,126.88968,60,1h,,,,N,N,Y,N,N,N,Y,경기 파주시 적성면 율곡로 1857 · 전국시티투어 경유지 · 카카오 좌표
nation,전국,파주,·,ctt195,국립극장 무대예술지원센터,Gukripgeukjang Mudaeyesuljiwonsenteo,heal,힐링·생태·체험,37.78333,126.69451,60,1h,,,,N,N,Y,N,N,N,Y,경기 파주시 탄현면 헤이리로 16 · 전국시티투어 경유지 · 카카오 좌표
nation,전국,시흥,·,ctt196,관곡지,Gwangokji,heal,힐링·생태·체험,37.40237,126.80443,60,1h,,,,N,N,Y,N,N,N,Y,경기 시흥시 하중동 208 · 전국시티투어 경유지 · 카카오 좌표
nation,전국,시흥,·,ctt197,물왕호수,Mulwanghosu,heal,힐링·생태·체험,37.38118,126.83673,60,1h,,,,N,N,Y,N,N,N,Y,경기 시흥시 산현동 188 · 전국시티투어 경유지 · 카카오 좌표
nation,전국,시흥,·,ctt198,거북섬,Geobukseom,sea,해양·자연경관,37.32081,126.67881,40,40m,,,,N,N,Y,N,N,N,Y,경기 시흥시 거북섬로 120 · 전국시티투어 경유지 · 카카오 좌표
nation,전국,시흥,·,ctt199,패밀리테마파크,Paemilritemapakeu,activity,테마파크·액티비티,37.35422,126.7013,90,1h 30m,,,,N,N,Y,N,N,N,Y,경기 시흥시 해송십리로 61 · 전국시티투어 경유지 · 카카오 좌표
nation,전국,시흥,·,ctt200,거북섬홍보관,Geobukseomhongbogwan,heal,힐링·생태·체험,37.32363,126.68204,60,1h,,,,N,N,Y,N,N,N,Y,경기 시흥시 거북섬4길 2 · 전국시티투어 경유지 · 카카오 좌표
nation,전국,시흥,·,ctt201,해양생태과학관,Haeyangsaengtaegwahakgwan,heal,힐링·생태·체험,37.32958,126.67727,60,1h,,,,N,N,Y,N,N,N,Y,경기 시흥시 거북섬서로 35 · 전국시티투어 경유지 · 카카오 좌표
nation,전국,시흥,·,ctt202,시흥오이도박물관,Siheungoidobakmulgwan,herit,문화유산·전통체험,37.33554,126.69091,60,1h,,,,N,N,Y,N,N,N,Y,경기 시흥시 정왕동 2202-6 · 전국시티투어 경유지 · 카카오 좌표
nation,전국,대구,·,ctt203,비슬산 유가사,Biseulsan Yugasa,herit,문화유산·전통체험,35.71472,128.50736,60,1h,,,,N,N,Y,N,N,N,Y,대구 달성군 유가읍 유가사길 161 · 전국시티투어 경유지 · 카카오 좌표
nation,전국,대구,·,ctt204,달성화석박물관,Dalseonghwaseokbakmulgwan,herit,문화유산·전통체험,35.6844,128.46455,60,1h,,,,N,N,Y,N,N,N,Y,대구 달성군 유가읍 테크노대로6길 66 · 전국시티투어 경유지 · 카카오 좌표
nation,전국,대구,·,ctt205,달성현풍 석빙고,Dalseonghyeonpung Seokbinggo,herit,문화유산·전통체험,35.69757,128.45162,60,1h,,,,N,N,Y,N,N,N,Y,대구 달성군 현풍읍 현풍동로 92 · 전국시티투어 경유지 · 카카오 좌표
nation,전국,대구,·,ctt206,현풍향교,Hyeonpunghyanggyo,herit,문화유산·전통체험,35.70149,128.4518,60,1h,,,,N,N,Y,N,N,N,Y,대구 달성군 현풍읍 현풍동로20길 27-8 · 전국시티투어 경유지 · 카카오 좌표
nation,전국,군산,·,ctt207,동국사,Dongguksa,herit,문화유산·전통체험,35.98277,126.70743,60,1h,,,,N,N,Y,N,N,N,Y,전북특별자치도 군산시 동국사길 16 · 전국시티투어 경유지 · 카카오 좌표
nation,전국,군산,·,ctt208,신흥동일본식가옥,Sinheungdongilbonsikgaok,heal,힐링·생태·체험,35.98617,126.70606,60,1h,,,,N,N,Y,N,N,N,Y,전북특별자치도 군산시 구영1길 17 · 전국시티투어 경유지 · 카카오 좌표
nation,전국,동해,·,ctt209,관동팔경녹색경관길 동해2코스(묵호역~옥계시장),Gwandongpalgyeongnoksaekgyeonggwangil Donghae2koseu(mukhoyeok~okgyesijang),heal,힐링·생태·체험,37.58106,129.08114,60,1h,,,,N,N,Y,N,N,N,Y,강원특별자치도 동해시 망상동 · 전국시티투어 경유지 · 카카오 좌표
nation,전국,안산,·,ctt210,안산갈대습지,Ansangaldaeseupji,heal,힐링·생태·체험,37.27372,126.83974,60,1h,,,,N,N,Y,N,N,N,Y,경기 안산시 상록구 갈대습지로 76 · 전국시티투어 경유지 · 카카오 좌표
nation,전국,안산,·,ctt211,안산산업역사박물관,Ansansaneopyeoksabakmulgwan,herit,문화유산·전통체험,37.32293,126.81719,60,1h,,,,N,N,Y,N,N,N,Y,경기 안산시 단원구 화랑로 265 · 전국시티투어 경유지 · 카카오 좌표
nation,전국,안산,·,ctt212,안산식물원,Ansansikmulwon,heal,힐링·생태·체험,37.31375,126.86107,60,1h,,,,N,N,Y,N,N,N,Y,경기 안산시 상록구 성호로 113 · 전국시티투어 경유지 · 카카오 좌표
nation,전국,안산,·,ctt213,안산다문화거리,Ansandamunhwageori,food,로컬상권·먹거리,37.32963,126.79054,50,50m,,,,N,N,Y,N,N,N,Y,경기 안산시 단원구 다문화길 16 · 전국시티투어 경유지 · 카카오 좌표
nation,전국,안산,·,ctt214,시화조력문화관,Sihwajoryeokmunhwagwan,activity,테마파크·액티비티,37.31279,126.60962,90,1h 30m,,,,N,N,Y,N,N,N,Y,경기 안산시 단원구 대부황금로 1927 · 전국시티투어 경유지 · 카카오 좌표
nation,전국,안산,·,ctt215,종이미술관,Jongimisulgwan,activity,테마파크·액티비티,37.22451,126.57599,90,1h 30m,,,,N,N,Y,N,N,N,Y,경기 안산시 단원구 대남로 233 · 전국시티투어 경유지 · 카카오 좌표
nation,전국,안산,·,ctt216,유리섬,Yuriseom,activity,테마파크·액티비티,37.21971,126.60237,90,1h 30m,,,,N,N,Y,N,N,N,Y,경기 안산시 단원구 부흥로 254 · 전국시티투어 경유지 · 카카오 좌표
nation,전국,안산,·,ctt217,바다향기수목원,Badahyanggisumokwon,heal,힐링·생태·체험,37.22502,126.64653,60,1h,,,,N,N,Y,N,N,N,Y,경기 안산시 단원구 대부황금로 399 · 전국시티투어 경유지 · 카카오 좌표
nation,전국,안산,·,ctt218,안산대부광산 퇴적암층,Ansandaebugwangsan Toejeokamcheung,heal,힐링·생태·체험,37.1987,126.64847,60,1h,,,,N,N,Y,N,N,N,Y,경기 안산시 단원구 선감동 산 147-1 · 전국시티투어 경유지 · 카카오 좌표
nation,전국,안산,·,ctt219,방아머리해변,Bangameorihaebyeon,sea,해양·자연경관,37.28915,126.57677,40,40m,,,,N,N,Y,N,N,N,Y,경기 안산시 단원구 대부북동 · 전국시티투어 경유지 · 카카오 좌표
nation,전국,안산,·,ctt220,반달섬,Bandalseom,sea,해양·자연경관,37.30079,126.73685,40,40m,,,,N,N,Y,N,N,N,Y,경기 안산시 단원구 시화벤처로 704 · 전국시티투어 경유지 · 카카오 좌표
nation,전국,세종,·,ctt221,도시상징광장,Dosisangjinggwangjang,heal,힐링·생태·체험,36.48606,127.26395,60,1h,,,,N,N,Y,N,N,N,Y,세종특별자치시 나성동 697-4 · 전국시티투어 경유지 · 카카오 좌표
nation,전국,세종,·,ctt222,방축천 음악분수,Bangchukcheon Eumakbunsu,heal,힐링·생태·체험,36.49945,127.25712,60,1h,,,,N,N,Y,N,N,N,Y,세종특별자치시 어진동 761 · 전국시티투어 경유지 · 카카오 좌표
nation,전국,세종,·,ctt223,초려역사공원,Choryeoyeoksagongwon,heal,힐링·생태·체험,36.50201,127.25453,60,1h,,,,N,N,Y,N,N,N,Y,세종특별자치시 도움1로 40 · 전국시티투어 경유지 · 카카오 좌표
nation,전국,세종,·,ctt224,아침뜰근린공원 역사공원,Achimtteulgeunringongwon Yeoksagongwon,heal,힐링·생태·체험,36.47848,127.25445,60,1h,,,,N,N,Y,N,N,N,Y,세종특별자치시 한솔동 1247 · 전국시티투어 경유지 · 카카오 좌표
nation,전국,세종,·,ctt225,세종전통문화체험관,Sejongjeontongmunhwacheheomgwan,heal,힐링·생태·체험,36.50684,127.29185,60,1h,,,,N,N,Y,N,N,N,Y,세종특별자치시 모롱지로 94 · 전국시티투어 경유지 · 카카오 좌표
nation,전국,세종,·,ctt226,미래엔교과서박물관,Miraeengyogwaseobakmulgwan,herit,문화유산·전통체험,36.54846,127.33748,60,1h,,,,N,N,Y,N,N,N,Y,세종특별자치시 연동면 청연로 492-14 · 전국시티투어 경유지 · 카카오 좌표
nation,전국,세종,·,ctt227,세종홍판서댁,Sejonghongpanseodaek,herit,문화유산·전통체험,36.53406,127.3652,60,1h,,,,N,N,Y,N,N,N,Y,세종특별자치시 부강면 용포동촌길 43-19 · 전국시티투어 경유지 · 카카오 좌표
nation,전국,세종,·,ctt228,숭모각,Sungmogak,herit,문화유산·전통체험,36.5045,127.29185,60,1h,,,,N,N,Y,N,N,N,Y,세종특별자치시 세종동 88-4 · 전국시티투어 경유지 · 카카오 좌표
nation,전국,세종,·,ctt229,조천변벚꽃길,Jocheonbyeonbeotkkotgil,food,로컬상권·먹거리,36.60489,127.30343,50,50m,,,,N,N,Y,N,N,N,Y,세종특별자치시 조치원읍 평리 120 · 전국시티투어 경유지 · 카카오 좌표
nation,전국,화순,·,ctt230,세량제,Seryangje,heal,힐링·생태·체험,35.07864,126.91998,60,1h,,,,N,N,Y,N,N,N,Y,전남광주통합특별시 화순군 화순읍 세량리 98 · 전국시티투어 경유지 · 카카오 좌표
nation,전국,태안,·,ctt231,유류피해극복기념관,Yuryupihaegeukbokginyeomgwan,herit,문화유산·전통체험,36.79267,126.14834,60,1h,,,,N,N,Y,N,N,N,Y,충남 태안군 소원면 천리포1길 120 · 전국시티투어 경유지 · 카카오 좌표
nation,전국,태안,·,ctt232,팜카밀레허브농원,Pamkamilreheobeunongwon,heal,힐링·생태·체험,36.68669,126.28288,60,1h,,,,N,N,Y,N,N,N,Y,충남 태안군 남면 우운길 56-19 · 전국시티투어 경유지 · 카카오 좌표
nation,전국,태안,·,ctt233,안면도수목원,Anmyeondosumokwon,heal,힐링·생태·체험,36.49689,126.35498,60,1h,,,,N,N,Y,N,N,N,Y,충남 태안군 안면읍 안면대로 3195-6 · 전국시티투어 경유지 · 카카오 좌표
nation,전국,태안,·,ctt234,태안해양유물전시관,Taeanhaeyangyumuljeonsigwan,activity,테마파크·액티비티,36.6772,126.15141,90,1h 30m,,,,N,N,Y,N,N,N,Y,충남 태안군 근흥면 신진대교길 94-33 · 전국시티투어 경유지 · 카카오 좌표
nation,전국,춘천,·,ctt235,공지천,Gongjicheon,heal,힐링·생태·체험,37.87502,127.70787,60,1h,,,,N,N,Y,N,N,N,Y,강원특별자치도 춘천시 근화동 · 전국시티투어 경유지 · 카카오 좌표
nation,전국,춘천,·,ctt236,춘천삼악산호수케이블카,Chuncheonsamaksanhosukeibeulka,activity,테마파크·액티비티,37.86433,127.69129,90,1h 30m,,,,N,N,Y,N,N,N,Y,강원특별자치도 춘천시 스포츠타운길 245 · 전국시티투어 경유지 · 카카오 좌표
nation,전국,춘천,·,ctt237,강원특별자치도립화목원,Gangwonteukbyeoljachidoriphwamokwon,heal,힐링·생태·체험,37.92303,127.72569,60,1h,,,,N,N,Y,N,N,N,Y,강원특별자치도 춘천시 화목원길 24 · 전국시티투어 경유지 · 카카오 좌표
nation,전국,춘천,·,ctt238,K-water 소양강댐물문화관,K-water Soyanggangdaemmulmunhwagwan,activity,테마파크·액티비티,37.94879,127.81507,90,1h 30m,,,,N,N,Y,N,N,N,Y,강원특별자치도 춘천시 신북읍 신샘밭로 1128 · 전국시티투어 경유지 · 카카오 좌표
nation,전국,춘천,·,ctt239,책과인쇄박물관,Chaekgwainswaebakmulgwan,herit,문화유산·전통체험,37.8194,127.72484,60,1h,,,,N,N,Y,N,N,N,Y,강원특별자치도 춘천시 신동면 풍류1길 156 · 전국시티투어 경유지 · 카카오 좌표
nation,전국,춘천,·,ctt240,춘천사이로248,Chuncheonsairo248,heal,힐링·생태·체험,37.87449,127.70709,60,1h,,,,N,N,Y,N,N,N,Y,강원특별자치도 춘천시 수변공원길 18 · 전국시티투어 경유지 · 카카오 좌표
nation,전국,춘천,·,ctt241,구봉산전망대카페거리,Gubongsanjeonmangdaekapegeori,food,로컬상권·먹거리,37.89264,127.77704,50,50m,,,,N,N,Y,N,N,N,Y,강원특별자치도 춘천시 동면 장학리 · 전국시티투어 경유지 · 카카오 좌표
nation,전국,창원,·,ctt242,창원스포츠파크 만남의광장,Changwonseupocheupakeu Mannamuigwangjang,heal,힐링·생태·체험,35.23363,128.66698,60,1h,,,,N,N,Y,N,N,N,Y,경남 창원시 성산구 원이대로 450 · 전국시티투어 경유지 · 카카오 좌표
nation,전국,창원,·,ctt243,창원가로수길,Changwongarosugil,food,로컬상권·먹거리,35.23768,128.68188,50,50m,,,,N,N,Y,N,N,N,Y,경남 창원시 성산구 용호동 · 전국시티투어 경유지 · 카카오 좌표
nation,전국,창원,·,ctt244,창원의집,Changwonuijip,herit,문화유산·전통체험,35.24446,128.68158,60,1h,,,,N,N,Y,N,N,N,Y,경남 창원시 의창구 사림로16번길 59 · 전국시티투어 경유지 · 카카오 좌표
nation,전국,창원,·,ctt245,상상길,Sangsanggil,food,로컬상권·먹거리,35.20658,128.57628,50,50m,,,,N,N,Y,N,N,N,Y,경남 창원시 마산합포구 중성동 169-4 · 전국시티투어 경유지 · 카카오 좌표
nation,전국,창원,·,ctt246,장복산,Jangboksan,heal,힐링·생태·체험,35.17984,128.65993,60,1h,,,,N,N,Y,N,N,N,Y,경남 창원시 진해구 태백동 산 52-1 · 전국시티투어 경유지 · 카카오 좌표
nation,전국,경기광주,·,ctt247,영은미술관,Yeongeunmisulgwan,activity,테마파크·액티비티,37.41305,127.26901,90,1h 30m,,,,N,N,Y,N,N,N,Y,경기 광주시 청석로 300 · 전국시티투어 경유지 · 카카오 좌표
nation,전국,경기광주,·,ctt248,신익희 생가,Sinikhui Saengga,herit,문화유산·전통체험,37.43244,127.30699,60,1h,,,,N,N,Y,N,N,N,Y,경기 광주시 초월읍 서하길 6-25 · 전국시티투어 경유지 · 카카오 좌표
nation,전국,김해,·,ctt249,김해탄소중립체험관,Gimhaetansojungripcheheomgwan,activity,테마파크·액티비티,35.20729,128.79629,90,1h 30m,,,,N,N,Y,N,N,N,Y,경남 김해시 부곡로 33 · 전국시티투어 경유지 · 카카오 좌표
nation,전국,김해,·,ctt250,김해목재문화박물관,Gimhaemokjaemunhwabakmulgwan,herit,문화유산·전통체험,35.18006,128.80813,60,1h,,,,N,N,Y,N,N,N,Y,경남 김해시 관동로27번길 5-49 · 전국시티투어 경유지 · 카카오 좌표
nation,전국,김해,·,ctt251,율하유적전시관,Yulhayujeokjeonsigwan,activity,테마파크·액티비티,35.17571,128.81128,90,1h 30m,,,,N,N,Y,N,N,N,Y,경남 김해시 율하1로 63 · 전국시티투어 경유지 · 카카오 좌표
nation,전국,김해,·,ctt252,수로왕비릉,Surowangbireung,herit,문화유산·전통체험,35.24326,128.87762,60,1h,,,,N,N,Y,N,N,N,Y,경남 김해시 가락로190번길 1 · 전국시티투어 경유지 · 카카오 좌표
nation,전국,김해,·,ctt253,김해구지봉,Gimhaegujibong,herit,문화유산·전통체험,35.24304,128.87609,60,1h,,,,N,N,Y,N,N,N,Y,경남 김해시 구산동 산 81-2 · 전국시티투어 경유지 · 카카오 좌표
nation,전국,김해,·,ctt254,진영역사공원,Jinyeongyeoksagongwon,heal,힐링·생태·체험,35.30385,128.73028,60,1h,,,,N,N,Y,N,N,N,Y,경남 김해시 진영읍 진영리 275-94 · 전국시티투어 경유지 · 카카오 좌표
nation,전국,김해,·,ctt255,화포천습지 과학관,Hwapocheonseupji Gwahakgwan,heal,힐링·생태·체험,35.3081,128.77792,60,1h,,,,N,N,Y,N,N,N,Y,경남 김해시 진영읍 진영로265번길 330 · 전국시티투어 경유지 · 카카오 좌표
nation,전국,김해,·,ctt256,김해시 수도박물관,Gimhaesi Sudobakmulgwan,herit,문화유산·전통체험,35.28475,128.82259,60,1h,,,,N,N,Y,N,N,N,Y,경남 김해시 한림면 김해대로 1347 · 전국시티투어 경유지 · 카카오 좌표
nation,전국,서천,·,ctt257,장항6080음식골목 맛나로,Janghang6080eumsikgolmok Matnaro,food,로컬상권·먹거리,36.01059,126.69615,50,50m,,,,N,N,Y,N,N,N,Y,충남 서천군 장항읍 창선1리 165 · 전국시티투어 경유지 · 카카오 좌표
nation,전국,서천,·,ctt258,장항 송림 자연휴양림,Janghang Songrim Jayeonhyuyangrim,heal,힐링·생태·체험,36.01844,126.66556,60,1h,,,,N,N,Y,N,N,N,Y,충남 서천군 장항읍 장항산단로34번길 122-16 · 전국시티투어 경유지 · 카카오 좌표
nation,전국,서천,·,ctt259,조류생태전시관,Joryusaengtaejeonsigwan,activity,테마파크·액티비티,36.02281,126.74268,90,1h 30m,,,,N,N,Y,N,N,N,Y,충남 서천군 마서면 장산로 916 · 전국시티투어 경유지 · 카카오 좌표
nation,전국,서천,·,ctt260,금강하구둑관광지,Geumganghagudukgwangwangji,heal,힐링·생태·체험,36.01977,126.7364,60,1h,,,,N,N,Y,N,N,N,Y,충남 서천군 마서면 장산로855번길 56-2 · 전국시티투어 경유지 · 카카오 좌표
nation,전국,서천,·,ctt261,문헌서원,Munheonseowon,herit,문화유산·전통체험,36.0917,126.78556,60,1h,,,,N,N,Y,N,N,N,Y,충남 서천군 기산면 서원로172번길 66 · 전국시티투어 경유지 · 카카오 좌표
nation,전국,서천,·,ctt262,봉선저수지,Bongseonjeosuji,heal,힐링·생태·체험,36.13872,126.77771,60,1h,,,,N,N,Y,N,N,N,Y,충남 서천군 시초면 후암리 33-1 · 전국시티투어 경유지 · 카카오 좌표
nation,전국,서천,·,ctt263,이상재선생 생가,Isangjaeseonsaeng Saengga,herit,문화유산·전통체험,36.09984,126.80619,60,1h,,,,N,N,Y,N,N,N,Y,충남 서천군 한산면 종단길 71 · 전국시티투어 경유지 · 카카오 좌표
nation,전국,서천,·,ctt264,한산모시관,Hansanmosigwan,activity,테마파크·액티비티,36.08034,126.79913,90,1h 30m,,,,N,N,Y,N,N,N,Y,충남 서천군 한산면 충절로 1089 · 전국시티투어 경유지 · 카카오 좌표
nation,전국,서천,·,ctt265,이하복고택전시관,Ihabokgotaekjeonsigwan,activity,테마파크·액티비티,36.08087,126.75965,90,1h 30m,,,,N,N,Y,N,N,N,Y,충남 서천군 기산면 신막로57번길 지하 32-11 · 전국시티투어 경유지 · 카카오 좌표
nation,전국,서천,·,ctt266,성경전래지기념관,Seonggyeongjeonraejiginyeomgwan,herit,문화유산·전통체험,36.13145,126.50046,60,1h,,,,N,N,Y,N,N,N,Y,충남 서천군 서면 서인로 89-16 · 전국시티투어 경유지 · 카카오 좌표
nation,전국,서천,·,ctt267,서천치유의숲 치유센터,Seocheonchiyuuisup Chiyusenteo,heal,힐링·생태·체험,36.11491,126.65995,60,1h,,,,N,N,Y,N,N,N,Y,충남 서천군 종천면 충서로302번길 88-81 · 전국시티투어 경유지 · 카카오 좌표
nation,전국,서천,·,ctt268,국립해양생물자원관,Gukriphaeyangsaengmuljawongwan,activity,테마파크·액티비티,36.01798,126.67009,90,1h 30m,,,,N,N,Y,N,N,N,Y,충남 서천군 장항읍 장산로101번길 75 · 전국시티투어 경유지 · 카카오 좌표
nation,전국,영광,·,ctt269,백수해안도로,Baeksuhaeandoro,heal,힐링·생태·체험,35.36356,126.39595,60,1h,,,,N,N,Y,N,N,N,Y,전남광주통합특별시 영광군 백수읍 대신리 산 234-11 · 전국시티투어 경유지 · 카카오 좌표
nation,전국,영광,·,ctt270,원불교 영산성지,Wonbulgyo Yeongsanseongji,herit,문화유산·전통체험,35.32741,126.44326,60,1h,,,,N,N,Y,N,N,N,Y,전남광주통합특별시 영광군 백수읍 성지로 1345 · 전국시티투어 경유지 · 카카오 좌표
nation,전국,영광,·,ctt271,매간당,Maegandang,herit,문화유산·전통체험,35.24108,126.474,60,1h,,,,N,N,Y,N,N,N,Y,전남광주통합특별시 영광군 군남면 동간길2길 83-1 · 전국시티투어 경유지 · 카카오 좌표
nation,전국,영광,·,ctt272,불갑사,Bulgapsa,herit,문화유산·전통체험,35.20068,126.54972,60,1h,,,,N,N,Y,N,N,N,Y,전남광주통합특별시 영광군 불갑면 불갑사로 450 · 전국시티투어 경유지 · 카카오 좌표
nation,전국,평창,·,ctt273,평창돌문화체험관,Pyeongchangdolmunhwacheheomgwan,activity,테마파크·액티비티,37.3766,128.4095,90,1h 30m,,,,N,N,Y,N,N,N,Y,강원특별자치도 평창군 평창읍 바위공원길 111 · 전국시티투어 경유지 · 카카오 좌표
nation,전국,삼척,·,ctt274,삼척해양레일바이크 용화정거장,Samcheokhaeyangreilbaikeu Yonghwajeonggeojang,heal,힐링·생태·체험,37.28966,129.30434,60,1h,,,,N,N,Y,N,N,N,Y,강원특별자치도 삼척시 근덕면 용화해변길 23 · 전국시티투어 경유지 · 카카오 좌표
nation,전국,삼척,·,ctt275,삼척해상케이블카 용화역,Samcheokhaesangkeibeulka Yonghwayeok,activity,테마파크·액티비티,37.28912,129.30826,90,1h 30m,,,,N,N,Y,N,N,N,Y,강원특별자치도 삼척시 근덕면 삼척로 2154-31 · 전국시티투어 경유지 · 카카오 좌표
nation,전국,삼척,·,ctt276,삼척활기치유의숲,Samcheokhwalgichiyuuisup,heal,힐링·생태·체험,37.38523,129.05401,60,1h,,,,N,N,Y,N,N,N,Y,강원특별자치도 삼척시 미로면 준경길 651-230 · 전국시티투어 경유지 · 카카오 좌표
nation,전국,완주,·,ctt277,오성제저수지,Oseongjejeosuji,heal,힐링·생태·체험,35.90453,127.23888,60,1h,,,,N,N,Y,N,N,N,Y,전북특별자치도 완주군 소양면 대흥리 412 · 전국시티투어 경유지 · 카카오 좌표
nation,전국,완주,·,ctt278,아원고택,Awongotaek,herit,문화유산·전통체험,35.90352,127.24462,60,1h,,,,N,N,Y,N,N,N,Y,전북특별자치도 완주군 소양면 송광수만로 516-7 · 전국시티투어 경유지 · 카카오 좌표
nation,전국,완주,·,ctt279,위봉산성,Wibongsanseong,herit,문화유산·전통체험,35.90527,127.25221,60,1h,,,,N,N,Y,N,N,N,Y,전북특별자치도 완주군 소양면 대흥리 1-32 · 전국시티투어 경유지 · 카카오 좌표
nation,전국,완주,·,ctt280,위봉폭포,Wibongpokpo,heal,힐링·생태·체험,35.90964,127.26201,60,1h,,,,N,N,Y,N,N,N,Y,전북특별자치도 완주군 소양면 대흥리 산 1-32 · 전국시티투어 경유지 · 카카오 좌표
nation,전국,완주,·,ctt281,공기마을 편백나무숲,Gonggimaeul Pyeonbaeknamusup,heal,힐링·생태·체험,35.73357,127.19335,60,1h,,,,N,N,Y,N,N,N,Y,전북특별자치도 완주군 상관면 죽림리 산 214-1 · 전국시티투어 경유지 · 카카오 좌표
nation,전국,완주,·,ctt282,대한민국 술테마박물관,Daehanminguk Sultemabakmulgwan,herit,문화유산·전통체험,35.72617,127.13623,60,1h,,,,N,N,Y,N,N,N,Y,전북특별자치도 완주군 구이면 덕천전원길 232-58 · 전국시티투어 경유지 · 카카오 좌표
nation,전국,평창,·,ctt283,2018평창동계올림픽대회 및 동계패럴림픽대회기념관,2018pyeongchangdonggyeolrimpikdaehoe Mit Donggyepaereolrimpikdaehoeginyeomgwan,herit,문화유산·전통체험,37.66684,128.70672,60,1h,,,,N,N,Y,N,N,N,Y,강원특별자치도 평창군 대관령면 올림픽로 220 · 전국시티투어 경유지 · 카카오 좌표
nation,전국,완도,·,ctt284,장보고기념관,Jangbogoginyeomgwan,herit,문화유산·전통체험,34.35512,126.73018,60,1h,,,,N,N,Y,N,N,N,Y,전남광주통합특별시 완도군 완도읍 청해진로 1455 · 전국시티투어 경유지 · 카카오 좌표
nation,전국,진도,·,ctt285,진도개테마파크,Jindogaetemapakeu,activity,테마파크·액티비티,34.4828,126.27992,90,1h 30m,,,,N,N,Y,N,N,N,Y,전남광주통합특별시 진도군 진도읍 성죽골길 37 · 전국시티투어 경유지 · 카카오 좌표
nation,전국,진도,·,ctt286,운림산방,Unrimsanbang,herit,문화유산·전통체험,34.46637,126.30853,60,1h,,,,N,N,Y,N,N,N,Y,전남광주통합특별시 진도군 의신면 운림산방로 315 · 전국시티투어 경유지 · 카카오 좌표
nation,전국,진도,·,ctt287,진도타워,Jindotawo,activity,테마파크·액티비티,34.56602,126.30242,90,1h 30m,,,,N,N,Y,N,N,N,Y,전남광주통합특별시 진도군 군내면 만금길 112-41 · 전국시티투어 경유지 · 카카오 좌표
nation,전국,진도,·,ctt288,명량해상케이블카 진도스테이션,Myeongryanghaesangkeibeulka Jindoseuteisyeon,activity,테마파크·액티비티,34.56653,126.30255,90,1h 30m,,,,N,N,Y,N,N,N,Y,전남광주통합특별시 진도군 군내면 만금길 112-31 · 전국시티투어 경유지 · 카카오 좌표
nation,전국,진도,·,ctt289,진도 용장성,Jindo Yongjangseong,herit,문화유산·전통체험,34.51419,126.33748,60,1h,,,,N,N,Y,N,N,N,Y,전남광주통합특별시 진도군 군내면 용장리 101 · 전국시티투어 경유지 · 카카오 좌표
nation,전국,양주,·,ctt290,양주초록지기마을,Yangjuchorokjigimaeul,activity,테마파크·액티비티,37.92277,126.99745,90,1h 30m,,,,N,N,Y,N,N,N,Y,경기 양주시 남면 양연로173번길 26 · 전국시티투어 경유지 · 카카오 좌표
nation,전국,양주,·,ctt291,조명박물관,Jomyeongbakmulgwan,herit,문화유산·전통체험,37.83614,126.96755,60,1h,,,,N,N,Y,N,N,N,Y,경기 양주시 광적면 광적로 235-48 · 전국시티투어 경유지 · 카카오 좌표
nation,전국,양주,·,ctt292,온릉,Onreung,herit,문화유산·전통체험,37.72017,126.95098,60,1h,,,,N,N,Y,N,N,N,Y,경기 양주시 장흥면 호국로 255-41 · 전국시티투어 경유지 · 카카오 좌표
nation,전국,양구,·,ctt293,DMZ펀치볼둘레길,DMZpeonchiboldulregil,heal,힐링·생태·체험,38.29013,128.14542,60,1h,,,,N,N,Y,N,N,N,Y,강원특별자치도 양구군 해안면 해안서화로 35 · 전국시티투어 경유지 · 카카오 좌표
nation,전국,양구,·,ctt294,을지전망대,Euljijeonmangdae,activity,테마파크·액티비티,38.32913,128.12674,90,1h 30m,,,,N,N,Y,N,N,N,Y,강원특별자치도 양구군 해안면 이현리 · 전국시티투어 경유지 · 카카오 좌표
nation,전국,양구,·,ctt295,한반도섬,Hanbandoseom,sea,해양·자연경관,38.13061,127.98276,40,40m,,,,N,N,Y,N,N,N,Y,강원특별자치도 양구군 양구읍 한반도섬길 76 · 전국시티투어 경유지 · 카카오 좌표
nation,전국,양구,·,ctt296,양구수목원,Yanggusumokwon,heal,힐링·생태·체험,38.18996,128.07403,60,1h,,,,N,N,Y,N,N,N,Y,강원특별자치도 양구군 동면 숨골로310번길 131 · 전국시티투어 경유지 · 카카오 좌표
nation,전국,양구,·,ctt297,두타연,Dutayeon,heal,힐링·생태·체험,38.23276,127.98194,60,1h,,,,N,N,Y,N,N,N,Y,강원특별자치도 양구군 방산면 고방산리 391 · 전국시티투어 경유지 · 카카오 좌표
nation,전국,양구,·,ctt298,양구백자박물관,Yanggubaekjabakmulgwan,herit,문화유산·전통체험,38.20746,127.95168,60,1h,,,,N,N,Y,N,N,N,Y,강원특별자치도 양구군 방산면 평화로 5182 · 전국시티투어 경유지 · 카카오 좌표
nation,전국,곡성,·,ctt299,곡성섬진강기차마을,Gokseongseomjinganggichamaeul,heal,힐링·생태·체험,35.27956,127.30787,60,1h,,,,N,N,Y,N,N,N,Y,전남광주통합특별시 곡성군 오곡면 오지리 770-5 · 전국시티투어 경유지 · 카카오 좌표
nation,전국,곡성,·,ctt300,섬진강레일바이크,Seomjingangreilbaikeu,activity,테마파크·액티비티,35.23018,127.3682,90,1h 30m,,,,N,N,Y,N,N,N,Y,전남광주통합특별시 곡성군 오곡면 섬진강로 1465 · 전국시티투어 경유지 · 카카오 좌표
nation,전국,곡성,·,ctt301,6070청춘공작소,6070cheongchungongjakso,heal,힐링·생태·체험,35.28253,127.3018,60,1h,,,,N,N,Y,N,N,N,Y,전남광주통합특별시 곡성군 곡성읍 낙동원로 8-1 · 전국시티투어 경유지 · 카카오 좌표
nation,전국,곡성,·,ctt302,스트리트갤러리 107,Seuteuriteugaelreori 107,activity,테마파크·액티비티,35.28097,127.29449,90,1h 30m,,,,N,N,Y,N,N,N,Y,전남광주통합특별시 곡성군 곡성읍 중앙로 107-1 · 전국시티투어 경유지 · 카카오 좌표
nation,전국,곡성,·,ctt303,곡성성당,Gokseongseongdang,herit,문화유산·전통체험,35.28237,127.29296,60,1h,,,,N,N,Y,N,N,N,Y,전남광주통합특별시 곡성군 곡성읍 읍내11길 20 · 전국시티투어 경유지 · 카카오 좌표
nation,전국,곡성,·,ctt304,기차당뚝방마켓,Gichadangttukbangmaket,heal,힐링·생태·체험,35.2814,127.30127,60,1h,,,,N,N,Y,N,N,N,Y,전남광주통합특별시 곡성군 곡성읍 곡성로 898 · 전국시티투어 경유지 · 카카오 좌표
nation,전국,대전,·,ctt305,대동하늘공원,Daedonghaneulgongwon,heal,힐링·생태·체험,36.33198,127.4521,60,1h,,,,N,N,Y,N,N,N,Y,대전 동구 용운동 산 40-1 · 전국시티투어 경유지 · 카카오 좌표
nation,전국,대전,·,ctt306,만인산자연휴양림,Maninsanjayeonhyuyangrim,heal,힐링·생태·체험,36.20218,127.45511,60,1h,,,,N,N,Y,N,N,N,Y,대전 동구 산내로 106 · 전국시티투어 경유지 · 카카오 좌표
nation,전국,대전,·,ctt307,우암사적공원,Uamsajeokgongwon,heal,힐링·생태·체험,36.34786,127.45824,60,1h,,,,N,N,Y,N,N,N,Y,대전 동구 충정로 53 · 전국시티투어 경유지 · 카카오 좌표
nation,전국,대전,·,ctt308,뿌리공원 한국족보박물관,Ppurigongwon Hangukjokbobakmulgwan,herit,문화유산·전통체험,36.28402,127.38689,60,1h,,,,N,N,Y,N,N,N,Y,대전 중구 뿌리공원로 79 · 전국시티투어 경유지 · 카카오 좌표
nation,전국,대전,·,ctt309,한국지질자원연구원 지질박물관,Hangukjijiljawonyeonguwon Jijilbakmulgwan,herit,문화유산·전통체험,36.37755,127.36228,60,1h,,,,N,N,Y,N,N,N,Y,대전 유성구 과학로 124 · 전국시티투어 경유지 · 카카오 좌표
nation,전국,대전,·,ctt310,대전시민천문대,Daejeonsimincheonmundae,heal,힐링·생태·체험,36.3816,127.35367,60,1h,,,,N,N,Y,N,N,N,Y,대전 유성구 과학로 213-48 · 전국시티투어 경유지 · 카카오 좌표
nation,전국,대전,·,ctt311,대청호자연생태관,Daecheonghojayeonsaengtaegwan,herit,문화유산·전통체험,36.37335,127.47078,60,1h,,,,N,N,Y,N,N,N,Y,대전 동구 천개동로 41 · 전국시티투어 경유지 · 카카오 좌표
nation,전국,대전,·,ctt312,구대전형무소망루,Gudaejeonhyeongmusomangru,herit,문화유산·전통체험,36.33668,127.4107,60,1h,,,,N,N,Y,N,N,N,Y,대전 중구 중촌동 16-11 · 전국시티투어 경유지 · 카카오 좌표
nation,전국,대전,·,ctt313,목동성당,Mokdongseongdang,herit,문화유산·전통체험,36.33169,127.40802,60,1h,,,,N,N,Y,N,N,N,Y,대전 중구 동서대로1365번길 19 · 전국시티투어 경유지 · 카카오 좌표
nation,전국,대전,·,ctt314,국립대전현충원 현충문,Gukripdaejeonhyeonchungwon Hyeonchungmun,herit,문화유산·전통체험,36.36906,127.29571,60,1h,,,,N,N,Y,N,N,N,Y,대전 유성구 현충원로 251 · 전국시티투어 경유지 · 카카오 좌표
nation,전국,아산,·,ctt315,피나클랜드 수목원,Pinakeulraendeu Sumokwon,heal,힐링·생태·체험,36.87371,126.92728,60,1h,,,,N,N,Y,N,N,N,Y,충남 아산시 영인면 월선길 20-42 · 전국시티투어 경유지 · 카카오 좌표
nation,전국,아산,·,ctt316,영인산자연휴양림,Yeonginsanjayeonhyuyangrim,heal,힐링·생태·체험,36.84105,126.95014,60,1h,,,,N,N,Y,N,N,N,Y,충남 아산시 영인면 아산온천로 16-26 · 전국시티투어 경유지 · 카카오 좌표
nation,전국,아산,·,ctt317,신정호지방정원,Sinjeonghojibangjeongwon,heal,힐링·생태·체험,36.77109,126.97977,60,1h,,,,N,N,Y,N,N,N,Y,충남 아산시 방축동 459 · 전국시티투어 경유지 · 카카오 좌표
nation,전국,아산,·,ctt318,아산맹씨행단,Asanmaengssihaengdan,herit,문화유산·전통체험,36.74648,127.04175,60,1h,,,,N,N,Y,N,N,N,Y,충남 아산시 배방읍 행단길 25 · 전국시티투어 경유지 · 카카오 좌표
nation,전국,아산,·,ctt319,온양민속박물관,Onyangminsokbakmulgwan,herit,문화유산·전통체험,36.79204,127.0063,60,1h,,,,N,N,Y,N,N,N,Y,충남 아산시 충무로 123 · 전국시티투어 경유지 · 카카오 좌표
nation,전국,대전,·,ctt320,유성온천공원 족욕체험장,Yuseongoncheongongwon Jokyokcheheomjang,activity,테마파크·액티비티,36.35478,127.34785,90,1h 30m,,,,N,N,Y,N,N,N,Y,대전 유성구 봉명동 574-6 · 전국시티투어 경유지 · 카카오 좌표
nation,전국,대전,·,ctt321,한밭교육박물관,Hanbatgyoyukbakmulgwan,herit,문화유산·전통체험,36.33744,127.42885,60,1h,,,,N,N,Y,N,N,N,Y,대전 동구 우암로 96 · 전국시티투어 경유지 · 카카오 좌표
nation,전국,대전,·,ctt322,대청호반길 3-2코스(청남대조망길),Daecheonghobangil 3-2koseu(cheongnamdaejomanggil),heal,힐링·생태·체험,36.43006,127.48147,60,1h,,,,N,N,Y,N,N,N,Y,대전 동구 직동 · 전국시티투어 경유지 · 카카오 좌표
nation,전국,대전,·,ctt323,테미오래,Temiorae,heal,힐링·생태·체험,36.3206,127.42309,60,1h,,,,N,N,Y,N,N,N,Y,대전 중구 보문로205번길 13 · 전국시티투어 경유지 · 카카오 좌표
nation,전국,대전,·,ctt324,대전아쿠아리움,Daejeonakuarium,activity,테마파크·액티비티,36.31011,127.42107,90,1h 30m,,,,N,N,Y,N,N,N,Y,대전 중구 보문산공원로 469 · 전국시티투어 경유지 · 카카오 좌표
nation,전국,대전,·,ctt325,주교좌대흥동성당,Jugyojwadaeheungdongseongdang,herit,문화유산·전통체험,36.32657,127.42647,60,1h,,,,N,N,Y,N,N,N,Y,대전 중구 대종로 471 · 전국시티투어 경유지 · 카카오 좌표
nation,전국,태안,·,ctt326,태안해양치유센터,Taeanhaeyangchiyusenteo,heal,힐링·생태·체험,36.64785,126.29995,60,1h,,,,N,N,Y,N,N,N,Y,충남 태안군 남면 달산포로 85-59 · 전국시티투어 경유지 · 카카오 좌표
nation,전국,서천,·,ctt327,이동백소리솔바람길,Idongbaeksorisolbaramgil,heal,힐링·생태·체험,36.1122,126.6767,60,1h,,,,N,N,Y,N,N,N,Y,충남 서천군 종천면 지석리 산 40-1 · 전국시티투어 경유지 · 카카오 좌표
nation,전국,서천,·,ctt328,마량리동백나무숲,Maryangridongbaeknamusup,heal,힐링·생태·체험,36.1368,126.49394,60,1h,,,,N,N,Y,N,N,N,Y,충남 서천군 서면 마량리 313-4 · 전국시티투어 경유지 · 카카오 좌표
nation,전국,서천,·,ctt329,서천군문화예술창작공간,Seocheongunmunhwayesulchangjakgonggan,heal,힐링·생태·체험,36.00829,126.69589,60,1h,,,,N,N,Y,N,N,N,Y,충남 서천군 장항읍 장산로 323 · 전국시티투어 경유지 · 카카오 좌표
nation,전국,홍천,·,ctt330,척야산문화수목원,Cheokyasanmunhwasumokwon,heal,힐링·생태·체험,37.78197,128.15838,60,1h,,,,N,N,Y,N,N,N,Y,강원특별자치도 홍천군 내촌면 동창로 282 · 전국시티투어 경유지 · 카카오 좌표
nation,전국,홍천,·,ctt331,수타사농촌테마공원,Sutasanongchontemagongwon,heal,힐링·생태·체험,37.69485,127.9522,60,1h,,,,N,N,Y,N,N,N,Y,강원특별자치도 홍천군 영귀미면 덕치리 614 · 전국시티투어 경유지 · 카카오 좌표
nation,전국,홍천,·,ctt332,수타사,Sutasa,herit,문화유산·전통체험,37.6985,127.9591,60,1h,,,,N,N,Y,N,N,N,Y,강원특별자치도 홍천군 영귀미면 수타사로 473 · 전국시티투어 경유지 · 카카오 좌표
nation,전국,화천,·,ctt333,산천어커피박물관,Sancheoneokeopibakmulgwan,herit,문화유산·전통체험,38.10598,127.70377,60,1h,,,,N,N,Y,N,N,N,Y,강원특별자치도 화천군 화천읍 상승로2길 21 · 전국시티투어 경유지 · 카카오 좌표
nation,전국,화천,·,ctt334,화천박물관,Hwacheonbakmulgwan,herit,문화유산·전통체험,38.09788,127.70416,60,1h,,,,N,N,Y,N,N,N,Y,강원특별자치도 화천군 하남면 춘화로 3337 · 전국시티투어 경유지 · 카카오 좌표
nation,전국,화천,·,ctt335,K-water 평화의댐 물문화관,K-water Pyeonghwauidaem Mulmunhwagwan,activity,테마파크·액티비티,38.214,127.84636,90,1h 30m,,,,N,N,Y,N,N,N,Y,강원특별자치도 화천군 화천읍 동촌리 2922-2 · 전국시티투어 경유지 · 카카오 좌표
nation,전국,순천,·,ctt336,상사호,Sangsaho,heal,힐링·생태·체험,34.94401,127.41259,60,1h,,,,N,N,Y,N,N,N,Y,전남광주통합특별시 순천시 상사면 용계리 620 · 전국시티투어 경유지 · 카카오 좌표
nation,전국,순천,·,ctt337,순천전통야생차체험관,Suncheonjeontongyasaengchacheheomgwan,activity,테마파크·액티비티,34.99471,127.33442,90,1h 30m,,,,N,N,Y,N,N,N,Y,전남광주통합특별시 순천시 승주읍 선암사길 450-1 · 전국시티투어 경유지 · 카카오 좌표
nation,전국,순천,·,ctt338,순천왜성,Suncheonwaeseong,herit,문화유산·전통체험,34.90726,127.58116,60,1h,,,,N,N,Y,N,N,N,Y,전남광주통합특별시 순천시 해룡면 신성리 산 1 · 전국시티투어 경유지 · 카카오 좌표
nation,전국,순천,·,ctt339,순천만국가정원 스페이스브릿지,Suncheonmangukgajeongwon Seupeiseubeuritji,heal,힐링·생태·체험,34.92772,127.50338,60,1h,,,,N,N,Y,N,N,N,Y,전남광주통합특별시 순천시 풍덕동 610 · 전국시티투어 경유지 · 카카오 좌표
nation,전국,나주,·,ctt340,국립나주박물관,Gukripnajubakmulgwan,herit,문화유산·전통체험,34.91482,126.65905,60,1h,,,,N,N,Y,N,N,N,Y,전남광주통합특별시 나주시 반남면 고분로 747 · 전국시티투어 경유지 · 카카오 좌표
nation,전국,나주,·,ctt341,전남광주통합특별시산림연구원 토피어리,Jeonnamgwangjutonghapteukbyeolsisanrimyeonguwon Topieori,heal,힐링·생태·체험,35.00646,126.82509,60,1h,,,,N,N,Y,N,N,N,Y,전남광주통합특별시 나주시 산포면 다도로 7 · 전국시티투어 경유지 · 카카오 좌표
nation,전국,아산,·,ctt342,옹기발효음식 전시체험관,Onggibalhyoeumsik Jeonsicheheomgwan,activity,테마파크·액티비티,36.75485,126.88051,90,1h 30m,,,,N,N,Y,N,N,N,Y,충남 아산시 도고면 도고산로 810 · 전국시티투어 경유지 · 카카오 좌표
nation,전국,아산,·,ctt343,도고아트홀,Dogoateuhol,activity,테마파크·액티비티,36.7587,126.86787,90,1h 30m,,,,N,N,Y,N,N,N,Y,충남 아산시 도고면 아산만로 171 · 전국시티투어 경유지 · 카카오 좌표
nation,전국,아산,·,ctt344,세계꽃식물원,Segyekkotsikmulwon,heal,힐링·생태·체험,36.74971,126.86058,60,1h,,,,N,N,Y,N,N,N,Y,충남 아산시 도고면 아산만로 37-37 · 전국시티투어 경유지 · 카카오 좌표
nation,전국,대전,·,ctt345,유림공원,Yurimgongwon,heal,힐링·생태·체험,36.35997,127.35744,60,1h,,,,N,N,Y,N,N,N,Y,대전 유성구 어은로 27 · 전국시티투어 경유지 · 카카오 좌표
nation,전국,대전,·,ctt346,진잠향교,Jinjamhyanggyo,herit,문화유산·전통체험,36.3038,127.31529,60,1h,,,,N,N,Y,N,N,N,Y,대전 유성구 교촌로 67 · 전국시티투어 경유지 · 카카오 좌표
nation,전국,안성,·,ctt347,안성맞춤박물관,Anseongmatchumbakmulgwan,herit,문화유산·전통체험,37.01125,127.22835,60,1h,,,,N,N,Y,N,N,N,Y,경기 안성시 대덕면 서동대로 4726-15 · 전국시티투어 경유지 · 카카오 좌표
nation,전국,안성,·,ctt348,농협안성팜랜드,Nonghyeopanseongpamraendeu,activity,테마파크·액티비티,36.99132,127.19352,90,1h 30m,,,,N,N,Y,N,N,N,Y,경기 안성시 공도읍 대신두길 28 · 전국시티투어 경유지 · 카카오 좌표
nation,전국,안성,·,ctt349,안성맞춤랜드,Anseongmatchumraendeu,activity,테마파크·액티비티,37.03305,127.31017,90,1h 30m,,,,N,N,Y,N,N,N,Y,경기 안성시 보개면 남사당로 198 · 전국시티투어 경유지 · 카카오 좌표
nation,전국,안성,·,ctt350,청룡사,Cheongryongsa,herit,문화유산·전통체험,36.91371,127.28875,60,1h,,,,N,N,Y,N,N,N,Y,경기 안성시 서운면 청룡길 140 · 전국시티투어 경유지 · 카카오 좌표
nation,전국,대전,·,ctt351,식장산문화공원,Sikjangsanmunhwagongwon,heal,힐링·생태·체험,36.30379,127.48355,60,1h,,,,N,N,Y,N,N,N,Y,대전 동구 세천동 산 43-3 · 전국시티투어 경유지 · 카카오 좌표
nation,전국,경산,·,ctt352,임당동고분군,Imdangdonggobungun,herit,문화유산·전통체험,35.83983,128.74967,60,1h,,,,N,N,Y,N,N,N,Y,경북 경산시 임당동 676-1 · 전국시티투어 경유지 · 카카오 좌표
nation,전국,경산,·,ctt353,경산시립박물관,Gyeongsansiripbakmulgwan,herit,문화유산·전통체험,35.81406,128.76321,60,1h,,,,N,N,Y,N,N,N,Y,경북 경산시 박물관로 46 · 전국시티투어 경유지 · 카카오 좌표
nation,전국,경산,·,ctt354,삼성현역사문화공원,Samseonghyeonyeoksamunhwagongwon,heal,힐링·생태·체험,35.80159,128.79675,60,1h,,,,N,N,Y,N,N,N,Y,경북 경산시 남산면 삼성현공원로 59 · 전국시티투어 경유지 · 카카오 좌표
nation,전국,경산,·,ctt355,경산동의한방촌,Gyeongsandonguihanbangchon,activity,테마파크·액티비티,35.79937,128.80015,90,1h 30m,,,,N,N,Y,N,N,N,Y,경북 경산시 남산면 삼성현공원로 38 · 전국시티투어 경유지 · 카카오 좌표
nation,전국,경산,·,ctt356,반곡지,Bangokji,heal,힐링·생태·체험,35.78042,128.8066,60,1h,,,,N,N,Y,N,N,N,Y,경북 경산시 남산면 반곡리 246 · 전국시티투어 경유지 · 카카오 좌표
nation,전국,울산,·,ctt357,장생포고래박물관,Jangsaengpogoraebakmulgwan,herit,문화유산·전통체험,35.50277,129.38077,60,1h,,,,N,N,Y,N,N,N,Y,울산 남구 장생포고래로 244 · 전국시티투어 경유지 · 카카오 좌표
nation,전국,울산,·,ctt358,태화강국가정원 태화강전망대,Taehwaganggukgajeongwon Taehwagangjeonmangdae,activity,테마파크·액티비티,35.54506,129.29385,90,1h 30m,,,,N,N,Y,N,N,N,Y,울산 남구 남산로 223 · 전국시티투어 경유지 · 카카오 좌표
nation,전국,울산,·,ctt359,울산문화예술회관,Ulsanmunhwayesulhoegwan,activity,테마파크·액티비티,35.54296,129.32734,90,1h 30m,,,,N,N,Y,N,N,N,Y,울산 남구 번영로 200 · 전국시티투어 경유지 · 카카오 좌표
nation,전국,공주,·,ctt360,계룡도예,Gyeryongdoye,heal,힐링·생태·체험,36.37905,127.26083,60,1h,,,,N,N,Y,N,N,N,Y,충남 공주시 반포면 온천사기소길 27-1 · 전국시티투어 경유지 · 카카오 좌표
nation,전국,공주,·,ctt361,공주산림휴양마을 산림문화휴양관,Gongjusanrimhyuyangmaeul Sanrimmunhwahyuyanggwan,heal,힐링·생태·체험,36.42438,127.11943,60,1h,,,,N,N,Y,N,N,N,Y,충남 공주시 수원지공원길 222 · 전국시티투어 경유지 · 카카오 좌표
nation,전국,공주,·,ctt362,유구전통시장 광장,Yugujeontongsijang Gwangjang,heal,힐링·생태·체험,36.55306,126.95215,60,1h,,,,N,N,Y,N,N,N,Y,충남 공주시 유구읍 석남리 279-3 · 전국시티투어 경유지 · 카카오 좌표
nation,전국,공주,·,ctt363,충청남도역사박물관,Chungcheongnamdoyeoksabakmulgwan,herit,문화유산·전통체험,36.4537,127.12667,60,1h,,,,N,N,Y,N,N,N,Y,충남 공주시 국고개길 24 · 전국시티투어 경유지 · 카카오 좌표
nation,전국,공주,·,ctt364,공주 반죽동 당간지주,Gongju Banjukdong Dangganjiju,herit,문화유산·전통체험,36.45171,127.12242,60,1h,,,,N,N,Y,N,N,N,Y,충남 공주시 반죽동 300-2 · 전국시티투어 경유지 · 카카오 좌표
nation,전국,공주,·,ctt365,백제오감체험관,Baekjeogamcheheomgwan,activity,테마파크·액티비티,36.46247,127.11119,90,1h 30m,,,,N,N,Y,N,N,N,Y,충남 공주시 고마나루길 30 · 전국시티투어 경유지 · 카카오 좌표
nation,전국,서울,·,ctt366,익스트림스포츠디엠지,Ikseuteurimseupocheudiemji,activity,테마파크·액티비티,37.57248,127.00393,90,1h 30m,,,,N,N,Y,N,N,N,Y,서울 종로구 종로35길 28 · 전국시티투어 경유지 · 카카오 좌표
nation,전국,서울,·,ctt367,JSA어패럴,JSAeopaereol,sea,해양·자연경관,37.53834,126.8262,40,40m,,,,N,N,Y,N,N,N,Y,서울 양천구 남부순환로 316 · 전국시티투어 경유지 · 카카오 좌표
nation,전국,양평,·,ro116,스타벅스 더양평DT점,스타벅스 더양평DT점,food,로컬상권·먹거리,37.49703,127.4817,50,50m,,,,N,N,Y,N,N,N,Y,경기 양평군 양평읍 양근로 76 · 한국관광공사 연관 관광지 · 카카오 좌표
nation,전국,경주,·,ro117,분황사,분황사,herit,문화유산·전통체험,35.84057,129.23364,60,1h,,,,N,N,Y,N,N,N,Y,경북 경주시 분황로 94-11 · 한국관광공사 연관 관광지 · 카카오 좌표
nation,전국,양평,·,ro366,사나사계곡,사나사계곡,sea,해양·자연경관,37.53852,127.50632,40,40m,,,,N,N,Y,N,N,N,Y,경기 양평군 옥천면 사나사길 329 · 한국관광공사 연관 관광지 · 카카오 좌표
nation,전국,아산,·,ro419,궁평저수지 맨발황톳길,궁평저수지 맨발황톳길,activity,테마파크·액티비티,36.71412,126.99339,90,1h 30m,,,,N,N,Y,N,N,N,Y,충남 아산시 송악면 궁평리 252 · 한국관광공사 연관 관광지 · 카카오 좌표
nation,전국,김해,·,ro500,장유사,장유사,herit,문화유산·전통체험,35.19586,128.75539,60,1h,,,,N,N,Y,N,N,N,Y,경남 김해시 대청계곡길 170-563 · 한국관광공사 연관 관광지 · 카카오 좌표
nation,전국,창원,·,ro570,3.15해양누리공원,3.15해양누리공원,heal,힐링·생태·체험,35.18655,128.56403,60,1h,,,,N,N,Y,N,N,N,Y,경남 창원시 마산합포구 월남동1가 47-4 · 한국관광공사 연관 관광지 · 카카오 좌표
nation,전국,천안,·,ro813,천안 성성호수공원,천안 성성호수공원,heal,힐링·생태·체험,36.84761,127.12844,60,1h,,,,N,N,Y,N,N,N,Y,충남 천안시 서북구 성성2길 95 · 한국관광공사 연관 관광지 · 카카오 좌표
nation,전국,봉화,·,ro881,국립청옥산자연휴양림,국립청옥산자연휴양림,heal,힐링·생태·체험,37.03872,128.99584,60,1h,,,,N,N,Y,N,N,N,Y,경북 봉화군 석포면 청옥로 1552-163 · 한국관광공사 연관 관광지 · 카카오 좌표
nation,전국,하동,·,ro885,하동 코리아짚와이어,하동 코리아짚와이어,activity,테마파크·액티비티,34.98246,127.89652,90,1h 30m,,,,N,N,Y,N,N,N,Y,경남 하동군 금남면 경충로 493-5 · 한국관광공사 연관 관광지 · 카카오 좌표
nation,전국,서울,·,ro970,유한양행 윌로우하우스,유한양행 윌로우하우스,herit,문화유산·전통체험,37.51298,126.93268,60,1h,,,,N,N,Y,N,N,N,Y,서울 동작구 노량진로 74 · 한국관광공사 연관 관광지 · 카카오 좌표
nation,전국,서울,·,rs383,힐튼가든인 서울강남,힐튼가든인 서울강남,stay,숙박,37.48593,127.03277,30,30m,,,,N,N,Y,N,N,N,N,서울 서초구 강남대로 253 · 한국관광공사 연관 관광지 · 카카오 좌표
nation,전국,강릉,·,ro1,주문진수산시장,주문진수산시장,food,로컬상권·먹거리,37.89111,128.82774,50,50m,,,,N,N,Y,N,N,N,Y,강원특별자치도 강릉시 주문진읍 시장길 38 · 한국관광공사 연관 관광지 · 카카오 좌표
nation,전국,통영,·,ro2,통영중앙전통시장,통영중앙전통시장,food,로컬상권·먹거리,34.84522,128.42448,50,50m,,,,N,N,Y,N,N,N,Y,경남 통영시 중앙동 38-5 · 한국관광공사 연관 관광지 · 카카오 좌표
nation,전국,속초,·,ro3,청초수물회 속초본점,청초수물회 속초본점,food,로컬상권·먹거리,38.19215,128.59054,50,50m,,,,N,N,Y,N,N,N,Y,강원특별자치도 속초시 엑스포로 12-36 · 한국관광공사 연관 관광지 · 카카오 좌표
nation,전국,부산,·,ro4,광안리해수욕장,광안리해수욕장,sea,해양·자연경관,35.15319,129.11898,40,40m,,,,N,N,Y,N,N,N,Y,부산 수영구 광안해변로 219 · 한국관광공사 연관 관광지 · 카카오 좌표
nation,전국,강릉,·,ro5,안목해변,안목해변,sea,해양·자연경관,37.77226,128.94828,40,40m,,,,N,N,Y,N,N,N,Y,강원특별자치도 강릉시 창해로14번길 51-26 · 한국관광공사 연관 관광지 · 카카오 좌표
nation,전국,고성(강원),·,ro6,송지호해수욕장,송지호해수욕장,sea,해양·자연경관,38.33068,128.52792,40,40m,,,,N,N,Y,N,N,N,Y,강원특별자치도 고성군 죽왕면 오호리 8 · 한국관광공사 연관 관광지 · 카카오 좌표
nation,전국,양양,·,ro7,낙산해수욕장,낙산해수욕장,sea,해양·자연경관,38.11587,128.63576,40,40m,,,,N,N,Y,N,N,N,Y,강원특별자치도 양양군 강현면 전진리 · 한국관광공사 연관 관광지 · 카카오 좌표
nation,전국,고성,·,ro8,바다정원펜션,바다정원펜션,food,로컬상권·먹거리,35.01331,128.4974,50,50m,,,,N,N,Y,N,N,N,Y,경남 고성군 동해면 용정1길 451-28 · 한국관광공사 연관 관광지 · 카카오 좌표
nation,전국,속초,·,ro9,동명항,동명항,sea,해양·자연경관,38.21112,128.60079,40,40m,,,,N,N,Y,N,N,N,Y,강원특별자치도 속초시 동명동 1-249 · 한국관광공사 연관 관광지 · 카카오 좌표
nation,전국,삼척,·,ro10,맹방해수욕장,맹방해수욕장,sea,해양·자연경관,37.39018,129.23234,40,40m,,,,N,N,Y,N,N,N,Y,강원특별자치도 삼척시 근덕면 하맹방리 12-1 · 한국관광공사 연관 관광지 · 카카오 좌표
nation,전국,삼척,·,ro11,삼척해변,삼척해변,sea,해양·자연경관,37.46792,129.16984,40,40m,,,,N,N,Y,N,N,N,Y,강원특별자치도 삼척시 갈천동 14-22 · 한국관광공사 연관 관광지 · 카카오 좌표
nation,전국,인천,·,ro12,강화풍물시장,강화풍물시장,food,로컬상권·먹거리,37.74147,126.49272,50,50m,,,,N,N,Y,N,N,N,Y,인천 강화군 강화읍 중앙로 17-9 · 한국관광공사 연관 관광지 · 카카오 좌표
nation,전국,인천,·,ro13,동막해변,동막해변,sea,해양·자연경관,37.5929,126.45758,40,40m,,,,N,N,Y,N,N,N,Y,인천 강화군 화도면 동막리 7-3 · 한국관광공사 연관 관광지 · 카카오 좌표
nation,전국,삼척,·,ro14,삼척중앙시장,삼척중앙시장,food,로컬상권·먹거리,37.44209,129.16519,50,50m,,,,N,N,Y,N,N,N,Y,강원특별자치도 삼척시 진주로 12-21 · 한국관광공사 연관 관광지 · 카카오 좌표
nation,전국,제주,·,ro15,서귀포매일올레시장,서귀포매일올레시장,food,로컬상권·먹거리,33.25015,126.56323,50,50m,,,,N,N,Y,N,N,N,Y,제주특별자치도 서귀포시 중앙로62번길 18 · 한국관광공사 연관 관광지 · 카카오 좌표
nation,전국,인천,·,ro16,조양방직,조양방직,food,로컬상권·먹거리,37.74695,126.48032,50,50m,,,,N,N,Y,N,N,N,Y,인천 강화군 강화읍 향나무길5번길 12 · 한국관광공사 연관 관광지 · 카카오 좌표
nation,전국,서울,·,ro17,코엑스,코엑스,herit,문화유산·전통체험,37.51182,127.05916,60,1h,,,,N,N,Y,N,N,N,Y,서울 강남구 영동대로 513 · 한국관광공사 연관 관광지 · 카카오 좌표
nation,전국,태안,·,ro18,안면도수산시장,안면도수산시장,food,로컬상권·먹거리,36.51657,126.34595,50,50m,,,,N,N,Y,N,N,N,Y,충남 태안군 안면읍 장터로 104 · 한국관광공사 연관 관광지 · 카카오 좌표
nation,전국,서울,·,ro19,반포한강공원,반포한강공원,heal,힐링·생태·체험,37.51082,126.99716,60,1h,,,,N,N,Y,N,N,N,Y,서울 서초구 반포동 115-5 · 한국관광공사 연관 관광지 · 카카오 좌표
nation,전국,서울,·,ro20,북악스카이웨이,북악스카이웨이,activity,테마파크·액티비티,37.60085,126.97708,90,1h 30m,,,,N,N,Y,N,N,N,Y,서울 종로구 평창동 산 6-94 · 한국관광공사 연관 관광지 · 카카오 좌표
nation,전국,속초,·,ro21,만석닭강정 시장1호점,만석닭강정 시장1호점,food,로컬상권·먹거리,38.20451,128.59004,50,50m,,,,N,N,Y,N,N,N,Y,강원특별자치도 속초시 중앙로147번길 16 · 한국관광공사 연관 관광지 · 카카오 좌표
nation,전국,인천,·,ro22,교동대룡시장,교동대룡시장,food,로컬상권·먹거리,37.78215,126.27958,50,50m,,,,N,N,Y,N,N,N,Y,인천 강화군 교동면 대룡리 460-2 · 한국관광공사 연관 관광지 · 카카오 좌표
nation,전국,태안,·,ro23,백사장항,백사장항,sea,해양·자연경관,36.5864,126.31806,40,40m,,,,N,N,Y,N,N,N,Y,충남 태안군 안면읍 창기리 2200 · 한국관광공사 연관 관광지 · 카카오 좌표
nation,전국,강릉,·,ro24,강릉카페거리,강릉카페거리,food,로컬상권·먹거리,37.77265,128.94724,50,50m,,,,N,N,Y,N,N,N,Y,강원특별자치도 강릉시 창해로14번길 20 · 한국관광공사 연관 관광지 · 카카오 좌표
nation,전국,영덕,·,ro25,고래불해수욕장,고래불해수욕장,sea,해양·자연경관,36.59867,129.41072,40,40m,,,,N,N,Y,N,N,N,Y,경북 영덕군 병곡면 병곡리 58-26 · 한국관광공사 연관 관광지 · 카카오 좌표
nation,전국,태안,·,ro26,몽산포해수욕장,몽산포해수욕장,sea,해양·자연경관,36.66939,126.28662,40,40m,,,,N,N,Y,N,N,N,Y,충남 태안군 남면 신장리 353-59 · 한국관광공사 연관 관광지 · 카카오 좌표
nation,전국,태안,·,ro27,안면암,안면암,herit,문화유산·전통체험,36.55935,126.37506,60,1h,,,,N,N,Y,N,N,N,Y,충남 태안군 안면읍 여수해길 198-160 · 한국관광공사 연관 관광지 · 카카오 좌표
nation,전국,서울,·,ro28,가락동 농수산물도매시장,가락동 농수산물도매시장,food,로컬상권·먹거리,37.49391,127.11095,50,50m,,,,N,N,Y,N,N,N,Y,서울 송파구 양재대로 932 · 한국관광공사 연관 관광지 · 카카오 좌표
nation,전국,양양,·,ro29,하조대해수욕장,하조대해수욕장,sea,해양·자연경관,38.02642,128.72028,40,40m,,,,N,N,Y,N,N,N,Y,강원특별자치도 양양군 현북면 하광정리 80-2 · 한국관광공사 연관 관광지 · 카카오 좌표
nation,전국,울진,·,ro30,후포항,후포항,sea,해양·자연경관,36.67821,129.45795,40,40m,,,,N,N,Y,N,N,N,Y,경북 울진군 후포면 울진대게로 236-14 · 한국관광공사 연관 관광지 · 카카오 좌표
nation,전국,평창,·,ro31,월정사,월정사,herit,문화유산·전통체험,37.73175,128.59212,60,1h,,,,N,N,Y,N,N,N,Y,강원특별자치도 평창군 진부면 오대산로 374-8 · 한국관광공사 연관 관광지 · 카카오 좌표
nation,전국,강릉,·,ro32,정동진 해변,정동진 해변,sea,해양·자연경관,37.68917,129.03626,40,40m,,,,N,N,Y,N,N,N,Y,강원특별자치도 강릉시 강동면 정동진리 64-3 · 한국관광공사 연관 관광지 · 카카오 좌표
nation,전국,강릉,·,ro33,주문진해변,주문진해변,sea,해양·자연경관,37.91112,128.81878,40,40m,,,,N,N,Y,N,N,N,Y,강원특별자치도 강릉시 주문진읍 향호리 8-35 · 한국관광공사 연관 관광지 · 카카오 좌표
nation,전국,고성(강원),·,ro34,화진포해변,화진포해변,sea,해양·자연경관,38.47854,128.43937,40,40m,,,,N,N,Y,N,N,N,Y,강원특별자치도 고성군 현내면 초도리 · 한국관광공사 연관 관광지 · 카카오 좌표
nation,전국,인천,·,ro35,전등사,전등사,herit,문화유산·전통체험,37.63215,126.48478,60,1h,,,,N,N,Y,N,N,N,Y,인천 강화군 길상면 전등사로 37-41 · 한국관광공사 연관 관광지 · 카카오 좌표
nation,전국,춘천,·,ro36,통나무집닭갈비 본점,통나무집닭갈비 본점,food,로컬상권·먹거리,37.93313,127.79329,50,50m,,,,N,N,Y,N,N,N,Y,강원특별자치도 춘천시 신북읍 신샘밭로 763 · 한국관광공사 연관 관광지 · 카카오 좌표
nation,전국,천안,·,ro37,뚜쥬루 빵돌가마점,뚜쥬루 빵돌가마점,food,로컬상권·먹거리,36.77312,127.13965,50,50m,,,,N,N,Y,N,N,N,Y,충남 천안시 동남구 풍세로 706 · 한국관광공사 연관 관광지 · 카카오 좌표
nation,전국,서울,·,ro38,보문사,보문사,herit,문화유산·전통체험,37.58461,127.01647,60,1h,,,,N,N,Y,N,N,N,Y,서울 성북구 보문사길 20 · 한국관광공사 연관 관광지 · 카카오 좌표
nation,전국,보령,·,ro39,원산도해수욕장,원산도해수욕장,sea,해양·자연경관,36.36342,126.42789,40,40m,,,,N,N,Y,N,N,N,Y,충남 보령시 오천면 원산도리 1860-6 · 한국관광공사 연관 관광지 · 카카오 좌표
nation,전국,삼척,·,ro40,용화해변,용화해변,sea,해양·자연경관,37.28968,129.30537,40,40m,,,,N,N,Y,N,N,N,Y,강원특별자치도 삼척시 근덕면 용화리 14-5 · 한국관광공사 연관 관광지 · 카카오 좌표
nation,전국,삼척,·,ro41,삼척항,삼척항,sea,해양·자연경관,37.43558,129.19069,40,40m,,,,N,N,Y,N,N,N,Y,강원특별자치도 삼척시 정상동 · 한국관광공사 연관 관광지 · 카카오 좌표
nation,전국,인천,·,ro42,강화제적봉 평화전망대,강화제적봉 평화전망대,activity,테마파크·액티비티,37.82652,126.433,90,1h 30m,,,,N,N,Y,N,N,N,Y,인천 강화군 양사면 전망대로 797 · 한국관광공사 연관 관광지 · 카카오 좌표
nation,전국,태안,·,ro43,삼봉해수욕장캠핑장,삼봉해수욕장캠핑장,sea,해양·자연경관,36.56929,126.31688,40,40m,,,,N,N,Y,N,N,N,Y,충남 태안군 안면읍 창기리 · 한국관광공사 연관 관광지 · 카카오 좌표
nation,전국,영덕,·,ro44,영덕해맞이공원,영덕해맞이공원,heal,힐링·생태·체험,36.42628,129.43484,60,1h,,,,N,N,Y,N,N,N,Y,경북 영덕군 영덕읍 창포리 3 · 한국관광공사 연관 관광지 · 카카오 좌표
nation,전국,당진,·,ro45,한진포구,한진포구,sea,해양·자연경관,36.97081,126.78246,40,40m,,,,N,N,Y,N,N,N,Y,충남 당진시 송악읍 한진포구길 49 · 한국관광공사 연관 관광지 · 카카오 좌표
nation,전국,강릉,·,ro46,사근진해변,사근진해변,sea,해양·자연경관,37.81361,128.89756,40,40m,,,,N,N,Y,N,N,N,Y,강원특별자치도 강릉시 해안로604번길 14 · 한국관광공사 연관 관광지 · 카카오 좌표
nation,전국,강릉,·,ro47,강문해변,강문해변,sea,해양·자연경관,37.79482,128.91918,40,40m,,,,N,N,Y,N,N,N,Y,강원특별자치도 강릉시 강문동 182-1 · 한국관광공사 연관 관광지 · 카카오 좌표
nation,전국,영덕,·,ro48,대진해수욕장,대진해수욕장,sea,해양·자연경관,36.56498,129.42687,40,40m,,,,N,N,Y,N,N,N,Y,경북 영덕군 영해면 영덕대게로 2840 · 한국관광공사 연관 관광지 · 카카오 좌표
nation,전국,서울,·,ro49,YTN서울타워,YTN서울타워,activity,테마파크·액티비티,37.55127,126.98821,90,1h 30m,,,,N,N,Y,N,N,N,Y,서울 용산구 용산동2가 산 1-3 · 한국관광공사 연관 관광지 · 카카오 좌표
nation,전국,서울,·,ro50,동대문종합시장,동대문종합시장,food,로컬상권·먹거리,37.57042,127.00762,50,50m,,,,N,N,Y,N,N,N,Y,서울 종로구 종로 266 · 한국관광공사 연관 관광지 · 카카오 좌표
nation,전국,여수,·,ro51,여수예술랜드,여수예술랜드,activity,테마파크·액티비티,34.69509,127.77706,90,1h 30m,,,,N,N,Y,N,N,N,Y,전남광주통합특별시 여수시 돌산읍 무술목길 142-1 · 한국관광공사 연관 관광지 · 카카오 좌표
nation,전국,태안,·,ro52,안면도영목항전망대,안면도영목항전망대,activity,테마파크·액티비티,36.40197,126.42203,90,1h 30m,,,,N,N,Y,N,N,N,Y,충남 태안군 고남면 안면대로 4506 · 한국관광공사 연관 관광지 · 카카오 좌표
nation,전국,서천,·,ro53,홍원항,홍원항,sea,해양·자연경관,36.1563,126.50174,40,40m,,,,N,N,Y,N,N,N,Y,충남 서천군 서면 도둔리 · 한국관광공사 연관 관광지 · 카카오 좌표
nation,전국,인천,·,ro54,금문도,금문도,food,로컬상권·먹거리,37.65605,126.49281,50,50m,,,,N,N,Y,N,N,N,Y,인천 강화군 길상면 강화동로 187 · 한국관광공사 연관 관광지 · 카카오 좌표
nation,전국,통영,·,ro55,서호시장,서호시장,food,로컬상권·먹거리,34.84128,128.41941,50,50m,,,,N,N,Y,N,N,N,Y,경남 통영시 새터길 42-7 · 한국관광공사 연관 관광지 · 카카오 좌표
nation,전국,거제,·,ro56,저구항,저구항,sea,해양·자연경관,34.73075,128.60607,40,40m,,,,N,N,Y,N,N,N,Y,경남 거제시 남부면 저구리 216-6 · 한국관광공사 연관 관광지 · 카카오 좌표
nation,전국,정선,·,ro57,강원랜드카지노리조트복지관,강원랜드카지노리조트복지관,activity,테마파크·액티비티,37.20196,128.84928,90,1h 30m,,,,N,N,Y,N,N,N,Y,강원특별자치도 정선군 고한읍 고한3길 6-9 · 한국관광공사 연관 관광지 · 카카오 좌표
nation,전국,고성(강원),·,ro58,거진항,거진항,sea,해양·자연경관,38.44589,128.4592,40,40m,,,,N,N,Y,N,N,N,Y,강원특별자치도 고성군 거진읍 거진항1길 62-3 · 한국관광공사 연관 관광지 · 카카오 좌표
nation,전국,제주,·,ro59,판포포구,판포포구,sea,해양·자연경관,33.36502,126.20002,40,40m,,,,N,N,Y,N,N,N,Y,제주특별자치도 제주시 한경면 판포리 · 한국관광공사 연관 관광지 · 카카오 좌표
nation,전국,강릉,·,ro60,동화가든,동화가든,food,로컬상권·먹거리,37.79114,128.91466,50,50m,,,,N,N,Y,N,N,N,Y,강원특별자치도 강릉시 초당순두부길77번길 15 · 한국관광공사 연관 관광지 · 카카오 좌표
nation,전국,속초,·,ro61,외옹치해수욕장,외옹치해수욕장,sea,해양·자연경관,38.18315,128.60893,40,40m,,,,N,N,Y,N,N,N,Y,강원특별자치도 속초시 해오름로 83 · 한국관광공사 연관 관광지 · 카카오 좌표
nation,전국,속초,·,ro62,장사항,장사항,sea,해양·자연경관,38.22709,128.5888,40,40m,,,,N,N,Y,N,N,N,Y,강원특별자치도 속초시 장사항해안길 58 · 한국관광공사 연관 관광지 · 카카오 좌표
nation,전국,해남,·,ro63,땅끝전망대,땅끝전망대,activity,테마파크·액티비티,34.29474,126.52501,90,1h 30m,,,,N,N,Y,N,N,N,Y,전남광주통합특별시 해남군 송지면 땅끝마을길 100 · 한국관광공사 연관 관광지 · 카카오 좌표
nation,전국,완도,·,ro64,신지명사십리해수욕장,신지명사십리해수욕장,sea,해양·자연경관,34.32689,126.81266,40,40m,,,,N,N,Y,N,N,N,Y,전남광주통합특별시 완도군 신지면 명사십리길 85-105 · 한국관광공사 연관 관광지 · 카카오 좌표
nation,전국,영덕,·,ro65,축산항,축산항,sea,해양·자연경관,36.50861,129.44819,40,40m,,,,N,N,Y,N,N,N,Y,경북 영덕군 축산면 · 한국관광공사 연관 관광지 · 카카오 좌표
nation,전국,제주,·,ro66,제주동화마을,제주동화마을,heal,힐링·생태·체험,33.43543,126.73204,60,1h,,,,N,N,Y,N,N,N,Y,제주특별자치도 제주시 구좌읍 비자림로 1191 · 한국관광공사 연관 관광지 · 카카오 좌표
nation,전국,서천,·,ro67,춘장대해수욕장,춘장대해수욕장,sea,해양·자연경관,36.16335,126.52271,40,40m,,,,N,N,Y,N,N,N,Y,충남 서천군 서면 도둔리 산 46-1 · 한국관광공사 연관 관광지 · 카카오 좌표
nation,전국,여수,·,ro68,여수낭만포차거리,여수낭만포차거리,food,로컬상권·먹거리,34.73649,127.74915,50,50m,,,,N,N,Y,N,N,N,Y,전남광주통합특별시 여수시 하멜로 102 · 한국관광공사 연관 관광지 · 카카오 좌표
nation,전국,목포,·,ro69,목포동부시장,목포동부시장,food,로컬상권·먹거리,34.80439,126.39303,50,50m,,,,N,N,Y,N,N,N,Y,전남광주통합특별시 목포시 영산로257번길 15 · 한국관광공사 연관 관광지 · 카카오 좌표
nation,전국,양양,·,ro70,하조대전망대,하조대전망대,activity,테마파크·액티비티,38.02241,128.7291,90,1h 30m,,,,N,N,Y,N,N,N,Y,강원특별자치도 양양군 현북면 하광정리 58-1 · 한국관광공사 연관 관광지 · 카카오 좌표
nation,전국,목포,·,ro71,목포북항,목포북항,sea,해양·자연경관,34.80489,126.36478,40,40m,,,,N,N,Y,N,N,N,Y,전남광주통합특별시 목포시 죽교동 620-320 · 한국관광공사 연관 관광지 · 카카오 좌표
nation,전국,부산,·,ro72,기장시장,기장시장,food,로컬상권·먹거리,35.24354,129.21528,50,50m,,,,N,N,Y,N,N,N,Y,부산 기장군 기장읍 읍내로104번길 16 · 한국관광공사 연관 관광지 · 카카오 좌표
nation,전국,삼척,·,ro73,부일막국수,부일막국수,food,로컬상권·먹거리,37.4671,129.1638,50,50m,,,,N,N,Y,N,N,N,Y,강원특별자치도 삼척시 새천년도로 596 · 한국관광공사 연관 관광지 · 카카오 좌표
nation,전국,목포,·,ro74,커피창고로,커피창고로,food,로컬상권·먹거리,34.79568,126.43064,50,50m,,,,N,N,Y,N,N,N,Y,전남광주통합특별시 목포시 평화로 51 · 한국관광공사 연관 관광지 · 카카오 좌표
nation,전국,태안,·,ro75,딴뚝통나무집식당,딴뚝통나무집식당,food,로컬상권·먹거리,36.50944,126.35098,50,50m,,,,N,N,Y,N,N,N,Y,충남 태안군 안면읍 조운막터길 23-22 · 한국관광공사 연관 관광지 · 카카오 좌표
nation,전국,태안,·,ro76,덕수식당,덕수식당,food,로컬상권·먹거리,36.75165,126.3031,50,50m,,,,N,N,Y,N,N,N,Y,충남 태안군 태안읍 중앙로 133-8 · 한국관광공사 연관 관광지 · 카카오 좌표
nation,전국,서울,·,ro77,토속촌삼계탕,토속촌삼계탕,food,로컬상권·먹거리,37.57772,126.97149,50,50m,,,,N,N,Y,N,N,N,Y,서울 종로구 자하문로5길 5 · 한국관광공사 연관 관광지 · 카카오 좌표
nation,전국,통영,·,ro78,수륙해수욕장,수륙해수욕장,sea,해양·자연경관,34.81988,128.43981,40,40m,,,,N,N,Y,N,N,N,Y,경남 통영시 산양읍 영운리 · 한국관광공사 연관 관광지 · 카카오 좌표
nation,전국,사천,·,ro79,삼천포항,삼천포항,sea,해양·자연경관,34.92644,128.06999,40,40m,,,,N,N,Y,N,N,N,Y,경남 사천시 어시장길 34-10 · 한국관광공사 연관 관광지 · 카카오 좌표
nation,전국,울진,·,ro80,덕구온천스파월드,덕구온천스파월드,heal,힐링·생태·체험,37.07881,129.28357,60,1h,,,,N,N,Y,N,N,N,Y,경북 울진군 북면 덕구온천로 924 · 한국관광공사 연관 관광지 · 카카오 좌표
nation,전국,여수,·,ro81,여수수산시장,여수수산시장,food,로컬상권·먹거리,34.7381,127.73181,50,50m,,,,N,N,Y,N,N,N,Y,전남광주통합특별시 여수시 여객선터미널길 24 · 한국관광공사 연관 관광지 · 카카오 좌표
nation,전국,사천,·,ro82,남일대해수욕장,남일대해수욕장,sea,해양·자연경관,34.92659,128.0964,40,40m,,,,N,N,Y,N,N,N,Y,경남 사천시 모례2길 11-19 · 한국관광공사 연관 관광지 · 카카오 좌표
nation,전국,삼척,·,ro83,삼고정문,삼고정문,food,로컬상권·먹거리,37.46195,129.15661,50,50m,,,,N,N,Y,N,N,N,Y,강원특별자치도 삼척시 새천년도로 673-1 · 한국관광공사 연관 관광지 · 카카오 좌표
nation,전국,영월,·,ro84,영월소금빵,영월소금빵,food,로컬상권·먹거리,37.18225,128.47973,50,50m,,,,N,N,Y,N,N,N,Y,강원특별자치도 영월군 영월읍 영월로 2097-2 · 한국관광공사 연관 관광지 · 카카오 좌표
nation,전국,여수,·,ro85,꽃돌게장1번가,꽃돌게장1번가,food,로컬상권·먹거리,34.73302,127.72611,50,50m,,,,N,N,Y,N,N,N,Y,전남광주통합특별시 여수시 봉산2로 36 · 한국관광공사 연관 관광지 · 카카오 좌표
nation,전국,당진,·,ro86,로드1950카페,로드1950카페,food,로컬상권·먹거리,36.91743,126.81261,50,50m,,,,N,N,Y,N,N,N,Y,충남 당진시 신평면 매산로 170 · 한국관광공사 연관 관광지 · 카카오 좌표
nation,전국,제주,·,ro87,스타벅스 더제주송당파크R점,스타벅스 더제주송당파크R점,food,로컬상권·먹거리,33.43552,126.73144,50,50m,,,,N,N,Y,N,N,N,Y,제주특별자치도 제주시 구좌읍 비자림로 1189 · 한국관광공사 연관 관광지 · 카카오 좌표
nation,전국,거제,·,ro88,정글돔풀빌라앤글램핑,정글돔풀빌라앤글램핑,activity,테마파크·액티비티,34.8573,128.57106,90,1h 30m,,,,N,N,Y,N,N,N,Y,경남 거제시 거제면 외간1길 1-56 · 한국관광공사 연관 관광지 · 카카오 좌표
nation,전국,동해,·,ro89,어달해변,어달해변,sea,해양·자연경관,37.56877,129.11753,40,40m,,,,N,N,Y,N,N,N,Y,강원특별자치도 동해시 어달동 52-4 · 한국관광공사 연관 관광지 · 카카오 좌표
nation,전국,목포,·,ro90,유달산조각공원,유달산조각공원,heal,힐링·생태·체험,34.79458,126.37408,60,1h,,,,N,N,Y,N,N,N,Y,전남광주통합특별시 목포시 유달로 221 · 한국관광공사 연관 관광지 · 카카오 좌표
nation,전국,춘천,·,ro91,춘천교육대학교 행정본관,춘천교육대학교 행정본관,herit,문화유산·전통체험,37.85912,127.74827,60,1h,,,,N,N,Y,N,N,N,Y,강원특별자치도 춘천시 공지로 126 · 한국관광공사 연관 관광지 · 카카오 좌표
nation,전국,논산,·,ro92,반야사,반야사,herit,문화유산·전통체험,36.11107,127.17347,60,1h,,,,N,N,Y,N,N,N,Y,충남 논산시 가야곡면 삼전길 104 · 한국관광공사 연관 관광지 · 카카오 좌표
nation,전국,보령,·,ro93,상화원,상화원,heal,힐링·생태·체험,36.27728,126.53855,60,1h,,,,N,N,Y,N,N,N,Y,충남 보령시 남포면 남포방조제로 408-52 · 한국관광공사 연관 관광지 · 카카오 좌표
nation,전국,부안,·,ro94,곰소항,곰소항,sea,해양·자연경관,35.58599,126.60569,40,40m,,,,N,N,Y,N,N,N,Y,전북특별자치도 부안군 진서면 진서리 · 한국관광공사 연관 관광지 · 카카오 좌표
nation,전국,통영,·,ro95,동피랑전복마을,동피랑전복마을,food,로컬상권·먹거리,34.84325,128.4274,50,50m,,,,N,N,Y,N,N,N,Y,경남 통영시 해송정2길 29 · 한국관광공사 연관 관광지 · 카카오 좌표
nation,전국,함안,·,ro96,함안연꽃테마파크,함안연꽃테마파크,heal,힐링·생태·체험,35.28053,128.39494,60,1h,,,,N,N,Y,N,N,N,Y,경남 함안군 가야읍 왕궁1길 38-20 · 한국관광공사 연관 관광지 · 카카오 좌표
nation,전국,속초,·,ro97,등대해수욕장,등대해수욕장,sea,해양·자연경관,38.21459,128.59835,40,40m,,,,N,N,Y,N,N,N,Y,강원특별자치도 속초시 영랑동 1-9 · 한국관광공사 연관 관광지 · 카카오 좌표
nation,전국,고성(강원),·,ro98,건봉사,건봉사,herit,문화유산·전통체험,38.40316,128.37947,60,1h,,,,N,N,Y,N,N,N,Y,강원특별자치도 고성군 거진읍 건봉사로 723 · 한국관광공사 연관 관광지 · 카카오 좌표
nation,전국,양양,·,ro99,양양전통시장,양양전통시장,food,로컬상권·먹거리,38.07503,128.62319,50,50m,,,,N,N,Y,N,N,N,Y,강원특별자치도 양양군 양양읍 남문5길 9 · 한국관광공사 연관 관광지 · 카카오 좌표
nation,전국,서천,·,ro100,서천특화시장임시상설시장,서천특화시장임시상설시장,food,로컬상권·먹거리,36.07518,126.6857,50,50m,,,,N,N,Y,N,N,N,Y,충남 서천군 서천읍 남산로 316 · 한국관광공사 연관 관광지 · 카카오 좌표
nation,전국,춘천,·,ro101,산토리니,산토리니,food,로컬상권·먹거리,37.89145,127.77651,50,50m,,,,N,N,Y,N,N,N,Y,강원특별자치도 춘천시 동면 순환대로 1154-97 · 한국관광공사 연관 관광지 · 카카오 좌표
nation,전국,부산,·,ro102,모모스 영도 로스터리&커피바,모모스 영도 로스터리&커피바,food,로컬상권·먹거리,35.09623,129.04257,50,50m,,,,N,N,Y,N,N,N,Y,부산 영도구 봉래나루로 160 · 한국관광공사 연관 관광지 · 카카오 좌표
nation,전국,거제,·,ro103,거제씨월드,거제씨월드,activity,테마파크·액티비티,34.83588,128.70146,90,1h 30m,,,,N,N,Y,N,N,N,Y,경남 거제시 일운면 지세포해안로 15 · 한국관광공사 연관 관광지 · 카카오 좌표
nation,전국,거제,·,ro104,조선해양문화관,조선해양문화관,herit,문화유산·전통체험,34.83487,128.7016,60,1h,,,,N,N,Y,N,N,N,Y,경남 거제시 일운면 지세포해안로 25 · 한국관광공사 연관 관광지 · 카카오 좌표
nation,전국,거제,·,ro105,지세포항,지세포항,sea,해양·자연경관,34.8317,128.70349,40,40m,,,,N,N,Y,N,N,N,Y,경남 거제시 일운면 지세포해안로 43 · 한국관광공사 연관 관광지 · 카카오 좌표
nation,전국,영월,·,ro106,영월 고씨굴,영월 고씨굴,heal,힐링·생태·체험,37.12941,128.53289,60,1h,,,,N,N,Y,N,N,N,Y,강원특별자치도 영월군 김삿갓면 진별리 산 262-1 · 한국관광공사 연관 관광지 · 카카오 좌표
nation,전국,군산,·,ro107,군산수산물종합센터,군산수산물종합센터,food,로컬상권·먹거리,35.99399,126.70474,50,50m,,,,N,N,Y,N,N,N,Y,전북특별자치도 군산시 내항2길 216 · 한국관광공사 연관 관광지 · 카카오 좌표
nation,전국,영덕,·,ro108,옥계계곡,옥계계곡,sea,해양·자연경관,36.33294,129.2705,40,40m,,,,N,N,Y,N,N,N,Y,경북 영덕군 달산면 옥계리 · 한국관광공사 연관 관광지 · 카카오 좌표
nation,전국,영덕,·,ro109,동광어시장,동광어시장,food,로컬상권·먹거리,36.35928,129.39077,50,50m,,,,N,N,Y,N,N,N,Y,경북 영덕군 강구면 영덕대게로 108-1 · 한국관광공사 연관 관광지 · 카카오 좌표
nation,전국,공주,·,ro110,대한불교조계종 동학사,대한불교조계종 동학사,herit,문화유산·전통체험,36.35329,127.22012,60,1h,,,,N,N,Y,N,N,N,Y,충남 공주시 반포면 동학사1로 462 · 한국관광공사 연관 관광지 · 카카오 좌표
nation,전국,제주,·,ro111,성이시돌목장,성이시돌목장,heal,힐링·생태·체험,33.34777,126.32732,60,1h,,,,N,N,Y,N,N,N,Y,제주특별자치도 제주시 한림읍 금악동길 35 · 한국관광공사 연관 관광지 · 카카오 좌표
nation,전국,제주,·,ro112,금능해수욕장,금능해수욕장,sea,해양·자연경관,33.39045,126.23589,40,40m,,,,N,N,Y,N,N,N,Y,제주특별자치도 제주시 한림읍 금능길 119-10 · 한국관광공사 연관 관광지 · 카카오 좌표
nation,전국,사천,·,ro113,하주옥 진주냉면,하주옥 진주냉면,food,로컬상권·먹거리,35.06757,128.0761,50,50m,,,,N,N,Y,N,N,N,Y,경남 사천시 사남면 하동길 8-11 · 한국관광공사 연관 관광지 · 카카오 좌표
nation,전국,보령,·,ro114,바이더오,바이더오,food,로컬상권·먹거리,36.38132,126.39697,50,50m,,,,N,N,Y,N,N,N,Y,충남 보령시 오천면 원산도5길 89-23 · 한국관광공사 연관 관광지 · 카카오 좌표
nation,전국,양평,·,ro115,옥천냉면황해식당 본점,옥천냉면황해식당 본점,food,로컬상권·먹거리,37.51974,127.45781,50,50m,,,,N,N,Y,N,N,N,Y,경기 양평군 옥천면 고읍로 140 · 한국관광공사 연관 관광지 · 카카오 좌표
nation,전국,경주,·,ro118,경주중앙시장,경주중앙시장,food,로컬상권·먹거리,35.84396,129.20674,50,50m,,,,N,N,Y,N,N,N,Y,경북 경주시 금성로 295 · 한국관광공사 연관 관광지 · 카카오 좌표
nation,전국,양양,·,ro119,물치항,물치항,sea,해양·자연경관,38.15569,128.60999,40,40m,,,,N,N,Y,N,N,N,Y,강원특별자치도 양양군 강현면 동해대로 3580 · 한국관광공사 연관 관광지 · 카카오 좌표
nation,전국,동해,·,ro120,묵호등대전망대,묵호등대전망대,activity,테마파크·액티비티,37.5545,129.11861,90,1h 30m,,,,N,N,Y,N,N,N,Y,강원특별자치도 동해시 해맞이길 289 · 한국관광공사 연관 관광지 · 카카오 좌표
nation,전국,인천,·,ro121,하나개해수욕장,하나개해수욕장,sea,해양·자연경관,37.38483,126.40985,40,40m,,,,N,N,Y,N,N,N,Y,인천 영종구 무의동 산 189 · 한국관광공사 연관 관광지 · 카카오 좌표
nation,전국,공주,·,ro122,유구색동수국정원,유구색동수국정원,heal,힐링·생태·체험,36.55548,126.95439,60,1h,,,,N,N,Y,N,N,N,Y,충남 공주시 유구읍 유구리 648-17 · 한국관광공사 연관 관광지 · 카카오 좌표
nation,전국,보령,·,ro123,보령석탄박물관,보령석탄박물관,herit,문화유산·전통체험,36.32611,126.6527,60,1h,,,,N,N,Y,N,N,N,Y,충남 보령시 성주면 성주산로 508 · 한국관광공사 연관 관광지 · 카카오 좌표
nation,전국,부안,·,ro124,격포해수욕장,격포해수욕장,sea,해양·자연경관,35.62879,126.47022,40,40m,,,,N,N,Y,N,N,N,Y,전북특별자치도 부안군 변산면 격포리 산 47-1 · 한국관광공사 연관 관광지 · 카카오 좌표
nation,전국,울진,·,ro125,국립해양과학관,국립해양과학관,herit,문화유산·전통체험,37.07268,129.41018,60,1h,,,,N,N,Y,N,N,N,Y,경북 울진군 죽변면 해양과학길 8 · 한국관광공사 연관 관광지 · 카카오 좌표
nation,전국,부산,·,ro126,청사포방파제,청사포방파제,sea,해양·자연경관,35.15932,129.19039,40,40m,,,,N,N,Y,N,N,N,Y,부산 해운대구 중동 · 한국관광공사 연관 관광지 · 카카오 좌표
nation,전국,부산,·,ro127,황령산전망쉼터,황령산전망쉼터,activity,테마파크·액티비티,35.15788,129.08272,90,1h 30m,,,,N,N,Y,N,N,N,Y,부산 남구 황령산로 391-39 · 한국관광공사 연관 관광지 · 카카오 좌표
nation,전국,부산,·,ro128,반여농산물도매시장,반여농산물도매시장,food,로컬상권·먹거리,35.21457,129.1227,50,50m,,,,N,N,Y,N,N,N,Y,부산 해운대구 수영강변대로 626 · 한국관광공사 연관 관광지 · 카카오 좌표
nation,전국,경주,·,ro129,황남빵,황남빵,food,로컬상권·먹거리,35.84084,129.21364,50,50m,,,,N,N,Y,N,N,N,Y,경북 경주시 태종로 783 · 한국관광공사 연관 관광지 · 카카오 좌표
nation,전국,거제,·,ro130,하면옥 본점,하면옥 본점,food,로컬상권·먹거리,34.90433,128.6231,50,50m,,,,N,N,Y,N,N,N,Y,경남 거제시 연초면 연하해안로 320 · 한국관광공사 연관 관광지 · 카카오 좌표
nation,전국,창원,·,ro131,동부회센타,동부회센타,food,로컬상권·먹거리,35.15227,128.69394,50,50m,,,,N,N,Y,N,N,N,Y,경남 창원시 진해구 천자로 5 · 한국관광공사 연관 관광지 · 카카오 좌표
nation,전국,당진,·,ro132,우렁이박사,우렁이박사,food,로컬상권·먹거리,36.87993,126.80282,50,50m,,,,N,N,Y,N,N,N,Y,충남 당진시 신평면 샛터로 7-1 · 한국관광공사 연관 관광지 · 카카오 좌표
nation,전국,태백,·,ro133,몽토랑,몽토랑,food,로컬상권·먹거리,37.18194,128.96415,50,50m,,,,N,N,Y,N,N,N,Y,강원특별자치도 태백시 효자1길 27-2 · 한국관광공사 연관 관광지 · 카카오 좌표
nation,전국,제주,·,ro134,숙성도 중문점,숙성도 중문점,food,로컬상권·먹거리,33.2628,126.39541,50,50m,,,,N,N,Y,N,N,N,Y,제주특별자치도 서귀포시 일주서로 1101 · 한국관광공사 연관 관광지 · 카카오 좌표
nation,전국,거제,·,ro135,흥남해수욕장,흥남해수욕장,sea,해양·자연경관,34.95978,128.715,40,40m,,,,N,N,Y,N,N,N,Y,경남 거제시 장목면 흥남길 46 · 한국관광공사 연관 관광지 · 카카오 좌표
nation,전국,양양,·,ro136,수산항,수산항,sea,해양·자연경관,38.07863,128.67523,40,40m,,,,N,N,Y,N,N,N,Y,강원특별자치도 양양군 손양면 · 한국관광공사 연관 관광지 · 카카오 좌표
nation,전국,통영,·,ro137,스카이라인 루지 통영,스카이라인 루지 통영,activity,테마파크·액티비티,34.82437,128.42414,90,1h 30m,,,,N,N,Y,N,N,N,Y,경남 통영시 발개로 178 · 한국관광공사 연관 관광지 · 카카오 좌표
nation,전국,여수,·,ro138,무슬목해수욕장,무슬목해수욕장,sea,해양·자연경관,34.68326,127.77642,40,40m,,,,N,N,Y,N,N,N,Y,전남광주통합특별시 여수시 돌산읍 돌산로 2876 · 한국관광공사 연관 관광지 · 카카오 좌표
nation,전국,보성,·,ro139,율포해수욕장,율포해수욕장,sea,해양·자연경관,34.67003,127.08902,40,40m,,,,N,N,Y,N,N,N,Y,전남광주통합특별시 보성군 회천면 우암길 24 · 한국관광공사 연관 관광지 · 카카오 좌표
nation,전국,고성(강원),·,ro140,송지호관망타워,송지호관망타워,activity,테마파크·액티비티,38.33625,128.51761,90,1h 30m,,,,N,N,Y,N,N,N,Y,강원특별자치도 고성군 죽왕면 동해대로 6021 · 한국관광공사 연관 관광지 · 카카오 좌표
nation,전국,당진,·,ro141,합덕제 수변공원,합덕제 수변공원,sea,해양·자연경관,36.79275,126.78139,40,40m,,,,N,N,Y,N,N,N,Y,충남 당진시 합덕읍 성동리 1-45 · 한국관광공사 연관 관광지 · 카카오 좌표
nation,전국,울진,·,ro142,망양정해수욕장,망양정해수욕장,sea,해양·자연경관,36.96902,129.41273,40,40m,,,,N,N,Y,N,N,N,Y,경북 울진군 근남면 산포리 · 한국관광공사 연관 관광지 · 카카오 좌표
nation,전국,보령,·,ro143,성주산자연휴양림,성주산자연휴양림,heal,힐링·생태·체험,36.33378,126.66542,60,1h,,,,N,N,Y,N,N,N,Y,충남 보령시 성주면 화장골길 57-228 · 한국관광공사 연관 관광지 · 카카오 좌표
nation,전국,보령,·,ro144,대천해수욕장 스카이바이크,대천해수욕장 스카이바이크,activity,테마파크·액티비티,36.32059,126.50662,90,1h 30m,,,,N,N,Y,N,N,N,Y,충남 보령시 해수욕장10길 75 · 한국관광공사 연관 관광지 · 카카오 좌표
nation,전국,울진,·,ro145,울진항,울진항,sea,해양·자연경관,36.9901,129.41671,40,40m,,,,N,N,Y,N,N,N,Y,경북 울진군 울진읍 연지리 80-10 · 한국관광공사 연관 관광지 · 카카오 좌표
nation,전국,파주,·,ro146,임진각 평화누리공원,임진각 평화누리공원,heal,힐링·생태·체험,37.89228,126.74392,60,1h,,,,N,N,Y,N,N,N,Y,경기 파주시 문산읍 임진각로 148-40 · 한국관광공사 연관 관광지 · 카카오 좌표
nation,전국,울진,·,ro147,구산해수욕장,구산해수욕장,sea,해양·자연경관,36.75398,129.46818,40,40m,,,,N,N,Y,N,N,N,Y,경북 울진군 기성면 구산리 · 한국관광공사 연관 관광지 · 카카오 좌표
nation,전국,서울,·,ro148,잠원한강공원,잠원한강공원,heal,힐링·생태·체험,37.52733,127.01905,60,1h,,,,N,N,Y,N,N,N,Y,서울 강남구 압구정동 386 · 한국관광공사 연관 관광지 · 카카오 좌표
nation,전국,제주,·,ro149,아르떼뮤지엄 제주,아르떼뮤지엄 제주,herit,문화유산·전통체험,33.3967,126.34501,60,1h,,,,N,N,Y,N,N,N,Y,제주특별자치도 제주시 애월읍 어림비로 478 · 한국관광공사 연관 관광지 · 카카오 좌표
nation,전국,거제,·,ro150,온더선셋,온더선셋,food,로컬상권·먹거리,34.91617,128.51975,50,50m,,,,N,N,Y,N,N,N,Y,경남 거제시 사등면 성포로 65 · 한국관광공사 연관 관광지 · 카카오 좌표
nation,전국,영월,·,ro151,박가네,박가네,food,로컬상권·먹거리,37.17924,128.47743,50,50m,,,,N,N,Y,N,N,N,Y,강원특별자치도 영월군 영월읍 중앙로 149 · 한국관광공사 연관 관광지 · 카카오 좌표
nation,전국,해남,·,ro152,해남소망식당 본점,해남소망식당 본점,food,로컬상권·먹거리,34.5761,126.59441,50,50m,,,,N,N,Y,N,N,N,Y,전남광주통합특별시 해남군 해남읍 구교2길 2 · 한국관광공사 연관 관광지 · 카카오 좌표
nation,전국,보령,·,ro153,원산도명가식당,원산도명가식당,food,로컬상권·먹거리,36.3759,126.43158,50,50m,,,,N,N,Y,N,N,N,Y,충남 보령시 오천면 원산도3길 211-20 · 한국관광공사 연관 관광지 · 카카오 좌표
nation,전국,인천,·,ro154,인천종합어시장,인천종합어시장,food,로컬상권·먹거리,37.45417,126.60647,50,50m,,,,N,N,Y,N,N,N,Y,인천 제물포구 연안부두로33번길 37 · 한국관광공사 연관 관광지 · 카카오 좌표
nation,전국,부안,·,ro155,국립새만금간척박물관,국립새만금간척박물관,herit,문화유산·전통체험,35.69657,126.55654,60,1h,,,,N,N,Y,N,N,N,Y,전북특별자치도 부안군 변산면 새만금로 29-7 · 한국관광공사 연관 관광지 · 카카오 좌표
nation,전국,원주,·,ro156,구룡사,구룡사,herit,문화유산·전통체험,37.4004,128.04977,60,1h,,,,N,N,Y,N,N,N,Y,강원특별자치도 원주시 소초면 구룡사로 500 · 한국관광공사 연관 관광지 · 카카오 좌표
nation,전국,보령,·,ro157,보령중앙시장,보령중앙시장,food,로컬상권·먹거리,36.35069,126.59262,50,50m,,,,N,N,Y,N,N,N,Y,충남 보령시 대천동 335-24 · 한국관광공사 연관 관광지 · 카카오 좌표
nation,전국,해남,·,ro158,송호해수욕장,송호해수욕장,sea,해양·자연경관,34.31566,126.51809,40,40m,,,,N,N,Y,N,N,N,Y,전남광주통합특별시 해남군 송지면 땅끝해안로 1827 · 한국관광공사 연관 관광지 · 카카오 좌표
nation,전국,고성(강원),·,ro159,하늬라벤더팜,하늬라벤더팜,heal,힐링·생태·체험,38.34855,128.41524,60,1h,,,,N,N,Y,N,N,N,Y,강원특별자치도 고성군 간성읍 꽃대마을길 175 · 한국관광공사 연관 관광지 · 카카오 좌표
nation,전국,서울,·,ro160,전쟁기념관,전쟁기념관,herit,문화유산·전통체험,37.53707,126.97709,60,1h,,,,N,N,Y,N,N,N,Y,서울 용산구 이태원로 29 · 한국관광공사 연관 관광지 · 카카오 좌표
nation,전국,경주,·,ro161,맷돌순두부,맷돌순두부,food,로컬상권·먹거리,35.85178,129.26285,50,50m,,,,N,N,Y,N,N,N,Y,경북 경주시 북군길 7 · 한국관광공사 연관 관광지 · 카카오 좌표
nation,전국,진주,·,ro162,송기원 진주냉면 본점,송기원 진주냉면 본점,food,로컬상권·먹거리,35.18194,128.10303,50,50m,,,,N,N,Y,N,N,N,Y,경남 진주시 모덕로47번길 1-2 · 한국관광공사 연관 관광지 · 카카오 좌표
nation,전국,목포,·,ro163,코롬방제과점,코롬방제과점,food,로컬상권·먹거리,34.78985,126.38442,50,50m,,,,N,N,Y,N,N,N,Y,전남광주통합특별시 목포시 영산로75번길 7 · 한국관광공사 연관 관광지 · 카카오 좌표
nation,전국,공주,·,ro164,곰골식당,곰골식당,food,로컬상권·먹거리,36.45177,127.12055,50,50m,,,,N,N,Y,N,N,N,Y,충남 공주시 봉황산1길 1-2 · 한국관광공사 연관 관광지 · 카카오 좌표
nation,전국,이천,·,ro165,경춘당Bakery&Brunch카페,경춘당Bakery&Brunch카페,food,로컬상권·먹거리,37.22901,127.52116,50,50m,,,,N,N,Y,N,N,N,Y,경기 이천시 부발읍 경충대로 1675 · 한국관광공사 연관 관광지 · 카카오 좌표
nation,전국,경주,·,ro166,경주 감은사지동서삼층석탑,경주 감은사지동서삼층석탑,herit,문화유산·전통체험,35.748,129.47721,60,1h,,,,N,N,Y,N,N,N,Y,경북 경주시 문무대왕면 용당리 55-3 · 한국관광공사 연관 관광지 · 카카오 좌표
nation,전국,창원,·,ro167,용원어시장,용원어시장,food,로컬상권·먹거리,35.09297,128.81967,50,50m,,,,N,N,Y,N,N,N,Y,경남 창원시 진해구 용원동 1057 · 한국관광공사 연관 관광지 · 카카오 좌표
nation,전국,제천,·,ro168,제천중앙시장,제천중앙시장,food,로컬상권·먹거리,37.1367,128.21133,50,50m,,,,N,N,Y,N,N,N,Y,충북 제천시 풍양로 108 · 한국관광공사 연관 관광지 · 카카오 좌표
nation,전국,동해,·,ro169,도째비골 해랑전망대,도째비골 해랑전망대,activity,테마파크·액티비티,37.5538,129.12024,90,1h 30m,,,,N,N,Y,N,N,N,Y,강원특별자치도 동해시 묵호진동 13-1 · 한국관광공사 연관 관광지 · 카카오 좌표
nation,전국,함안,·,ro170,능가사,능가사,herit,문화유산·전통체험,35.37892,128.47278,60,1h,,,,N,N,Y,N,N,N,Y,경남 함안군 칠서면 계내1길 107 · 한국관광공사 연관 관광지 · 카카오 좌표
nation,전국,목포,·,ro171,연희네슈퍼,연희네슈퍼,activity,테마파크·액티비티,34.78172,126.37728,90,1h 30m,,,,N,N,Y,N,N,N,Y,전남광주통합특별시 목포시 해안로127번길 14-2 · 한국관광공사 연관 관광지 · 카카오 좌표
nation,전국,울산,·,ro172,자수정동굴나라,자수정동굴나라,heal,힐링·생태·체험,35.54548,129.09397,60,1h,,,,N,N,Y,N,N,N,Y,울산 울주군 상북면 자수정로 212 · 한국관광공사 연관 관광지 · 카카오 좌표
nation,전국,서천,·,ro173,장항스카이워크,장항스카이워크,activity,테마파크·액티비티,36.01844,126.66518,90,1h 30m,,,,N,N,Y,N,N,N,Y,충남 서천군 장항읍 송림리 산 58-48 · 한국관광공사 연관 관광지 · 카카오 좌표
nation,전국,서산,·,ro174,서산한우목장 웰빙산책로,서산한우목장 웰빙산책로,heal,힐링·생태·체험,36.76071,126.56599,60,1h,,,,N,N,Y,N,N,N,Y,충남 서산시 운산면 용현리 산 8-60 · 한국관광공사 연관 관광지 · 카카오 좌표
nation,전국,제천,·,ro175,제천경찰수련원,제천경찰수련원,activity,테마파크·액티비티,37.01478,128.22991,90,1h 30m,,,,N,N,Y,N,N,N,Y,충북 제천시 청풍면 학현소야로 473 · 한국관광공사 연관 관광지 · 카카오 좌표
nation,전국,창원,·,ro176,창원NC파크,창원NC파크,activity,테마파크·액티비티,35.2228,128.58201,90,1h 30m,,,,N,N,Y,N,N,N,Y,경남 창원시 마산회원구 삼호로 63 · 한국관광공사 연관 관광지 · 카카오 좌표
nation,전국,부산,·,ro177,동백섬,동백섬,sea,해양·자연경관,35.15394,129.15229,40,40m,,,,N,N,Y,N,N,N,Y,부산 해운대구 우동 708-3 · 한국관광공사 연관 관광지 · 카카오 좌표
nation,전국,제주,·,ro178,제주아트서커스,제주아트서커스,activity,테마파크·액티비티,33.31439,126.34481,90,1h 30m,,,,N,N,Y,N,N,N,Y,제주특별자치도 서귀포시 안덕면 동광로 214 · 한국관광공사 연관 관광지 · 카카오 좌표
nation,전국,남해,·,ro179,남해전복물회,남해전복물회,food,로컬상권·먹거리,34.81754,127.92523,50,50m,,,,N,N,Y,N,N,N,Y,경남 남해군 이동면 남해대로 2436 · 한국관광공사 연관 관광지 · 카카오 좌표
nation,전국,공주,·,ro180,부자떡집,부자떡집,food,로컬상권·먹거리,36.45854,127.12381,50,50m,,,,N,N,Y,N,N,N,Y,충남 공주시 용당길 11 · 한국관광공사 연관 관광지 · 카카오 좌표
nation,전국,남해,·,ro181,힙한식 (2026년 9월 이전예정),힙한식 (2026년 9월 이전예정),food,로컬상권·먹거리,34.81305,128.03712,50,50m,,,,N,N,Y,N,N,N,Y,경남 남해군 삼동면 동부대로 1353-3 · 한국관광공사 연관 관광지 · 카카오 좌표
nation,전국,남양주,·,ro182,팔당초계국수 본점,팔당초계국수 본점,food,로컬상권·먹거리,37.54111,127.25472,50,50m,,,,N,N,Y,N,N,N,Y,경기 남양주시 와부읍 다산로 43 · 한국관광공사 연관 관광지 · 카카오 좌표
nation,전국,울산,·,ro183,언양기와집불고기,언양기와집불고기,food,로컬상권·먹거리,35.56533,129.12216,50,50m,,,,N,N,Y,N,N,N,Y,울산 울주군 언양읍 헌양길 86 · 한국관광공사 연관 관광지 · 카카오 좌표
nation,전국,해남,·,ro184,해남고구마빵 피낭시에,해남고구마빵 피낭시에,food,로컬상권·먹거리,34.57088,126.59883,50,50m,,,,N,N,Y,N,N,N,Y,전남광주통합특별시 해남군 해남읍 읍내길 8 · 한국관광공사 연관 관광지 · 카카오 좌표
nation,전국,부안,·,ro185,슬지제빵소,슬지제빵소,food,로컬상권·먹거리,35.59473,126.61829,50,50m,,,,N,N,Y,N,N,N,Y,전북특별자치도 부안군 진서면 청자로 1076 · 한국관광공사 연관 관광지 · 카카오 좌표
nation,전국,양양,·,ro186,낙산 바람꽃해녀마을,낙산 바람꽃해녀마을,food,로컬상권·먹거리,38.1129,128.63165,50,50m,,,,N,N,Y,N,N,N,Y,강원특별자치도 양양군 양양읍 동해대로 3029-3 · 한국관광공사 연관 관광지 · 카카오 좌표
nation,전국,원주,·,ro187,까치둥지,까치둥지,food,로컬상권·먹거리,37.33691,127.95617,50,50m,,,,N,N,Y,N,N,N,Y,강원특별자치도 원주시 치악로 1731 · 한국관광공사 연관 관광지 · 카카오 좌표
nation,전국,영월,·,ro188,장릉,장릉,herit,문화유산·전통체험,37.19738,128.45279,60,1h,,,,N,N,Y,N,N,N,Y,강원특별자치도 영월군 영월읍 단종로 190 · 한국관광공사 연관 관광지 · 카카오 좌표
nation,전국,태백,·,ro189,태백석탄박물관,태백석탄박물관,herit,문화유산·전통체험,37.11748,128.95047,60,1h,,,,N,N,Y,N,N,N,Y,강원특별자치도 태백시 천제단길 195 · 한국관광공사 연관 관광지 · 카카오 좌표
nation,전국,태백,·,ro190,용연동굴,용연동굴,heal,힐링·생태·체험,37.20893,128.94184,60,1h,,,,N,N,Y,N,N,N,Y,강원특별자치도 태백시 태백로 283-29 · 한국관광공사 연관 관광지 · 카카오 좌표
nation,전국,태백,·,ro191,황지공원 황지연못,황지공원 황지연못,sea,해양·자연경관,37.17284,128.99106,40,40m,,,,N,N,Y,N,N,N,Y,강원특별자치도 태백시 황지연못길 12 · 한국관광공사 연관 관광지 · 카카오 좌표
nation,전국,여수,·,ro192,국동항,국동항,sea,해양·자연경관,34.72531,127.72183,40,40m,,,,N,N,Y,N,N,N,Y,전남광주통합특별시 여수시 국동 · 한국관광공사 연관 관광지 · 카카오 좌표
nation,전국,목포,·,ro193,고하도전망대,고하도전망대,activity,테마파크·액티비티,34.77794,126.35922,90,1h 30m,,,,N,N,Y,N,N,N,Y,전남광주통합특별시 목포시 고하도안길 234 · 한국관광공사 연관 관광지 · 카카오 좌표
nation,전국,남해,·,ro194,남해전통시장,남해전통시장,food,로컬상권·먹거리,34.84113,127.89435,50,50m,,,,N,N,Y,N,N,N,Y,경남 남해군 남해읍 북변리 282-11 · 한국관광공사 연관 관광지 · 카카오 좌표
nation,전국,함안,·,ro195,함안말이산고분군,함안말이산고분군,herit,문화유산·전통체험,35.27047,128.40652,60,1h,,,,N,N,Y,N,N,N,Y,경남 함안군 가야읍 말산리 325-1 · 한국관광공사 연관 관광지 · 카카오 좌표
nation,전국,부여,·,ro196,사랑나무돈까스,사랑나무돈까스,activity,테마파크·액티비티,36.1907,126.89182,90,1h 30m,,,,N,N,Y,N,N,N,Y,충남 부여군 임천면 성흥로 87 · 한국관광공사 연관 관광지 · 카카오 좌표
nation,전국,남해,·,ro197,물미해안전망대,물미해안전망대,activity,테마파크·액티비티,34.76983,128.05332,90,1h 30m,,,,N,N,Y,N,N,N,Y,경남 남해군 삼동면 동부대로 720 · 한국관광공사 연관 관광지 · 카카오 좌표
nation,전국,공주,·,ro198,무령왕릉,무령왕릉,herit,문화유산·전통체험,36.46229,127.1138,60,1h,,,,N,N,Y,N,N,N,Y,충남 공주시 금성동 140-8 · 한국관광공사 연관 관광지 · 카카오 좌표
nation,전국,당진,·,ro199,면천읍성,면천읍성,herit,문화유산·전통체험,36.81696,126.66612,60,1h,,,,N,N,Y,N,N,N,Y,충남 당진시 면천면 성상리 930-1 · 한국관광공사 연관 관광지 · 카카오 좌표
nation,전국,예산,·,ro200,예당저수지,예당저수지,sea,해양·자연경관,36.5974,126.80802,40,40m,,,,N,N,Y,N,N,N,Y,충남 예산군 광시면 장전리 33 · 한국관광공사 연관 관광지 · 카카오 좌표
nation,전국,논산,·,ro201,논산선샤인랜드,논산선샤인랜드,activity,테마파크·액티비티,36.10249,127.10661,90,1h 30m,,,,N,N,Y,N,N,N,Y,충남 논산시 연무읍 봉황로 102 · 한국관광공사 연관 관광지 · 카카오 좌표
nation,전국,군산,·,ro202,몽돌해변,몽돌해변,sea,해양·자연경관,35.82866,126.40196,40,40m,,,,N,N,Y,N,N,N,Y,전북특별자치도 군산시 옥도면 선유도리 · 한국관광공사 연관 관광지 · 카카오 좌표
nation,전국,논산,·,ro203,명재고택,명재고택,herit,문화유산·전통체험,36.28222,127.13115,60,1h,,,,N,N,Y,N,N,N,Y,충남 논산시 노성면 노성산성길 50 · 한국관광공사 연관 관광지 · 카카오 좌표
nation,전국,파주,·,ro204,보광사 대웅보전,보광사 대웅보전,herit,문화유산·전통체험,37.75295,126.92001,60,1h,,,,N,N,Y,N,N,N,Y,경기 파주시 광탄면 보광로474번길 87 · 한국관광공사 연관 관광지 · 카카오 좌표
nation,전국,남양주,·,ro205,빛터널공원,빛터널공원,heal,힐링·생태·체험,37.58183,127.2171,60,1h,,,,N,N,Y,N,N,N,Y,경기 남양주시 와부읍 도곡리 산 45-2 · 한국관광공사 연관 관광지 · 카카오 좌표
nation,전국,평창,·,ro206,광천선굴 어드벤처 테마파크,광천선굴 어드벤처 테마파크,heal,힐링·생태·체험,37.51876,128.45168,60,1h,,,,N,N,Y,N,N,N,Y,강원특별자치도 평창군 대화면 고대동길 119 · 한국관광공사 연관 관광지 · 카카오 좌표
nation,전국,고창,·,ro207,고창 세계유산 고인돌박물관,고창 세계유산 고인돌박물관,herit,문화유산·전통체험,35.44166,126.65244,60,1h,,,,N,N,Y,N,N,N,Y,전북특별자치도 고창군 고창읍 고인돌공원길 74 · 한국관광공사 연관 관광지 · 카카오 좌표
nation,전국,서울,·,ro208,양화한강공원,양화한강공원,heal,힐링·생태·체험,37.53781,126.90294,60,1h,,,,N,N,Y,N,N,N,Y,서울 영등포구 노들로 221 · 한국관광공사 연관 관광지 · 카카오 좌표
nation,전국,제주,·,ro209,원앙폭포,원앙폭포,sea,해양·자연경관,33.30018,126.58133,40,40m,,,,N,N,Y,N,N,N,Y,제주특별자치도 서귀포시 돈내코로 137 · 한국관광공사 연관 관광지 · 카카오 좌표
nation,전국,제주,·,ro210,법환포구,법환포구,sea,해양·자연경관,33.23726,126.51561,40,40m,,,,N,N,Y,N,N,N,Y,제주특별자치도 서귀포시 법환동 286-3 · 한국관광공사 연관 관광지 · 카카오 좌표
nation,전국,영덕,·,ro211,나비산기사식당,나비산기사식당,food,로컬상권·먹거리,36.35143,129.37738,50,50m,,,,N,N,Y,N,N,N,Y,경북 영덕군 강구면 강산로 10 · 한국관광공사 연관 관광지 · 카카오 좌표
nation,전국,동해,·,ro212,황정숙막국수,황정숙막국수,food,로컬상권·먹거리,37.5072,129.12256,50,50m,,,,N,N,Y,N,N,N,Y,강원특별자치도 동해시 중앙로 42 · 한국관광공사 연관 관광지 · 카카오 좌표
nation,전국,양양,·,ro213,영광정메밀국수,영광정메밀국수,food,로컬상권·먹거리,38.12251,128.57612,50,50m,,,,N,N,Y,N,N,N,Y,강원특별자치도 양양군 강현면 진미로 446 · 한국관광공사 연관 관광지 · 카카오 좌표
nation,전국,인천,·,ro214,메이드림,메이드림,food,로컬상권·먹거리,37.46397,126.3696,50,50m,,,,N,N,Y,N,N,N,Y,인천 영종구 용유서로479번길 42 · 한국관광공사 연관 관광지 · 카카오 좌표
nation,전국,담양,·,ro215,베비에르밀팩토리,베비에르밀팩토리,food,로컬상권·먹거리,35.31715,126.99188,50,50m,,,,N,N,Y,N,N,N,Y,전남광주통합특별시 담양군 담양읍 죽향대로 1300 · 한국관광공사 연관 관광지 · 카카오 좌표
nation,전국,논산,·,ro216,반월소바,반월소바,food,로컬상권·먹거리,36.20294,127.08249,50,50m,,,,N,N,Y,N,N,N,Y,충남 논산시 해월로 132 · 한국관광공사 연관 관광지 · 카카오 좌표
nation,전국,동해,·,ro217,감추해변,감추해변,sea,해양·자연경관,37.51524,129.12598,40,40m,,,,N,N,Y,N,N,N,Y,강원특별자치도 동해시 송정동 · 한국관광공사 연관 관광지 · 카카오 좌표
nation,전국,진주,·,ro218,진주남강유등전시관,진주남강유등전시관,herit,문화유산·전통체험,35.18214,128.07735,60,1h,,,,N,N,Y,N,N,N,Y,경남 진주시 망경로 207 · 한국관광공사 연관 관광지 · 카카오 좌표
nation,전국,인천,·,ro219,인천항 연안부두,인천항 연안부두,sea,해양·자연경관,37.45426,126.59854,40,40m,,,,N,N,Y,N,N,N,Y,인천 제물포구 연안부두로 70 · 한국관광공사 연관 관광지 · 카카오 좌표
nation,전국,장흥,·,ro220,정남진장흥토요시장,정남진장흥토요시장,food,로컬상권·먹거리,34.67729,126.90315,50,50m,,,,N,N,Y,N,N,N,Y,전남광주통합특별시 장흥군 장흥읍 토요시장1길 53 · 한국관광공사 연관 관광지 · 카카오 좌표
nation,전국,사천,·,ro221,아라마루 아쿠아리움,아라마루 아쿠아리움,activity,테마파크·액티비티,34.93381,128.05327,90,1h 30m,,,,N,N,Y,N,N,N,Y,경남 사천시 사천대로 18 · 한국관광공사 연관 관광지 · 카카오 좌표
nation,전국,부여,·,ro222,정림사지5층석탑,정림사지5층석탑,herit,문화유산·전통체험,36.2793,126.91332,60,1h,,,,N,N,Y,N,N,N,Y,충남 부여군 부여읍 정림로 83 · 한국관광공사 연관 관광지 · 카카오 좌표
nation,전국,가평,·,ro223,국립유명산자연휴양림,국립유명산자연휴양림,heal,힐링·생태·체험,37.59319,127.4912,60,1h,,,,N,N,Y,N,N,N,Y,경기 가평군 설악면 유명산길 79-53 · 한국관광공사 연관 관광지 · 카카오 좌표
nation,전국,부안,·,ro224,고사포해수욕장,고사포해수욕장,sea,해양·자연경관,35.65959,126.50432,40,40m,,,,N,N,Y,N,N,N,Y,전북특별자치도 부안군 변산면 노루목길 28 · 한국관광공사 연관 관광지 · 카카오 좌표
nation,전국,양평,·,ro225,황순원문학촌 소나기마을,황순원문학촌 소나기마을,herit,문화유산·전통체험,37.59492,127.37788,60,1h,,,,N,N,Y,N,N,N,Y,경기 양평군 서종면 소나기마을길 24 · 한국관광공사 연관 관광지 · 카카오 좌표
nation,전국,부산,·,ro226,해운대달맞이길,해운대달맞이길,activity,테마파크·액티비티,35.1647,129.18675,90,1h 30m,,,,N,N,Y,N,N,N,Y,부산 해운대구 중동 산 42-20 · 한국관광공사 연관 관광지 · 카카오 좌표
nation,전국,원주,·,ro227,미로예술 원주중앙시장,미로예술 원주중앙시장,food,로컬상권·먹거리,37.34975,127.94947,50,50m,,,,N,N,Y,N,N,N,Y,강원특별자치도 원주시 중앙시장길 6 · 한국관광공사 연관 관광지 · 카카오 좌표
nation,전국,동해,·,ro228,거동탕수육,거동탕수육,food,로컬상권·먹거리,37.55247,129.1167,50,50m,,,,N,N,Y,N,N,N,Y,강원특별자치도 동해시 일출로 83 · 한국관광공사 연관 관광지 · 카카오 좌표
nation,전국,평창,·,ro229,평창한우마을 대관령,평창한우마을 대관령,food,로컬상권·먹거리,37.6799,128.70213,50,50m,,,,N,N,Y,N,N,N,Y,강원특별자치도 평창군 대관령면 경강로 5195-25 · 한국관광공사 연관 관광지 · 카카오 좌표
nation,전국,대구,·,ro230,리안,리안,food,로컬상권·먹거리,35.8553,128.65038,50,50m,,,,N,N,Y,N,N,N,Y,대구 수성구 교학로4길 48 · 한국관광공사 연관 관광지 · 카카오 좌표
nation,전국,평창,·,ro231,부일식당,부일식당,food,로컬상권·먹거리,37.63929,128.56104,50,50m,,,,N,N,Y,N,N,N,Y,강원특별자치도 평창군 진부면 진부중앙로 100-5 · 한국관광공사 연관 관광지 · 카카오 좌표
nation,전국,인천,·,ro232,황해 해물칼국수 본점,황해 해물칼국수 본점,food,로컬상권·먹거리,37.42723,126.42031,50,50m,,,,N,N,Y,N,N,N,Y,인천 영종구 마시란로 50 · 한국관광공사 연관 관광지 · 카카오 좌표
nation,전국,예산,·,ro233,소복갈비,소복갈비,food,로컬상권·먹거리,36.67957,126.85023,50,50m,,,,N,N,Y,N,N,N,Y,충남 예산군 예산읍 천변로195번길 9 · 한국관광공사 연관 관광지 · 카카오 좌표
nation,전국,진주,·,ro234,진주냉면산홍 본점,진주냉면산홍 본점,food,로컬상권·먹거리,35.21399,128.14338,50,50m,,,,N,N,Y,N,N,N,Y,경남 진주시 금산면 금산로 62 · 한국관광공사 연관 관광지 · 카카오 좌표
nation,전국,고창,·,ro235,북경반점,북경반점,food,로컬상권·먹거리,35.43707,126.69465,50,50m,,,,N,N,Y,N,N,N,Y,전북특별자치도 고창군 고창읍 보릿골로 127-6 · 한국관광공사 연관 관광지 · 카카오 좌표
nation,전국,군산,·,ro236,한일옥,한일옥,food,로컬상권·먹거리,35.98745,126.70823,50,50m,,,,N,N,Y,N,N,N,Y,전북특별자치도 군산시 구영3길 63 · 한국관광공사 연관 관광지 · 카카오 좌표
nation,전국,부안,·,ro237,변산명인바지락죽,변산명인바지락죽,food,로컬상권·먹거리,35.66449,126.51337,50,50m,,,,N,N,Y,N,N,N,Y,전북특별자치도 부안군 변산면 변산해변로 794 · 한국관광공사 연관 관광지 · 카카오 좌표
nation,전국,고양,·,ro238,일산칼국수 본점,일산칼국수 본점,food,로컬상권·먹거리,37.67049,126.78614,50,50m,,,,N,N,Y,N,N,N,Y,경기 고양시 일산동구 경의로 467 · 한국관광공사 연관 관광지 · 카카오 좌표
nation,전국,영덕,·,ro239,보움,보움,food,로컬상권·먹거리,36.41882,129.43165,50,50m,,,,N,N,Y,N,N,N,Y,경북 영덕군 영덕읍 영덕대게로 928 · 한국관광공사 연관 관광지 · 카카오 좌표
nation,전국,부산,·,ro240,풍원장시골밥상집,풍원장시골밥상집,food,로컬상권·먹거리,35.19741,129.22321,50,50m,,,,N,N,Y,N,N,N,Y,부산 기장군 기장읍 기장해안로 250 · 한국관광공사 연관 관광지 · 카카오 좌표
nation,전국,부산,·,ro241,피아크 카페엔베이커리,피아크 카페엔베이커리,food,로컬상권·먹거리,35.08637,129.07676,50,50m,,,,N,N,Y,N,N,N,Y,부산 영도구 해양로195번길 180 · 한국관광공사 연관 관광지 · 카카오 좌표
nation,전국,경주,·,ro242,송대말등대,송대말등대,activity,테마파크·액티비티,35.80723,129.51136,90,1h 30m,,,,N,N,Y,N,N,N,Y,경북 경주시 감포읍 감포로 226-19 · 한국관광공사 연관 관광지 · 카카오 좌표
nation,전국,정선,·,ro243,강원네이처로드 5코스 만항재드라이브길,강원네이처로드 5코스 만항재드라이브길,activity,테마파크·액티비티,37.17987,128.89469,90,1h 30m,,,,N,N,Y,N,N,N,Y,강원특별자치도 정선군 고한읍 고한리 산 214-4 · 한국관광공사 연관 관광지 · 카카오 좌표
nation,전국,경주,·,ro244,나정고운모래해변,나정고운모래해변,sea,해양·자연경관,35.78229,129.4915,40,40m,,,,N,N,Y,N,N,N,Y,경북 경주시 감포읍 동해안로 1915 · 한국관광공사 연관 관광지 · 카카오 좌표
nation,전국,전주,·,ro245,전주덕진공원,전주덕진공원,heal,힐링·생태·체험,35.84749,127.12102,60,1h,,,,N,N,Y,N,N,N,Y,전북특별자치도 전주시 덕진구 권삼득로 390 · 한국관광공사 연관 관광지 · 카카오 좌표
nation,전국,통영,·,ro246,통영달아공원 달아전망대,통영달아공원 달아전망대,activity,테마파크·액티비티,34.76862,128.40005,90,1h 30m,,,,N,N,Y,N,N,N,Y,경남 통영시 산양읍 미남리 산 246 · 한국관광공사 연관 관광지 · 카카오 좌표
nation,전국,철원,·,ro247,노동당사,노동당사,herit,문화유산·전통체험,38.2552,127.20199,60,1h,,,,N,N,Y,N,N,N,Y,강원특별자치도 철원군 철원읍 금강산로 265 · 한국관광공사 연관 관광지 · 카카오 좌표
nation,전국,철원,·,ro248,고석정국민관광지,고석정국민관광지,activity,테마파크·액티비티,38.18654,127.28745,90,1h 30m,,,,N,N,Y,N,N,N,Y,강원특별자치도 철원군 동송읍 태봉로 1825 · 한국관광공사 연관 관광지 · 카카오 좌표
nation,전국,산청,·,ro249,수선사,수선사,herit,문화유산·전통체험,35.39907,127.86992,60,1h,,,,N,N,Y,N,N,N,Y,경남 산청군 산청읍 웅석봉로154번길 102-23 · 한국관광공사 연관 관광지 · 카카오 좌표
nation,전국,인천,·,ro250,국립인천해양박물관,국립인천해양박물관,herit,문화유산·전통체험,37.4703,126.59634,60,1h,,,,N,N,Y,N,N,N,Y,인천 제물포구 월미로 294 · 한국관광공사 연관 관광지 · 카카오 좌표
nation,전국,목포,·,ro251,국립해양유산연구소,국립해양유산연구소,herit,문화유산·전통체험,34.79179,126.42176,60,1h,,,,N,N,Y,N,N,N,Y,전남광주통합특별시 목포시 남농로 136 · 한국관광공사 연관 관광지 · 카카오 좌표
nation,전국,부안,·,ro252,소노벨변산 오션플레이,소노벨변산 오션플레이,activity,테마파크·액티비티,35.63228,126.46989,90,1h 30m,,,,N,N,Y,N,N,N,Y,전북특별자치도 부안군 변산면 격포리 257 · 한국관광공사 연관 관광지 · 카카오 좌표
nation,전국,부여,·,ro253,정림사지박물관,정림사지박물관,herit,문화유산·전통체험,36.27912,126.91521,60,1h,,,,N,N,Y,N,N,N,Y,충남 부여군 부여읍 정림로 83 · 한국관광공사 연관 관광지 · 카카오 좌표
nation,전국,고성,·,ro254,고성박물관,고성박물관,herit,문화유산·전통체험,34.97936,128.32082,60,1h,,,,N,N,Y,N,N,N,Y,경남 고성군 고성읍 송학로113번길 50 · 한국관광공사 연관 관광지 · 카카오 좌표
nation,전국,군산,·,ro255,옥돌해변,옥돌해변,sea,해양·자연경관,35.80756,126.41003,40,40m,,,,N,N,Y,N,N,N,Y,전북특별자치도 군산시 옥도면 선유도리 산 65 · 한국관광공사 연관 관광지 · 카카오 좌표
nation,전국,부안,·,ro256,격포항 수산시장,격포항 수산시장,food,로컬상권·먹거리,35.62214,126.47025,50,50m,,,,N,N,Y,N,N,N,Y,전북특별자치도 부안군 변산면 격포중앙길 28-4 · 한국관광공사 연관 관광지 · 카카오 좌표
nation,전국,서산,·,ro257,대산항,대산항,sea,해양·자연경관,37.015,126.42085,40,40m,,,,N,N,Y,N,N,N,Y,충남 서산시 대산읍 대죽리 1110-1 · 한국관광공사 연관 관광지 · 카카오 좌표
nation,전국,밀양,·,ro258,얼음골,얼음골,sea,해양·자연경관,35.57091,128.9857,40,40m,,,,N,N,Y,N,N,N,Y,경남 밀양시 산내면 남명리 산 95-1 · 한국관광공사 연관 관광지 · 카카오 좌표
nation,전국,고창,·,ro259,동호해수욕장,동호해수욕장,sea,해양·자연경관,35.51827,126.48357,40,40m,,,,N,N,Y,N,N,N,Y,전북특별자치도 고창군 해리면 동호리 · 한국관광공사 연관 관광지 · 카카오 좌표
nation,전국,부산,·,ro260,태종대 전망대,태종대 전망대,activity,테마파크·액티비티,35.05038,129.08833,90,1h 30m,,,,N,N,Y,N,N,N,Y,부산 영도구 전망로 209 · 한국관광공사 연관 관광지 · 카카오 좌표
nation,전국,제주,·,ro261,한라산둘레길 사려니숲길,한라산둘레길 사려니숲길,activity,테마파크·액티비티,33.40381,126.64758,90,1h 30m,,,,N,N,Y,N,N,N,Y,제주특별자치도 제주시 조천읍 교래리 산 137-1 · 한국관광공사 연관 관광지 · 카카오 좌표
nation,전국,안동,·,ro262,안동 간고등어 일직식당 직영점 예미정,안동 간고등어 일직식당 직영점 예미정,food,로컬상권·먹거리,36.56295,128.73194,50,50m,,,,N,N,Y,N,N,N,Y,경북 안동시 경동로 676 · 한국관광공사 연관 관광지 · 카카오 좌표
nation,전국,화순,·,ro263,미네랄하우스,미네랄하우스,food,로컬상권·먹거리,35.0467,126.96323,50,50m,,,,N,N,Y,N,N,N,Y,전남광주통합특별시 화순군 화순읍 학포로 2655 · 한국관광공사 연관 관광지 · 카카오 좌표
nation,전국,남원,·,ro264,명문제과,명문제과,food,로컬상권·먹거리,35.40902,127.38248,50,50m,,,,N,N,Y,N,N,N,Y,전북특별자치도 남원시 용성로 56 · 한국관광공사 연관 관광지 · 카카오 좌표
nation,전국,부여,·,ro265,장원막국수,장원막국수,food,로컬상권·먹거리,36.28914,126.90877,50,50m,,,,N,N,Y,N,N,N,Y,충남 부여군 부여읍 나루터로62번길 20 · 한국관광공사 연관 관광지 · 카카오 좌표
nation,전국,익산,·,ro266,한일식당,한일식당,food,로컬상권·먹거리,36.00139,126.94474,50,50m,,,,N,N,Y,N,N,N,Y,전북특별자치도 익산시 황등면 황등로 106 · 한국관광공사 연관 관광지 · 카카오 좌표
nation,전국,논산,·,ro267,강경해물칼국수,강경해물칼국수,food,로컬상권·먹거리,36.15746,127.01543,50,50m,,,,N,N,Y,N,N,N,Y,충남 논산시 강경읍 계백로147번길 7 · 한국관광공사 연관 관광지 · 카카오 좌표
nation,전국,파주,·,ro268,갈릴리농원 본관,갈릴리농원 본관,food,로컬상권·먹거리,37.83578,126.74568,50,50m,,,,N,N,Y,N,N,N,Y,경기 파주시 탄현면 방촌로 1196 · 한국관광공사 연관 관광지 · 카카오 좌표
nation,전국,대구,·,ro269,코오롱야외음악당,코오롱야외음악당,activity,테마파크·액티비티,35.8511,128.55613,90,1h 30m,,,,N,N,Y,N,N,N,Y,대구 달서구 야외음악당로 180 · 한국관광공사 연관 관광지 · 카카오 좌표
nation,전국,대구,·,ro270,대구간송미술관,대구간송미술관,herit,문화유산·전통체험,35.82825,128.67606,60,1h,,,,N,N,Y,N,N,N,Y,대구 수성구 미술관로 70 · 한국관광공사 연관 관광지 · 카카오 좌표
nation,전국,영월,·,ro271,김삿갓계곡,김삿갓계곡,sea,해양·자연경관,37.09365,128.60612,40,40m,,,,N,N,Y,N,N,N,Y,강원특별자치도 영월군 김삿갓면 와석리 · 한국관광공사 연관 관광지 · 카카오 좌표
nation,전국,철원,·,ro272,소이산모노레일 철원역,소이산모노레일 철원역,activity,테마파크·액티비티,38.25417,127.19932,90,1h 30m,,,,N,N,Y,N,N,N,Y,강원특별자치도 철원군 철원읍 사요리 368 · 한국관광공사 연관 관광지 · 카카오 좌표
nation,전국,전주,·,ro273,국립전주박물관,국립전주박물관,herit,문화유산·전통체험,35.80129,127.08966,60,1h,,,,N,N,Y,N,N,N,Y,전북특별자치도 전주시 완산구 쑥고개로 249 · 한국관광공사 연관 관광지 · 카카오 좌표
nation,전국,순천,·,ro274,낙안읍성민속마을 김소아가옥,낙안읍성민속마을 김소아가옥,herit,문화유산·전통체험,34.90867,127.33842,60,1h,,,,N,N,Y,N,N,N,Y,전남광주통합특별시 순천시 낙안면 충민길 104 · 한국관광공사 연관 관광지 · 카카오 좌표
nation,전국,고성,·,ro275,그레이스정원,그레이스정원,activity,테마파크·액티비티,34.97471,128.16902,90,1h 30m,,,,N,N,Y,N,N,N,Y,경남 고성군 상리면 삼상로 1312-71 · 한국관광공사 연관 관광지 · 카카오 좌표
nation,전국,남해,·,ro276,항도몽돌해수욕장,항도몽돌해수욕장,sea,해양·자연경관,34.74076,128.04864,40,40m,,,,N,N,Y,N,N,N,Y,경남 남해군 미조면 송정리 · 한국관광공사 연관 관광지 · 카카오 좌표
nation,전국,안동,·,ro277,안동시립박물관,안동시립박물관,herit,문화유산·전통체험,36.57952,128.76653,60,1h,,,,N,N,Y,N,N,N,Y,경북 안동시 민속촌길 13 · 한국관광공사 연관 관광지 · 카카오 좌표
nation,전국,해남,·,ro278,우수영국민관광지,우수영국민관광지,activity,테마파크·액티비티,34.57236,126.30975,90,1h 30m,,,,N,N,Y,N,N,N,Y,전남광주통합특별시 해남군 문내면 관광레저로 12 · 한국관광공사 연관 관광지 · 카카오 좌표
nation,전국,남해,·,ro279,초전몽돌해변,초전몽돌해변,sea,해양·자연경관,34.72966,128.03457,40,40m,,,,N,N,Y,N,N,N,Y,경남 남해군 미조면 송정리 524-1 · 한국관광공사 연관 관광지 · 카카오 좌표
nation,전국,합천,·,ro280,합천박물관,합천박물관,herit,문화유산·전통체험,35.58008,128.28207,60,1h,,,,N,N,Y,N,N,N,Y,경남 합천군 쌍책면 황강옥전로 1558 · 한국관광공사 연관 관광지 · 카카오 좌표
nation,전국,남원,·,ro281,서도역영상촬영장,서도역영상촬영장,activity,테마파크·액티비티,35.49047,127.32967,90,1h 30m,,,,N,N,Y,N,N,N,Y,전북특별자치도 남원시 사매면 서도길 32 · 한국관광공사 연관 관광지 · 카카오 좌표
nation,전국,공주,·,ro282,나태주풀꽃문학관,나태주풀꽃문학관,herit,문화유산·전통체험,36.45363,127.11995,60,1h,,,,N,N,Y,N,N,N,Y,충남 공주시 봉황로 85-12 · 한국관광공사 연관 관광지 · 카카오 좌표
nation,전국,서천,·,ro283,마량포구,마량포구,sea,해양·자연경관,36.13536,126.50264,40,40m,,,,N,N,Y,N,N,N,Y,충남 서천군 서면 마량리 344 · 한국관광공사 연관 관광지 · 카카오 좌표
nation,전국,해남,·,ro284,도솔암,도솔암,herit,문화유산·전통체험,34.35312,126.56508,60,1h,,,,N,N,Y,N,N,N,Y,전남광주통합특별시 해남군 송지면 마봉송종길 355-300 · 한국관광공사 연관 관광지 · 카카오 좌표
nation,전국,고창,·,ro285,구시포해수욕장,구시포해수욕장,sea,해양·자연경관,35.44572,126.43538,40,40m,,,,N,N,Y,N,N,N,Y,전북특별자치도 고창군 상하면 진암구시포로 545 · 한국관광공사 연관 관광지 · 카카오 좌표
nation,전국,논산,·,ro286,충곡서원,충곡서원,herit,문화유산·전통체험,36.19874,127.17709,60,1h,,,,N,N,Y,N,N,N,Y,충남 논산시 부적면 충곡로269번길 60-7 · 한국관광공사 연관 관광지 · 카카오 좌표
nation,전국,아산,·,ro287,온양온천시장,온양온천시장,food,로컬상권·먹거리,36.78329,127.00423,50,50m,,,,N,N,Y,N,N,N,Y,충남 아산시 시장길 29 · 한국관광공사 연관 관광지 · 카카오 좌표
nation,전국,해남,·,ro288,땅끝국민관광지,땅끝국민관광지,activity,테마파크·액티비티,34.29579,126.52599,90,1h 30m,,,,N,N,Y,N,N,N,Y,전남광주통합특별시 해남군 송지면 송호리 · 한국관광공사 연관 관광지 · 카카오 좌표
nation,전국,서천,·,ro289,국립희리산해송자연휴양림,국립희리산해송자연휴양림,heal,힐링·생태·체험,36.11263,126.66415,60,1h,,,,N,N,Y,N,N,N,Y,충남 서천군 종천면 희리산길 206 · 한국관광공사 연관 관광지 · 카카오 좌표
nation,전국,홍성,·,ro290,홍성스카이타워,홍성스카이타워,activity,테마파크·액티비티,36.57675,126.4644,90,1h 30m,,,,N,N,Y,N,N,N,Y,충남 홍성군 서부면 남당항로 689 · 한국관광공사 연관 관광지 · 카카오 좌표
nation,전국,서울,·,ro291,여의도 한강공원 수영장,여의도 한강공원 수영장,activity,테마파크·액티비티,37.53355,126.91974,90,1h 30m,,,,N,N,Y,N,N,N,Y,서울 영등포구 여의도동 82-3 · 한국관광공사 연관 관광지 · 카카오 좌표
nation,전국,부산,·,ro292,부전마켓타운,부전마켓타운,food,로컬상권·먹거리,35.16334,129.0607,50,50m,,,,N,N,Y,N,N,N,Y,부산 부산진구 중앙대로783번길 23 · 한국관광공사 연관 관광지 · 카카오 좌표
nation,전국,부산,·,ro293,엄궁농산물도매시장,엄궁농산물도매시장,food,로컬상권·먹거리,35.12812,128.96542,50,50m,,,,N,N,Y,N,N,N,Y,부산 사상구 농산물시장로 17 · 한국관광공사 연관 관광지 · 카카오 좌표
nation,전국,서울,·,ro294,수협 강서수산시장,수협 강서수산시장,food,로컬상권·먹거리,37.55301,126.81872,50,50m,,,,N,N,Y,N,N,N,Y,서울 강서구 강서도매시장로 130 · 한국관광공사 연관 관광지 · 카카오 좌표
nation,전국,단양,·,ro295,카페산,카페산,food,로컬상권·먹거리,36.9947,128.39437,50,50m,,,,N,N,Y,N,N,N,Y,충북 단양군 가곡면 두산길 196-86 · 한국관광공사 연관 관광지 · 카카오 좌표
nation,전국,정선,·,ro296,회동집,회동집,food,로컬상권·먹거리,37.38093,128.66465,50,50m,,,,N,N,Y,N,N,N,Y,강원특별자치도 정선군 정선읍 5일장길 37-10 · 한국관광공사 연관 관광지 · 카카오 좌표
nation,전국,태백,·,ro297,원조태성실비식당,원조태성실비식당,food,로컬상권·먹거리,37.15893,128.98658,50,50m,,,,N,N,Y,N,N,N,Y,강원특별자치도 태백시 감천로 4 · 한국관광공사 연관 관광지 · 카카오 좌표
nation,전국,청주,·,ro298,베이커리카페 공간,베이커리카페 공간,food,로컬상권·먹거리,36.60106,127.51615,50,50m,,,,N,N,Y,N,N,N,Y,충북 청주시 상당구 목련로 106-22 · 한국관광공사 연관 관광지 · 카카오 좌표
nation,전국,인천,·,ro299,롱비치커피앤브래드,롱비치커피앤브래드,food,로컬상권·먹거리,37.40724,126.61014,50,50m,,,,N,N,Y,N,N,N,Y,인천 연수구 랜드마크로 194 · 한국관광공사 연관 관광지 · 카카오 좌표
nation,전국,담양,·,ro300,뚝방국수,뚝방국수,food,로컬상권·먹거리,35.31802,126.97931,50,50m,,,,N,N,Y,N,N,N,Y,전남광주통합특별시 담양군 담양읍 천변5길 20 · 한국관광공사 연관 관광지 · 카카오 좌표
nation,전국,인제,·,ro301,고향집식당,고향집식당,food,로컬상권·먹거리,37.94568,128.32901,50,50m,,,,N,N,Y,N,N,N,Y,강원특별자치도 인제군 기린면 조침령로 115 · 한국관광공사 연관 관광지 · 카카오 좌표
nation,전국,아산,·,ro302,목화반점,목화반점,food,로컬상권·먹거리,36.76135,127.0193,50,50m,,,,N,N,Y,N,N,N,Y,충남 아산시 온주길26번길 7-3 · 한국관광공사 연관 관광지 · 카카오 좌표
nation,전국,군산,·,ro303,빈해원,빈해원,food,로컬상권·먹거리,35.98883,126.71398,50,50m,,,,N,N,Y,N,N,N,Y,전북특별자치도 군산시 동령길 57 · 한국관광공사 연관 관광지 · 카카오 좌표
nation,전국,남양주,·,ro304,기와집순두부 조안본점,기와집순두부 조안본점,food,로컬상권·먹거리,37.53732,127.30242,50,50m,,,,N,N,Y,N,N,N,Y,경기 남양주시 조안면 북한강로 133 · 한국관광공사 연관 관광지 · 카카오 좌표
nation,전국,부산,·,ro305,해운대가야밀면,해운대가야밀면,food,로컬상권·먹거리,35.16884,129.16633,50,50m,,,,N,N,Y,N,N,N,Y,부산 해운대구 좌동순환로 27 · 한국관광공사 연관 관광지 · 카카오 좌표
nation,전국,부산,·,ro306,냉수탕가든,냉수탕가든,food,로컬상권·먹거리,35.14435,129.02857,50,50m,,,,N,N,Y,N,N,N,Y,부산 부산진구 가야공원로 107 · 한국관광공사 연관 관광지 · 카카오 좌표
nation,전국,하동,·,ro307,더로드101 하동,더로드101 하동,food,로컬상권·먹거리,35.2159,127.63759,50,50m,,,,N,N,Y,N,N,N,Y,경남 하동군 화개면 화개로 357 · 한국관광공사 연관 관광지 · 카카오 좌표
nation,전국,제천,·,ro308,송계계곡,송계계곡,sea,해양·자연경관,36.86531,128.08803,40,40m,,,,N,N,Y,N,N,N,Y,충북 제천시 한수면 송계리 · 한국관광공사 연관 관광지 · 카카오 좌표
nation,전국,제천,·,ro309,청풍호관광 모노레일,청풍호관광 모노레일,activity,테마파크·액티비티,37.00314,128.13402,90,1h 30m,,,,N,N,Y,N,N,N,Y,충북 제천시 청풍면 청풍명월로 879-17 · 한국관광공사 연관 관광지 · 카카오 좌표
nation,전국,제천,·,ro310,청풍문화유산단지,청풍문화유산단지,activity,테마파크·액티비티,37.00475,128.1708,90,1h 30m,,,,N,N,Y,N,N,N,Y,충북 제천시 청풍면 청풍호로 2048 · 한국관광공사 연관 관광지 · 카카오 좌표
nation,전국,청주,·,ro311,육거리종합시장,육거리종합시장,food,로컬상권·먹거리,36.62815,127.49009,50,50m,,,,N,N,Y,N,N,N,Y,충북 청주시 상당구 상당로1번길 17 · 한국관광공사 연관 관광지 · 카카오 좌표
nation,전국,통영,·,ro312,당포항,당포항,sea,해양·자연경관,34.79574,128.38343,40,40m,,,,N,N,Y,N,N,N,Y,경남 통영시 산양읍 당포리 372-11 · 한국관광공사 연관 관광지 · 카카오 좌표
nation,전국,대구,·,ro313,이월드,이월드,activity,테마파크·액티비티,35.85406,128.56471,90,1h 30m,,,,N,N,Y,N,N,N,Y,대구 달서구 두류공원로 200 · 한국관광공사 연관 관광지 · 카카오 좌표
nation,전국,인천,·,ro314,소래포구종합어시장,소래포구종합어시장,food,로컬상권·먹거리,37.39903,126.73719,50,50m,,,,N,N,Y,N,N,N,Y,인천 남동구 소래역로 12 · 한국관광공사 연관 관광지 · 카카오 좌표
nation,전국,사천,·,ro315,삼천포대교공원,삼천포대교공원,heal,힐링·생태·체험,34.93213,128.05183,60,1h,,,,N,N,Y,N,N,N,Y,경남 사천시 대방동 681-2 · 한국관광공사 연관 관광지 · 카카오 좌표
nation,전국,부여,·,ro316,낙화암,낙화암,herit,문화유산·전통체험,36.29237,126.91226,60,1h,,,,N,N,Y,N,N,N,Y,충남 부여군 부여읍 쌍북리 678-2 · 한국관광공사 연관 관광지 · 카카오 좌표
nation,전국,인천,·,ro317,상상플랫폼,상상플랫폼,activity,테마파크·액티비티,37.47507,126.6151,90,1h 30m,,,,N,N,Y,N,N,N,Y,인천 제물포구 월미로 33 · 한국관광공사 연관 관광지 · 카카오 좌표
nation,전국,부여,·,ro318,부여왕릉원,부여왕릉원,herit,문화유산·전통체험,36.27701,126.94267,60,1h,,,,N,N,Y,N,N,N,Y,충남 부여군 부여읍 왕릉로 61 · 한국관광공사 연관 관광지 · 카카오 좌표
nation,전국,천안,·,ro319,천안타운홀 전망대,천안타운홀 전망대,activity,테마파크·액티비티,36.80778,127.15058,90,1h 30m,,,,N,N,Y,N,N,N,Y,충남 천안시 동남구 옛시청길 29 · 한국관광공사 연관 관광지 · 카카오 좌표
nation,전국,남원,·,ro320,피오리움,피오리움,herit,문화유산·전통체험,35.40175,127.38402,60,1h,,,,N,N,Y,N,N,N,Y,전북특별자치도 남원시 소리길 50 · 한국관광공사 연관 관광지 · 카카오 좌표
nation,전국,천안,·,ro321,천안중앙시장,천안중앙시장,food,로컬상권·먹거리,36.80293,127.1498,50,50m,,,,N,N,Y,N,N,N,Y,충남 천안시 동남구 영성로 53 · 한국관광공사 연관 관광지 · 카카오 좌표
nation,전국,군산,·,ro322,고군산군도,고군산군도,sea,해양·자연경관,35.8136,126.42515,40,40m,,,,N,N,Y,N,N,N,Y,전북특별자치도 군산시 옥도면 선유도리 482 · 한국관광공사 연관 관광지 · 카카오 좌표
nation,전국,군산,·,ro323,장자도,장자도,sea,해양·자연경관,35.81021,126.39745,40,40m,,,,N,N,Y,N,N,N,Y,전북특별자치도 군산시 옥도면 장자도리 · 한국관광공사 연관 관광지 · 카카오 좌표
nation,전국,이천,·,ro324,관고전통시장,관고전통시장,food,로컬상권·먹거리,37.28076,127.44057,50,50m,,,,N,N,Y,N,N,N,Y,경기 이천시 중리천로21번길 6 · 한국관광공사 연관 관광지 · 카카오 좌표
nation,전국,예산,·,ro325,예당호 모노레일,예당호 모노레일,activity,테마파크·액티비티,36.6374,126.79968,90,1h 30m,,,,N,N,Y,N,N,N,Y,충남 예산군 응봉면 예당관광로 158 · 한국관광공사 연관 관광지 · 카카오 좌표
nation,전국,남양주,·,ro326,정약용유적지 생가,정약용유적지 생가,herit,문화유산·전통체험,37.5167,127.30012,60,1h,,,,N,N,Y,N,N,N,Y,경기 남양주시 조안면 다산로747번길 11 · 한국관광공사 연관 관광지 · 카카오 좌표
nation,전국,창원,·,ro327,반송시장,반송시장,food,로컬상권·먹거리,35.23545,128.67105,50,50m,,,,N,N,Y,N,N,N,Y,경남 창원시 성산구 반림동 17-18 · 한국관광공사 연관 관광지 · 카카오 좌표
nation,전국,고창,·,ro328,상하농원,상하농원,heal,힐링·생태·체험,35.44684,126.45036,60,1h,,,,N,N,Y,N,N,N,Y,전북특별자치도 고창군 상하면 상하농원길 23 · 한국관광공사 연관 관광지 · 카카오 좌표
nation,전국,서울,·,ro329,마포농수산물시장,마포농수산물시장,food,로컬상권·먹거리,37.5648,126.8985,50,50m,,,,N,N,Y,N,N,N,Y,서울 마포구 월드컵로 235 · 한국관광공사 연관 관광지 · 카카오 좌표
nation,전국,서울,·,ro330,삼청각 유하정,삼청각 유하정,activity,테마파크·액티비티,37.59757,126.98298,90,1h 30m,,,,N,N,Y,N,N,N,Y,서울 성북구 성북동 330-230 · 한국관광공사 연관 관광지 · 카카오 좌표
nation,전국,제천,·,ro331,산아래석갈비 본점,산아래석갈비 본점,food,로컬상권·먹거리,37.14578,128.04075,50,50m,,,,N,N,Y,N,N,N,Y,충북 제천시 백운면 금봉로 182 · 한국관광공사 연관 관광지 · 카카오 좌표
nation,전국,전주,·,ro332,호남각,호남각,food,로컬상권·먹거리,35.86502,127.11367,50,50m,,,,N,N,Y,N,N,N,Y,전북특별자치도 전주시 덕진구 시천로 65 · 한국관광공사 연관 관광지 · 카카오 좌표
nation,전국,전주,·,ro333,현대옥 전주본점,현대옥 전주본점,food,로컬상권·먹거리,35.81973,127.11715,50,50m,,,,N,N,Y,N,N,N,Y,전북특별자치도 전주시 완산구 화산천변2길 7-4 · 한국관광공사 연관 관광지 · 카카오 좌표
nation,전국,창원,·,ro334,투썸플레이스 창원귀산해변점,투썸플레이스 창원귀산해변점,food,로컬상권·먹거리,35.16997,128.59747,50,50m,,,,N,N,Y,N,N,N,Y,경남 창원시 성산구 삼귀로 167 · 한국관광공사 연관 관광지 · 카카오 좌표
nation,전국,울진,·,ro335,산수옥,산수옥,food,로컬상권·먹거리,36.96783,129.39204,50,50m,,,,N,N,Y,N,N,N,Y,경북 울진군 근남면 불영계곡로 3631 · 한국관광공사 연관 관광지 · 카카오 좌표
nation,전국,부여,·,ro336,사비향,사비향,food,로컬상권·먹거리,36.273,126.91304,50,50m,,,,N,N,Y,N,N,N,Y,충남 부여군 부여읍 궁남로 38 · 한국관광공사 연관 관광지 · 카카오 좌표
nation,전국,천안,·,ro337,랜드마크 195,랜드마크 195,food,로컬상권·먹거리,36.81306,127.17991,50,50m,,,,N,N,Y,N,N,N,Y,충남 천안시 동남구 유량로 195 · 한국관광공사 연관 관광지 · 카카오 좌표
nation,전국,울산,·,ro338,언양진미불고기,언양진미불고기,food,로컬상권·먹거리,35.55826,129.12016,50,50m,,,,N,N,Y,N,N,N,Y,울산 울주군 삼남읍 중평로 33 · 한국관광공사 연관 관광지 · 카카오 좌표
nation,전국,이천,·,ro339,강민주의들밥 이천본점,강민주의들밥 이천본점,food,로컬상권·먹거리,37.22151,127.36794,50,50m,,,,N,N,Y,N,N,N,Y,경기 이천시 마장면 지산로22번길 17 · 한국관광공사 연관 관광지 · 카카오 좌표
nation,전국,양주,·,ro340,장흥폭포수식당,장흥폭포수식당,food,로컬상권·먹거리,37.74558,126.9499,50,50m,,,,N,N,Y,N,N,N,Y,경기 양주시 장흥면 권율로309번길 169 · 한국관광공사 연관 관광지 · 카카오 좌표
nation,전국,여주,·,ro341,천서리막국수 본점,천서리막국수 본점,food,로컬상권·먹거리,37.40263,127.54662,50,50m,,,,N,N,Y,N,N,N,Y,경기 여주시 대신면 여양로 1974 · 한국관광공사 연관 관광지 · 카카오 좌표
nation,전국,포천,·,ro342,갈비1987,갈비1987,food,로컬상권·먹거리,38.03213,127.36625,50,50m,,,,N,N,Y,N,N,N,Y,경기 포천시 이동면 화동로 2065-1 · 한국관광공사 연관 관광지 · 카카오 좌표
nation,전국,익산,·,ro343,어스언더파크 익산,어스언더파크 익산,food,로컬상권·먹거리,36.00513,126.9463,50,50m,,,,N,N,Y,N,N,N,Y,전북특별자치도 익산시 황등면 황등7길 34 · 한국관광공사 연관 관광지 · 카카오 좌표
nation,전국,서울,·,ro344,성북동면옥집,성북동면옥집,food,로컬상권·먹거리,37.59589,126.98863,50,50m,,,,N,N,Y,N,N,N,Y,서울 성북구 대사관로 40 · 한국관광공사 연관 관광지 · 카카오 좌표
nation,전국,부산,·,ro345,탄티,탄티,food,로컬상권·먹거리,35.31442,129.19287,50,50m,,,,N,N,Y,N,N,N,Y,부산 기장군 정관읍 달음산길 37 · 한국관광공사 연관 관광지 · 카카오 좌표
nation,전국,정선,·,ro346,정선레일바이크,정선레일바이크,activity,테마파크·액티비티,37.51708,128.72877,90,1h 30m,,,,N,N,Y,N,N,N,Y,강원특별자치도 정선군 여량면 노추산로 745 · 한국관광공사 연관 관광지 · 카카오 좌표
nation,전국,수원,·,ro347,지동시장,지동시장,food,로컬상권·먹거리,37.27779,127.01939,50,50m,,,,N,N,Y,N,N,N,Y,경기 수원시 팔달구 팔달문로 19 · 한국관광공사 연관 관광지 · 카카오 좌표
nation,전국,창원,·,ro348,창원컨벤션센터,창원컨벤션센터,herit,문화유산·전통체험,35.23841,128.6569,60,1h,,,,N,N,Y,N,N,N,Y,경남 창원시 성산구 원이대로 362 · 한국관광공사 연관 관광지 · 카카오 좌표
nation,전국,수원,·,ro349,정자시장,정자시장,food,로컬상권·먹거리,37.29094,126.9997,50,50m,,,,N,N,Y,N,N,N,Y,경기 수원시 장안구 장안로89번길 47 · 한국관광공사 연관 관광지 · 카카오 좌표
nation,전국,대구,·,ro350,대구미술관,대구미술관,herit,문화유산·전통체험,35.82705,128.67411,60,1h,,,,N,N,Y,N,N,N,Y,대구 수성구 미술관로 40 · 한국관광공사 연관 관광지 · 카카오 좌표
nation,전국,진주,·,ro351,진주실크박물관,진주실크박물관,herit,문화유산·전통체험,35.15985,128.16489,60,1h,,,,N,N,Y,N,N,N,Y,경남 진주시 문산읍 월아산로 994 · 한국관광공사 연관 관광지 · 카카오 좌표
nation,전국,철원,·,ro352,한탄강 횃불전망대,한탄강 횃불전망대,activity,테마파크·액티비티,38.20114,127.28012,90,1h 30m,,,,N,N,Y,N,N,N,Y,강원특별자치도 철원군 갈말읍 상사리 70-13 · 한국관광공사 연관 관광지 · 카카오 좌표
nation,전국,하동,·,ro353,동정호,동정호,sea,해양·자연경관,35.14596,127.68716,40,40m,,,,N,N,Y,N,N,N,Y,경남 하동군 악양면 평사리 305-2 · 한국관광공사 연관 관광지 · 카카오 좌표
nation,전국,진주,·,ro354,철도문화공원,철도문화공원,heal,힐링·생태·체험,35.17794,128.0887,60,1h,,,,N,N,Y,N,N,N,Y,경남 진주시 강남동 245-242 · 한국관광공사 연관 관광지 · 카카오 좌표
nation,전국,사천,·,ro355,항공우주박물관,항공우주박물관,herit,문화유산·전통체험,35.07142,128.06287,60,1h,,,,N,N,Y,N,N,N,Y,경남 사천시 사남면 공단1로 78 · 한국관광공사 연관 관광지 · 카카오 좌표
nation,전국,울릉,·,ro356,천부해중전망대,천부해중전망대,activity,테마파크·액티비티,37.54229,130.87424,90,1h 30m,,,,N,N,Y,N,N,N,Y,경북 울릉군 북면 울릉순환로 3137 · 한국관광공사 연관 관광지 · 카카오 좌표
nation,전국,춘천,·,ro357,춘천막국수체험박물관,춘천막국수체험박물관,herit,문화유산·전통체험,37.94879,127.74979,60,1h,,,,N,N,Y,N,N,N,Y,강원특별자치도 춘천시 신북읍 신북로 264 · 한국관광공사 연관 관광지 · 카카오 좌표
nation,전국,화순,·,ro358,만연사,만연사,herit,문화유산·전통체험,35.08312,126.98471,60,1h,,,,N,N,Y,N,N,N,Y,전남광주통합특별시 화순군 화순읍 진각로 367 · 한국관광공사 연관 관광지 · 카카오 좌표
nation,전국,거창,·,ro359,거창산림레포츠파크,거창산림레포츠파크,activity,테마파크·액티비티,35.85914,127.82975,90,1h 30m,,,,N,N,Y,N,N,N,Y,경남 거창군 고제면 빼재로 2099-35 · 한국관광공사 연관 관광지 · 카카오 좌표
nation,전국,공주,·,ro360,공주 무령왕릉과 왕릉원,공주 무령왕릉과 왕릉원,herit,문화유산·전통체험,36.46304,127.11439,60,1h,,,,N,N,Y,N,N,N,Y,충남 공주시 금성동 산 5-19 · 한국관광공사 연관 관광지 · 카카오 좌표
nation,전국,창원,·,ro361,마금산원탕보양온천,마금산원탕보양온천,heal,힐링·생태·체험,35.35465,128.60942,60,1h,,,,N,N,Y,N,N,N,Y,경남 창원시 의창구 북면 천주로 1167 · 한국관광공사 연관 관광지 · 카카오 좌표
nation,전국,남원,·,ro362,남원시립김병종미술관,남원시립김병종미술관,herit,문화유산·전통체험,35.39871,127.38956,60,1h,,,,N,N,Y,N,N,N,Y,전북특별자치도 남원시 함파우길 65-14 · 한국관광공사 연관 관광지 · 카카오 좌표
nation,전국,천안,·,ro363,천안박물관,천안박물관,herit,문화유산·전통체험,36.78676,127.16334,60,1h,,,,N,N,Y,N,N,N,Y,충남 천안시 동남구 천안삼거리길 27 · 한국관광공사 연관 관광지 · 카카오 좌표
nation,전국,울산,·,ro364,언양알프스시장,언양알프스시장,food,로컬상권·먹거리,35.5637,129.12529,50,50m,,,,N,N,Y,N,N,N,Y,울산 울주군 언양읍 장터1길 12-1 · 한국관광공사 연관 관광지 · 카카오 좌표
nation,전국,공주,·,ro365,석장리박물관,석장리박물관,herit,문화유산·전통체험,36.44753,127.18967,60,1h,,,,N,N,Y,N,N,N,Y,충남 공주시 금벽로 990 · 한국관광공사 연관 관광지 · 카카오 좌표
nation,전국,서울,·,ro367,독립문영천시장,독립문영천시장,food,로컬상권·먹거리,37.57048,126.96114,50,50m,,,,N,N,Y,N,N,N,Y,서울 서대문구 독립문로3길 22 · 한국관광공사 연관 관광지 · 카카오 좌표
nation,전국,홍성,·,ro368,남당항 해양분수공원,남당항 해양분수공원,heal,힐링·생태·체험,36.53759,126.47375,60,1h,,,,N,N,Y,N,N,N,Y,충남 홍성군 서부면 남당리 864 · 한국관광공사 연관 관광지 · 카카오 좌표
nation,전국,서울,·,ro369,화계사,화계사,herit,문화유산·전통체험,37.63274,127.00734,60,1h,,,,N,N,Y,N,N,N,Y,서울 강북구 화계사길 117 · 한국관광공사 연관 관광지 · 카카오 좌표
nation,전국,부산,·,ro370,삼락생태공원 연꽃단지,삼락생태공원 연꽃단지,heal,힐링·생태·체험,35.16265,128.97133,60,1h,,,,N,N,Y,N,N,N,Y,부산 사상구 삼락동 750 · 한국관광공사 연관 관광지 · 카카오 좌표
nation,전국,서울,·,ro371,잠실한강공원,잠실한강공원,heal,힐링·생태·체험,37.5178,127.08236,60,1h,,,,N,N,Y,N,N,N,Y,서울 송파구 잠실동 1-1 · 한국관광공사 연관 관광지 · 카카오 좌표
nation,전국,서울,·,ro372,암사종합시장,암사종합시장,food,로컬상권·먹거리,37.55086,127.12882,50,50m,,,,N,N,Y,N,N,N,Y,서울 강동구 상암로11길 25 · 한국관광공사 연관 관광지 · 카카오 좌표
nation,전국,서울,·,ro373,대한민국역사박물관,대한민국역사박물관,herit,문화유산·전통체험,37.57399,126.97786,60,1h,,,,N,N,Y,N,N,N,Y,서울 종로구 세종대로 198 · 한국관광공사 연관 관광지 · 카카오 좌표
nation,전국,제천,·,ro374,청풍황금떡갈비,청풍황금떡갈비,food,로컬상권·먹거리,37.02069,128.17254,50,50m,,,,N,N,Y,N,N,N,Y,충북 제천시 청풍면 청풍호로 1682 · 한국관광공사 연관 관광지 · 카카오 좌표
nation,전국,충주,·,ro375,게으른악어,게으른악어,food,로컬상권·먹거리,36.92398,128.04808,50,50m,,,,N,N,Y,N,N,N,Y,충북 충주시 살미면 월악로 927 · 한국관광공사 연관 관광지 · 카카오 좌표
nation,전국,창원,·,ro376,임진각식당,임진각식당,food,로컬상권·먹거리,35.26129,128.61786,50,50m,,,,N,N,Y,N,N,N,Y,경남 창원시 의창구 팔용로 515 · 한국관광공사 연관 관광지 · 카카오 좌표
nation,전국,울릉,·,ro377,울릉도태양식당 따개비칼국수 본점,울릉도태양식당 따개비칼국수 본점,food,로컬상권·먹거리,37.46641,130.83761,50,50m,,,,N,N,Y,N,N,N,Y,경북 울릉군 서면 울릉순환로 1278 · 한국관광공사 연관 관광지 · 카카오 좌표
nation,전국,창원,·,ro378,퍼시먼커피,퍼시먼커피,food,로컬상권·먹거리,35.3192,128.66115,50,50m,,,,N,N,Y,N,N,N,Y,경남 창원시 의창구 동읍 동읍로 617 · 한국관광공사 연관 관광지 · 카카오 좌표
nation,전국,밀양,·,ro379,밀양돌짬뽕,밀양돌짬뽕,food,로컬상권·먹거리,35.49989,128.74651,50,50m,,,,N,N,Y,N,N,N,Y,경남 밀양시 백민로 82-1 · 한국관광공사 연관 관광지 · 카카오 좌표
nation,전국,서천,·,ro380,한우마을,한우마을,food,로컬상권·먹거리,36.15508,126.69092,50,50m,,,,N,N,Y,N,N,N,Y,충남 서천군 판교면 종판로901번길 12 · 한국관광공사 연관 관광지 · 카카오 좌표
nation,전국,아산,·,ro381,죽순산장,죽순산장,food,로컬상권·먹거리,36.86337,127.02397,50,50m,,,,N,N,Y,N,N,N,Y,충남 아산시 음봉면 음봉면로 227 · 한국관광공사 연관 관광지 · 카카오 좌표
nation,전국,가평,·,ro382,델씨엘로,델씨엘로,food,로컬상권·먹거리,37.75286,127.4337,50,50m,,,,N,N,Y,N,N,N,Y,경기 가평군 청평면 경춘로 1031 · 한국관광공사 연관 관광지 · 카카오 좌표
nation,전국,파주,·,ro383,심학산도토리국수 본점,심학산도토리국수 본점,food,로컬상권·먹거리,37.70953,126.70388,50,50m,,,,N,N,Y,N,N,N,Y,경기 파주시 교하로681번길 12 · 한국관광공사 연관 관광지 · 카카오 좌표
nation,전국,완도,·,ro384,유일정식당,유일정식당,food,로컬상권·먹거리,34.31663,126.75193,50,50m,,,,N,N,Y,N,N,N,Y,전남광주통합특별시 완도군 완도읍 개포로 11-28 · 한국관광공사 연관 관광지 · 카카오 좌표
nation,전국,울진,·,ro385,울산회식당,울산회식당,food,로컬상권·먹거리,36.85587,129.42471,50,50m,,,,N,N,Y,N,N,N,Y,경북 울진군 기성면 망양로 225-9 · 한국관광공사 연관 관광지 · 카카오 좌표
nation,전국,완도,·,ro386,개성순두부,개성순두부,food,로컬상권·먹거리,34.3164,126.75037,50,50m,,,,N,N,Y,N,N,N,Y,전남광주통합특별시 완도군 완도읍 개포로 19 · 한국관광공사 연관 관광지 · 카카오 좌표
nation,전국,사천,·,ro387,삼천포돌게장,삼천포돌게장,food,로컬상권·먹거리,34.94087,128.07627,50,50m,,,,N,N,Y,N,N,N,Y,경남 사천시 삼천포대교로 481 · 한국관광공사 연관 관광지 · 카카오 좌표
nation,전국,서천,·,ro388,장항갯벌식당,장항갯벌식당,food,로컬상권·먹거리,36.01163,126.69552,50,50m,,,,N,N,Y,N,N,N,Y,충남 서천군 장항읍 장항로161번길 7 · 한국관광공사 연관 관광지 · 카카오 좌표
nation,전국,인제,·,ro389,옛날원대막국수,옛날원대막국수,food,로컬상권·먹거리,38.00228,128.23161,50,50m,,,,N,N,Y,N,N,N,Y,강원특별자치도 인제군 인제읍 자작나무숲길 1113 · 한국관광공사 연관 관광지 · 카카오 좌표
nation,전국,대전,·,ro390,대전엑스포아쿠아리움,대전엑스포아쿠아리움,activity,테마파크·액티비티,36.37529,127.38138,90,1h 30m,,,,N,N,Y,N,N,N,Y,대전 유성구 엑스포로 1 · 한국관광공사 연관 관광지 · 카카오 좌표
nation,전국,대전,·,ro391,한국조폐공사 화폐박물관,한국조폐공사 화폐박물관,herit,문화유산·전통체험,36.37751,127.3705,60,1h,,,,N,N,Y,N,N,N,Y,대전 유성구 과학로 80-67 · 한국관광공사 연관 관광지 · 카카오 좌표
nation,전국,충주,·,ro392,악어봉,악어봉,sea,해양·자연경관,36.91756,128.04415,40,40m,,,,N,N,Y,N,N,N,Y,충북 충주시 살미면 신당리 산 30-1 · 한국관광공사 연관 관광지 · 카카오 좌표
nation,전국,평창,·,ro393,청옥산 육백마지기농장,청옥산 육백마지기농장,heal,힐링·생태·체험,37.4009,128.51274,60,1h,,,,N,N,Y,N,N,N,Y,강원특별자치도 평창군 미탄면 청옥산길 583-68 · 한국관광공사 연관 관광지 · 카카오 좌표
nation,전국,평창,·,ro394,장전계곡,장전계곡,sea,해양·자연경관,37.49966,128.56434,40,40m,,,,N,N,Y,N,N,N,Y,강원특별자치도 평창군 진부면 장전리 산 1 · 한국관광공사 연관 관광지 · 카카오 좌표
nation,전국,제천,·,ro395,박달재자연휴양림,박달재자연휴양림,heal,힐링·생태·체험,37.15011,128.04941,60,1h,,,,N,N,Y,N,N,N,Y,충북 제천시 백운면 금봉로 223 · 한국관광공사 연관 관광지 · 카카오 좌표
nation,전국,태백,·,ro396,태백고원자연휴양림,태백고원자연휴양림,heal,힐링·생태·체험,37.12358,129.06038,60,1h,,,,N,N,Y,N,N,N,Y,강원특별자치도 태백시 머리골길 153 · 한국관광공사 연관 관광지 · 카카오 좌표
nation,전국,태백,·,ro397,365세이프타운,365세이프타운,activity,테마파크·액티비티,37.10049,129.02461,90,1h 30m,,,,N,N,Y,N,N,N,Y,강원특별자치도 태백시 평화길 15 · 한국관광공사 연관 관광지 · 카카오 좌표
nation,전국,정선,·,ro398,화암약수,화암약수,sea,해양·자연경관,37.32704,128.7837,40,40m,,,,N,N,Y,N,N,N,Y,강원특별자치도 정선군 화암면 약수길 1328 · 한국관광공사 연관 관광지 · 카카오 좌표
nation,전국,평창,·,ro399,청옥산 전망대,청옥산 전망대,activity,테마파크·액티비티,37.4085,128.51045,90,1h 30m,,,,N,N,Y,N,N,N,Y,강원특별자치도 평창군 미탄면 회동리 1-5 · 한국관광공사 연관 관광지 · 카카오 좌표
nation,전국,수원,·,ro400,수원화성 장안문,수원화성 장안문,herit,문화유산·전통체험,37.28886,127.01424,60,1h,,,,N,N,Y,N,N,N,Y,경기 수원시 팔달구 정조로 910 · 한국관광공사 연관 관광지 · 카카오 좌표
nation,전국,대구,·,ro401,국립대구과학관,국립대구과학관,herit,문화유산·전통체험,35.68666,128.46576,60,1h,,,,N,N,Y,N,N,N,Y,대구 달성군 유가읍 테크노대로6길 20 · 한국관광공사 연관 관광지 · 카카오 좌표
nation,전국,포천,·,ro402,담터계곡,담터계곡,sea,해양·자연경관,38.15524,127.19008,40,40m,,,,N,N,Y,N,N,N,Y,경기 포천시 관인면 삼율리 · 한국관광공사 연관 관광지 · 카카오 좌표
nation,전국,고성,·,ro403,고성시장,고성시장,food,로컬상권·먹거리,34.97701,128.32292,50,50m,,,,N,N,Y,N,N,N,Y,경남 고성군 고성읍 중앙로25번길 57 · 한국관광공사 연관 관광지 · 카카오 좌표
nation,전국,태백,·,ro404,구와우마을,구와우마을,herit,문화유산·전통체험,37.20692,128.9897,60,1h,,,,N,N,Y,N,N,N,Y,강원특별자치도 태백시 구와우길 38-20 · 한국관광공사 연관 관광지 · 카카오 좌표
nation,전국,인천,·,ro405,남촌농산물도매시장,남촌농산물도매시장,food,로컬상권·먹거리,37.42233,126.71941,50,50m,,,,N,N,Y,N,N,N,Y,인천 남동구 비류대로 763 · 한국관광공사 연관 관광지 · 카카오 좌표
nation,전국,순천,·,ro406,순천조례호수공원,순천조례호수공원,heal,힐링·생태·체험,34.96768,127.52379,60,1h,,,,N,N,Y,N,N,N,Y,전남광주통합특별시 순천시 조례동 1867 · 한국관광공사 연관 관광지 · 카카오 좌표
nation,전국,함안,·,ro407,함안고려동유적지,함안고려동유적지,herit,문화유산·전통체험,35.27681,128.45997,60,1h,,,,N,N,Y,N,N,N,Y,경남 함안군 산인면 모곡2길 53 · 한국관광공사 연관 관광지 · 카카오 좌표
nation,전국,사천,·,ro408,백천사,백천사,herit,문화유산·전통체험,34.99647,128.09248,60,1h,,,,N,N,Y,N,N,N,Y,경남 사천시 백천길 326-2 · 한국관광공사 연관 관광지 · 카카오 좌표
nation,전국,진주,·,ro409,진양호,진양호,sea,해양·자연경관,35.18808,127.98444,40,40m,,,,N,N,Y,N,N,N,Y,경남 진주시 대평면 당촌리 458 · 한국관광공사 연관 관광지 · 카카오 좌표
nation,전국,산청,·,ro410,남사예담촌,남사예담촌,herit,문화유산·전통체험,35.27422,127.93634,60,1h,,,,N,N,Y,N,N,N,Y,경남 산청군 단성면 지리산대로2897번길 10 · 한국관광공사 연관 관광지 · 카카오 좌표
nation,전국,춘천,·,ro411,레고랜드코리아리조트,레고랜드코리아리조트,activity,테마파크·액티비티,37.88419,127.6992,90,1h 30m,,,,N,N,Y,N,N,N,Y,강원특별자치도 춘천시 하중도길 128 · 한국관광공사 연관 관광지 · 카카오 좌표
nation,전국,울릉,·,ro412,저동항,저동항,sea,해양·자연경관,37.49622,130.90997,40,40m,,,,N,N,Y,N,N,N,Y,경북 울릉군 울릉읍 저동리 48-8 · 한국관광공사 연관 관광지 · 카카오 좌표
nation,전국,화순,·,ro413,개미산 전망대,개미산 전망대,activity,테마파크·액티비티,35.04498,126.9654,90,1h 30m,,,,N,N,Y,N,N,N,Y,전남광주통합특별시 화순군 화순읍 연양1길 31 · 한국관광공사 연관 관광지 · 카카오 좌표
nation,전국,창원,·,ro414,신촌온천,신촌온천,heal,힐링·생태·체험,35.35242,128.61105,60,1h,,,,N,N,Y,N,N,N,Y,경남 창원시 의창구 북면 천주로1150번길 15-14 · 한국관광공사 연관 관광지 · 카카오 좌표
nation,전국,남해,·,ro415,사촌해수욕장,사촌해수욕장,sea,해양·자연경관,34.74355,127.85593,40,40m,,,,N,N,Y,N,N,N,Y,경남 남해군 남면 남면로1229번길 44 · 한국관광공사 연관 관광지 · 카카오 좌표
nation,전국,부여,·,ro416,부여중앙시장,부여중앙시장,food,로컬상권·먹거리,36.28174,126.91182,50,50m,,,,N,N,Y,N,N,N,Y,충남 부여군 부여읍 사비로108번길 12 · 한국관광공사 연관 관광지 · 카카오 좌표
nation,전국,남원,·,ro417,뱀사골계곡,뱀사골계곡,sea,해양·자연경관,35.35984,127.58632,40,40m,,,,N,N,Y,N,N,N,Y,전북특별자치도 남원시 산내면 부운리 · 한국관광공사 연관 관광지 · 카카오 좌표
nation,전국,아산,·,ro418,강당골,강당골,sea,해양·자연경관,36.71029,127.01588,40,40m,,,,N,N,Y,N,N,N,Y,충남 아산시 송악면 강당리 510 · 한국관광공사 연관 관광지 · 카카오 좌표
nation,전국,아산,·,ro420,파라다이스스파도고,파라다이스스파도고,heal,힐링·생태·체험,36.76612,126.88596,60,1h,,,,N,N,Y,N,N,N,Y,충남 아산시 선장면 도고온천로 176-1 · 한국관광공사 연관 관광지 · 카카오 좌표
nation,전국,울산,·,ro421,영남알프스 복합웰컴센터,영남알프스 복합웰컴센터,activity,테마파크·액티비티,35.55637,129.06766,90,1h 30m,,,,N,N,Y,N,N,N,Y,울산 울주군 상북면 알프스온천5길 103-8 · 한국관광공사 연관 관광지 · 카카오 좌표
nation,전국,논산,·,ro422,탑정호수변생태공원,탑정호수변생태공원,heal,힐링·생태·체험,36.19186,127.17131,60,1h,,,,N,N,Y,N,N,N,Y,충남 논산시 부적면 충곡리 287-8 · 한국관광공사 연관 관광지 · 카카오 좌표
nation,전국,정읍,·,ro423,서현사지,서현사지,herit,문화유산·전통체험,35.62375,126.91881,60,1h,,,,N,N,Y,N,N,N,Y,전북특별자치도 정읍시 태인면 서재길 13 · 한국관광공사 연관 관광지 · 카카오 좌표
nation,전국,울산,·,ro424,남창옹기종기시장,남창옹기종기시장,food,로컬상권·먹거리,35.41669,129.28278,50,50m,,,,N,N,Y,N,N,N,Y,울산 울주군 온양읍 남창장터길 24 · 한국관광공사 연관 관광지 · 카카오 좌표
nation,전국,창원,·,ro425,대산파크골프장,대산파크골프장,activity,테마파크·액티비티,35.352,128.72138,90,1h 30m,,,,N,N,Y,N,N,N,Y,경남 창원시 의창구 대산면 북부리 196-2 · 한국관광공사 연관 관광지 · 카카오 좌표
nation,전국,당진,·,ro426,도비도항,도비도항,sea,해양·자연경관,37.01797,126.46148,40,40m,,,,N,N,Y,N,N,N,Y,충남 당진시 석문면 난지도리 · 한국관광공사 연관 관광지 · 카카오 좌표
nation,전국,창원,·,ro427,가음정 전통시장,가음정 전통시장,food,로컬상권·먹거리,35.20783,128.69813,50,50m,,,,N,N,Y,N,N,N,Y,경남 창원시 성산구 대정로35번길 4-1 · 한국관광공사 연관 관광지 · 카카오 좌표
nation,전국,밀양,·,ro428,여여정사,여여정사,herit,문화유산·전통체험,35.4402,128.89304,60,1h,,,,N,N,Y,N,N,N,Y,경남 밀양시 삼랑진읍 행곡1길 180-158 · 한국관광공사 연관 관광지 · 카카오 좌표
nation,전국,가평,·,ro429,가평베고니아새정원,가평베고니아새정원,activity,테마파크·액티비티,37.6846,127.52563,90,1h 30m,,,,N,N,Y,N,N,N,Y,경기 가평군 설악면 미사리로270번길 30 · 한국관광공사 연관 관광지 · 카카오 좌표
nation,전국,서산,·,ro430,서산중앙호수공원,서산중앙호수공원,heal,힐링·생태·체험,36.77681,126.4506,60,1h,,,,N,N,Y,N,N,N,Y,충남 서산시 읍내동 40 · 한국관광공사 연관 관광지 · 카카오 좌표
nation,전국,고창,·,ro431,석정휴스파,석정휴스파,heal,힐링·생태·체험,35.43218,126.7414,60,1h,,,,N,N,Y,N,N,N,Y,전북특별자치도 고창군 고창읍 석정2로 173 · 한국관광공사 연관 관광지 · 카카오 좌표
nation,전국,여주,·,ro432,한강6경바위늪경 강천섬,한강6경바위늪경 강천섬,sea,해양·자연경관,37.23271,127.70032,40,40m,,,,N,N,Y,N,N,N,Y,경기 여주시 강천면 강천리 645 · 한국관광공사 연관 관광지 · 카카오 좌표
nation,전국,밀양,·,ro433,선샤인밀양테마파크,선샤인밀양테마파크,activity,테마파크·액티비티,35.50048,128.83336,90,1h 30m,,,,N,N,Y,N,N,N,Y,경남 밀양시 단장면 관광단지로 78 · 한국관광공사 연관 관광지 · 카카오 좌표
nation,전국,파주,·,ro434,율곡수목원,율곡수목원,activity,테마파크·액티비티,37.8983,126.82293,90,1h 30m,,,,N,N,Y,N,N,N,Y,경기 파주시 파평면 장승배기로 392 · 한국관광공사 연관 관광지 · 카카오 좌표
nation,전국,포천,·,ro435,예술정원1999 자연예술테마파크,예술정원1999 자연예술테마파크,activity,테마파크·액티비티,37.92447,127.23361,90,1h 30m,,,,N,N,Y,N,N,N,Y,경기 포천시 신북면 아트밸리로 184-1 · 한국관광공사 연관 관광지 · 카카오 좌표
nation,전국,단양,·,ro436,다누리아쿠아리움,다누리아쿠아리움,activity,테마파크·액티비티,36.98515,128.37063,90,1h 30m,,,,N,N,Y,N,N,N,Y,충북 단양군 단양읍 수변로 111 · 한국관광공사 연관 관광지 · 카카오 좌표
nation,전국,서울,·,ro437,한성백제박물관,한성백제박물관,herit,문화유산·전통체험,37.51541,127.1209,60,1h,,,,N,N,Y,N,N,N,Y,서울 송파구 위례성대로 71 · 한국관광공사 연관 관광지 · 카카오 좌표
nation,전국,서울,·,ro438,4.19학생혁명기념탑,4.19학생혁명기념탑,herit,문화유산·전통체험,37.64854,127.00685,60,1h,,,,N,N,Y,N,N,N,Y,서울 강북구 4.19로8길 17 · 한국관광공사 연관 관광지 · 카카오 좌표
nation,전국,서울,·,ro439,광나루한강공원,광나루한강공원,heal,힐링·생태·체험,37.54413,127.11832,60,1h,,,,N,N,Y,N,N,N,Y,서울 강동구 천호동 481-9 · 한국관광공사 연관 관광지 · 카카오 좌표
nation,전국,서울,·,ro440,이촌한강공원,이촌한강공원,heal,힐링·생태·체험,37.51724,126.97053,60,1h,,,,N,N,Y,N,N,N,Y,서울 용산구 이촌로72길 62 · 한국관광공사 연관 관광지 · 카카오 좌표
nation,전국,서울,·,ro441,청와대 사랑채,청와대 사랑채,herit,문화유산·전통체험,37.58268,126.97323,60,1h,,,,N,N,Y,N,N,N,Y,서울 종로구 효자로13길 45 · 한국관광공사 연관 관광지 · 카카오 좌표
nation,전국,부산,·,ro442,더베이101,더베이101,activity,테마파크·액티비티,35.15656,129.15202,90,1h 30m,,,,N,N,Y,N,N,N,Y,부산 해운대구 동백로 52 · 한국관광공사 연관 관광지 · 카카오 좌표
nation,전국,부산,·,ro443,삼광사,삼광사,herit,문화유산·전통체험,35.17571,129.04337,60,1h,,,,N,N,Y,N,N,N,Y,부산 부산진구 초읍천로43번길 77 · 한국관광공사 연관 관광지 · 카카오 좌표
nation,전국,부산,·,ro444,아홉산숲,아홉산숲,activity,테마파크·액티비티,35.28704,129.17152,90,1h 30m,,,,N,N,Y,N,N,N,Y,부산 기장군 철마면 미동길 37-1 · 한국관광공사 연관 관광지 · 카카오 좌표
nation,전국,파주,·,ro445,심학산 약천사,심학산 약천사,herit,문화유산·전통체험,37.7056,126.70112,60,1h,,,,N,N,Y,N,N,N,Y,경기 파주시 교하로681번길 118 · 한국관광공사 연관 관광지 · 카카오 좌표
nation,전국,양주,·,ro446,국립아세안자연휴양림,국립아세안자연휴양림,heal,힐링·생태·체험,37.77377,126.94218,60,1h,,,,N,N,Y,N,N,N,Y,경기 양주시 백석읍 기산로 472 · 한국관광공사 연관 관광지 · 카카오 좌표
nation,전국,파주,·,ro447,한국근현대사박물관,한국근현대사박물관,herit,문화유산·전통체험,37.79087,126.69518,60,1h,,,,N,N,Y,N,N,N,Y,경기 파주시 탄현면 헤이리마을길 59-85 · 한국관광공사 연관 관광지 · 카카오 좌표
nation,전국,서산,·,ro448,용현계곡,용현계곡,sea,해양·자연경관,36.74355,126.60559,40,40m,,,,N,N,Y,N,N,N,Y,충남 서산시 운산면 용현리 · 한국관광공사 연관 관광지 · 카카오 좌표
nation,전국,원주,·,ro449,원주자유시장번영회 영선반,원주자유시장번영회 영선반,food,로컬상권·먹거리,37.35059,127.94889,50,50m,,,,N,N,Y,N,N,N,Y,강원특별자치도 원주시 중앙시장길 11 · 한국관광공사 연관 관광지 · 카카오 좌표
nation,전국,양주,·,ro450,헤세의정원,헤세의정원,activity,테마파크·액티비티,37.71589,126.98031,90,1h 30m,,,,N,N,Y,N,N,N,Y,경기 양주시 장흥면 호국로550번길 111 · 한국관광공사 연관 관광지 · 카카오 좌표
nation,전국,전주,·,ro451,전주왱이콩나물국밥전문점,전주왱이콩나물국밥전문점,food,로컬상권·먹거리,35.81829,127.14918,50,50m,,,,N,N,Y,N,N,N,Y,전북특별자치도 전주시 완산구 동문길 88 · 한국관광공사 연관 관광지 · 카카오 좌표
nation,전국,대전,·,ro452,원조태평소국밥 본관,원조태평소국밥 본관,food,로컬상권·먹거리,36.35748,127.35022,50,50m,,,,N,N,Y,N,N,N,Y,대전 유성구 온천동로65번길 50 · 한국관광공사 연관 관광지 · 카카오 좌표
nation,전국,용인,·,ro453,라임그라스,라임그라스,food,로컬상권·먹거리,37.26365,127.26319,50,50m,,,,N,N,Y,N,N,N,Y,경기 용인시 처인구 양지읍 한터로 529-9 · 한국관광공사 연관 관광지 · 카카오 좌표
nation,전국,전주,·,ro454,고궁 전주본점,고궁 전주본점,food,로컬상권·먹거리,35.85006,127.11944,50,50m,,,,N,N,Y,N,N,N,Y,전북특별자치도 전주시 덕진구 송천중앙로 33 · 한국관광공사 연관 관광지 · 카카오 좌표
nation,전국,철원,·,ro455,리버포레스트카페&해오름가든,리버포레스트카페&해오름가든,food,로컬상권·먹거리,38.18315,127.2861,50,50m,,,,N,N,Y,N,N,N,Y,강원특별자치도 철원군 동송읍 창동로 2364 · 한국관광공사 연관 관광지 · 카카오 좌표
nation,전국,인천,·,ro456,송도토스트국수,송도토스트국수,food,로컬상권·먹거리,37.42157,126.65234,50,50m,,,,N,N,Y,N,N,N,Y,인천 연수구 청량로 163 · 한국관광공사 연관 관광지 · 카카오 좌표
nation,전국,청송,·,ro457,원조신촌식당,원조신촌식당,food,로컬상권·먹거리,36.50666,129.12075,50,50m,,,,N,N,Y,N,N,N,Y,경북 청송군 진보면 신촌약수길 18 · 한국관광공사 연관 관광지 · 카카오 좌표
nation,전국,영주,·,ro458,녹스고지,녹스고지,food,로컬상권·먹거리,36.83105,128.61757,50,50m,,,,N,N,Y,N,N,N,Y,경북 영주시 두서길87번길 38 · 한국관광공사 연관 관광지 · 카카오 좌표
nation,전국,거창,·,ro459,도감어가,도감어가,food,로컬상권·먹거리,35.74293,127.81736,50,50m,,,,N,N,Y,N,N,N,Y,경남 거창군 위천면 금원산길 166 · 한국관광공사 연관 관광지 · 카카오 좌표
nation,전국,울릉,·,ro460,카페울라,카페울라,food,로컬상권·먹거리,37.5299,130.8582,50,50m,,,,N,N,Y,N,N,N,Y,경북 울릉군 북면 추산길 187 · 한국관광공사 연관 관광지 · 카카오 좌표
nation,전국,봉화,·,ro461,봉화한약우프라자,봉화한약우프라자,food,로컬상권·먹거리,36.90161,128.77204,50,50m,,,,N,N,Y,N,N,N,Y,경북 봉화군 봉성면 농업인길 47 · 한국관광공사 연관 관광지 · 카카오 좌표
nation,전국,여주,·,ro462,감성식탁,감성식탁,food,로컬상권·먹거리,37.29181,127.65194,50,50m,,,,N,N,Y,N,N,N,Y,경기 여주시 주내로 58 · 한국관광공사 연관 관광지 · 카카오 좌표
nation,전국,가평,·,ro463,설악막국수 춘천닭갈비 별관,설악막국수 춘천닭갈비 별관,food,로컬상권·먹거리,37.67765,127.48604,50,50m,,,,N,N,Y,N,N,N,Y,경기 가평군 설악면 신천중앙로 161 · 한국관광공사 연관 관광지 · 카카오 좌표
nation,전국,보성,·,ro464,청광도예원,청광도예원,food,로컬상권·먹거리,34.72436,127.08851,50,50m,,,,N,N,Y,N,N,N,Y,전남광주통합특별시 보성군 보성읍 사동길 52-11 · 한국관광공사 연관 관광지 · 카카오 좌표
nation,전국,서울,·,ro465,원조호수삼계탕 본점,원조호수삼계탕 본점,food,로컬상권·먹거리,37.50267,126.90435,50,50m,,,,N,N,Y,N,N,N,Y,서울 영등포구 도림로 276 · 한국관광공사 연관 관광지 · 카카오 좌표
nation,전국,서울,·,ro466,맥도날드 양평SK DT점,맥도날드 양평SK DT점,food,로컬상권·먹거리,37.53086,126.89346,50,50m,,,,N,N,Y,N,N,N,Y,서울 영등포구 선유로 195 · 한국관광공사 연관 관광지 · 카카오 좌표
nation,전국,서울,·,ro467,맥도날드 등촌DT점,맥도날드 등촌DT점,food,로컬상권·먹거리,37.5583,126.85973,50,50m,,,,N,N,Y,N,N,N,Y,서울 강서구 양천로 546 · 한국관광공사 연관 관광지 · 카카오 좌표
nation,전국,서울,·,ro468,돈까스잔치 동빙고점,돈까스잔치 동빙고점,food,로컬상권·먹거리,37.52124,126.99639,50,50m,,,,N,N,Y,N,N,N,Y,서울 용산구 서빙고로 297 · 한국관광공사 연관 관광지 · 카카오 좌표
nation,전국,서울,·,ro469,쌍다리돼지불백 본점,쌍다리돼지불백 본점,food,로컬상권·먹거리,37.5935,126.99569,50,50m,,,,N,N,Y,N,N,N,Y,서울 성북구 성북로23길 4 · 한국관광공사 연관 관광지 · 카카오 좌표
nation,전국,서울,·,ro470,임병주 산동칼국수,임병주 산동칼국수,food,로컬상권·먹거리,37.48457,127.03003,50,50m,,,,N,N,Y,N,N,N,Y,서울 서초구 강남대로37길 65 · 한국관광공사 연관 관광지 · 카카오 좌표
nation,전국,부산,·,ro471,영진돼지국밥 본점,영진돼지국밥 본점,food,로컬상권·먹거리,35.09664,128.95786,50,50m,,,,N,N,Y,N,N,N,Y,부산 사하구 하신번영로157번길 39 · 한국관광공사 연관 관광지 · 카카오 좌표
nation,전국,수원,·,ro472,수원화성 팔달문,수원화성 팔달문,herit,문화유산·전통체험,37.27756,127.01673,60,1h,,,,N,N,Y,N,N,N,Y,경기 수원시 팔달구 정조로 780 · 한국관광공사 연관 관광지 · 카카오 좌표
nation,전국,청송,·,ro473,달기약수터,달기약수터,sea,해양·자연경관,36.43855,129.08364,40,40m,,,,N,N,Y,N,N,N,Y,경북 청송군 청송읍 약수길 16 · 한국관광공사 연관 관광지 · 카카오 좌표
nation,전국,정선,·,ro474,강원랜드,강원랜드,activity,테마파크·액티비티,37.21173,128.82167,90,1h 30m,,,,N,N,Y,N,N,N,Y,강원특별자치도 정선군 사북읍 하이원길 265 · 한국관광공사 연관 관광지 · 카카오 좌표
nation,전국,정선,·,ro475,로미지안가든,로미지안가든,activity,테마파크·액티비티,37.43643,128.64112,90,1h 30m,,,,N,N,Y,N,N,N,Y,강원특별자치도 정선군 북평면 어래길 20 · 한국관광공사 연관 관광지 · 카카오 좌표
nation,전국,청주,·,ro476,국립청주박물관,국립청주박물관,herit,문화유산·전통체험,36.64976,127.51197,60,1h,,,,N,N,Y,N,N,N,Y,충북 청주시 상당구 명암로 143 · 한국관광공사 연관 관광지 · 카카오 좌표
nation,전국,용인,·,ro477,호암미술관,호암미술관,herit,문화유산·전통체험,37.29452,127.19163,60,1h,,,,N,N,Y,N,N,N,Y,경기 용인시 처인구 포곡읍 에버랜드로562번길 38 · 한국관광공사 연관 관광지 · 카카오 좌표
nation,전국,철원,·,ro478,철원역사문화공원,철원역사문화공원,heal,힐링·생태·체험,38.25499,127.20005,60,1h,,,,N,N,Y,N,N,N,Y,강원특별자치도 철원군 철원읍 사요리 366-1 · 한국관광공사 연관 관광지 · 카카오 좌표
nation,전국,청주,·,ro479,옥화자연휴양림,옥화자연휴양림,heal,힐링·생태·체험,36.60135,127.6955,60,1h,,,,N,N,Y,N,N,N,Y,충북 청주시 상당구 미원면 운암옥화길 140 · 한국관광공사 연관 관광지 · 카카오 좌표
nation,전국,보성,·,ro480,벌교시장,벌교시장,food,로컬상권·먹거리,34.8445,127.34563,50,50m,,,,N,N,Y,N,N,N,Y,전남광주통합특별시 보성군 벌교읍 벌교천1길 15 · 한국관광공사 연관 관광지 · 카카오 좌표
nation,전국,인천,·,ro481,솔찬공원,솔찬공원,heal,힐링·생태·체험,37.37236,126.62821,60,1h,,,,N,N,Y,N,N,N,Y,인천 연수구 컨벤시아대로391번길 20 · 한국관광공사 연관 관광지 · 카카오 좌표
nation,전국,인천,·,ro482,롱비치파크,롱비치파크,heal,힐링·생태·체험,37.40689,126.60992,60,1h,,,,N,N,Y,N,N,N,Y,인천 연수구 송도동 308-2 · 한국관광공사 연관 관광지 · 카카오 좌표
nation,전국,진주,·,ro483,초전공원,초전공원,heal,힐링·생태·체험,35.20516,128.12619,60,1h,,,,N,N,Y,N,N,N,Y,경남 진주시 초전동 1583-40 · 한국관광공사 연관 관광지 · 카카오 좌표
nation,전국,진주,·,ro484,지수승산부자마을,지수승산부자마을,herit,문화유산·전통체험,35.23642,128.2707,60,1h,,,,N,N,Y,N,N,N,Y,경남 진주시 지수면 지수로 506 · 한국관광공사 연관 관광지 · 카카오 좌표
nation,전국,안동,·,ro485,안동소주전통음식박물관,안동소주전통음식박물관,herit,문화유산·전통체험,36.5498,128.70878,60,1h,,,,N,N,Y,N,N,N,Y,경북 안동시 강남로 71-1 · 한국관광공사 연관 관광지 · 카카오 좌표
nation,전국,산청,·,ro486,대원사,대원사,herit,문화유산·전통체험,35.35565,127.80709,60,1h,,,,N,N,Y,N,N,N,Y,경남 산청군 삼장면 대원사길 455 · 한국관광공사 연관 관광지 · 카카오 좌표
nation,전국,울릉,·,ro487,학포항,학포항,sea,해양·자연경관,37.50416,130.80469,40,40m,,,,N,N,Y,N,N,N,Y,경북 울릉군 서면 태하리 593 · 한국관광공사 연관 관광지 · 카카오 좌표
nation,전국,춘천,·,ro488,의암호스카이워크,의암호스카이워크,activity,테마파크·액티비티,37.84672,127.68038,90,1h 30m,,,,N,N,Y,N,N,N,Y,강원특별자치도 춘천시 칠전동 468-1 · 한국관광공사 연관 관광지 · 카카오 좌표
nation,전국,춘천,·,ro489,춘천중도물레길,춘천중도물레길,activity,테마파크·액티비티,37.87083,127.68995,90,1h 30m,,,,N,N,Y,N,N,N,Y,강원특별자치도 춘천시 스포츠타운길223번길 95 · 한국관광공사 연관 관광지 · 카카오 좌표
nation,전국,울릉,·,ro490,사동항(울릉도),사동항(울릉도),sea,해양·자연경관,37.46123,130.87891,40,40m,,,,N,N,Y,N,N,N,Y,경북 울릉군 울릉읍 울릉순환로 755 · 한국관광공사 연관 관광지 · 카카오 좌표
nation,전국,함양,·,ro491,함양대봉산휴양밸리 대봉스카이랜드,함양대봉산휴양밸리 대봉스카이랜드,activity,테마파크·액티비티,35.56802,127.71527,90,1h 30m,,,,N,N,Y,N,N,N,Y,경남 함양군 병곡면 병곡지곡로 331 · 한국관광공사 연관 관광지 · 카카오 좌표
nation,전국,울릉,·,ro492,내수전몽돌해변,내수전몽돌해변,sea,해양·자연경관,37.50705,130.91363,40,40m,,,,N,N,Y,N,N,N,Y,경북 울릉군 울릉읍 저동리 10-5 · 한국관광공사 연관 관광지 · 카카오 좌표
nation,전국,울릉,·,ro493,천부항,천부항,sea,해양·자연경관,37.54098,130.87195,40,40m,,,,N,N,Y,N,N,N,Y,경북 울릉군 북면 천부리 · 한국관광공사 연관 관광지 · 카카오 좌표
nation,전국,남원,·,ro494,인월시장,인월시장,food,로컬상권·먹거리,35.46139,127.60219,50,50m,,,,N,N,Y,N,N,N,Y,전북특별자치도 남원시 인월면 인월로 65-3 · 한국관광공사 연관 관광지 · 카카오 좌표
nation,전국,아산,·,ro495,모나밸리,모나밸리,activity,테마파크·액티비티,36.75078,126.99229,90,1h 30m,,,,N,N,Y,N,N,N,Y,충남 아산시 순천향로 624 · 한국관광공사 연관 관광지 · 카카오 좌표
nation,전국,천안,·,ro496,천안홍대용과학관,천안홍대용과학관,herit,문화유산·전통체험,36.73962,127.2956,60,1h,,,,N,N,Y,N,N,N,Y,충남 천안시 동남구 수신면 장산서길 113 · 한국관광공사 연관 관광지 · 카카오 좌표
nation,전국,천안,·,ro497,아름다운정원 화수목,아름다운정원 화수목,heal,힐링·생태·체험,36.78337,127.1938,60,1h,,,,N,N,Y,N,N,N,Y,충남 천안시 동남구 목천읍 교천지산길 175 · 한국관광공사 연관 관광지 · 카카오 좌표
nation,전국,울산,·,ro498,작천정계곡,작천정계곡,sea,해양·자연경관,35.55125,129.10134,40,40m,,,,N,N,Y,N,N,N,Y,울산 울주군 삼남읍 교동리 · 한국관광공사 연관 관광지 · 카카오 좌표
nation,전국,용인,·,ro499,경기도어린이박물관,경기도어린이박물관,herit,문화유산·전통체험,37.26736,127.10967,60,1h,,,,N,N,Y,N,N,N,Y,경기 용인시 기흥구 상갈로 6 · 한국관광공사 연관 관광지 · 카카오 좌표
nation,전국,용인,·,ro501,삼성화재 모빌리티뮤지엄,삼성화재 모빌리티뮤지엄,herit,문화유산·전통체험,37.30036,127.21693,60,1h,,,,N,N,Y,N,N,N,Y,경기 용인시 처인구 포곡읍 에버랜드로376번길 171 · 한국관광공사 연관 관광지 · 카카오 좌표
nation,전국,양산,·,ro502,홍룡사,홍룡사,herit,문화유산·전통체험,35.39719,129.08631,60,1h,,,,N,N,Y,N,N,N,Y,경남 양산시 상북면 홍룡로 372 · 한국관광공사 연관 관광지 · 카카오 좌표
nation,전국,양평,·,ro503,양평군립미술관,양평군립미술관,herit,문화유산·전통체험,37.49717,127.48408,60,1h,,,,N,N,Y,N,N,N,Y,경기 양평군 양평읍 문화복지길 2 · 한국관광공사 연관 관광지 · 카카오 좌표
nation,전국,여주,·,ro504,여주곤충박물관,여주곤충박물관,herit,문화유산·전통체험,37.25956,127.66335,60,1h,,,,N,N,Y,N,N,N,Y,경기 여주시 명성로 114-146 · 한국관광공사 연관 관광지 · 카카오 좌표
nation,전국,고양,·,ro505,아쿠아플라넷 일산,아쿠아플라넷 일산,activity,테마파크·액티비티,37.66379,126.75549,90,1h 30m,,,,N,N,Y,N,N,N,Y,경기 고양시 일산서구 한류월드로 282 · 한국관광공사 연관 관광지 · 카카오 좌표
nation,전국,여주,·,ro506,국가유산청 궁능유적본부 세종대왕유적관리소,국가유산청 궁능유적본부 세종대왕유적관리소,herit,문화유산·전통체험,37.30493,127.61133,60,1h,,,,N,N,Y,N,N,N,Y,경기 여주시 세종대왕면 영릉로 269-10 · 한국관광공사 연관 관광지 · 카카오 좌표
nation,전국,함양,·,ro507,용추계곡,용추계곡,sea,해양·자연경관,35.68848,127.76384,40,40m,,,,N,N,Y,N,N,N,Y,경남 함양군 안의면 상원리 산 16-3 · 한국관광공사 연관 관광지 · 카카오 좌표
nation,전국,익산,·,ro508,국립익산박물관,국립익산박물관,herit,문화유산·전통체험,36.01079,127.02749,60,1h,,,,N,N,Y,N,N,N,Y,전북특별자치도 익산시 금마면 미륵사지로 362 · 한국관광공사 연관 관광지 · 카카오 좌표
nation,전국,고창,·,ro509,넓은들 학원농장,넓은들 학원농장,heal,힐링·생태·체험,35.37539,126.54323,60,1h,,,,N,N,Y,N,N,N,Y,전북특별자치도 고창군 공음면 학원농장길 150 · 한국관광공사 연관 관광지 · 카카오 좌표
nation,전국,단양,·,ro510,구인사,구인사,herit,문화유산·전통체험,37.03346,128.48117,60,1h,,,,N,N,Y,N,N,N,Y,충북 단양군 영춘면 구인사길 73 · 한국관광공사 연관 관광지 · 카카오 좌표
nation,전국,인제,·,ro511,국립방태산자연휴양림,국립방태산자연휴양림,heal,힐링·생태·체험,37.92146,128.40082,60,1h,,,,N,N,Y,N,N,N,Y,강원특별자치도 인제군 기린면 방동리 산 282-1 · 한국관광공사 연관 관광지 · 카카오 좌표
nation,전국,서울,·,ro512,영등포전통시장,영등포전통시장,food,로컬상권·먹거리,37.51985,126.90808,50,50m,,,,N,N,Y,N,N,N,Y,서울 영등포구 영등포동2가 30-1 · 한국관광공사 연관 관광지 · 카카오 좌표
nation,전국,서울,·,ro513,망원한강공원,망원한강공원,heal,힐링·생태·체험,37.55172,126.90003,60,1h,,,,N,N,Y,N,N,N,Y,서울 마포구 마포나루길 467 · 한국관광공사 연관 관광지 · 카카오 좌표
nation,전국,서울,·,ro514,난지한강공원,난지한강공원,heal,힐링·생태·체험,37.56704,126.87561,60,1h,,,,N,N,Y,N,N,N,Y,서울 마포구 상암동 495-72 · 한국관광공사 연관 관광지 · 카카오 좌표
nation,전국,서울,·,ro515,금남시장,금남시장,food,로컬상권·먹거리,37.54845,127.02271,50,50m,,,,N,N,Y,N,N,N,Y,서울 성동구 독서당로 303-7 · 한국관광공사 연관 관광지 · 카카오 좌표
nation,전국,파주,·,ro516,뮤지엄헤이,뮤지엄헤이,herit,문화유산·전통체험,37.78285,126.69028,60,1h,,,,N,N,Y,N,N,N,Y,경기 파주시 탄현면 평화로 885-43 · 한국관광공사 연관 관광지 · 카카오 좌표
nation,전국,부산,·,ro517,동부산우체국,동부산우체국,food,로컬상권·먹거리,35.13822,129.06226,50,50m,,,,N,N,Y,N,N,N,Y,부산 동구 조방로 15 · 한국관광공사 연관 관광지 · 카카오 좌표
nation,전국,부산,·,ro518,피아크,피아크,activity,테마파크·액티비티,35.08641,129.07675,90,1h 30m,,,,N,N,Y,N,N,N,Y,부산 영도구 해양로195번길 180 · 한국관광공사 연관 관광지 · 카카오 좌표
nation,전국,양주,·,ro519,일영유원지,일영유원지,activity,테마파크·액티비티,37.69582,126.93428,90,1h 30m,,,,N,N,Y,N,N,N,Y,경기 양주시 장흥면 일영로502번길 222-68 · 한국관광공사 연관 관광지 · 카카오 좌표
nation,전국,원주,·,ro520,원주 강원감영,원주 강원감영,herit,문화유산·전통체험,37.34797,127.95042,60,1h,,,,N,N,Y,N,N,N,Y,강원특별자치도 원주시 원일로 77 · 한국관광공사 연관 관광지 · 카카오 좌표
nation,전국,서산,·,ro521,국립용현자연휴양림,국립용현자연휴양림,heal,힐링·생태·체험,36.75044,126.60959,60,1h,,,,N,N,Y,N,N,N,Y,충남 서산시 운산면 마애삼존불길 339 · 한국관광공사 연관 관광지 · 카카오 좌표
nation,전국,하동,·,ro522,스타웨이하동,스타웨이하동,activity,테마파크·액티비티,35.14923,127.68046,90,1h 30m,,,,N,N,Y,N,N,N,Y,경남 하동군 악양면 섬진강대로 3358-110 · 한국관광공사 연관 관광지 · 카카오 좌표
nation,전국,용인,·,ro523,포레스트아웃팅스 용인점,포레스트아웃팅스 용인점,food,로컬상권·먹거리,37.22316,127.09764,50,50m,,,,N,N,Y,N,N,N,Y,경기 용인시 기흥구 농서로 4 · 한국관광공사 연관 관광지 · 카카오 좌표
nation,전국,대전,·,ro524,맥도날드 대전카이스트DT점,맥도날드 대전카이스트DT점,food,로컬상권·먹거리,36.38051,127.37837,50,50m,,,,N,N,Y,N,N,N,Y,대전 유성구 대덕대로 535 · 한국관광공사 연관 관광지 · 카카오 좌표
nation,전국,김해,·,ro525,팥고방,팥고방,food,로컬상권·먹거리,35.18549,128.78917,50,50m,,,,N,N,Y,N,N,N,Y,경남 김해시 대청계곡길 44-13 · 한국관광공사 연관 관광지 · 카카오 좌표
nation,전국,철원,·,ro526,솔향기,솔향기,food,로컬상권·먹거리,38.19286,127.22682,50,50m,,,,N,N,Y,N,N,N,Y,강원특별자치도 철원군 동송읍 금학로 31-10 · 한국관광공사 연관 관광지 · 카카오 좌표
nation,전국,대구,·,ro527,신천궁전떡볶이,신천궁전떡볶이,food,로컬상권·먹거리,35.86454,128.61939,50,50m,,,,N,N,Y,N,N,N,Y,대구 수성구 국채보상로162길 72 · 한국관광공사 연관 관광지 · 카카오 좌표
nation,전국,영주,·,ro528,한결청국장,한결청국장,food,로컬상권·먹거리,36.87336,128.52444,50,50m,,,,N,N,Y,N,N,N,Y,경북 영주시 풍기읍 인삼로 1-1 · 한국관광공사 연관 관광지 · 카카오 좌표
nation,전국,창녕,·,ro529,대중분식당,대중분식당,food,로컬상권·먹거리,35.54112,128.49153,50,50m,,,,N,N,Y,N,N,N,Y,경남 창녕군 창녕읍 창녕대로 27 · 한국관광공사 연관 관광지 · 카카오 좌표
nation,전국,창원,·,ro530,스타벅스 창원마창대교점,스타벅스 창원마창대교점,food,로컬상권·먹거리,35.17057,128.59725,50,50m,,,,N,N,Y,N,N,N,Y,경남 창원시 성산구 삼귀로 159 · 한국관광공사 연관 관광지 · 카카오 좌표
nation,전국,김해,·,ro531,대청마루카페사계,대청마루카페사계,food,로컬상권·먹거리,35.18289,128.76092,50,50m,,,,N,N,Y,N,N,N,Y,경남 김해시 대청계곡길 313-21 · 한국관광공사 연관 관광지 · 카카오 좌표
nation,전국,경기광주,·,ro532,맥도날드 경기광주DT점,맥도날드 경기광주DT점,food,로컬상권·먹거리,37.40135,127.27114,50,50m,,,,N,N,Y,N,N,N,Y,경기 광주시 경충대로 1477 · 한국관광공사 연관 관광지 · 카카오 좌표
nation,전국,정읍,·,ro533,양자강,양자강,food,로컬상권·먹거리,35.56661,126.8573,50,50m,,,,N,N,Y,N,N,N,Y,전북특별자치도 정읍시 우암로 57 · 한국관광공사 연관 관광지 · 카카오 좌표
nation,전국,함안,·,ro534,아라가야 함안점,아라가야 함안점,food,로컬상권·먹거리,35.27486,128.40787,50,50m,,,,N,N,Y,N,N,N,Y,경남 함안군 가야읍 중앙남길 19 · 한국관광공사 연관 관광지 · 카카오 좌표
nation,전국,서울,·,ro535,스타벅스 구의DT점,스타벅스 구의DT점,food,로컬상권·먹거리,37.5453,127.0872,50,50m,,,,N,N,Y,N,N,N,Y,서울 광진구 광나루로 519 · 한국관광공사 연관 관광지 · 카카오 좌표
nation,전국,서울,·,ro536,맥도날드 강남삼성DT점,맥도날드 강남삼성DT점,food,로컬상권·먹거리,37.51091,127.04733,50,50m,,,,N,N,Y,N,N,N,Y,서울 강남구 봉은사로 432 · 한국관광공사 연관 관광지 · 카카오 좌표
nation,전국,예산,·,ro537,백설농부,백설농부,food,로컬상권·먹거리,36.76161,126.68198,50,50m,,,,N,N,Y,N,N,N,Y,충남 예산군 봉산면 봉산로 516 · 한국관광공사 연관 관광지 · 카카오 좌표
nation,전국,서울,·,ro538,감나무집기사식당,감나무집기사식당,food,로컬상권·먹거리,37.56171,126.92216,50,50m,,,,N,N,Y,N,N,N,Y,서울 마포구 연남로 23 · 한국관광공사 연관 관광지 · 카카오 좌표
nation,전국,단양,·,ro539,보리곳간,보리곳간,food,로컬상권·먹거리,37.02613,128.3848,50,50m,,,,N,N,Y,N,N,N,Y,충북 단양군 가곡면 사평3길 6-1 · 한국관광공사 연관 관광지 · 카카오 좌표
nation,전국,서울,·,ro540,맥도날드 서울둔촌DT점,맥도날드 서울둔촌DT점,food,로컬상권·먹거리,37.52933,127.13728,50,50m,,,,N,N,Y,N,N,N,Y,서울 강동구 양재대로 1382 · 한국관광공사 연관 관광지 · 카카오 좌표
nation,전국,부산,·,ro541,춘하추동밀면 서면본점,춘하추동밀면 서면본점,food,로컬상권·먹거리,35.16147,129.05552,50,50m,,,,N,N,Y,N,N,N,Y,부산 부산진구 서면문화로 48-1 · 한국관광공사 연관 관광지 · 카카오 좌표
nation,전국,대전,·,ro542,엑스포과학공원,엑스포과학공원,heal,힐링·생태·체험,36.37716,127.38708,60,1h,,,,N,N,Y,N,N,N,Y,대전 유성구 대덕대로 480 · 한국관광공사 연관 관광지 · 카카오 좌표
nation,전국,수원,·,ro543,권선종합시장,권선종합시장,food,로컬상권·먹거리,37.25606,127.02486,50,50m,,,,N,N,Y,N,N,N,Y,경기 수원시 권선구 세권로 185 · 한국관광공사 연관 관광지 · 카카오 좌표
nation,전국,용인,·,ro544,용인농촌테마파크,용인농촌테마파크,activity,테마파크·액티비티,37.17234,127.29815,90,1h 30m,,,,N,N,Y,N,N,N,Y,경기 용인시 처인구 원삼면 농촌파크로 80-1 · 한국관광공사 연관 관광지 · 카카오 좌표
nation,전국,창원,·,ro545,명서전통시장,명서전통시장,food,로컬상권·먹거리,35.24942,128.64598,50,50m,,,,N,N,Y,N,N,N,Y,경남 창원시 의창구 원이대로189번길 37-3 · 한국관광공사 연관 관광지 · 카카오 좌표
nation,전국,충주,·,ro546,충주탄금공원(구 세계무술공원),충주탄금공원(구 세계무술공원),heal,힐링·생태·체험,36.98968,127.90643,60,1h,,,,N,N,Y,N,N,N,Y,충북 충주시 남한강로 38 · 한국관광공사 연관 관광지 · 카카오 좌표
nation,전국,단양,·,ro547,시루섬,시루섬,sea,해양·자연경관,36.96645,128.33927,40,40m,,,,N,N,Y,N,N,N,Y,충북 단양군 단양읍 증도리 2-1 · 한국관광공사 연관 관광지 · 카카오 좌표
nation,전국,양산,·,ro548,내원사계곡,내원사계곡,herit,문화유산·전통체험,35.43527,129.1,60,1h,,,,N,N,Y,N,N,N,Y,경남 양산시 하북면 용연리 · 한국관광공사 연관 관광지 · 카카오 좌표
nation,전국,청주,·,ro549,대청댐전망대,대청댐전망대,activity,테마파크·액티비티,36.47898,127.48506,90,1h 30m,,,,N,N,Y,N,N,N,Y,충북 청주시 상당구 문의면 대청호반로 206 · 한국관광공사 연관 관광지 · 카카오 좌표
nation,전국,청주,·,ro550,명암저수지,명암저수지,sea,해양·자연경관,36.64172,127.51123,40,40m,,,,N,N,Y,N,N,N,Y,충북 청주시 상당구 용담동 324-1 · 한국관광공사 연관 관광지 · 카카오 좌표
nation,전국,전주,·,ro551,한국도로공사 전주수목원,한국도로공사 전주수목원,activity,테마파크·액티비티,35.87048,127.05414,90,1h 30m,,,,N,N,Y,N,N,N,Y,전북특별자치도 전주시 덕진구 번영로 462-45 · 한국관광공사 연관 관광지 · 카카오 좌표
nation,전국,전주,·,ro552,전주월드컵경기장,전주월드컵경기장,activity,테마파크·액티비티,35.86815,127.0645,90,1h 30m,,,,N,N,Y,N,N,N,Y,전북특별자치도 전주시 덕진구 기린대로 1055 · 한국관광공사 연관 관광지 · 카카오 좌표
nation,전국,인천,·,ro553,송도컨벤시아,송도컨벤시아,herit,문화유산·전통체험,37.38871,126.64684,60,1h,,,,N,N,Y,N,N,N,Y,인천 연수구 센트럴로 123 · 한국관광공사 연관 관광지 · 카카오 좌표
nation,전국,인천,·,ro554,구월동로데오거리,구월동로데오거리,activity,테마파크·액티비티,37.44508,126.70206,90,1h 30m,,,,N,N,Y,N,N,N,Y,인천 남동구 구월동 1409-25 · 한국관광공사 연관 관광지 · 카카오 좌표
nation,전국,순천,·,ro555,아랫장,아랫장,food,로컬상권·먹거리,34.94567,127.49465,50,50m,,,,N,N,Y,N,N,N,Y,전남광주통합특별시 순천시 장평로 60 · 한국관광공사 연관 관광지 · 카카오 좌표
nation,전국,인천,·,ro556,모래내시장,모래내시장,food,로컬상권·먹거리,37.45369,126.721,50,50m,,,,N,N,Y,N,N,N,Y,인천 남동구 구월동 1323-5 · 한국관광공사 연관 관광지 · 카카오 좌표
nation,전국,안동,·,ro558,안동호 선성수상길,안동호 선성수상길,activity,테마파크·액티비티,36.69797,128.81497,90,1h 30m,,,,N,N,Y,N,N,N,Y,경북 안동시 도산면 서부리 172 · 한국관광공사 연관 관광지 · 카카오 좌표
nation,전국,인제,·,ro559,백담계곡,백담계곡,sea,해양·자연경관,38.17929,128.37054,40,40m,,,,N,N,Y,N,N,N,Y,강원특별자치도 인제군 북면 용대리 산 12-21 · 한국관광공사 연관 관광지 · 카카오 좌표
nation,전국,안동,·,ro560,체화정,체화정,herit,문화유산·전통체험,36.579,128.57823,60,1h,,,,N,N,Y,N,N,N,Y,경북 안동시 풍산읍 풍산태사로 1123-10 · 한국관광공사 연관 관광지 · 카카오 좌표
nation,전국,춘천,·,ro561,국립춘천박물관,국립춘천박물관,herit,문화유산·전통체험,37.86406,127.75378,60,1h,,,,N,N,Y,N,N,N,Y,강원특별자치도 춘천시 우석로 70 · 한국관광공사 연관 관광지 · 카카오 좌표
nation,전국,화순,·,ro562,남산공원,남산공원,heal,힐링·생태·체험,35.05886,126.98467,60,1h,,,,N,N,Y,N,N,N,Y,전남광주통합특별시 화순군 화순읍 삼천리 · 한국관광공사 연관 관광지 · 카카오 좌표
nation,전국,창녕,·,ro563,창녕박물관,창녕박물관,herit,문화유산·전통체험,35.54581,128.50503,60,1h,,,,N,N,Y,N,N,N,Y,경남 창녕군 창녕읍 창밀로 34 · 한국관광공사 연관 관광지 · 카카오 좌표
nation,전국,거창,·,ro564,백두산천지온천,백두산천지온천,heal,힐링·생태·체험,35.69848,128.02304,60,1h,,,,N,N,Y,N,N,N,Y,경남 거창군 가조면 온천길 161 · 한국관광공사 연관 관광지 · 카카오 좌표
nation,전국,화순,·,ro565,동구리호수공원,동구리호수공원,heal,힐링·생태·체험,35.07843,126.98586,60,1h,,,,N,N,Y,N,N,N,Y,전남광주통합특별시 화순군 화순읍 동구리 · 한국관광공사 연관 관광지 · 카카오 좌표
nation,전국,밀양,·,ro566,용두산달팽이전망대,용두산달팽이전망대,activity,테마파크·액티비티,35.47893,128.77347,90,1h 30m,,,,N,N,Y,N,N,N,Y,경남 밀양시 가곡동 산 58 · 한국관광공사 연관 관광지 · 카카오 좌표
nation,전국,천안,·,ro567,천안상록리조트 아쿠아피아,천안상록리조트 아쿠아피아,activity,테마파크·액티비티,36.74056,127.28888,90,1h 30m,,,,N,N,Y,N,N,N,Y,충남 천안시 동남구 수신면 수신로 576 · 한국관광공사 연관 관광지 · 카카오 좌표
nation,전국,창원,·,ro568,삼밀사,삼밀사,herit,문화유산·전통체험,35.17519,128.66077,60,1h,,,,N,N,Y,N,N,N,Y,경남 창원시 진해구 장복산길 56-42 · 한국관광공사 연관 관광지 · 카카오 좌표
nation,전국,담양,·,ro569,담양온천,담양온천,heal,힐링·생태·체험,35.3659,127.02543,60,1h,,,,N,N,Y,N,N,N,Y,전남광주통합특별시 담양군 금성면 금성산성길 202 · 한국관광공사 연관 관광지 · 카카오 좌표
nation,전국,포천,·,ro571,국립운악산자연휴양림,국립운악산자연휴양림,heal,힐링·생태·체험,37.8816,127.30644,60,1h,,,,N,N,Y,N,N,N,Y,경기 포천시 화현면 화현리 산 190 · 한국관광공사 연관 관광지 · 카카오 좌표
nation,전국,경기광주,·,ro572,중대물빛공원,중대물빛공원,heal,힐링·생태·체험,37.40045,127.22037,60,1h,,,,N,N,Y,N,N,N,Y,경기 광주시 중대동 92 · 한국관광공사 연관 관광지 · 카카오 좌표
nation,전국,완도,·,ro573,완도청해진유적,완도청해진유적,herit,문화유산·전통체험,34.36013,126.7369,60,1h,,,,N,N,Y,N,N,N,Y,전남광주통합특별시 완도군 완도읍 장좌리 734 · 한국관광공사 연관 관광지 · 카카오 좌표
nation,전국,양평,·,ro574,더마구,더마구,activity,테마파크·액티비티,37.59577,127.35773,90,1h 30m,,,,N,N,Y,N,N,N,Y,경기 양평군 서종면 사랑제길 11-107 · 한국관광공사 연관 관광지 · 카카오 좌표
nation,전국,여주,·,ro575,한강문화관,한강문화관,activity,테마파크·액티비티,37.27779,127.68003,90,1h 30m,,,,N,N,Y,N,N,N,Y,경기 여주시 신단1길 83 · 한국관광공사 연관 관광지 · 카카오 좌표
nation,전국,이천,·,ro576,테르메덴,테르메덴,heal,힐링·생태·체험,37.19507,127.44597,60,1h,,,,N,N,Y,N,N,N,Y,경기 이천시 모가면 사실로 984 · 한국관광공사 연관 관광지 · 카카오 좌표
nation,전국,이천,·,ro577,이천설봉온천랜드,이천설봉온천랜드,heal,힐링·생태·체험,37.27685,127.45148,60,1h,,,,N,N,Y,N,N,N,Y,경기 이천시 애련정로 67-16 · 한국관광공사 연관 관광지 · 카카오 좌표
nation,전국,예산,·,ro578,예당호 전망대,예당호 전망대,activity,테마파크·액티비티,36.63885,126.79758,90,1h 30m,,,,N,N,Y,N,N,N,Y,충남 예산군 응봉면 예당관광로 159-22 · 한국관광공사 연관 관광지 · 카카오 좌표
nation,전국,함안,·,ro579,악양둑방,악양둑방,activity,테마파크·액티비티,35.33055,128.38807,90,1h 30m,,,,N,N,Y,N,N,N,Y,경남 함안군 법수면 악양길 49-10 · 한국관광공사 연관 관광지 · 카카오 좌표
nation,전국,인제,·,ro580,방동약수,방동약수,sea,해양·자연경관,37.94379,128.39629,40,40m,,,,N,N,Y,N,N,N,Y,강원특별자치도 인제군 기린면 방동약수로 89-59 · 한국관광공사 연관 관광지 · 카카오 좌표
nation,전국,단양,·,ro581,단양강잔도,단양강잔도,activity,테마파크·액티비티,36.97797,128.33965,90,1h 30m,,,,N,N,Y,N,N,N,Y,충북 단양군 적성면 애곡리 · 한국관광공사 연관 관광지 · 카카오 좌표
nation,전국,서울,·,ro582,코엑스마곡 컨벤션센터,코엑스마곡 컨벤션센터,herit,문화유산·전통체험,37.56628,126.82625,60,1h,,,,N,N,Y,N,N,N,Y,서울 강서구 마곡중앙로 143 · 한국관광공사 연관 관광지 · 카카오 좌표
nation,전국,서울,·,ro583,퐁피두센터 한화,퐁피두센터 한화,herit,문화유산·전통체험,37.51966,126.9399,60,1h,,,,N,N,Y,N,N,N,Y,서울 영등포구 63로 50 · 한국관광공사 연관 관광지 · 카카오 좌표
nation,전국,예산,·,ro584,윤봉길의사기념관,윤봉길의사기념관,herit,문화유산·전통체험,36.68656,126.6514,60,1h,,,,N,N,Y,N,N,N,Y,충남 예산군 덕산면 덕산온천로 183-5 · 한국관광공사 연관 관광지 · 카카오 좌표
nation,전국,서울,·,ro585,서울상상나라,서울상상나라,herit,문화유산·전통체험,37.55087,127.07759,60,1h,,,,N,N,Y,N,N,N,Y,서울 광진구 능동로 216 · 한국관광공사 연관 관광지 · 카카오 좌표
nation,전국,서울,·,ro586,더숲아카데미하우스,더숲아카데미하우스,activity,테마파크·액티비티,37.64051,127.00143,90,1h 30m,,,,N,N,Y,N,N,N,Y,서울 강북구 4.19로 135 · 한국관광공사 연관 관광지 · 카카오 좌표
nation,전국,서울,·,ro587,김창열화가의집,김창열화가의집,herit,문화유산·전통체험,37.61617,126.97865,60,1h,,,,N,N,Y,N,N,N,Y,서울 종로구 평창7길 74 · 한국관광공사 연관 관광지 · 카카오 좌표
nation,전국,서울,·,ro588,블루스퀘어,블루스퀘어,activity,테마파크·액티비티,37.54086,127.00255,90,1h 30m,,,,N,N,Y,N,N,N,Y,서울 용산구 이태원로 294 · 한국관광공사 연관 관광지 · 카카오 좌표
nation,전국,서울,·,ro589,마장축산물시장,마장축산물시장,food,로컬상권·먹거리,37.57068,127.04127,50,50m,,,,N,N,Y,N,N,N,Y,서울 성동구 마장로35길 68 · 한국관광공사 연관 관광지 · 카카오 좌표
nation,전국,서울,·,ro590,도산근린공원,도산근린공원,heal,힐링·생태·체험,37.52456,127.03529,60,1h,,,,N,N,Y,N,N,N,Y,서울 강남구 신사동 649-9 · 한국관광공사 연관 관광지 · 카카오 좌표
nation,전국,부산,·,ro591,서원시장,서원시장,food,로컬상권·먹거리,35.20039,129.09902,50,50m,,,,N,N,Y,N,N,N,Y,부산 동래구 충렬대로359번길 55 · 한국관광공사 연관 관광지 · 카카오 좌표
nation,전국,부산,·,ro592,민락회타운시장,민락회타운시장,food,로컬상권·먹거리,35.1556,129.12374,50,50m,,,,N,N,Y,N,N,N,Y,부산 수영구 민락수변로 1 · 한국관광공사 연관 관광지 · 카카오 좌표
nation,전국,원주,·,ro593,오크밸리CC,오크밸리CC,activity,테마파크·액티비티,37.43809,127.81376,90,1h 30m,,,,N,N,Y,N,N,N,Y,강원특별자치도 원주시 지정면 월송석화로 950 · 한국관광공사 연관 관광지 · 카카오 좌표
nation,전국,원주,·,ro594,오크밸리리조트 빌리지센터,오크밸리리조트 빌리지센터,activity,테마파크·액티비티,37.4341,127.81911,90,1h 30m,,,,N,N,Y,N,N,N,Y,강원특별자치도 원주시 지정면 오크밸리1길 70 · 한국관광공사 연관 관광지 · 카카오 좌표
nation,전국,합천,·,ro595,금관식당,금관식당,food,로컬상권·먹거리,35.75919,128.13908,50,50m,,,,N,N,Y,N,N,N,Y,경남 합천군 가야면 가야산로 1065 · 한국관광공사 연관 관광지 · 카카오 좌표
nation,전국,고성,·,ro596,군령포 하모자연산횟집,군령포 하모자연산횟집,food,로컬상권·먹거리,34.91722,128.29729,50,50m,,,,N,N,Y,N,N,N,Y,경남 고성군 삼산면 두포5길 426 · 한국관광공사 연관 관광지 · 카카오 좌표
nation,전국,문경,·,ro597,뉴욕제과,뉴욕제과,food,로컬상권·먹거리,36.65398,128.25755,50,50m,,,,N,N,Y,N,N,N,Y,경북 문경시 산북면 금천로 557 · 한국관광공사 연관 관광지 · 카카오 좌표
nation,전국,함안,·,ro598,대구식당,대구식당,food,로컬상권·먹거리,35.24131,128.42626,50,50m,,,,N,N,Y,N,N,N,Y,경남 함안군 함안면 진함로 1553 · 한국관광공사 연관 관광지 · 카카오 좌표
nation,전국,밀양,·,ro599,달리아커피 단장면,달리아커피 단장면,food,로컬상권·먹거리,35.51528,128.86814,50,50m,,,,N,N,Y,N,N,N,Y,경남 밀양시 단장면 표충로 290 · 한국관광공사 연관 관광지 · 카카오 좌표
nation,전국,용인,·,ro600,어로프슬라이스피스,어로프슬라이스피스,food,로컬상권·먹거리,37.26276,127.19101,50,50m,,,,N,N,Y,N,N,N,Y,경기 용인시 처인구 백령로 47 · 한국관광공사 연관 관광지 · 카카오 좌표
nation,전국,창원,·,ro601,시티베이,시티베이,food,로컬상권·먹거리,35.21133,128.59868,50,50m,,,,N,N,Y,N,N,N,Y,경남 창원시 마산회원구 무역로 111 · 한국관광공사 연관 관광지 · 카카오 좌표
nation,전국,서산,·,ro602,진국집,진국집,food,로컬상권·먹거리,36.78261,126.45197,50,50m,,,,N,N,Y,N,N,N,Y,충남 서산시 관아문길 19-10 · 한국관광공사 연관 관광지 · 카카오 좌표
nation,전국,서산,·,ro603,냉면만허유,냉면만허유,food,로컬상권·먹거리,36.71361,126.39193,50,50m,,,,N,N,Y,N,N,N,Y,충남 서산시 부석면 취평2길 15-10 · 한국관광공사 연관 관광지 · 카카오 좌표
nation,전국,양산,·,ro604,순지카페,순지카페,food,로컬상권·먹거리,35.4954,129.09155,50,50m,,,,N,N,Y,N,N,N,Y,경남 양산시 하북면 양산대로 2648 · 한국관광공사 연관 관광지 · 카카오 좌표
nation,전국,고양,·,ro605,배다골베이커리 포레,배다골베이커리 포레,food,로컬상권·먹거리,37.66568,126.84844,50,50m,,,,N,N,Y,N,N,N,Y,경기 고양시 덕양구 충장로 614-11 · 한국관광공사 연관 관광지 · 카카오 좌표
nation,전국,고양,·,ro606,고자리냉면 본점,고자리냉면 본점,food,로컬상권·먹거리,37.66455,126.84317,50,50m,,,,N,N,Y,N,N,N,Y,경기 고양시 덕양구 호국로 915-45 · 한국관광공사 연관 관광지 · 카카오 좌표
nation,전국,서울,·,ro607,어나더사이드,어나더사이드,food,로컬상권·먹거리,37.55403,126.83715,50,50m,,,,N,N,Y,N,N,N,Y,서울 강서구 강서로 318 · 한국관광공사 연관 관광지 · 카카오 좌표
nation,전국,서울,·,ro608,함경도찹쌀순대,함경도찹쌀순대,food,로컬상권·먹거리,37.49483,127.12134,50,50m,,,,N,N,Y,N,N,N,Y,서울 송파구 송파대로28길 32 · 한국관광공사 연관 관광지 · 카카오 좌표
nation,전국,서울,·,ro609,스타벅스 연희DT점,스타벅스 연희DT점,food,로컬상권·먹거리,37.57017,126.93385,50,50m,,,,N,N,Y,N,N,N,Y,서울 서대문구 연희로 144 · 한국관광공사 연관 관광지 · 카카오 좌표
nation,전국,부산,·,ro610,해운대기와집대구탕,해운대기와집대구탕,food,로컬상권·먹거리,35.16113,129.16998,50,50m,,,,N,N,Y,N,N,N,Y,부산 해운대구 달맞이길50번길 4 · 한국관광공사 연관 관광지 · 카카오 좌표
nation,전국,거창,·,ro611,허브팜민들레울,허브팜민들레울,food,로컬상권·먹거리,35.77417,127.80565,50,50m,,,,N,N,Y,N,N,N,Y,경남 거창군 북상면 덕유월성로 2188 · 한국관광공사 연관 관광지 · 카카오 좌표
nation,전국,대전,·,ro612,대전컨벤션센터,대전컨벤션센터,herit,문화유산·전통체험,36.37523,127.39167,60,1h,,,,N,N,Y,N,N,N,Y,대전 유성구 엑스포로 107 · 한국관광공사 연관 관광지 · 카카오 좌표
nation,전국,대전,·,ro613,중리전통시장,중리전통시장,food,로컬상권·먹거리,36.36559,127.42639,50,50m,,,,N,N,Y,N,N,N,Y,대전 대덕구 중리북로31번길 26 · 한국관광공사 연관 관광지 · 카카오 좌표
nation,전국,수원,·,ro614,수원컨벤션센터,수원컨벤션센터,herit,문화유산·전통체험,37.28582,127.05951,60,1h,,,,N,N,Y,N,N,N,Y,경기 수원시 영통구 광교중앙로 140 · 한국관광공사 연관 관광지 · 카카오 좌표
nation,전국,양산,·,ro615,양산타워,양산타워,activity,테마파크·액티비티,35.32641,129.02441,90,1h 30m,,,,N,N,Y,N,N,N,Y,경남 양산시 동면 강변로 264 · 한국관광공사 연관 관광지 · 카카오 좌표
nation,전국,수원,·,ro616,구매탄시장,구매탄시장,food,로컬상권·먹거리,37.27259,127.04171,50,50m,,,,N,N,Y,N,N,N,Y,경기 수원시 영통구 매탄동 172-128 · 한국관광공사 연관 관광지 · 카카오 좌표
nation,전국,수원,·,ro617,북수원온천,북수원온천,heal,힐링·생태·체험,37.29945,126.97163,60,1h,,,,N,N,Y,N,N,N,Y,경기 수원시 장안구 서부로 2139 · 한국관광공사 연관 관광지 · 카카오 좌표
nation,전국,수원,·,ro618,화서시장,화서시장,food,로컬상권·먹거리,37.27857,127.00207,50,50m,,,,N,N,Y,N,N,N,Y,경기 수원시 팔달구 동말로 72 · 한국관광공사 연관 관광지 · 카카오 좌표
nation,전국,수원,·,ro619,방화수류정,방화수류정,herit,문화유산·전통체험,37.28757,127.01813,60,1h,,,,N,N,Y,N,N,N,Y,경기 수원시 팔달구 화성성곽길 233 · 한국관광공사 연관 관광지 · 카카오 좌표
nation,전국,대구,·,ro620,수성유원지,수성유원지,activity,테마파크·액티비티,35.82894,128.61678,90,1h 30m,,,,N,N,Y,N,N,N,Y,대구 수성구 무학로 78 · 한국관광공사 연관 관광지 · 카카오 좌표
nation,전국,완주,·,ro622,전북특별자치도립미술관,전북특별자치도립미술관,herit,문화유산·전통체험,35.72764,127.10709,60,1h,,,,N,N,Y,N,N,N,Y,전북특별자치도 완주군 구이면 모악산길 111-6 · 한국관광공사 연관 관광지 · 카카오 좌표
nation,전국,대구,·,ro623,수성시장,수성시장,food,로컬상권·먹거리,35.85559,128.61682,50,50m,,,,N,N,Y,N,N,N,Y,대구 수성구 들안로 285-50 · 한국관광공사 연관 관광지 · 카카오 좌표
nation,전국,인천,·,ro624,토지금고시장,토지금고시장,food,로컬상권·먹거리,37.45101,126.63846,50,50m,,,,N,N,Y,N,N,N,Y,인천 미추홀구 낙섬중로32번길 21 · 한국관광공사 연관 관광지 · 카카오 좌표
nation,전국,인천,·,ro625,신기시장,신기시장,food,로컬상권·먹거리,37.44683,126.67752,50,50m,,,,N,N,Y,N,N,N,Y,인천 미추홀구 주안동 1340-60 · 한국관광공사 연관 관광지 · 카카오 좌표
nation,전국,봉화,·,ro626,청량사 유리보전,청량사 유리보전,herit,문화유산·전통체험,36.7894,128.91856,60,1h,,,,N,N,Y,N,N,N,Y,경북 봉화군 명호면 청량산길 199-152 · 한국관광공사 연관 관광지 · 카카오 좌표
nation,전국,인천,·,ro627,인스파이어 아레나,인스파이어 아레나,activity,테마파크·액티비티,37.46668,126.39059,90,1h 30m,,,,N,N,Y,N,N,N,Y,인천 영종구 공항문화로 127 · 한국관광공사 연관 관광지 · 카카오 좌표
nation,전국,담양,·,ro628,딜라이트 담양,딜라이트 담양,herit,문화유산·전통체험,35.33691,126.95521,60,1h,,,,N,N,Y,N,N,N,Y,전남광주통합특별시 담양군 월산면 화방송정길 21-14 · 한국관광공사 연관 관광지 · 카카오 좌표
nation,전국,인천,·,ro629,인천도시역사관,인천도시역사관,herit,문화유산·전통체험,37.39281,126.63595,60,1h,,,,N,N,Y,N,N,N,Y,인천 연수구 인천타워대로 238 · 한국관광공사 연관 관광지 · 카카오 좌표
nation,전국,영주,·,ro630,선비세상,선비세상,activity,테마파크·액티비티,36.93174,128.58647,90,1h 30m,,,,N,N,Y,N,N,N,Y,경북 영주시 순흥면 선비세상로 1 · 한국관광공사 연관 관광지 · 카카오 좌표
nation,전국,문경,·,ro631,문경에코월드,문경에코월드,activity,테마파크·액티비티,36.65419,128.05983,90,1h 30m,,,,N,N,Y,N,N,N,Y,경북 문경시 가은읍 왕능길 114 · 한국관광공사 연관 관광지 · 카카오 좌표
nation,전국,함양,·,ro632,농월정,농월정,activity,테마파크·액티비티,35.62389,127.77843,90,1h 30m,,,,N,N,Y,N,N,N,Y,경남 함양군 안의면 농월정길 9-13 · 한국관광공사 연관 관광지 · 카카오 좌표
nation,전국,전주,·,ro633,전주난장,전주난장,herit,문화유산·전통체험,35.81853,127.15256,60,1h,,,,N,N,Y,N,N,N,Y,전북특별자치도 전주시 완산구 동문길 33-20 · 한국관광공사 연관 관광지 · 카카오 좌표
nation,전국,울산,·,ro634,울산암각화박물관,울산암각화박물관,herit,문화유산·전통체험,35.60806,129.17055,60,1h,,,,N,N,Y,N,N,N,Y,울산 울주군 두동면 반구대안길 254 · 한국관광공사 연관 관광지 · 카카오 좌표
nation,전국,무주,·,ro635,백련사,백련사,herit,문화유산·전통체험,35.86032,127.76651,60,1h,,,,N,N,Y,N,N,N,Y,전북특별자치도 무주군 설천면 백련사길 580 · 한국관광공사 연관 관광지 · 카카오 좌표
nation,전국,남원,·,ro636,춘향골 공설시장,춘향골 공설시장,food,로컬상권·먹거리,35.405,127.3757,50,50m,,,,N,N,Y,N,N,N,Y,전북특별자치도 남원시 의총로 51 · 한국관광공사 연관 관광지 · 카카오 좌표
nation,전국,창원,·,ro637,안민고개 만남전망대,안민고개 만남전망대,activity,테마파크·액티비티,35.16843,128.7006,90,1h 30m,,,,N,N,Y,N,N,N,Y,경남 창원시 진해구 석동 산 12-1 · 한국관광공사 연관 관광지 · 카카오 좌표
nation,전국,용인,·,ro638,법륜사,법륜사,herit,문화유산·전통체험,37.16959,127.29865,60,1h,,,,N,N,Y,N,N,N,Y,경기 용인시 처인구 원삼면 농촌파크로 126 · 한국관광공사 연관 관광지 · 카카오 좌표
nation,전국,창원,·,ro639,안민고개 벚꽃길,안민고개 벚꽃길,activity,테마파크·액티비티,35.18784,128.68709,90,1h 30m,,,,N,N,Y,N,N,N,Y,경남 창원시 성산구 안민동 산 1-12 · 한국관광공사 연관 관광지 · 카카오 좌표
nation,전국,창원,·,ro640,불모산노을전망대,불모산노을전망대,activity,테마파크·액티비티,35.16615,128.74101,90,1h 30m,,,,N,N,Y,N,N,N,Y,경남 창원시 진해구 소사동 산 24 · 한국관광공사 연관 관광지 · 카카오 좌표
nation,전국,창원,·,ro641,창원축구센터,창원축구센터,activity,테마파크·액티비티,35.22337,128.7057,90,1h 30m,,,,N,N,Y,N,N,N,Y,경남 창원시 성산구 비음로 97 · 한국관광공사 연관 관광지 · 카카오 좌표
nation,전국,함안,·,ro642,입곡군립공원,입곡군립공원,heal,힐링·생태·체험,35.26578,128.45035,60,1h,,,,N,N,Y,N,N,N,Y,경남 함안군 산인면 입곡리 · 한국관광공사 연관 관광지 · 카카오 좌표
nation,전국,밀양,·,ro643,금시당유원지,금시당유원지,activity,테마파크·액티비티,35.49179,128.78092,90,1h 30m,,,,N,N,Y,N,N,N,Y,경남 밀양시 활성동 · 한국관광공사 연관 관광지 · 카카오 좌표
nation,전국,김해,·,ro644,김해시립김영원미술관,김해시립김영원미술관,herit,문화유산·전통체험,35.2577,128.87431,60,1h,,,,N,N,Y,N,N,N,Y,경남 김해시 가야로 243 · 한국관광공사 연관 관광지 · 카카오 좌표
nation,전국,정읍,·,ro645,정읍시립박물관,정읍시립박물관,herit,문화유산·전통체험,35.52779,126.89439,60,1h,,,,N,N,Y,N,N,N,Y,전북특별자치도 정읍시 내장산로 370-12 · 한국관광공사 연관 관광지 · 카카오 좌표
nation,전국,양산,·,ro646,임경대,임경대,herit,문화유산·전통체험,35.32247,128.97582,60,1h,,,,N,N,Y,N,N,N,Y,경남 양산시 원동면 화제리 산 72-4 · 한국관광공사 연관 관광지 · 카카오 좌표
nation,전국,단양,·,ro647,보발재전망대,보발재전망대,activity,테마파크·액티비티,37.03467,128.47209,90,1h 30m,,,,N,N,Y,N,N,N,Y,충북 단양군 영춘면 백자리 산 26-7 · 한국관광공사 연관 관광지 · 카카오 좌표
nation,전국,양평,·,ro648,양수리전통시장,양수리전통시장,food,로컬상권·먹거리,37.54457,127.31995,50,50m,,,,N,N,Y,N,N,N,Y,경기 양평군 양서면 양수리 1060 · 한국관광공사 연관 관광지 · 카카오 좌표
nation,전국,완도,·,ro649,완도항 제3부두,완도항 제3부두,sea,해양·자연경관,34.31649,126.76242,40,40m,,,,N,N,Y,N,N,N,Y,전남광주통합특별시 완도군 완도읍 군내리 1255-8 · 한국관광공사 연관 관광지 · 카카오 좌표
nation,전국,가평,·,ro650,가평군어린이음악놀이터,가평군어린이음악놀이터,activity,테마파크·액티비티,37.82641,127.51327,90,1h 30m,,,,N,N,Y,N,N,N,Y,경기 가평군 가평읍 중앙로 10 · 한국관광공사 연관 관광지 · 카카오 좌표
nation,전국,남양주,·,ro651,다산생태공원,다산생태공원,heal,힐링·생태·체험,37.51376,127.29765,60,1h,,,,N,N,Y,N,N,N,Y,경기 남양주시 조안면 다산로 767 · 한국관광공사 연관 관광지 · 카카오 좌표
nation,전국,함양,·,ro652,지리산함양시장,지리산함양시장,food,로컬상권·먹거리,35.51832,127.72901,50,50m,,,,N,N,Y,N,N,N,Y,경남 함양군 함양읍 용평중앙길 20 · 한국관광공사 연관 관광지 · 카카오 좌표
nation,전국,여주,·,ro653,여주박물관,여주박물관,herit,문화유산·전통체험,37.29967,127.65339,60,1h,,,,N,N,Y,N,N,N,Y,경기 여주시 신륵사길 6-12 · 한국관광공사 연관 관광지 · 카카오 좌표
nation,전국,거창,·,ro654,거창전통시장,거창전통시장,food,로컬상권·먹거리,35.6871,127.914,50,50m,,,,N,N,Y,N,N,N,Y,경남 거창군 거창읍 중앙로 140 · 한국관광공사 연관 관광지 · 카카오 좌표
nation,전국,상주,·,ro655,장각폭포,장각폭포,sea,해양·자연경관,36.54158,127.9167,40,40m,,,,N,N,Y,N,N,N,Y,경북 상주시 화북면 상오리 · 한국관광공사 연관 관광지 · 카카오 좌표
nation,전국,장성,·,ro656,남창계곡,남창계곡,sea,해양·자연경관,35.46015,126.83998,40,40m,,,,N,N,Y,N,N,N,Y,전남광주통합특별시 장성군 북하면 신성리 742 · 한국관광공사 연관 관광지 · 카카오 좌표
nation,전국,익산,·,ro657,미륵사지석탑,미륵사지석탑,herit,문화유산·전통체험,36.01247,127.03062,60,1h,,,,N,N,Y,N,N,N,Y,전북특별자치도 익산시 금마면 기양리 97 · 한국관광공사 연관 관광지 · 카카오 좌표
nation,전국,포천,·,ro658,천보산자연휴양림,천보산자연휴양림,heal,힐링·생태·체험,37.85573,127.11929,60,1h,,,,N,N,Y,N,N,N,Y,경기 포천시 원동교길 309 · 한국관광공사 연관 관광지 · 카카오 좌표
nation,전국,고양,·,ro659,행주산성,행주산성,herit,문화유산·전통체험,37.5961,126.82871,60,1h,,,,N,N,Y,N,N,N,Y,경기 고양시 덕양구 행주로15번길 89 · 한국관광공사 연관 관광지 · 카카오 좌표
nation,전국,인제,·,ro660,십이선녀탕계곡,십이선녀탕계곡,sea,해양·자연경관,38.16874,128.31593,40,40m,,,,N,N,Y,N,N,N,Y,강원특별자치도 인제군 북면 용대리 · 한국관광공사 연관 관광지 · 카카오 좌표
nation,전국,서울,·,ro661,진관사,진관사,herit,문화유산·전통체험,37.63804,126.94689,60,1h,,,,N,N,Y,N,N,N,Y,서울 은평구 진관길 73 · 한국관광공사 연관 관광지 · 카카오 좌표
nation,전국,서울,·,ro662,신창시장,신창시장,food,로컬상권·먹거리,37.63943,127.03746,50,50m,,,,N,N,Y,N,N,N,Y,서울 도봉구 덕릉로57길 17 · 한국관광공사 연관 관광지 · 카카오 좌표
nation,전국,서울,·,ro663,우림시장,우림시장,food,로컬상권·먹거리,37.59701,127.09825,50,50m,,,,N,N,Y,N,N,N,Y,서울 중랑구 망우로62길 48 · 한국관광공사 연관 관광지 · 카카오 좌표
nation,전국,서울,·,ro665,초안산 수국동산,초안산 수국동산,heal,힐링·생태·체험,37.62958,127.04718,60,1h,,,,N,N,Y,N,N,N,Y,서울 노원구 월계로45가길 57 · 한국관광공사 연관 관광지 · 카카오 좌표
nation,전국,서울,·,ro666,서울스카이,서울스카이,activity,테마파크·액티비티,37.51251,127.10244,90,1h 30m,,,,N,N,Y,N,N,N,Y,서울 송파구 올림픽로 300 · 한국관광공사 연관 관광지 · 카카오 좌표
nation,전국,부산,·,ro667,홍법사,홍법사,herit,문화유산·전통체험,35.30383,129.11041,60,1h,,,,N,N,Y,N,N,N,Y,부산 금정구 두구로33번길 202 · 한국관광공사 연관 관광지 · 카카오 좌표
nation,전국,당진,·,ro668,한진포구 전망대,한진포구 전망대,activity,테마파크·액티비티,36.97254,126.78426,90,1h 30m,,,,N,N,Y,N,N,N,Y,충남 당진시 송악읍 한진리 · 한국관광공사 연관 관광지 · 카카오 좌표
nation,전국,고양,·,ro669,원당시장,원당시장,food,로컬상권·먹거리,37.65647,126.83713,50,50m,,,,N,N,Y,N,N,N,Y,경기 고양시 덕양구 성사동 709 · 한국관광공사 연관 관광지 · 카카오 좌표
nation,전국,서산,·,ro670,보원사지 오층석탑,보원사지 오층석탑,herit,문화유산·전통체험,36.76153,126.60141,60,1h,,,,N,N,Y,N,N,N,Y,충남 서산시 운산면 용현리 119-1 · 한국관광공사 연관 관광지 · 카카오 좌표
nation,전국,서울,·,ro671,은평한옥마을,은평한옥마을,herit,문화유산·전통체험,37.64131,126.9393,60,1h,,,,N,N,Y,N,N,N,Y,서울 은평구 연서로50길 7-10 · 한국관광공사 연관 관광지 · 카카오 좌표
nation,전국,용인,·,ro672,호수앉기,호수앉기,food,로컬상권·먹거리,37.24155,127.10045,50,50m,,,,N,N,Y,N,N,N,Y,경기 용인시 기흥구 한일로15번길 33 · 한국관광공사 연관 관광지 · 카카오 좌표
nation,전국,수원,·,ro673,진미통닭,진미통닭,food,로컬상권·먹거리,37.27966,127.01811,50,50m,,,,N,N,Y,N,N,N,Y,경기 수원시 팔달구 정조로800번길 21 · 한국관광공사 연관 관광지 · 카카오 좌표
nation,전국,충주,·,ro674,원조중앙탑막국수 충주단월점,원조중앙탑막국수 충주단월점,food,로컬상권·먹거리,36.9425,127.91914,50,50m,,,,N,N,Y,N,N,N,Y,충북 충주시 중원대로 3018 · 한국관광공사 연관 관광지 · 카카오 좌표
nation,전국,보은,·,ro675,일상화글램핑,일상화글램핑,food,로컬상권·먹거리,36.58504,127.69747,50,50m,,,,N,N,Y,N,N,N,Y,충북 보은군 산외면 성암가고로 235-6 · 한국관광공사 연관 관광지 · 카카오 좌표
nation,전국,대구,·,ro676,아페산,아페산,food,로컬상권·먹거리,35.82356,128.5533,50,50m,,,,N,N,Y,N,N,N,Y,대구 달서구 앞산순환로 221 · 한국관광공사 연관 관광지 · 카카오 좌표
nation,전국,봉화,·,ro677,비진숲커피,비진숲커피,food,로컬상권·먹거리,36.86432,128.75609,50,50m,,,,N,N,Y,N,N,N,Y,경북 봉화군 상운면 예봉로 1573-33 · 한국관광공사 연관 관광지 · 카카오 좌표
nation,전국,합천,·,ro678,적사부,적사부,food,로컬상권·먹거리,35.56711,128.16033,50,50m,,,,N,N,Y,N,N,N,Y,경남 합천군 합천읍 동서로 74 · 한국관광공사 연관 관광지 · 카카오 좌표
nation,전국,창원,·,ro679,바다아라,바다아라,food,로컬상권·먹거리,35.10821,128.78899,50,50m,,,,N,N,Y,N,N,N,Y,경남 창원시 진해구 청안로 76 · 한국관광공사 연관 관광지 · 카카오 좌표
nation,전국,정읍,·,ro680,대일정,대일정,food,로컬상권·먹거리,35.65174,126.94297,50,50m,,,,N,N,Y,N,N,N,Y,전북특별자치도 정읍시 태인면 수학정석길 3 · 한국관광공사 연관 관광지 · 카카오 좌표
nation,전국,함양,·,ro681,카페오도재,카페오도재,food,로컬상권·먹거리,35.44133,127.69267,50,50m,,,,N,N,Y,N,N,N,Y,경남 함양군 마천면 지리산가는길 534 · 한국관광공사 연관 관광지 · 카카오 좌표
nation,전국,장성,·,ro682,알콩달콩,알콩달콩,food,로컬상권·먹거리,35.40514,126.8797,50,50m,,,,N,N,Y,N,N,N,Y,전남광주통합특별시 장성군 북하면 약수2길 27 · 한국관광공사 연관 관광지 · 카카오 좌표
nation,전국,서울,·,ro683,서일순대국 별관,서일순대국 별관,food,로컬상권·먹거리,37.49785,126.92113,50,50m,,,,N,N,Y,N,N,N,Y,서울 동작구 여의대방로24길 16 · 한국관광공사 연관 관광지 · 카카오 좌표
nation,전국,서울,·,ro684,맥도날드 양재SK DT점,맥도날드 양재SK DT점,food,로컬상권·먹거리,37.47817,127.03955,50,50m,,,,N,N,Y,N,N,N,Y,서울 서초구 바우뫼로 178 · 한국관광공사 연관 관광지 · 카카오 좌표
nation,전국,부산,·,ro685,남천리녹차팥빙수,남천리녹차팥빙수,food,로컬상권·먹거리,35.14075,129.10881,50,50m,,,,N,N,Y,N,N,N,Y,부산 수영구 수영로394번길 29 · 한국관광공사 연관 관광지 · 카카오 좌표
nation,전국,부산,·,ro686,국제밀면 본점,국제밀면 본점,food,로컬상권·먹거리,35.19697,129.07782,50,50m,,,,N,N,Y,N,N,N,Y,부산 연제구 중앙대로1235번길 23-6 · 한국관광공사 연관 관광지 · 카카오 좌표
nation,전국,부산,·,ro687,리초야 밀락더마켓점,리초야 밀락더마켓점,food,로컬상권·먹거리,35.15422,129.12703,50,50m,,,,N,N,Y,N,N,N,Y,부산 수영구 민락수변로17번길 56 · 한국관광공사 연관 관광지 · 카카오 좌표
nation,전국,부산,·,ro688,이재모피자 명지대방점,이재모피자 명지대방점,food,로컬상권·먹거리,35.09278,128.91067,50,50m,,,,N,N,Y,N,N,N,Y,부산 강서구 명지국제6로 107 · 한국관광공사 연관 관광지 · 카카오 좌표
nation,전국,서울,·,ro689,서울물빛나루 1호 홍제천 카페폭포,서울물빛나루 1호 홍제천 카페폭포,food,로컬상권·먹거리,37.5813,126.93705,50,50m,,,,N,N,Y,N,N,N,Y,서울 서대문구 연희로 262-24 · 한국관광공사 연관 관광지 · 카카오 좌표
nation,전국,대전,·,ro690,대전컨벤션센터 제2전시장,대전컨벤션센터 제2전시장,herit,문화유산·전통체험,36.37514,127.38932,60,1h,,,,N,N,Y,N,N,N,Y,대전 유성구 엑스포로 87 · 한국관광공사 연관 관광지 · 카카오 좌표
nation,전국,충주,·,ro691,수주팔봉,수주팔봉,sea,해양·자연경관,36.89826,127.92429,40,40m,,,,N,N,Y,N,N,N,Y,충북 충주시 살미면 토계리 · 한국관광공사 연관 관광지 · 카카오 좌표
nation,전국,용인,·,ro693,기흥호수공원,기흥호수공원,heal,힐링·생태·체험,37.25409,127.0957,60,1h,,,,N,N,Y,N,N,N,Y,경기 용인시 기흥구 하갈동 127 · 한국관광공사 연관 관광지 · 카카오 좌표
nation,전국,충주,·,ro694,계명산자연휴양림,계명산자연휴양림,heal,힐링·생태·체험,36.97932,127.99509,60,1h,,,,N,N,Y,N,N,N,Y,충북 충주시 충주호수로 1170 · 한국관광공사 연관 관광지 · 카카오 좌표
nation,전국,수원,·,ro695,수원박물관,수원박물관,herit,문화유산·전통체험,37.29774,127.03541,60,1h,,,,N,N,Y,N,N,N,Y,경기 수원시 영통구 창룡대로 265 · 한국관광공사 연관 관광지 · 카카오 좌표
nation,전국,충주,·,ro696,충주자유시장,충주자유시장,food,로컬상권·먹거리,36.97393,127.93067,50,50m,,,,N,N,Y,N,N,N,Y,충북 충주시 충인6길 16 · 한국관광공사 연관 관광지 · 카카오 좌표
nation,전국,대전,·,ro697,대전시립박물관,대전시립박물관,herit,문화유산·전통체험,36.33686,127.33532,60,1h,,,,N,N,Y,N,N,N,Y,대전 유성구 도안대로 398 · 한국관광공사 연관 관광지 · 카카오 좌표
nation,전국,보은,·,ro698,말티재 전망대,말티재 전망대,activity,테마파크·액티비티,36.49907,127.78932,90,1h 30m,,,,N,N,Y,N,N,N,Y,충북 보은군 장안면 장재리 산 4-14 · 한국관광공사 연관 관광지 · 카카오 좌표
nation,전국,청주,·,ro699,수암골전망대,수암골전망대,activity,테마파크·액티비티,36.64594,127.49555,90,1h 30m,,,,N,N,Y,N,N,N,Y,충북 청주시 상당구 수동 81-245 · 한국관광공사 연관 관광지 · 카카오 좌표
nation,전국,전주,·,ro700,금성당,금성당,activity,테마파크·액티비티,35.81627,127.14433,90,1h 30m,,,,N,N,Y,N,N,N,Y,전북특별자치도 전주시 완산구 전라감영4길 13-7 · 한국관광공사 연관 관광지 · 카카오 좌표
nation,전국,익산,·,ro701,백제왕궁박물관,백제왕궁박물관,herit,문화유산·전통체험,35.97117,127.05574,60,1h,,,,N,N,Y,N,N,N,Y,전북특별자치도 익산시 왕궁면 궁성로 666 · 한국관광공사 연관 관광지 · 카카오 좌표
nation,전국,평창,·,ro702,흥정계곡,흥정계곡,sea,해양·자연경관,37.63513,128.3435,40,40m,,,,N,N,Y,N,N,N,Y,강원특별자치도 평창군 봉평면 흥정리 · 한국관광공사 연관 관광지 · 카카오 좌표
nation,전국,인천,·,ro703,인천SSG랜더스필드,인천SSG랜더스필드,activity,테마파크·액티비티,37.437,126.69328,90,1h 30m,,,,N,N,Y,N,N,N,Y,인천 미추홀구 매소홀로 618 · 한국관광공사 연관 관광지 · 카카오 좌표
nation,전국,보성,·,ro704,주월산패러글라이딩장,주월산패러글라이딩장,activity,테마파크·액티비티,34.8121,127.2117,90,1h 30m,,,,N,N,Y,N,N,N,Y,전남광주통합특별시 보성군 겸백면 수남리 산 2-2 · 한국관광공사 연관 관광지 · 카카오 좌표
nation,전국,인천,·,ro705,신도,신도,sea,해양·자연경관,37.52664,126.45472,40,40m,,,,N,N,Y,N,N,N,Y,인천 옹진군 북도면 신도리 · 한국관광공사 연관 관광지 · 카카오 좌표
nation,전국,인천,·,ro706,인천광역시립박물관,인천광역시립박물관,herit,문화유산·전통체험,37.42076,126.65315,60,1h,,,,N,N,Y,N,N,N,Y,인천 연수구 청량로160번길 26 · 한국관광공사 연관 관광지 · 카카오 좌표
nation,전국,장흥,·,ro707,정남진 장흥 물축제,정남진 장흥 물축제,activity,테마파크·액티비티,34.67906,126.90501,90,1h 30m,,,,N,N,Y,N,N,N,Y,전남광주통합특별시 장흥군 장흥읍 건산리 805 · 한국관광공사 연관 관광지 · 카카오 좌표
nation,전국,인천,·,ro708,화도진공원,화도진공원,heal,힐링·생태·체험,37.48236,126.62897,60,1h,,,,N,N,Y,N,N,N,Y,인천 제물포구 화도진로 114 · 한국관광공사 연관 관광지 · 카카오 좌표
nation,전국,인천,·,ro709,영종씨사이드 레일바이크,영종씨사이드 레일바이크,activity,테마파크·액티비티,37.48846,126.57687,90,1h 30m,,,,N,N,Y,N,N,N,Y,인천 영종구 구읍로 75 · 한국관광공사 연관 관광지 · 카카오 좌표
nation,전국,산청,·,ro710,정취암,정취암,herit,문화유산·전통체험,35.38965,127.9749,60,1h,,,,N,N,Y,N,N,N,Y,경남 산청군 신등면 둔철산로 675-87 · 한국관광공사 연관 관광지 · 카카오 좌표
nation,전국,인천,·,ro711,시도,시도,sea,해양·자연경관,37.53532,126.42687,40,40m,,,,N,N,Y,N,N,N,Y,인천 옹진군 북도면 시도리 · 한국관광공사 연관 관광지 · 카카오 좌표
nation,전국,영주,·,ro712,여우생태관찰원,여우생태관찰원,herit,문화유산·전통체험,36.91398,128.55676,60,1h,,,,N,N,Y,N,N,N,Y,경북 영주시 순흥면 소백로2481번길 33 · 한국관광공사 연관 관광지 · 카카오 좌표
nation,전국,인천,·,ro713,수기해수욕장,수기해수욕장,sea,해양·자연경관,37.54461,126.43187,40,40m,,,,N,N,Y,N,N,N,Y,인천 옹진군 북도면 시도리 · 한국관광공사 연관 관광지 · 카카오 좌표
nation,전국,청송,·,ro714,대전사,대전사,herit,문화유산·전통체험,36.39708,129.14599,60,1h,,,,N,N,Y,N,N,N,Y,경북 청송군 주왕산면 공원길 226 · 한국관광공사 연관 관광지 · 카카오 좌표
nation,전국,창녕,·,ro715,창녕교동과송현동고분군,창녕교동과송현동고분군,herit,문화유산·전통체험,35.54633,128.50368,60,1h,,,,N,N,Y,N,N,N,Y,경남 창녕군 창녕읍 교리 124 · 한국관광공사 연관 관광지 · 카카오 좌표
nation,전국,진안,·,ro716,마이산 탑사,마이산 탑사,herit,문화유산·전통체험,35.75864,127.41158,60,1h,,,,N,N,Y,N,N,N,Y,전북특별자치도 진안군 마령면 마이산남로 367 · 한국관광공사 연관 관광지 · 카카오 좌표
nation,전국,홍성,·,ro717,홍성전통시장,홍성전통시장,food,로컬상권·먹거리,36.60226,126.66806,50,50m,,,,N,N,Y,N,N,N,Y,충남 홍성군 홍성읍 홍성천길 242 · 한국관광공사 연관 관광지 · 카카오 좌표
nation,전국,창원,·,ro718,가포수변공원,가포수변공원,heal,힐링·생태·체험,35.15584,128.58369,60,1h,,,,N,N,Y,N,N,N,Y,경남 창원시 마산합포구 가포로 441-57 · 한국관광공사 연관 관광지 · 카카오 좌표
nation,전국,창원,·,ro719,창원국제사격장,창원국제사격장,activity,테마파크·액티비티,35.25158,128.68609,90,1h 30m,,,,N,N,Y,N,N,N,Y,경남 창원시 의창구 사림로99번길 63 · 한국관광공사 연관 관광지 · 카카오 좌표
nation,전국,김해,·,ro720,수안마을회관,수안마을회관,herit,문화유산·전통체험,35.22911,128.93693,60,1h,,,,N,N,Y,N,N,N,Y,경남 김해시 대동면 대동로 132 · 한국관광공사 연관 관광지 · 카카오 좌표
nation,전국,장성,·,ro721,홍길동테마파크,홍길동테마파크,activity,테마파크·액티비티,35.32005,126.72679,90,1h 30m,,,,N,N,Y,N,N,N,Y,전남광주통합특별시 장성군 황룡면 아곡리 373 · 한국관광공사 연관 관광지 · 카카오 좌표
nation,전국,창원,·,ro722,진해루해변공원,진해루해변공원,heal,힐링·생태·체험,35.14722,128.68529,60,1h,,,,N,N,Y,N,N,N,Y,경남 창원시 진해구 경화동 · 한국관광공사 연관 관광지 · 카카오 좌표
nation,전국,정읍,·,ro723,내장사,내장사,herit,문화유산·전통체험,35.48958,126.90195,60,1h,,,,N,N,Y,N,N,N,Y,전북특별자치도 정읍시 내장산로 1253 · 한국관광공사 연관 관광지 · 카카오 좌표
nation,전국,포천,·,ro724,제일유황온천,제일유황온천,heal,힐링·생태·체험,37.96765,127.3287,60,1h,,,,N,N,Y,N,N,N,Y,경기 포천시 일동면 화동로 1210 · 한국관광공사 연관 관광지 · 카카오 좌표
nation,전국,양산,·,ro725,극락암,극락암,herit,문화유산·전통체험,35.49906,129.05104,60,1h,,,,N,N,Y,N,N,N,Y,경남 양산시 하북면 통도사로 108 · 한국관광공사 연관 관광지 · 카카오 좌표
nation,전국,포천,·,ro726,도마치계곡,도마치계곡,sea,해양·자연경관,38.04695,127.38865,40,40m,,,,N,N,Y,N,N,N,Y,경기 포천시 이동면 도평리 산 140-1 · 한국관광공사 연관 관광지 · 카카오 좌표
nation,전국,경기광주,·,ro727,팔당전망대,팔당전망대,activity,테마파크·액티비티,37.49958,127.30311,90,1h 30m,,,,N,N,Y,N,N,N,Y,경기 광주시 남종면 산수로 1692 · 한국관광공사 연관 관광지 · 카카오 좌표
nation,전국,여주,·,ro728,여주시립 폰박물관,여주시립 폰박물관,herit,문화유산·전통체험,37.29368,127.6663,60,1h,,,,N,N,Y,N,N,N,Y,경기 여주시 강변유원지길 105 · 한국관광공사 연관 관광지 · 카카오 좌표
nation,전국,가평,·,ro729,명지계곡,명지계곡,sea,해양·자연경관,37.93594,127.48624,40,40m,,,,N,N,Y,N,N,N,Y,경기 가평군 북면 도대리 623 · 한국관광공사 연관 관광지 · 카카오 좌표
nation,전국,함양,·,ro731,지안재,지안재,sea,해양·자연경관,35.47352,127.70252,40,40m,,,,N,N,Y,N,N,N,Y,경남 함양군 함양읍 구룡리 산 119-3 · 한국관광공사 연관 관광지 · 카카오 좌표
nation,전국,담양,·,ro732,담양관방제림,담양관방제림,herit,문화유산·전통체험,35.32387,126.986,60,1h,,,,N,N,Y,N,N,N,Y,전남광주통합특별시 담양군 담양읍 객사리 1 · 한국관광공사 연관 관광지 · 카카오 좌표
nation,전국,담양,·,ro733,플레이펫,플레이펫,activity,테마파크·액티비티,35.31642,126.99051,90,1h 30m,,,,N,N,Y,N,N,N,Y,전남광주통합특별시 담양군 담양읍 죽향대로 1290 · 한국관광공사 연관 관광지 · 카카오 좌표
nation,전국,창녕,·,ro734,창녕영산만년교,창녕영산만년교,herit,문화유산·전통체험,35.45365,128.52981,60,1h,,,,N,N,Y,N,N,N,Y,경남 창녕군 영산면 동리 433 · 한국관광공사 연관 관광지 · 카카오 좌표
nation,전국,상주,·,ro735,파머스룸 치유농장,파머스룸 치유농장,heal,힐링·생태·체험,36.44974,128.17985,60,1h,,,,N,N,Y,N,N,N,Y,경북 상주시 초산3길 22-4 · 한국관광공사 연관 관광지 · 카카오 좌표
nation,전국,화순,·,ro736,화순고인돌전통시장,화순고인돌전통시장,food,로컬상권·먹거리,35.0596,126.98357,50,50m,,,,N,N,Y,N,N,N,Y,전남광주통합특별시 화순군 화순읍 시장길 42 · 한국관광공사 연관 관광지 · 카카오 좌표
nation,전국,장성,·,ro737,국립장성치유의숲,국립장성치유의숲,heal,힐링·생태·체험,35.36879,126.73146,60,1h,,,,N,N,Y,N,N,N,Y,전남광주통합특별시 장성군 서삼면 추암로 716 · 한국관광공사 연관 관광지 · 카카오 좌표
nation,전국,화순,·,ro738,숲속유원지,숲속유원지,sea,해양·자연경관,34.96396,127.06447,40,40m,,,,N,N,Y,N,N,N,Y,전남광주통합특별시 화순군 한천면 동산1길 68 · 한국관광공사 연관 관광지 · 카카오 좌표
nation,전국,이천,·,ro739,이천시립박물관,이천시립박물관,herit,문화유산·전통체험,37.27496,127.4276,60,1h,,,,N,N,Y,N,N,N,Y,경기 이천시 경충대로2697번길 172 · 한국관광공사 연관 관광지 · 카카오 좌표
nation,전국,고성,·,ro740,고성탈박물관,고성탈박물관,herit,문화유산·전통체험,34.97106,128.33378,60,1h,,,,N,N,Y,N,N,N,Y,경남 고성군 고성읍 율대2길 23 · 한국관광공사 연관 관광지 · 카카오 좌표
nation,전국,서울,·,ro741,용양봉저정공원,용양봉저정공원,heal,힐링·생태·체험,37.51195,126.95832,60,1h,,,,N,N,Y,N,N,N,Y,서울 동작구 본동 산 3-9 · 한국관광공사 연관 관광지 · 카카오 좌표
nation,전국,완도,·,ro742,화흥포항 대합실,화흥포항 대합실,sea,해양·자연경관,34.30536,126.67938,40,40m,,,,N,N,Y,N,N,N,Y,전남광주통합특별시 완도군 완도읍 화흥포길 242 · 한국관광공사 연관 관광지 · 카카오 좌표
nation,전국,서울,·,ro743,대림시장,대림시장,food,로컬상권·먹거리,37.58681,126.91774,50,50m,,,,N,N,Y,N,N,N,Y,서울 은평구 응암로4길 22 · 한국관광공사 연관 관광지 · 카카오 좌표
nation,전국,홍성,·,ro744,용봉산자연휴양림,용봉산자연휴양림,heal,힐링·생태·체험,36.64472,126.65681,60,1h,,,,N,N,Y,N,N,N,Y,충남 홍성군 홍북읍 용봉산2길 87 · 한국관광공사 연관 관광지 · 카카오 좌표
nation,전국,서울,·,ro745,보라매공원,보라매공원,heal,힐링·생태·체험,37.49328,126.92052,60,1h,,,,N,N,Y,N,N,N,Y,서울 동작구 신대방동 722 · 한국관광공사 연관 관광지 · 카카오 좌표
nation,전국,서울,·,ro747,용산용문시장,용산용문시장,food,로컬상권·먹거리,37.53662,126.9598,50,50m,,,,N,N,Y,N,N,N,Y,서울 용산구 효창원로40길 13 · 한국관광공사 연관 관광지 · 카카오 좌표
nation,전국,부산,·,ro748,태종사,태종사,herit,문화유산·전통체험,35.05599,129.08812,60,1h,,,,N,N,Y,N,N,N,Y,부산 영도구 전망로 119 · 한국관광공사 연관 관광지 · 카카오 좌표
nation,전국,서울,·,ro749,명일전통시장 청춘마켓,명일전통시장 청춘마켓,food,로컬상권·먹거리,37.54966,127.14498,50,50m,,,,N,N,Y,N,N,N,Y,서울 강동구 명일동 324-20 · 한국관광공사 연관 관광지 · 카카오 좌표
nation,전국,부산,·,ro750,개금골목시장,개금골목시장,food,로컬상권·먹거리,35.15122,129.02477,50,50m,,,,N,N,Y,N,N,N,Y,부산 부산진구 냉정로 227-1 · 한국관광공사 연관 관광지 · 카카오 좌표
nation,전국,서울,·,ro751,강서별빛우주과학관,강서별빛우주과학관,herit,문화유산·전통체험,37.58101,126.81469,60,1h,,,,N,N,Y,N,N,N,Y,서울 강서구 금낭화로 178 · 한국관광공사 연관 관광지 · 카카오 좌표
nation,전국,부산,·,ro752,당감새시장,당감새시장,food,로컬상권·먹거리,35.16435,129.04192,50,50m,,,,N,N,Y,N,N,N,Y,부산 부산진구 동평로 112 · 한국관광공사 연관 관광지 · 카카오 좌표
nation,전국,서울,·,ro753,서울물재생체험관,서울물재생체험관,herit,문화유산·전통체험,37.57766,126.82099,60,1h,,,,N,N,Y,N,N,N,Y,서울 강서구 마곡동 1142 · 한국관광공사 연관 관광지 · 카카오 좌표
nation,전국,부산,·,ro754,장림포구,장림포구,sea,해양·자연경관,35.08074,128.95692,40,40m,,,,N,N,Y,N,N,N,Y,부산 사하구 장림로93번길 72 · 한국관광공사 연관 관광지 · 카카오 좌표
nation,전국,부산,·,ro755,칠암방파제,칠암방파제,sea,해양·자연경관,35.29858,129.26213,40,40m,,,,N,N,Y,N,N,N,Y,부산 기장군 일광읍 칠암리 · 한국관광공사 연관 관광지 · 카카오 좌표
nation,전국,부산,·,ro756,신평소공원,신평소공원,heal,힐링·생태·체험,35.29379,129.26056,60,1h,,,,N,N,Y,N,N,N,Y,부산 기장군 일광읍 신평리 11-1 · 한국관광공사 연관 관광지 · 카카오 좌표
nation,전국,부산,·,ro757,충렬사,충렬사,herit,문화유산·전통체험,35.20121,129.0958,60,1h,,,,N,N,Y,N,N,N,Y,부산 동래구 충렬대로 345 · 한국관광공사 연관 관광지 · 카카오 좌표
nation,전국,횡성,·,ro759,국립청태산자연휴양림,국립청태산자연휴양림,heal,힐링·생태·체험,37.52169,128.29133,60,1h,,,,N,N,Y,N,N,N,Y,강원특별자치도 횡성군 둔내면 청태산로 610 · 한국관광공사 연관 관광지 · 카카오 좌표
nation,전국,부산,·,ro760,민락어민활어직판장,민락어민활어직판장,food,로컬상권·먹거리,35.1542,129.12785,50,50m,,,,N,N,Y,N,N,N,Y,부산 수영구 광안해변로312번길 60 · 한국관광공사 연관 관광지 · 카카오 좌표
nation,전국,부산,·,ro761,감지해변,감지해변,sea,해양·자연경관,35.06059,129.077,40,40m,,,,N,N,Y,N,N,N,Y,부산 영도구 동삼동 · 한국관광공사 연관 관광지 · 카카오 좌표
nation,전국,부산,·,ro762,F1963,F1963,activity,테마파크·액티비티,35.17693,129.11494,90,1h 30m,,,,N,N,Y,N,N,N,Y,부산 수영구 구락로123번길 20 · 한국관광공사 연관 관광지 · 카카오 좌표
nation,전국,부산,·,ro763,중리바닷가,중리바닷가,sea,해양·자연경관,35.06859,129.06483,40,40m,,,,N,N,Y,N,N,N,Y,부산 영도구 동삼동 · 한국관광공사 연관 관광지 · 카카오 좌표
nation,전국,양주,·,ro764,장흥자생수목원,장흥자생수목원,heal,힐링·생태·체험,37.74351,126.94819,60,1h,,,,N,N,Y,N,N,N,Y,경기 양주시 장흥면 석현리 산 161-3 · 한국관광공사 연관 관광지 · 카카오 좌표
nation,전국,하동,·,ro765,하동군지리산생태과학관,하동군지리산생태과학관,herit,문화유산·전통체험,35.15066,127.67564,60,1h,,,,N,N,Y,N,N,N,Y,경남 하동군 악양면 섬진강대로 3358-30 · 한국관광공사 연관 관광지 · 카카오 좌표
nation,전국,수원,·,ro766,강남면옥 수원점,강남면옥 수원점,food,로컬상권·먹거리,37.3108,126.99028,50,50m,,,,N,N,Y,N,N,N,Y,경기 수원시 장안구 이목로74번길 17 · 한국관광공사 연관 관광지 · 카카오 좌표
nation,전국,수원,·,ro767,신라갈비,신라갈비,food,로컬상권·먹거리,37.27379,127.04925,50,50m,,,,N,N,Y,N,N,N,Y,경기 수원시 영통구 동수원로 538 · 한국관광공사 연관 관광지 · 카카오 좌표
nation,전국,인천,·,ro768,오목골즉석메밀우동,오목골즉석메밀우동,food,로컬상권·먹거리,37.46836,126.65086,50,50m,,,,N,N,Y,N,N,N,Y,인천 미추홀구 석정로 142 · 한국관광공사 연관 관광지 · 카카오 좌표
nation,전국,장성,·,ro769,고려조삼계탕 본점,고려조삼계탕 본점,food,로컬상권·먹거리,35.25246,126.81249,50,50m,,,,N,N,Y,N,N,N,Y,전남광주통합특별시 장성군 진원면 못재로 172-3 · 한국관광공사 연관 관광지 · 카카오 좌표
nation,전국,고성,·,ro770,카페도어스,카페도어스,food,로컬상권·먹거리,34.94478,128.33401,50,50m,,,,N,N,Y,N,N,N,Y,경남 고성군 고성읍 신월로 166 · 한국관광공사 연관 관광지 · 카카오 좌표
nation,전국,천안,·,ro771,뚜쥬루 성정점,뚜쥬루 성정점,food,로컬상권·먹거리,36.81833,127.13961,50,50m,,,,N,N,Y,N,N,N,Y,충남 천안시 서북구 백석로 270 · 한국관광공사 연관 관광지 · 카카오 좌표
nation,전국,용인,·,ro772,고기리막국수,고기리막국수,food,로컬상권·먹거리,37.36,127.0401,50,50m,,,,N,N,Y,N,N,N,Y,경기 용인시 수지구 이종무로 157 · 한국관광공사 연관 관광지 · 카카오 좌표
nation,전국,용인,·,ro773,수지외식타운,수지외식타운,food,로컬상권·먹거리,37.32777,127.0963,50,50m,,,,N,N,Y,N,N,N,Y,경기 용인시 수지구 풍덕천동 701 · 한국관광공사 연관 관광지 · 카카오 좌표
nation,전국,창녕,·,ro774,도천진짜순대 본점,도천진짜순대 본점,food,로컬상권·먹거리,35.43599,128.51915,50,50m,,,,N,N,Y,N,N,N,Y,경남 창녕군 도천면 일리새긴길 8 · 한국관광공사 연관 관광지 · 카카오 좌표
nation,전국,함양,·,ro775,나무달쉼터,나무달쉼터,food,로컬상권·먹거리,35.53235,127.70917,50,50m,,,,N,N,Y,N,N,N,Y,경남 함양군 함양읍 대실길 225 · 한국관광공사 연관 관광지 · 카카오 좌표
nation,전국,상주,·,ro776,상주주막,상주주막,food,로컬상권·먹거리,36.44631,128.26417,50,50m,,,,N,N,Y,N,N,N,Y,경북 상주시 중동면 갱다불길 147 · 한국관광공사 연관 관광지 · 카카오 좌표
nation,전국,문경,·,ro777,대흥정육점,대흥정육점,food,로컬상권·먹거리,36.73403,128.10788,50,50m,,,,N,N,Y,N,N,N,Y,경북 문경시 문경읍 새재로 458-9 · 한국관광공사 연관 관광지 · 카카오 좌표
nation,전국,무주,·,ro778,무심원,무심원,food,로컬상권·먹거리,36.01149,127.76209,50,50m,,,,N,N,Y,N,N,N,Y,전북특별자치도 무주군 설천면 무설로 1338-1 · 한국관광공사 연관 관광지 · 카카오 좌표
nation,전국,무주,·,ro779,메가MGC커피 무주군청점,메가MGC커피 무주군청점,food,로컬상권·먹거리,36.00801,127.66127,50,50m,,,,N,N,Y,N,N,N,Y,전북특별자치도 무주군 무주읍 단천로 93 · 한국관광공사 연관 관광지 · 카카오 좌표
nation,전국,서울,·,ro780,맥도날드 고척DT점,맥도날드 고척DT점,food,로컬상권·먹거리,37.4972,126.86356,50,50m,,,,N,N,Y,N,N,N,Y,서울 구로구 경인로 393 · 한국관광공사 연관 관광지 · 카카오 좌표
nation,전국,구미,·,ro781,한채쭈꾸미,한채쭈꾸미,food,로컬상권·먹거리,36.1053,128.32843,50,50m,,,,N,N,Y,N,N,N,Y,경북 구미시 공원로 328 · 한국관광공사 연관 관광지 · 카카오 좌표
nation,전국,홍성,·,ro782,비츠,비츠,food,로컬상권·먹거리,36.53264,126.48374,50,50m,,,,N,N,Y,N,N,N,Y,충남 홍성군 서부면 남당항로72번길 1 · 한국관광공사 연관 관광지 · 카카오 좌표
nation,전국,서울,·,ro783,가나돈까스의집,가나돈까스의집,food,로컬상권·먹거리,37.50987,127.0378,50,50m,,,,N,N,Y,N,N,N,Y,서울 강남구 언주로 608 · 한국관광공사 연관 관광지 · 카카오 좌표
nation,전국,부산,·,ro784,오르디,오르디,food,로컬상권·먹거리,35.13974,128.97913,50,50m,,,,N,N,Y,N,N,N,Y,부산 사상구 대동로107번길 17 · 한국관광공사 연관 관광지 · 카카오 좌표
nation,전국,부산,·,ro785,동래밀면 본점,동래밀면 본점,food,로컬상권·먹거리,35.19832,129.0842,50,50m,,,,N,N,Y,N,N,N,Y,부산 동래구 명륜로 47 · 한국관광공사 연관 관광지 · 카카오 좌표
nation,전국,부산,·,ro786,이흥용과자점 두실점,이흥용과자점 두실점,food,로컬상권·먹거리,35.25635,129.09473,50,50m,,,,N,N,Y,N,N,N,Y,부산 금정구 금단로 80 · 한국관광공사 연관 관광지 · 카카오 좌표
nation,전국,수원,·,ro787,경기아트센터,경기아트센터,activity,테마파크·액티비티,37.2618,127.03736,90,1h 30m,,,,N,N,Y,N,N,N,Y,경기 수원시 팔달구 효원로307번길 20 · 한국관광공사 연관 관광지 · 카카오 좌표
nation,전국,수원,·,ro788,해우재문화센터,해우재문화센터,herit,문화유산·전통체험,37.31868,126.9779,60,1h,,,,N,N,Y,N,N,N,Y,경기 수원시 장안구 장안로 463 · 한국관광공사 연관 관광지 · 카카오 좌표
nation,전국,수원,·,ro789,나혜석거리,나혜석거리,activity,테마파크·액티비티,37.26386,127.03465,90,1h 30m,,,,N,N,Y,N,N,N,Y,경기 수원시 팔달구 인계동 1140 · 한국관광공사 연관 관광지 · 카카오 좌표
nation,전국,청주,·,ro790,국립상당산성자연휴양림,국립상당산성자연휴양림,heal,힐링·생태·체험,36.68279,127.54542,60,1h,,,,N,N,Y,N,N,N,Y,충북 청주시 청원구 내수읍 덕암2길 162 · 한국관광공사 연관 관광지 · 카카오 좌표
nation,전국,청주,·,ro791,정북동토성,정북동토성,herit,문화유산·전통체험,36.68914,127.45611,60,1h,,,,N,N,Y,N,N,N,Y,충북 청주시 청원구 정북동 351-1 · 한국관광공사 연관 관광지 · 카카오 좌표
nation,전국,충주,·,ro792,월악산 만수계곡자연관찰로분기점,월악산 만수계곡자연관찰로분기점,sea,해양·자연경관,36.83416,128.097,40,40m,,,,N,N,Y,N,N,N,Y,충북 충주시 수안보면 미륵리 산 31-10 · 한국관광공사 연관 관광지 · 카카오 좌표
nation,전국,전주,·,ro793,전주자연생태관,전주자연생태관,herit,문화유산·전통체험,35.81159,127.16259,60,1h,,,,N,N,Y,N,N,N,Y,전북특별자치도 전주시 완산구 바람쐬는길 21 · 한국관광공사 연관 관광지 · 카카오 좌표
nation,전국,전주,·,ro794,팔복예술공장,팔복예술공장,herit,문화유산·전통체험,35.86038,127.10122,60,1h,,,,N,N,Y,N,N,N,Y,전북특별자치도 전주시 덕진구 구렛들1길 46 · 한국관광공사 연관 관광지 · 카카오 좌표
nation,전국,전주,·,ro795,한국전통문화전당,한국전통문화전당,herit,문화유산·전통체험,35.82132,127.149,60,1h,,,,N,N,Y,N,N,N,Y,전북특별자치도 전주시 완산구 현무1길 20 · 한국관광공사 연관 관광지 · 카카오 좌표
nation,전국,전주,·,ro796,완산벙커 더 스페이스,완산벙커 더 스페이스,activity,테마파크·액티비티,35.80638,127.14242,90,1h 30m,,,,N,N,Y,N,N,N,Y,전북특별자치도 전주시 완산구 완산5길 70 · 한국관광공사 연관 관광지 · 카카오 좌표
nation,전국,청주,·,ro797,수암골타운,수암골타운,herit,문화유산·전통체험,36.64789,127.49446,60,1h,,,,N,N,Y,N,N,N,Y,충북 청주시 청원구 수동로 32 · 한국관광공사 연관 관광지 · 카카오 좌표
nation,전국,순천,·,ro798,호남호국기념관,호남호국기념관,herit,문화유산·전통체험,34.93598,127.52129,60,1h,,,,N,N,Y,N,N,N,Y,전남광주통합특별시 순천시 원연향길 17 · 한국관광공사 연관 관광지 · 카카오 좌표
nation,전국,봉화,·,ro799,축서사,축서사,herit,문화유산·전통체험,36.98123,128.79993,60,1h,,,,N,N,Y,N,N,N,Y,경북 봉화군 물야면 월계길 739 · 한국관광공사 연관 관광지 · 카카오 좌표
nation,전국,인천,·,ro800,국립세계문자박물관,국립세계문자박물관,herit,문화유산·전통체험,37.39471,126.63789,60,1h,,,,N,N,Y,N,N,N,Y,인천 연수구 센트럴로 217 · 한국관광공사 연관 관광지 · 카카오 좌표
nation,전국,인천,·,ro801,수봉공원,수봉공원,heal,힐링·생태·체험,37.45949,126.66255,60,1h,,,,N,N,Y,N,N,N,Y,인천 미추홀구 숭의동 8-193 · 한국관광공사 연관 관광지 · 카카오 좌표
nation,전국,인천,·,ro802,한국이민사박물관,한국이민사박물관,herit,문화유산·전통체험,37.47017,126.60018,60,1h,,,,N,N,Y,N,N,N,Y,인천 제물포구 월미로 329 · 한국관광공사 연관 관광지 · 카카오 좌표
nation,전국,영주,·,ro803,부석사 무량수전,부석사 무량수전,herit,문화유산·전통체험,36.99896,128.6875,60,1h,,,,N,N,Y,N,N,N,Y,경북 영주시 부석면 부석사로 345 · 한국관광공사 연관 관광지 · 카카오 좌표
nation,전국,영주,·,ro804,국립산림치유원,국립산림치유원,heal,힐링·생태·체험,36.8578,128.47257,60,1h,,,,N,N,Y,N,N,N,Y,경북 영주시 봉현면 테라피로 209 · 한국관광공사 연관 관광지 · 카카오 좌표
nation,전국,인천,·,ro805,배미꾸미조각공원,배미꾸미조각공원,heal,힐링·생태·체험,37.52889,126.40685,60,1h,,,,N,N,Y,N,N,N,Y,인천 옹진군 북도면 모도로140번길 41 · 한국관광공사 연관 관광지 · 카카오 좌표
nation,전국,하동,·,ro806,하동공설시장,하동공설시장,food,로컬상권·먹거리,35.06976,127.74816,50,50m,,,,N,N,Y,N,N,N,Y,경남 하동군 하동읍 읍내리 261-2 · 한국관광공사 연관 관광지 · 카카오 좌표
nation,전국,합천,·,ro807,합천왕후시장,합천왕후시장,food,로컬상권·먹거리,35.56832,128.16041,50,50m,,,,N,N,Y,N,N,N,Y,경남 합천군 합천읍 옥산로 44 · 한국관광공사 연관 관광지 · 카카오 좌표
nation,전국,창녕,·,ro808,무심사,무심사,herit,문화유산·전통체험,35.60892,128.36943,60,1h,,,,N,N,Y,N,N,N,Y,경남 창녕군 이방면 손실길 62-215 · 한국관광공사 연관 관광지 · 카카오 좌표
nation,전국,합천,·,ro809,오도산자연휴양림,오도산자연휴양림,heal,힐링·생태·체험,35.66905,128.05393,60,1h,,,,N,N,Y,N,N,N,Y,경남 합천군 봉산면 오도산휴양로 398 · 한국관광공사 연관 관광지 · 카카오 좌표
nation,전국,합천,·,ro810,황강군민체육공원 축구장,황강군민체육공원 축구장,activity,테마파크·액티비티,35.56186,128.16895,90,1h 30m,,,,N,N,Y,N,N,N,Y,경남 합천군 합천읍 합천리 1364-75 · 한국관광공사 연관 관광지 · 카카오 좌표
nation,전국,담양,·,ro811,한재골,한재골,sea,해양·자연경관,35.29935,126.87702,40,40m,,,,N,N,Y,N,N,N,Y,전남광주통합특별시 담양군 대전면 평장리 · 한국관광공사 연관 관광지 · 카카오 좌표
nation,전국,홍성,·,ro812,광천전통시장,광천전통시장,food,로컬상권·먹거리,36.50095,126.62571,50,50m,,,,N,N,Y,N,N,N,Y,충남 홍성군 광천읍 광천리 237-60 · 한국관광공사 연관 관광지 · 카카오 좌표
nation,전국,담양,·,ro815,담양호,담양호,sea,해양·자연경관,35.39875,127.006,40,40m,,,,N,N,Y,N,N,N,Y,전남광주통합특별시 담양군 용면 월계리 411-6 · 한국관광공사 연관 관광지 · 카카오 좌표
nation,전국,창원,·,ro816,굿데이뮤지엄,굿데이뮤지엄,herit,문화유산·전통체험,35.21862,128.59777,60,1h,,,,N,N,Y,N,N,N,Y,경남 창원시 마산회원구 봉암공단2길 22 · 한국관광공사 연관 관광지 · 카카오 좌표
nation,전국,창원,·,ro817,소계시장,소계시장,food,로컬상권·먹거리,35.25682,128.59901,50,50m,,,,N,N,Y,N,N,N,Y,경남 창원시 의창구 소계로 83-6 · 한국관광공사 연관 관광지 · 카카오 좌표
nation,전국,이천,·,ro818,비승대체력단련장,비승대체력단련장,activity,테마파크·액티비티,37.20208,127.46167,90,1h 30m,,,,N,N,Y,N,N,N,Y,경기 이천시 진상미로 1700-29 · 한국관광공사 연관 관광지 · 카카오 좌표
nation,전국,정읍,·,ro819,정읍피향정,정읍피향정,herit,문화유산·전통체험,35.65135,126.94297,60,1h,,,,N,N,Y,N,N,N,Y,전북특별자치도 정읍시 태인면 태산로 2951 · 한국관광공사 연관 관광지 · 카카오 좌표
nation,전국,정읍,·,ro820,정읍국가유산미디어아트관 1894달하루,정읍국가유산미디어아트관 1894달하루,herit,문화유산·전통체험,35.52805,126.89522,60,1h,,,,N,N,Y,N,N,N,Y,전북특별자치도 정읍시 내장산로 370-10 · 한국관광공사 연관 관광지 · 카카오 좌표
nation,전국,남양주,·,ro821,몽골문화촌,몽골문화촌,activity,테마파크·액티비티,37.75792,127.27535,90,1h 30m,,,,N,N,Y,N,N,N,Y,경기 남양주시 수동면 비룡로 1635 · 한국관광공사 연관 관광지 · 카카오 좌표
nation,전국,남양주,·,ro822,천보사,천보사,herit,문화유산·전통체험,37.65678,127.09563,60,1h,,,,N,N,Y,N,N,N,Y,경기 남양주시 불암산로 145 · 한국관광공사 연관 관광지 · 카카오 좌표
nation,전국,양주,·,ro823,대한불교조계종회암사,대한불교조계종회암사,herit,문화유산·전통체험,37.85069,127.10798,60,1h,,,,N,N,Y,N,N,N,Y,경기 양주시 회암사길 281 · 한국관광공사 연관 관광지 · 카카오 좌표
nation,전국,강릉,·,ro824,무위사,무위사,herit,문화유산·전통체험,37.65681,128.79233,60,1h,,,,N,N,Y,N,N,N,Y,강원특별자치도 강릉시 왕산면 왕산로 2242-7 · 한국관광공사 연관 관광지 · 카카오 좌표
nation,전국,익산,·,ro825,달빛소리수목원,달빛소리수목원,activity,테마파크·액티비티,35.93979,127.03302,90,1h 30m,,,,N,N,Y,N,N,N,Y,전북특별자치도 익산시 춘포면 천서길 149 · 한국관광공사 연관 관광지 · 카카오 좌표
nation,전국,장성,·,ro826,황룡강생태공원,황룡강생태공원,heal,힐링·생태·체험,35.30501,126.77704,60,1h,,,,N,N,Y,N,N,N,Y,전남광주통합특별시 장성군 장성읍 기산리 508-2 · 한국관광공사 연관 관광지 · 카카오 좌표
nation,전국,경기광주,·,ro827,경기도자박물관,경기도자박물관,herit,문화유산·전통체험,37.35106,127.32663,60,1h,,,,N,N,Y,N,N,N,Y,경기 광주시 곤지암읍 경충대로 727 · 한국관광공사 연관 관광지 · 카카오 좌표
nation,전국,고양,·,ro828,현대 모터스튜디오 고양,현대 모터스튜디오 고양,herit,문화유산·전통체험,37.66627,126.74749,60,1h,,,,N,N,Y,N,N,N,Y,경기 고양시 일산서구 킨텍스로 217-6 · 한국관광공사 연관 관광지 · 카카오 좌표
nation,전국,완도,·,ro829,완도자연휴양림,완도자연휴양림,heal,힐링·생태·체험,34.35265,126.70241,60,1h,,,,N,N,Y,N,N,N,Y,전남광주통합특별시 완도군 완도읍 대야일구1길 115 · 한국관광공사 연관 관광지 · 카카오 좌표
nation,전국,고성,·,ro830,맥전포항,맥전포항,sea,해양·자연경관,34.89939,128.1642,40,40m,,,,N,N,Y,N,N,N,Y,경남 고성군 하일면 춘암리 790-7 · 한국관광공사 연관 관광지 · 카카오 좌표
nation,전국,무주,·,ro831,무주반디랜드 무주곤충박물관,무주반디랜드 무주곤충박물관,herit,문화유산·전통체험,36.01314,127.75877,60,1h,,,,N,N,Y,N,N,N,Y,전북특별자치도 무주군 설천면 무설로 1324 · 한국관광공사 연관 관광지 · 카카오 좌표
nation,전국,인제,·,ro832,하추자연휴양림,하추자연휴양림,heal,힐링·생태·체험,38.03472,128.32017,60,1h,,,,N,N,Y,N,N,N,Y,강원특별자치도 인제군 인제읍 하추로 686 · 한국관광공사 연관 관광지 · 카카오 좌표
nation,전국,서울,·,ro833,노룬산골목시장,노룬산골목시장,food,로컬상권·먹거리,37.53687,127.06472,50,50m,,,,N,N,Y,N,N,N,Y,서울 광진구 자양동 816-79 · 한국관광공사 연관 관광지 · 카카오 좌표
nation,전국,서울,·,ro834,구로리어린이공원,구로리어린이공원,heal,힐링·생태·체험,37.49083,126.8916,60,1h,,,,N,N,Y,N,N,N,Y,서울 구로구 구로중앙로 13 · 한국관광공사 연관 관광지 · 카카오 좌표
nation,전국,서울,·,ro837,솔밭근린공원,솔밭근린공원,heal,힐링·생태·체험,37.6528,127.01177,60,1h,,,,N,N,Y,N,N,N,Y,서울 강북구 삼양로 561 · 한국관광공사 연관 관광지 · 카카오 좌표
nation,전국,서울,·,ro839,청량리 청과물 도매시장,청량리 청과물 도매시장,food,로컬상권·먹거리,37.57986,127.04214,50,50m,,,,N,N,Y,N,N,N,Y,서울 동대문구 제기동 854-2 · 한국관광공사 연관 관광지 · 카카오 좌표
nation,전국,구미,·,ro840,구미코,구미코,herit,문화유산·전통체험,36.14154,128.44248,60,1h,,,,N,N,Y,N,N,N,Y,경북 구미시 산동읍 첨단기업1로 49 · 한국관광공사 연관 관광지 · 카카오 좌표
nation,전국,서울,·,ro841,망원유수지체육공원,망원유수지체육공원,heal,힐링·생태·체험,37.55778,126.89724,60,1h,,,,N,N,Y,N,N,N,Y,서울 마포구 방울내로11길 198 · 한국관광공사 연관 관광지 · 카카오 좌표
nation,전국,부산,·,ro843,국립부산국악원,국립부산국악원,activity,테마파크·액티비티,35.17126,129.05425,90,1h 30m,,,,N,N,Y,N,N,N,Y,부산 부산진구 국악로 2 · 한국관광공사 연관 관광지 · 카카오 좌표
nation,전국,부산,·,ro844,장림골목시장,장림골목시장,food,로컬상권·먹거리,35.08023,128.9677,50,50m,,,,N,N,Y,N,N,N,Y,부산 사하구 장림동 640-1 · 한국관광공사 연관 관광지 · 카카오 좌표
nation,전국,부산,·,ro846,부산해양자연사박물관,부산해양자연사박물관,herit,문화유산·전통체험,35.22181,129.07584,60,1h,,,,N,N,Y,N,N,N,Y,부산 동래구 우장춘로 175 · 한국관광공사 연관 관광지 · 카카오 좌표
nation,전국,서울,·,ro847,봉원사,봉원사,herit,문화유산·전통체험,37.57201,126.94782,60,1h,,,,N,N,Y,N,N,N,Y,서울 서대문구 봉원사길 120 · 한국관광공사 연관 관광지 · 카카오 좌표
nation,전국,부산,·,ro848,스포원파크,스포원파크,heal,힐링·생태·체험,35.29119,129.10522,60,1h,,,,N,N,Y,N,N,N,Y,부산 금정구 체육공원로399번길 324 · 한국관광공사 연관 관광지 · 카카오 좌표
nation,전국,예산,·,ro850,충의사,충의사,herit,문화유산·전통체험,36.68841,126.6528,60,1h,,,,N,N,Y,N,N,N,Y,충남 예산군 덕산면 덕산온천로 183-5 · 한국관광공사 연관 관광지 · 카카오 좌표
nation,전국,수원,·,ro851,백세삼계탕 본점,백세삼계탕 본점,food,로컬상권·먹거리,37.31804,126.98893,50,50m,,,,N,N,Y,N,N,N,Y,경기 수원시 장안구 경수대로 1200 · 한국관광공사 연관 관광지 · 카카오 좌표
nation,전국,청주,·,ro852,쫄쫄호떡 중앙공원본점,쫄쫄호떡 중앙공원본점,food,로컬상권·먹거리,36.633,127.48845,50,50m,,,,N,N,Y,N,N,N,Y,충북 청주시 상당구 상당로55번길 40-1 · 한국관광공사 연관 관광지 · 카카오 좌표
nation,전국,대구,·,ro853,홍구원 가창점,홍구원 가창점,food,로컬상권·먹거리,35.78933,128.63647,50,50m,,,,N,N,Y,N,N,N,Y,대구 달성군 가창면 가창로176길 9 · 한국관광공사 연관 관광지 · 카카오 좌표
nation,전국,대구,·,ro854,오퐁드부아,오퐁드부아,food,로컬상권·먹거리,35.75253,128.61804,50,50m,,,,N,N,Y,N,N,N,Y,대구 달성군 가창면 주리2길 104 · 한국관광공사 연관 관광지 · 카카오 좌표
nation,전국,인천,·,ro855,늘솜당,늘솜당,food,로컬상권·먹거리,37.41153,126.72248,50,50m,,,,N,N,Y,N,N,N,Y,인천 남동구 논고개로 213-2 · 한국관광공사 연관 관광지 · 카카오 좌표
nation,전국,인천,·,ro856,스타벅스 인천용현DT점,스타벅스 인천용현DT점,food,로컬상권·먹거리,37.45234,126.63258,50,50m,,,,N,N,Y,N,N,N,Y,인천 미추홀구 아암대로 107 · 한국관광공사 연관 관광지 · 카카오 좌표
nation,전국,창원,·,ro857,맥도날드 마산석전DT점,맥도날드 마산석전DT점,food,로컬상권·먹거리,35.22768,128.57387,50,50m,,,,N,N,Y,N,N,N,Y,경남 창원시 마산회원구 3.15대로 601 · 한국관광공사 연관 관광지 · 카카오 좌표
nation,전국,고양,·,ro858,유해자의 일산소바 본점,유해자의 일산소바 본점,food,로컬상권·먹거리,37.68309,126.74601,50,50m,,,,N,N,Y,N,N,N,Y,경기 고양시 일산서구 대화로 362 · 한국관광공사 연관 관광지 · 카카오 좌표
nation,전국,청송,·,ro859,바우,바우,food,로컬상권·먹거리,36.38291,129.12692,50,50m,,,,N,N,Y,N,N,N,Y,경북 청송군 주왕산면 교하로 381 · 한국관광공사 연관 관광지 · 카카오 좌표
nation,전국,구미,·,ro860,곤지곤지 남통점,곤지곤지 남통점,food,로컬상권·먹거리,36.12182,128.32625,50,50m,,,,N,N,Y,N,N,N,Y,경북 구미시 금오산로 217-20 · 한국관광공사 연관 관광지 · 카카오 좌표
nation,전국,서울,·,ro861,함경면옥,함경면옥,food,로컬상권·먹거리,37.57849,127.03316,50,50m,,,,N,N,Y,N,N,N,Y,서울 동대문구 왕산로 87 · 한국관광공사 연관 관광지 · 카카오 좌표
nation,전국,서울,·,ro862,신토불이떡볶이 본점,신토불이떡볶이 본점,food,로컬상권·먹거리,37.55257,127.09048,50,50m,,,,N,N,Y,N,N,N,Y,서울 광진구 자양로43길 42 · 한국관광공사 연관 관광지 · 카카오 좌표
nation,전국,서울,·,ro863,어머니대성집,어머니대성집,food,로컬상권·먹거리,37.57742,127.02858,50,50m,,,,N,N,Y,N,N,N,Y,서울 동대문구 왕산로11길 4 · 한국관광공사 연관 관광지 · 카카오 좌표
nation,전국,대전,·,ro864,동춘당역사공원,동춘당역사공원,heal,힐링·생태·체험,36.36563,127.44188,60,1h,,,,N,N,Y,N,N,N,Y,대전 대덕구 동춘당로 90 · 한국관광공사 연관 관광지 · 카카오 좌표
nation,전국,수원,·,ro865,영흥수목원,영흥수목원,activity,테마파크·액티비티,37.26325,127.07101,90,1h 30m,,,,N,N,Y,N,N,N,Y,경기 수원시 영통구 영통로 435 · 한국관광공사 연관 관광지 · 카카오 좌표
nation,전국,수원,·,ro867,수원시립만석전시관,수원시립만석전시관,herit,문화유산·전통체험,37.29703,126.99945,60,1h,,,,N,N,Y,N,N,N,Y,경기 수원시 장안구 송정로 19 · 한국관광공사 연관 관광지 · 카카오 좌표
nation,전국,보은,·,ro868,속리산CC,속리산CC,activity,테마파크·액티비티,36.44718,127.78215,90,1h 30m,,,,N,N,Y,N,N,N,Y,충북 보은군 탄부면 평각상장로 230 · 한국관광공사 연관 관광지 · 카카오 좌표
nation,전국,청주,·,ro869,초정행궁,초정행궁,herit,문화유산·전통체험,36.72123,127.60217,60,1h,,,,N,N,Y,N,N,N,Y,충북 청주시 청원구 내수읍 초정약수로 851 · 한국관광공사 연관 관광지 · 카카오 좌표
nation,전국,청주,·,ro870,청주북부시장,청주북부시장,food,로컬상권·먹거리,36.64842,127.48585,50,50m,,,,N,N,Y,N,N,N,Y,충북 청주시 청원구 향군로31번길 19 · 한국관광공사 연관 관광지 · 카카오 좌표
nation,전국,대구,·,ro871,플레이월드 대구점,플레이월드 대구점,activity,테마파크·액티비티,35.84143,128.61316,90,1h 30m,,,,N,N,Y,N,N,N,Y,대구 수성구 청수로9길 27 · 한국관광공사 연관 관광지 · 카카오 좌표
nation,전국,대구,·,ro872,수성아트피아,수성아트피아,activity,테마파크·액티비티,35.82934,128.6283,90,1h 30m,,,,N,N,Y,N,N,N,Y,대구 수성구 무학로 180 · 한국관광공사 연관 관광지 · 카카오 좌표
nation,전국,전주,·,ro873,한국소리문화의전당,한국소리문화의전당,activity,테마파크·액티비티,35.85615,127.13817,90,1h 30m,,,,N,N,Y,N,N,N,Y,전북특별자치도 전주시 덕진구 소리로 31 · 한국관광공사 연관 관광지 · 카카오 좌표
nation,전국,인천,·,ro874,남동소래아트홀,남동소래아트홀,activity,테마파크·액티비티,37.3875,126.72475,90,1h 30m,,,,N,N,Y,N,N,N,Y,인천 남동구 아암대로1437번길 32 · 한국관광공사 연관 관광지 · 카카오 좌표
nation,전국,진안,·,ro875,마이산,마이산,sea,해양·자연경관,35.76055,127.4115,40,40m,,,,N,N,Y,N,N,N,Y,전북특별자치도 진안군 마령면 동촌리 산 18 · 한국관광공사 연관 관광지 · 카카오 좌표
nation,전국,진안,·,ro877,운일암반일암계곡,운일암반일암계곡,sea,해양·자연경관,35.97928,127.3968,40,40m,,,,N,N,Y,N,N,N,Y,전북특별자치도 진안군 주천면 대불리 · 한국관광공사 연관 관광지 · 카카오 좌표
nation,전국,인천,·,ro878,남동물빛놀이터,남동물빛놀이터,activity,테마파크·액티비티,37.40294,126.70628,90,1h 30m,,,,N,N,Y,N,N,N,Y,인천 남동구 논현동 644-1 · 한국관광공사 연관 관광지 · 카카오 좌표
nation,전국,순천,·,ro879,중앙시장,중앙시장,food,로컬상권·먹거리,34.95345,127.48411,50,50m,,,,N,N,Y,N,N,N,Y,전남광주통합특별시 순천시 남내동 125-1 · 한국관광공사 연관 관광지 · 카카오 좌표
nation,전국,청송,·,ro880,신촌약수터,신촌약수터,sea,해양·자연경관,36.50573,129.12039,40,40m,,,,N,N,Y,N,N,N,Y,경북 청송군 진보면 신촌리 41-6 · 한국관광공사 연관 관광지 · 카카오 좌표
nation,전국,청송,·,ro882,백석탄 포트홀,백석탄 포트홀,sea,해양·자연경관,36.357,128.97635,40,40m,,,,N,N,Y,N,N,N,Y,경북 청송군 안덕면 고와리 648 · 한국관광공사 연관 관광지 · 카카오 좌표
nation,전국,하동,·,ro884,정금정,정금정,herit,문화유산·전통체험,35.2151,127.64346,60,1h,,,,N,N,Y,N,N,N,Y,경남 하동군 화개면 정금리 산 167 · 한국관광공사 연관 관광지 · 카카오 좌표
nation,전국,거창,·,ro886,오도산전망대,오도산전망대,activity,테마파크·액티비티,35.67398,128.07501,90,1h 30m,,,,N,N,Y,N,N,N,Y,경남 거창군 가조면 도리 산 61-2 · 한국관광공사 연관 관광지 · 카카오 좌표
nation,전국,합천,·,ro887,황계폭포,황계폭포,sea,해양·자연경관,35.51141,128.06972,40,40m,,,,N,N,Y,N,N,N,Y,경남 합천군 용주면 황계리 산 156 · 한국관광공사 연관 관광지 · 카카오 좌표
nation,전국,합천,·,ro888,가야산소리길,가야산소리길,activity,테마파크·액티비티,35.78174,128.1159,90,1h 30m,,,,N,N,Y,N,N,N,Y,경남 합천군 가야면 구원리 642 · 한국관광공사 연관 관광지 · 카카오 좌표
nation,전국,임실,·,ro889,옥정호 붕어섬생태공원,옥정호 붕어섬생태공원,heal,힐링·생태·체험,35.63418,127.14554,60,1h,,,,N,N,Y,N,N,N,Y,전북특별자치도 임실군 운암면 용운리 · 한국관광공사 연관 관광지 · 카카오 좌표
nation,전국,창원,·,ro890,진해보타닉뮤지엄,진해보타닉뮤지엄,activity,테마파크·액티비티,35.13006,128.71755,90,1h 30m,,,,N,N,Y,N,N,N,Y,경남 창원시 진해구 진해대로1137번길 89 · 한국관광공사 연관 관광지 · 카카오 좌표
nation,전국,천안,·,ro891,천안축구센터 본관동,천안축구센터 본관동,activity,테마파크·액티비티,36.82146,127.14526,90,1h 30m,,,,N,N,Y,N,N,N,Y,충남 천안시 서북구 축구센터로 150 · 한국관광공사 연관 관광지 · 카카오 좌표
nation,전국,창원,·,ro892,성흥사,성흥사,herit,문화유산·전통체험,35.14777,128.77934,60,1h,,,,N,N,Y,N,N,N,Y,경남 창원시 진해구 대장로 273 · 한국관광공사 연관 관광지 · 카카오 좌표
nation,전국,익산,·,ro893,북부시장,북부시장,food,로컬상권·먹거리,35.95187,126.95789,50,50m,,,,N,N,Y,N,N,N,Y,전북특별자치도 익산시 인북로 259 · 한국관광공사 연관 관광지 · 카카오 좌표
nation,전국,용인,·,ro894,용담저수지,용담저수지,sea,해양·자연경관,37.18727,127.3074,40,40m,,,,N,N,Y,N,N,N,Y,경기 용인시 처인구 원삼면 사암리 55 · 한국관광공사 연관 관광지 · 카카오 좌표
nation,전국,정읍,·,ro896,백제가요 정읍사문화공원,백제가요 정읍사문화공원,heal,힐링·생태·체험,35.55126,126.86201,60,1h,,,,N,N,Y,N,N,N,Y,전북특별자치도 정읍시 정읍사로 541 · 한국관광공사 연관 관광지 · 카카오 좌표
nation,전국,보은,·,ro897,국립속리산말티재자연휴양림,국립속리산말티재자연휴양림,heal,힐링·생태·체험,36.4903,127.78194,60,1h,,,,N,N,Y,N,N,N,Y,충북 보은군 장안면 속리산로 256 · 한국관광공사 연관 관광지 · 카카오 좌표
nation,전국,경기광주,·,ro898,경안천습지생태공원,경안천습지생태공원,heal,힐링·생태·체험,37.45749,127.3031,60,1h,,,,N,N,Y,N,N,N,Y,경기 광주시 퇴촌면 정지리 571-2 · 한국관광공사 연관 관광지 · 카카오 좌표
nation,전국,경기광주,·,ro899,율봄식물원,율봄식물원,activity,테마파크·액티비티,37.46999,127.27043,90,1h 30m,,,,N,N,Y,N,N,N,Y,경기 광주시 퇴촌면 태허정로 267-54 · 한국관광공사 연관 관광지 · 카카오 좌표
nation,전국,거창,·,ro900,거창항노화힐링랜드,거창항노화힐링랜드,heal,힐링·생태·체험,35.73669,128.04089,60,1h,,,,N,N,Y,N,N,N,Y,경남 거창군 가조면 의상봉길 834 · 한국관광공사 연관 관광지 · 카카오 좌표
nation,전국,문경,·,ro901,문경야구장,문경야구장,activity,테마파크·액티비티,36.55422,128.28843,90,1h 30m,,,,N,N,Y,N,N,N,Y,경북 문경시 영순면 이목리 51-1 · 한국관광공사 연관 관광지 · 카카오 좌표
nation,전국,산청,·,ro902,덕천서원,덕천서원,herit,문화유산·전통체험,35.27465,127.83319,60,1h,,,,N,N,Y,N,N,N,Y,경남 산청군 시천면 남명로 137 · 한국관광공사 연관 관광지 · 카카오 좌표
nation,전국,상주,·,ro903,경천섬공원,경천섬공원,heal,힐링·생태·체험,36.43992,128.25971,60,1h,,,,N,N,Y,N,N,N,Y,경북 상주시 중동면 오상리 · 한국관광공사 연관 관광지 · 카카오 좌표
nation,전국,고령,·,ro904,우륵박물관,우륵박물관,herit,문화유산·전통체험,35.74235,128.26378,60,1h,,,,N,N,Y,N,N,N,Y,경북 고령군 대가야읍 가야금길 98 · 한국관광공사 연관 관광지 · 카카오 좌표
nation,전국,창녕,·,ro905,창녕우포곤충나라,창녕우포곤충나라,herit,문화유산·전통체험,35.56553,128.41797,60,1h,,,,N,N,Y,N,N,N,Y,경남 창녕군 대합면 우포2로 333 · 한국관광공사 연관 관광지 · 카카오 좌표
nation,전국,창녕,·,ro906,화왕산자연휴양림,화왕산자연휴양림,heal,힐링·생태·체험,35.54569,128.5689,60,1h,,,,N,N,Y,N,N,N,Y,경남 창녕군 고암면 청간길 128-126 · 한국관광공사 연관 관광지 · 카카오 좌표
nation,전국,예산,·,ro907,스플라스 스파&워터파크,스플라스 스파&워터파크,activity,테마파크·액티비티,36.69395,126.65653,90,1h 30m,,,,N,N,Y,N,N,N,Y,충남 예산군 덕산면 온천단지3로 45-7 · 한국관광공사 연관 관광지 · 카카오 좌표
nation,전국,양주,·,ro908,가나아트파크,가나아트파크,herit,문화유산·전통체험,37.72557,126.94966,60,1h,,,,N,N,Y,N,N,N,Y,경기 양주시 장흥면 권율로 117 · 한국관광공사 연관 관광지 · 카카오 좌표
nation,전국,청송,·,ro909,청송자연휴양림,청송자연휴양림,heal,힐링·생태·체험,36.3179,129.05376,60,1h,,,,N,N,Y,N,N,N,Y,경북 청송군 부남면 청송로 3478-96 · 한국관광공사 연관 관광지 · 카카오 좌표
nation,전국,서울,·,ro910,영화사,영화사,herit,문화유산·전통체험,37.55417,127.09796,60,1h,,,,N,N,Y,N,N,N,Y,서울 광진구 영화사로 107 · 한국관광공사 연관 관광지 · 카카오 좌표
nation,전국,서울,·,ro912,대한불교조계종 연화사,대한불교조계종 연화사,herit,문화유산·전통체험,37.59435,127.05047,60,1h,,,,N,N,Y,N,N,N,Y,서울 동대문구 경희대로3길 56 · 한국관광공사 연관 관광지 · 카카오 좌표
nation,전국,서울,·,ro913,뚝도시장,뚝도시장,food,로컬상권·먹거리,37.5378,127.05483,50,50m,,,,N,N,Y,N,N,N,Y,서울 성동구 성수이로 32-15 · 한국관광공사 연관 관광지 · 카카오 좌표
nation,전국,서울,·,ro914,마곡실내배드민턴장,마곡실내배드민턴장,activity,테마파크·액티비티,37.57325,126.83122,90,1h 30m,,,,N,N,Y,N,N,N,Y,서울 강서구 양천로 251 · 한국관광공사 연관 관광지 · 카카오 좌표
nation,전국,서울,·,ro915,흥천사,흥천사,herit,문화유산·전통체험,37.59831,127.00925,60,1h,,,,N,N,Y,N,N,N,Y,서울 성북구 흥천사길 29 · 한국관광공사 연관 관광지 · 카카오 좌표
nation,전국,서울,·,ro916,서울함공원,서울함공원,heal,힐링·생태·체험,37.55316,126.8979,60,1h,,,,N,N,Y,N,N,N,Y,서울 마포구 마포나루길 407 · 한국관광공사 연관 관광지 · 카카오 좌표
nation,전국,부산,·,ro917,부산콘서트홀,부산콘서트홀,activity,테마파크·액티비티,35.16943,129.0544,90,1h 30m,,,,N,N,Y,N,N,N,Y,부산 부산진구 동평로 250 · 한국관광공사 연관 관광지 · 카카오 좌표
nation,전국,부산,·,ro918,연동시장,연동시장,food,로컬상권·먹거리,35.18886,129.09254,50,50m,,,,N,N,Y,N,N,N,Y,부산 연제구 연동로8번길 22 · 한국관광공사 연관 관광지 · 카카오 좌표
nation,전국,부산,·,ro920,수영팔도상가시장,수영팔도상가시장,food,로컬상권·먹거리,35.1699,129.11692,50,50m,,,,N,N,Y,N,N,N,Y,부산 수영구 수영성로27번길 15 · 한국관광공사 연관 관광지 · 카카오 좌표
nation,전국,거창,·,ro921,거창사과테마파크,거창사과테마파크,activity,테마파크·액티비티,35.67401,127.92197,90,1h 30m,,,,N,N,Y,N,N,N,Y,경남 거창군 거창읍 거함대로 3372-60 · 한국관광공사 연관 관광지 · 카카오 좌표
nation,전국,보성,·,ro922,보성열화정,보성열화정,herit,문화유산·전통체험,34.76377,127.18788,60,1h,,,,N,N,Y,N,N,N,Y,전남광주통합특별시 보성군 득량면 오봉리 230 · 한국관광공사 연관 관광지 · 카카오 좌표
nation,전국,부산,·,ro923,대저생태공원,대저생태공원,heal,힐링·생태·체험,35.19904,128.97314,60,1h,,,,N,N,Y,N,N,N,Y,부산 강서구 대저1동 1-34 · 한국관광공사 연관 관광지 · 카카오 좌표
nation,전국,서울,·,ro924,청계천박물관,청계천박물관,herit,문화유산·전통체험,37.5713,127.03511,60,1h,,,,N,N,Y,N,N,N,Y,서울 성동구 청계천로 530 · 한국관광공사 연관 관광지 · 카카오 좌표
nation,전국,서울,·,ro925,모래내시장 먹자골목,모래내시장 먹자골목,food,로컬상권·먹거리,37.56933,126.91614,50,50m,,,,N,N,Y,N,N,N,Y,서울 서대문구 남가좌동 110-4 · 한국관광공사 연관 관광지 · 카카오 좌표
nation,전국,횡성,·,ro926,횡성호수길축제,횡성호수길축제,activity,테마파크·액티비티,37.54978,128.06261,90,1h 30m,,,,N,N,Y,N,N,N,Y,강원특별자치도 횡성군 갑천면 구방리 산 164 · 한국관광공사 연관 관광지 · 카카오 좌표
nation,전국,수원,·,ro927,아쿠아플라넷 광교,아쿠아플라넷 광교,activity,테마파크·액티비티,37.2844,127.05846,90,1h 30m,,,,N,N,Y,N,N,N,Y,경기 수원시 영통구 광교호수공원로 300 · 한국관광공사 연관 관광지 · 카카오 좌표
nation,전국,용인,·,ro928,기흥레스피아호수공원 반려동물놀이터,기흥레스피아호수공원 반려동물놀이터,heal,힐링·생태·체험,37.25374,127.09525,60,1h,,,,N,N,Y,N,N,N,Y,경기 용인시 기흥구 하갈동 126-6 · 한국관광공사 연관 관광지 · 카카오 좌표
nation,전국,시흥,·,ro929,오이도 빨강등대,오이도 빨강등대,activity,테마파크·액티비티,37.34546,126.68751,90,1h 30m,,,,N,N,Y,N,N,N,Y,경기 시흥시 오이도로 170 · 한국관광공사 연관 관광지 · 카카오 좌표
nation,전국,청주,·,ro930,운보의집,운보의집,herit,문화유산·전통체험,36.69223,127.56511,60,1h,,,,N,N,Y,N,N,N,Y,충북 청주시 청원구 내수읍 형동2길 92-41 · 한국관광공사 연관 관광지 · 카카오 좌표
nation,전국,대구,·,ro931,2026 대구치맥페스티벌,2026 대구치맥페스티벌,activity,테마파크·액티비티,35.85128,128.55744,90,1h 30m,,,,N,N,Y,N,N,N,Y,대구 달서구 두류동 산 133 · 한국관광공사 연관 관광지 · 카카오 좌표
nation,전국,전주,·,ro932,전주한지박물관,전주한지박물관,herit,문화유산·전통체험,35.84903,127.10025,60,1h,,,,N,N,Y,N,N,N,Y,전북특별자치도 전주시 덕진구 팔복로 59 · 한국관광공사 연관 관광지 · 카카오 좌표
nation,전국,완주,·,ro933,고산자연휴양림,고산자연휴양림,heal,힐링·생태·체험,35.96224,127.2329,60,1h,,,,N,N,Y,N,N,N,Y,전북특별자치도 완주군 고산면 고산휴양림로 246 · 한국관광공사 연관 관광지 · 카카오 좌표
nation,전국,인천,·,ro934,드림파크야생화단지,드림파크야생화단지,heal,힐링·생태·체험,37.57542,126.65349,60,1h,,,,N,N,Y,N,N,N,Y,인천 검단구 · 한국관광공사 연관 관광지 · 카카오 좌표
nation,전국,장흥,·,ro935,보림사,보림사,herit,문화유산·전통체험,34.80749,126.89674,60,1h,,,,N,N,Y,N,N,N,Y,전남광주통합특별시 장흥군 유치면 보림사로 224 · 한국관광공사 연관 관광지 · 카카오 좌표
nation,전국,용인,·,ro936,용인시박물관,용인시박물관,herit,문화유산·전통체험,37.27387,127.15721,60,1h,,,,N,N,Y,N,N,N,Y,경기 용인시 기흥구 동백3로 79 · 한국관광공사 연관 관광지 · 카카오 좌표
nation,전국,보은,·,ro937,보은스포츠파크 야구장,보은스포츠파크 야구장,activity,테마파크·액티비티,36.48536,127.73218,90,1h 30m,,,,N,N,Y,N,N,N,Y,충북 보은군 보은읍 군청길 71 · 한국관광공사 연관 관광지 · 카카오 좌표
nation,전국,경기광주,·,ro938,곤지암호국스포츠타운,곤지암호국스포츠타운,heal,힐링·생태·체험,37.36043,127.32125,60,1h,,,,N,N,Y,N,N,N,Y,경기 광주시 곤지암읍 삼리 612-14 · 한국관광공사 연관 관광지 · 카카오 좌표
nation,전국,시흥,·,ro939,연꽃테마파크,연꽃테마파크,activity,테마파크·액티비티,37.40225,126.80723,90,1h 30m,,,,N,N,Y,N,N,N,Y,경기 시흥시 관곡지로 139 · 한국관광공사 연관 관광지 · 카카오 좌표
nation,전국,장성,·,ro940,황룡시장,황룡시장,food,로컬상권·먹거리,35.29135,126.77391,50,50m,,,,N,N,Y,N,N,N,Y,전남광주통합특별시 장성군 황룡면 삼월길 5 · 한국관광공사 연관 관광지 · 카카오 좌표
nation,전국,장성,·,ro941,국립방장산자연휴양림,국립방장산자연휴양림,heal,힐링·생태·체험,35.44441,126.74907,60,1h,,,,N,N,Y,N,N,N,Y,전남광주통합특별시 장성군 북이면 죽청리 산 70-1 · 한국관광공사 연관 관광지 · 카카오 좌표
nation,전국,고령,·,ro942,소리체험관,소리체험관,herit,문화유산·전통체험,35.74222,128.26427,60,1h,,,,N,N,Y,N,N,N,Y,경북 고령군 대가야읍 가야금길 98 · 한국관광공사 연관 관광지 · 카카오 좌표
nation,전국,상주,·,ro943,낙동강 역사이야기관,낙동강 역사이야기관,herit,문화유산·전통체험,36.36639,128.30874,60,1h,,,,N,N,Y,N,N,N,Y,경북 상주시 낙동면 낙동1길 116 · 한국관광공사 연관 관광지 · 카카오 좌표
nation,전국,구미,·,ro944,지산샛강생태공원,지산샛강생태공원,heal,힐링·생태·체험,36.13457,128.35277,60,1h,,,,N,N,Y,N,N,N,Y,경북 구미시 지산동 847-72 · 한국관광공사 연관 관광지 · 카카오 좌표
nation,전국,청송,·,ro945,주왕산온천관광호텔 청송솔기온천,주왕산온천관광호텔 청송솔기온천,heal,힐링·생태·체험,36.43595,129.06291,60,1h,,,,N,N,Y,N,N,N,Y,경북 청송군 청송읍 중앙로 315 · 한국관광공사 연관 관광지 · 카카오 좌표
nation,전국,세종,·,ro946,국립어린이박물관,국립어린이박물관,herit,문화유산·전통체험,36.48862,127.27338,60,1h,,,,N,N,Y,N,N,N,Y,세종특별자치시 어울누리로 130 · 한국관광공사 연관 관광지 · 카카오 좌표
nation,전국,세종,·,ro947,고복저수지,고복저수지,sea,해양·자연경관,36.60634,127.23548,40,40m,,,,N,N,Y,N,N,N,Y,세종특별자치시 연서면 용암리 57 · 한국관광공사 연관 관광지 · 카카오 좌표
nation,전국,세종,·,ro948,세종전통시장,세종전통시장,food,로컬상권·먹거리,36.60128,127.29956,50,50m,,,,N,N,Y,N,N,N,Y,세종특별자치시 조치원읍 조치원로 26 · 한국관광공사 연관 관광지 · 카카오 좌표
nation,전국,서울,·,ro949,성대전통시장,성대전통시장,food,로컬상권·먹거리,37.49921,126.93086,50,50m,,,,N,N,Y,N,N,N,Y,서울 동작구 국사봉1길 41 · 한국관광공사 연관 관광지 · 카카오 좌표
nation,전국,서울,·,ro950,대신시장,대신시장,food,로컬상권·먹거리,37.51093,126.9175,50,50m,,,,N,N,Y,N,N,N,Y,서울 영등포구 도신로60길 7 · 한국관광공사 연관 관광지 · 카카오 좌표
nation,전국,서울,·,ro952,상계중앙시장,상계중앙시장,food,로컬상권·먹거리,37.65965,127.07028,50,50m,,,,N,N,Y,N,N,N,Y,서울 노원구 상계로23나길 33 · 한국관광공사 연관 관광지 · 카카오 좌표
nation,전국,서울,·,ro953,서울로봇인공지능과학관,서울로봇인공지능과학관,herit,문화유산·전통체험,37.65558,127.04951,60,1h,,,,N,N,Y,N,N,N,Y,서울 도봉구 마들로13길 56 · 한국관광공사 연관 관광지 · 카카오 좌표
nation,전국,서울,·,ro954,점프,점프,activity,테마파크·액티비티,37.63747,127.07342,90,1h 30m,,,,N,N,Y,N,N,N,Y,서울 노원구 한글비석로 102 · 한국관광공사 연관 관광지 · 카카오 좌표
nation,전국,서울,·,ro956,삼성동시장,삼성동시장,food,로컬상권·먹거리,37.47002,126.93211,50,50m,,,,N,N,Y,N,N,N,Y,서울 관악구 원신2길 55 · 한국관광공사 연관 관광지 · 카카오 좌표
nation,전국,서울,·,ro957,서울연극창작센터,서울연극창작센터,activity,테마파크·액티비티,37.5892,127.0061,90,1h 30m,,,,N,N,Y,N,N,N,Y,서울 성북구 성북로 8 · 한국관광공사 연관 관광지 · 카카오 좌표
nation,전국,서울,·,ro958,서울시립 서서울미술관,서울시립 서서울미술관,herit,문화유산·전통체험,37.45775,126.89554,60,1h,,,,N,N,Y,N,N,N,Y,서울 금천구 시흥대로79길 65 · 한국관광공사 연관 관광지 · 카카오 좌표
nation,전국,서울,·,ro959,대성사,대성사,herit,문화유산·전통체험,37.47602,127.01347,60,1h,,,,N,N,Y,N,N,N,Y,서울 서초구 남부순환로328길 49 · 한국관광공사 연관 관광지 · 카카오 좌표
nation,전국,서울,·,ro960,강동아트센터,강동아트센터,activity,테마파크·액티비티,37.5513,127.15756,90,1h 30m,,,,N,N,Y,N,N,N,Y,서울 강동구 동남로 870 · 한국관광공사 연관 관광지 · 카카오 좌표
nation,전국,부산,·,ro961,부산119안전체험관,부산119안전체험관,heal,힐링·생태·체험,35.21795,129.07401,60,1h,,,,N,N,Y,N,N,N,Y,부산 동래구 우장춘로 117 · 한국관광공사 연관 관광지 · 카카오 좌표
nation,전국,부산,·,ro962,을숙도문화회관 들락날락,을숙도문화회관 들락날락,activity,테마파크·액티비티,35.11005,128.94468,90,1h 30m,,,,N,N,Y,N,N,N,Y,부산 사하구 낙동남로1233번길 25 · 한국관광공사 연관 관광지 · 카카오 좌표
nation,전국,부산,·,ro963,부산광역시교육청 학생안전체험관,부산광역시교육청 학생안전체험관,heal,힐링·생태·체험,35.10645,128.92541,60,1h,,,,N,N,Y,N,N,N,Y,부산 강서구 영강길81번길 24 · 한국관광공사 연관 관광지 · 카카오 좌표
nation,전국,부산,·,ro964,낙동아트센터,낙동아트센터,activity,테마파크·액티비티,35.10202,128.90405,90,1h 30m,,,,N,N,Y,N,N,N,Y,부산 강서구 명지국제1로 141 · 한국관광공사 연관 관광지 · 카카오 좌표
nation,전국,부산,·,ro965,천성항,천성항,sea,해양·자연경관,35.0283,128.81538,40,40m,,,,N,N,Y,N,N,N,Y,부산 강서구 천성동 646-2 · 한국관광공사 연관 관광지 · 카카오 좌표
nation,전국,고양,·,ro966,행주산성 역사공원,행주산성 역사공원,heal,힐링·생태·체험,37.59726,126.81909,60,1h,,,,N,N,Y,N,N,N,Y,경기 고양시 덕양구 행주외동 500 · 한국관광공사 연관 관광지 · 카카오 좌표
nation,전국,고양,·,ro967,고양CC,고양CC,activity,테마파크·액티비티,37.63802,126.85837,90,1h 30m,,,,N,N,Y,N,N,N,Y,경기 고양시 덕양구 도내동 1129 · 한국관광공사 연관 관광지 · 카카오 좌표
nation,전국,부산,·,ro968,다대포항,다대포항,sea,해양·자연경관,35.05349,128.98389,40,40m,,,,N,N,Y,N,N,N,Y,부산 사하구 다대동 · 한국관광공사 연관 관광지 · 카카오 좌표
nation,전국,부산,·,ro969,광안리해양레포츠센터,광안리해양레포츠센터,activity,테마파크·액티비티,35.14614,129.11531,90,1h 30m,,,,N,N,Y,N,N,N,Y,부산 수영구 광안해변로54번길 222 · 한국관광공사 연관 관광지 · 카카오 좌표
nation,전국,봉화,·,ro971,봉화은어축제,봉화은어축제,activity,테마파크·액티비티,36.89026,128.73786,90,1h 30m,,,,N,N,Y,N,N,N,Y,경북 봉화군 봉화읍 내성리 506 · 한국관광공사 연관 관광지 · 카카오 좌표
nation,전국,서울,·,ro972,서울시립 남서울미술관,서울시립 남서울미술관,herit,문화유산·전통체험,37.47608,126.97948,60,1h,,,,N,N,Y,N,N,N,Y,서울 관악구 남부순환로 2076 · 한국관광공사 연관 관광지 · 카카오 좌표
nation,전국,서울,·,ro973,서울풍물시장,서울풍물시장,food,로컬상권·먹거리,37.57282,127.02539,50,50m,,,,N,N,Y,N,N,N,Y,서울 동대문구 천호대로4길 21 · 한국관광공사 연관 관광지 · 카카오 좌표
nation,전국,서울,·,ro974,홍릉시험림,홍릉시험림,heal,힐링·생태·체험,37.59396,127.04485,60,1h,,,,N,N,Y,N,N,N,Y,서울 동대문구 회기로 57 · 한국관광공사 연관 관광지 · 카카오 좌표
nation,전국,서울,·,ro975,파리문화공원,파리문화공원,heal,힐링·생태·체험,37.53477,126.87716,60,1h,,,,N,N,Y,N,N,N,Y,서울 양천구 목동 906 · 한국관광공사 연관 관광지 · 카카오 좌표
nation,전국,서울,·,ro976,노들나루공원,노들나루공원,heal,힐링·생태·체험,37.51372,126.95362,60,1h,,,,N,N,Y,N,N,N,Y,서울 동작구 노량진로 247 · 한국관광공사 연관 관광지 · 카카오 좌표
nation,전국,삼척,·,rs1,쏠비치 삼척,쏠비치 삼척,stay,숙박,37.47143,129.16413,30,30m,,,,N,N,Y,N,N,N,N,강원특별자치도 삼척시 수로부인길 453 · 한국관광공사 연관 관광지(숙박) · 카카오 좌표
nation,전국,고성(강원),·,rs2,소노캄 델피노,소노캄 델피노,stay,숙박,38.21059,128.49384,30,30m,,,,N,N,Y,N,N,N,N,강원특별자치도 고성군 토성면 미시령옛길 1153 · 한국관광공사 연관 관광지(숙박) · 카카오 좌표
nation,전국,고성(강원),·,rs3,소노벨 델피노,소노벨 델피노,stay,숙박,38.21196,128.49459,30,30m,,,,N,N,Y,N,N,N,N,강원특별자치도 고성군 토성면 미시령옛길 1153 · 한국관광공사 연관 관광지(숙박) · 카카오 좌표
nation,전국,속초,·,rs4,한화리조트 설악 쏘라노,한화리조트 설악 쏘라노,stay,숙박,38.21062,128.52861,30,30m,,,,N,N,Y,N,N,N,N,강원특별자치도 속초시 미시령로2983번길 111 · 한국관광공사 연관 관광지(숙박) · 카카오 좌표
nation,전국,속초,·,rs5,현대수리조트,현대수리조트,stay,숙박,38.19977,128.54504,30,30m,,,,N,N,Y,N,N,N,N,강원특별자치도 속초시 이목로 153 · 한국관광공사 연관 관광지(숙박) · 카카오 좌표
nation,전국,속초,·,rs6,체스터톤스속초,체스터톤스속초,stay,숙박,38.19418,128.58053,30,30m,,,,N,N,Y,N,N,N,N,강원특별자치도 속초시 엑스포로 109 · 한국관광공사 연관 관광지(숙박) · 카카오 좌표
nation,전국,양양,·,rs7,쏠비치 양양,쏠비치 양양,stay,숙박,38.08698,128.66567,30,30m,,,,N,N,Y,N,N,N,N,강원특별자치도 양양군 손양면 선사유적로 678 · 한국관광공사 연관 관광지(숙박) · 카카오 좌표
nation,전국,통영,·,rs8,금호리조트 통영마리나,금호리조트 통영마리나,stay,숙박,34.82745,128.44016,30,30m,,,,N,N,Y,N,N,N,N,경남 통영시 큰발개1길 33 · 한국관광공사 연관 관광지(숙박) · 카카오 좌표
nation,전국,속초,·,rs9,금호리조트 설악,금호리조트 설악,stay,숙박,38.18181,128.54954,30,30m,,,,N,N,Y,N,N,N,N,강원특별자치도 속초시 사당골길 43 · 한국관광공사 연관 관광지(숙박) · 카카오 좌표
nation,전국,속초,·,rs10,속초 아이파크스위트 호텔앤리조트,속초 아이파크스위트 호텔앤리조트,stay,숙박,38.21348,128.59668,30,30m,,,,N,N,Y,N,N,N,N,강원특별자치도 속초시 중앙로 266 · 한국관광공사 연관 관광지(숙박) · 카카오 좌표
nation,전국,고성(강원),·,rs11,소노펠리체 빌리지 델피노,소노펠리체 빌리지 델피노,stay,숙박,38.21061,128.49084,30,30m,,,,N,N,Y,N,N,N,N,강원특별자치도 고성군 토성면 미시령옛길 1153 · 한국관광공사 연관 관광지(숙박) · 카카오 좌표
nation,전국,고성(강원),·,rs12,켄싱턴리조트 설악비치,켄싱턴리조트 설악비치,stay,숙박,38.24291,128.57251,30,30m,,,,N,N,Y,N,N,N,N,강원특별자치도 고성군 토성면 동해대로 4800 · 한국관광공사 연관 관광지(숙박) · 카카오 좌표
nation,전국,여수,·,rs13,소노캄 여수,소노캄 여수,stay,숙박,34.74237,127.75455,30,30m,,,,N,N,Y,N,N,N,N,전남광주통합특별시 여수시 오동도로 111 · 한국관광공사 연관 관광지(숙박) · 카카오 좌표
nation,전국,인천,·,rs14,인스파이어 엔터테인먼트 리조트,인스파이어 엔터테인먼트 리조트,stay,숙박,37.46551,126.38866,30,30m,,,,N,N,Y,N,N,N,N,인천 영종구 공항문화로 127 · 한국관광공사 연관 관광지(숙박) · 카카오 좌표
nation,전국,강릉,·,rs15,썬크루즈호텔&리조트,썬크루즈호텔&리조트,stay,숙박,37.68345,129.04393,30,30m,,,,N,N,Y,N,N,N,N,강원특별자치도 강릉시 강동면 헌화로 950-39 · 한국관광공사 연관 관광지(숙박) · 카카오 좌표
nation,전국,경주,·,rs16,한화리조트 경주 에톤,한화리조트 경주 에톤,stay,숙박,35.8608,129.27023,30,30m,,,,N,N,Y,N,N,N,N,경북 경주시 보문로 182-27 · 한국관광공사 연관 관광지(숙박) · 카카오 좌표
nation,전국,영덕,·,rs17,파나크 영덕 바이소노벨,파나크 영덕 바이소노벨,stay,숙박,36.3484,129.3868,30,30m,,,,N,N,Y,N,N,N,N,경북 영덕군 강구면 해상공원길 200 · 한국관광공사 연관 관광지(숙박) · 카카오 좌표
nation,전국,속초,·,rs18,라마다호텔 속초,라마다호텔 속초,stay,숙박,38.17424,128.61014,30,30m,,,,N,N,Y,N,N,N,N,강원특별자치도 속초시 대포항희망길 106 · 한국관광공사 연관 관광지(숙박) · 카카오 좌표
nation,전국,속초,·,rs19,롯데리조트 속초,롯데리조트 속초,stay,숙박,38.18072,128.6132,30,30m,,,,N,N,Y,N,N,N,N,강원특별자치도 속초시 대포항길 186 · 한국관광공사 연관 관광지(숙박) · 카카오 좌표
nation,전국,경주,·,rs20,소노캄 경주,소노캄 경주,stay,숙박,35.84677,129.28183,30,30m,,,,N,N,Y,N,N,N,N,경북 경주시 보문로 402-12 · 한국관광공사 연관 관광지(숙박) · 카카오 좌표
nation,전국,강릉,·,rs21,SL호텔 강릉,SL호텔 강릉,stay,숙박,37.88921,128.82544,30,30m,,,,N,N,Y,N,N,N,N,강원특별자치도 강릉시 주문진읍 주문로 59 · 한국관광공사 연관 관광지(숙박) · 카카오 좌표
nation,전국,여수,·,rs22,신라스테이 여수,신라스테이 여수,stay,숙박,34.74406,127.74876,30,30m,,,,N,N,Y,N,N,N,N,전남광주통합특별시 여수시 수정3길 8 · 한국관광공사 연관 관광지(숙박) · 카카오 좌표
nation,전국,부산,·,rs23,한화리조트 해운대,한화리조트 해운대,stay,숙박,35.15438,129.14496,30,30m,,,,N,N,Y,N,N,N,N,부산 해운대구 마린시티3로 52 · 한국관광공사 연관 관광지(숙박) · 카카오 좌표
nation,전국,강릉,·,rs24,라카이샌드파인,라카이샌드파인,stay,숙박,37.80611,128.9045,30,30m,,,,N,N,Y,N,N,N,N,강원특별자치도 강릉시 해안로 536 · 한국관광공사 연관 관광지(숙박) · 카카오 좌표
nation,전국,태안,·,rs25,서초휴양소 태안점,서초휴양소 태안점,stay,숙박,36.69898,126.28797,30,30m,,,,N,N,Y,N,N,N,N,충남 태안군 남면 안면대로 571-12 · 한국관광공사 연관 관광지(숙박) · 카카오 좌표
nation,전국,강릉,·,rs26,탑스텐호텔,탑스텐호텔,stay,숙박,37.65466,129.05292,30,30m,,,,N,N,Y,N,N,N,N,강원특별자치도 강릉시 옥계면 헌화로 455-34 · 한국관광공사 연관 관광지(숙박) · 카카오 좌표
nation,전국,여수,·,rs27,라마다프라자바이윈덤 여수,라마다프라자바이윈덤 여수,stay,숙박,34.71701,127.74828,30,30m,,,,N,N,Y,N,N,N,N,전남광주통합특별시 여수시 돌산읍 강남로 11 · 한국관광공사 연관 관광지(숙박) · 카카오 좌표
nation,전국,고성(강원),·,rs28,켄싱턴리조트 설악밸리,켄싱턴리조트 설악밸리,stay,숙박,38.22819,128.49348,30,30m,,,,N,N,Y,N,N,N,N,강원특별자치도 고성군 토성면 신평골길 8-25 · 한국관광공사 연관 관광지(숙박) · 카카오 좌표
nation,전국,여수,·,rs29,유탑마리나호텔&리조트,유탑마리나호텔&리조트,stay,숙박,34.74443,127.75062,30,30m,,,,N,N,Y,N,N,N,N,전남광주통합특별시 여수시 오동도로 61-15 · 한국관광공사 연관 관광지(숙박) · 카카오 좌표
nation,전국,제주,·,rs30,소노벨 제주,소노벨 제주,stay,숙박,33.54138,126.67167,30,30m,,,,N,N,Y,N,N,N,N,제주특별자치도 제주시 조천읍 신북로 577 · 한국관광공사 연관 관광지(숙박) · 카카오 좌표
nation,전국,부안,·,rs31,소노벨 변산,소노벨 변산,stay,숙박,35.63162,126.47027,30,30m,,,,N,N,Y,N,N,N,N,전북특별자치도 부안군 변산면 격포리 257 · 한국관광공사 연관 관광지(숙박) · 카카오 좌표
nation,전국,서울,·,rs32,그랜드 하얏트 서울,그랜드 하얏트 서울,stay,숙박,37.53944,126.99708,30,30m,,,,N,N,Y,N,N,N,N,서울 용산구 소월로 322 · 한국관광공사 연관 관광지(숙박) · 카카오 좌표
nation,전국,경주,·,rs33,라한셀렉트 경주,라한셀렉트 경주,stay,숙박,35.85032,129.27702,30,30m,,,,N,N,Y,N,N,N,N,경북 경주시 보문로 338 · 한국관광공사 연관 관광지(숙박) · 카카오 좌표
nation,전국,통영,·,rs34,스탠포드호텔앤리조트 통영,스탠포드호텔앤리조트 통영,stay,숙박,34.82438,128.43941,30,30m,,,,N,N,Y,N,N,N,N,경남 통영시 도남로 347 · 한국관광공사 연관 관광지(숙박) · 카카오 좌표
nation,전국,영월,·,rs35,탑스텐리조트 동강시스타,탑스텐리조트 동강시스타,stay,숙박,37.21776,128.51874,30,30m,,,,N,N,Y,N,N,N,N,강원특별자치도 영월군 영월읍 사지막길 160 · 한국관광공사 연관 관광지(숙박) · 카카오 좌표
nation,전국,양양,·,rs36,더앤리조트,더앤리조트,stay,숙박,37.94213,128.76959,30,30m,,,,N,N,Y,N,N,N,N,강원특별자치도 양양군 현남면 개매길 260 · 한국관광공사 연관 관광지(숙박) · 카카오 좌표
nation,전국,동해,·,rs37,동해보양온천컨벤션호텔,동해보양온천컨벤션호텔,stay,숙박,37.59267,129.08712,30,30m,,,,N,N,Y,N,N,N,N,강원특별자치도 동해시 동해대로 6285 · 한국관광공사 연관 관광지(숙박) · 카카오 좌표
nation,전국,강릉,·,rs38,스카이베이호텔 경포,스카이베이호텔 경포,stay,숙박,37.80431,128.90774,30,30m,,,,N,N,Y,N,N,N,N,강원특별자치도 강릉시 해안로 476 · 한국관광공사 연관 관광지(숙박) · 카카오 좌표
nation,전국,여수,·,rs39,디오션리조트,디오션리조트,stay,숙박,34.73339,127.64342,30,30m,,,,N,N,Y,N,N,N,N,전남광주통합특별시 여수시 소호로 295 · 한국관광공사 연관 관광지(숙박) · 카카오 좌표
nation,전국,속초,·,rs40,리센오션파크속초A동,리센오션파크속초A동,stay,숙박,38.18898,128.60334,30,30m,,,,N,N,Y,N,N,N,N,강원특별자치도 속초시 해오름로 167 · 한국관광공사 연관 관광지(숙박) · 카카오 좌표
nation,전국,여수,·,rs41,여수베네치아호텔앤스위트,여수베네치아호텔앤스위트,stay,숙박,34.74579,127.75188,30,30m,,,,N,N,Y,N,N,N,N,전남광주통합특별시 여수시 오동도로 61-13 · 한국관광공사 연관 관광지(숙박) · 카카오 좌표
nation,전국,경주,·,rs42,켄싱턴리조트 경주,켄싱턴리조트 경주,stay,숙박,35.86073,129.2684,30,30m,,,,N,N,Y,N,N,N,N,경북 경주시 보문로 182-29 · 한국관광공사 연관 관광지(숙박) · 카카오 좌표
nation,전국,정선,·,rs43,메이힐스리조트,메이힐스리조트,stay,숙박,37.21127,128.83541,30,30m,,,,N,N,Y,N,N,N,N,강원특별자치도 정선군 고한읍 물한리길 8 · 한국관광공사 연관 관광지(숙박) · 카카오 좌표
nation,전국,삼척,·,rs44,씨스포빌,씨스포빌,stay,숙박,37.396,129.22083,30,30m,,,,N,N,Y,N,N,N,N,강원특별자치도 삼척시 근덕면 상맹방길 30-80 · 한국관광공사 연관 관광지(숙박) · 카카오 좌표
nation,전국,경주,·,rs45,경주 코오롱호텔,경주 코오롱호텔,stay,숙박,35.78793,129.32185,30,30m,,,,N,N,Y,N,N,N,N,경북 경주시 불국로 289-17 · 한국관광공사 연관 관광지(숙박) · 카카오 좌표
nation,전국,정선,·,rs46,하이원리조트 힐콘도,하이원리조트 힐콘도,stay,숙박,37.20682,128.83772,30,30m,,,,N,N,Y,N,N,N,N,강원특별자치도 정선군 고한읍 하이원길 424 · 한국관광공사 연관 관광지(숙박) · 카카오 좌표
nation,전국,여수,·,rs47,오션힐호텔,오션힐호텔,stay,숙박,34.7187,127.74639,30,30m,,,,N,N,Y,N,N,N,N,전남광주통합특별시 여수시 돌산읍 강남해안로 81 · 한국관광공사 연관 관광지(숙박) · 카카오 좌표
nation,전국,여수,·,rs48,히든베이호텔,히든베이호텔,stay,숙박,34.72142,127.6989,30,30m,,,,N,N,Y,N,N,N,N,전남광주통합특별시 여수시 신월로 496-25 · 한국관광공사 연관 관광지(숙박) · 카카오 좌표
nation,전국,여수,·,rs49,호텔헤이븐,호텔헤이븐,stay,숙박,34.73239,127.74909,30,30m,,,,N,N,Y,N,N,N,N,전남광주통합특별시 여수시 돌산읍 진두해안길 131 · 한국관광공사 연관 관광지(숙박) · 카카오 좌표
nation,전국,제주,·,rs50,휘닉스 아일랜드,휘닉스 아일랜드,stay,숙박,33.43032,126.92937,30,30m,,,,N,N,Y,N,N,N,N,제주특별자치도 서귀포시 성산읍 섭지코지로 107 · 한국관광공사 연관 관광지(숙박) · 카카오 좌표
nation,전국,예산,·,rs51,스플라스 리솜,스플라스 리솜,stay,숙박,36.69394,126.65638,30,30m,,,,N,N,Y,N,N,N,N,충남 예산군 덕산면 온천단지3로 45-7 · 한국관광공사 연관 관광지(숙박) · 카카오 좌표
nation,전국,속초,·,rs52,씨크루즈호텔속초,씨크루즈호텔속초,stay,숙박,38.20132,128.58707,30,30m,,,,N,N,Y,N,N,N,N,강원특별자치도 속초시 청초호반로 273 · 한국관광공사 연관 관광지(숙박) · 카카오 좌표
nation,전국,양평,·,rs53,소노벨 양평,소노벨 양평,stay,숙박,37.46923,127.53267,30,30m,,,,N,N,Y,N,N,N,N,경기 양평군 개군면 신내길7번길 55 · 한국관광공사 연관 관광지(숙박) · 카카오 좌표
nation,전국,양양,·,rs54,디그니티호텔,디그니티호텔,stay,숙박,38.10853,128.64053,30,30m,,,,N,N,Y,N,N,N,N,강원특별자치도 양양군 양양읍 일출로 159-5 · 한국관광공사 연관 관광지(숙박) · 카카오 좌표
nation,전국,여수,·,rs55,라테라스리조트앤스파,라테라스리조트앤스파,stay,숙박,34.70873,127.75648,30,30m,,,,N,N,Y,N,N,N,N,전남광주통합특별시 여수시 돌산읍 진모1길 29-12 · 한국관광공사 연관 관광지(숙박) · 카카오 좌표
nation,전국,속초,·,rs56,더블루테라호텔,더블루테라호텔,stay,숙박,38.18485,128.60147,30,30m,,,,N,N,Y,N,N,N,N,강원특별자치도 속초시 동해대로 3920 · 한국관광공사 연관 관광지(숙박) · 카카오 좌표
nation,전국,울진,·,rs57,덕구온천호텔,덕구온천호텔,stay,숙박,37.07875,129.28357,30,30m,,,,N,N,Y,N,N,N,N,경북 울진군 북면 덕구온천로 924 · 한국관광공사 연관 관광지(숙박) · 카카오 좌표
nation,전국,부여,·,rs58,롯데리조트 부여,롯데리조트 부여,stay,숙박,36.30403,126.90083,30,30m,,,,N,N,Y,N,N,N,N,충남 부여군 규암면 백제문로 400 · 한국관광공사 연관 관광지(숙박) · 카카오 좌표
nation,전국,서울,·,rs59,포시즌스 호텔 서울,포시즌스 호텔 서울,stay,숙박,37.57068,126.9754,30,30m,,,,N,N,Y,N,N,N,N,서울 종로구 새문안로 97 · 한국관광공사 연관 관광지(숙박) · 카카오 좌표
nation,전국,경주,·,rs60,힐튼호텔 경주,힐튼호텔 경주,stay,숙박,35.83998,129.28576,30,30m,,,,N,N,Y,N,N,N,N,경북 경주시 보문로 484-7 · 한국관광공사 연관 관광지(숙박) · 카카오 좌표
nation,전국,평창,·,rs61,스테이1538 평창,스테이1538 평창,stay,숙박,37.66133,128.67197,30,30m,,,,N,N,Y,N,N,N,N,강원특별자치도 평창군 대관령면 솔봉로 357 · 한국관광공사 연관 관광지(숙박) · 카카오 좌표
nation,전국,속초,·,rs62,속초마리비스타호텔,속초마리비스타호텔,stay,숙박,38.18955,128.5938,30,30m,,,,N,N,Y,N,N,N,N,강원특별자치도 속초시 동해대로 4027 · 한국관광공사 연관 관광지(숙박) · 카카오 좌표
nation,전국,화순,·,rs63,금호화순스파리조트,금호화순스파리조트,stay,숙박,35.16347,127.08384,30,30m,,,,N,N,Y,N,N,N,N,전남광주통합특별시 화순군 백아면 옥리길 14-21 · 한국관광공사 연관 관광지(숙박) · 카카오 좌표
nation,전국,정선,·,rs64,JS그랜드팰리스,JS그랜드팰리스,stay,숙박,37.22663,128.81242,30,30m,,,,N,N,Y,N,N,N,N,강원특별자치도 정선군 사북읍 지장천로 583 · 한국관광공사 연관 관광지(숙박) · 카카오 좌표
nation,전국,목포,·,rs65,신안비치호텔,신안비치호텔,stay,숙박,34.78551,126.36922,30,30m,,,,N,N,Y,N,N,N,N,전남광주통합특별시 목포시 해안로 2 · 한국관광공사 연관 관광지(숙박) · 카카오 좌표
nation,전국,양평,·,rs66,블룸비스타 호텔앤컨퍼런스,블룸비스타 호텔앤컨퍼런스,stay,숙박,37.50037,127.42192,30,30m,,,,N,N,Y,N,N,N,N,경기 양평군 강하면 강남로 316 · 한국관광공사 연관 관광지(숙박) · 카카오 좌표
nation,전국,거제,·,rs67,호텔리베라 거제,호텔리베라 거제,stay,숙박,34.81138,128.70416,30,30m,,,,N,N,Y,N,N,N,N,경남 거제시 일운면 거제대로 2190 · 한국관광공사 연관 관광지(숙박) · 카카오 좌표
nation,전국,통영,·,rs68,클럽ES통영리조트,클럽ES통영리조트,stay,숙박,34.76514,128.40972,30,30m,,,,N,N,Y,N,N,N,N,경남 통영시 산양읍 척포길 628-113 · 한국관광공사 연관 관광지(숙박) · 카카오 좌표
nation,전국,속초,·,rs69,썬라이즈호텔,썬라이즈호텔,stay,숙박,38.20178,128.58891,30,30m,,,,N,N,Y,N,N,N,N,강원특별자치도 속초시 청초호반로 291 · 한국관광공사 연관 관광지(숙박) · 카카오 좌표
nation,전국,태백,·,rs70,태백호텔,태백호텔,stay,숙박,37.13232,128.96021,30,30m,,,,N,N,Y,N,N,N,N,강원특별자치도 태백시 태백산로 4761 · 한국관광공사 연관 관광지(숙박) · 카카오 좌표
nation,전국,제주,·,rs71,그랜드조선 제주,그랜드조선 제주,stay,숙박,33.25236,126.408,30,30m,,,,N,N,Y,N,N,N,N,제주특별자치도 서귀포시 중문관광로72번길 60 · 한국관광공사 연관 관광지(숙박) · 카카오 좌표
nation,전국,강릉,·,rs72,컨피네스 오션스위트,컨피네스 오션스위트,stay,숙박,37.83659,128.87467,30,30m,,,,N,N,Y,N,N,N,N,강원특별자치도 강릉시 사천면 진리항구2길 5 · 한국관광공사 연관 관광지(숙박) · 카카오 좌표
nation,전국,인천,·,rs73,강화씨사이드리조트,강화씨사이드리조트,stay,숙박,37.61715,126.49817,30,30m,,,,N,N,Y,N,N,N,N,인천 강화군 길상면 장흥로 217 · 한국관광공사 연관 관광지(숙박) · 카카오 좌표
nation,전국,동해,·,rs74,동해오션시티레지던스호텔,동해오션시티레지던스호텔,stay,숙박,37.52084,129.11921,30,30m,,,,N,N,Y,N,N,N,N,강원특별자치도 동해시 한섬로 136-4 · 한국관광공사 연관 관광지(숙박) · 카카오 좌표
nation,전국,정선,·,rs75,하이원리조트 마운틴콘도,하이원리조트 마운틴콘도,stay,숙박,37.20812,128.82597,30,30m,,,,N,N,Y,N,N,N,N,강원특별자치도 정선군 고한읍 하이원길 265-1 · 한국관광공사 연관 관광지(숙박) · 카카오 좌표
nation,전국,여수,·,rs76,여수벨메르,여수벨메르,stay,숙박,34.74277,127.67231,30,30m,,,,N,N,Y,N,N,N,N,전남광주통합특별시 여수시 웅천남4로 17 · 한국관광공사 연관 관광지(숙박) · 카카오 좌표
nation,전국,부안,·,rs77,모항해나루가족호텔,모항해나루가족호텔,stay,숙박,35.58097,126.5078,30,30m,,,,N,N,Y,N,N,N,N,전북특별자치도 부안군 변산면 모항해변길 73 · 한국관광공사 연관 관광지(숙박) · 카카오 좌표
nation,전국,안동,·,rs78,스탠포드호텔 안동,스탠포드호텔 안동,stay,숙박,36.56848,128.50913,30,30m,,,,N,N,Y,N,N,N,N,경북 안동시 풍천면 도청대로 400 · 한국관광공사 연관 관광지(숙박) · 카카오 좌표
nation,전국,사천,·,rs79,사천아르떼리조트 풀빌라,사천아르떼리조트 풀빌라,stay,숙박,34.94927,128.0378,30,30m,,,,N,N,Y,N,N,N,N,경남 사천시 해안관광로 109-10 · 한국관광공사 연관 관광지(숙박) · 카카오 좌표
nation,전국,서울,·,rs80,이비스 앰배서더 서울 인사동,이비스 앰배서더 서울 인사동,stay,숙박,37.57441,126.98939,30,30m,,,,N,N,Y,N,N,N,N,서울 종로구 삼일대로30길 31 · 한국관광공사 연관 관광지(숙박) · 카카오 좌표
nation,전국,단양,·,rs81,소노벨 단양,소노벨 단양,stay,숙박,36.97781,128.36412,30,30m,,,,N,N,Y,N,N,N,N,충북 단양군 단양읍 삼봉로 187-18 · 한국관광공사 연관 관광지(숙박) · 카카오 좌표
nation,전국,양양,·,rs82,설해원,설해원,stay,숙박,38.05352,128.66224,30,30m,,,,N,N,Y,N,N,N,N,강원특별자치도 양양군 손양면 공항로 230 · 한국관광공사 연관 관광지(숙박) · 카카오 좌표
nation,전국,대전,·,rs83,계룡스파텔,계룡스파텔,stay,숙박,36.35569,127.34832,30,30m,,,,N,N,Y,N,N,N,N,대전 유성구 온천로 81 · 한국관광공사 연관 관광지(숙박) · 카카오 좌표
nation,전국,속초,·,rs84,속초마리나베이,속초마리나베이,stay,숙박,38.19074,128.592,30,30m,,,,N,N,Y,N,N,N,N,강원특별자치도 속초시 청초호반로 28 · 한국관광공사 연관 관광지(숙박) · 카카오 좌표
nation,전국,강릉,·,rs85,씨마크호텔,씨마크호텔,stay,숙박,37.79715,128.91519,30,30m,,,,N,N,Y,N,N,N,N,강원특별자치도 강릉시 해안로406번길 2 · 한국관광공사 연관 관광지(숙박) · 카카오 좌표
nation,전국,평창,·,rs86,켄싱턴호텔 평창,켄싱턴호텔 평창,stay,숙박,37.68882,128.59762,30,30m,,,,N,N,Y,N,N,N,N,강원특별자치도 평창군 진부면 진고개로 231 · 한국관광공사 연관 관광지(숙박) · 카카오 좌표
nation,전국,해남,·,rs87,해남126호텔,해남126호텔,stay,숙박,34.66642,126.25697,30,30m,,,,N,N,Y,N,N,N,N,전남광주통합특별시 해남군 화원면 시아로 576-33 · 한국관광공사 연관 관광지(숙박) · 카카오 좌표
nation,전국,목포,·,rs88,목포오션호텔,목포오션호텔,stay,숙박,34.78834,126.39072,30,30m,,,,N,N,Y,N,N,N,N,전남광주통합특별시 목포시 해안로279번길 3 · 한국관광공사 연관 관광지(숙박) · 카카오 좌표
nation,전국,진주,·,rs89,골든튤립 호텔남강,골든튤립 호텔남강,stay,숙박,35.19162,128.08656,30,30m,,,,N,N,Y,N,N,N,N,경남 진주시 남강로673번길 16 · 한국관광공사 연관 관광지(숙박) · 카카오 좌표
nation,전국,서울,·,rs90,JW 메리어트 호텔 서울,JW 메리어트 호텔 서울,stay,숙박,37.50404,127.00469,30,30m,,,,N,N,Y,N,N,N,N,서울 서초구 신반포로 176 · 한국관광공사 연관 관광지(숙박) · 카카오 좌표
nation,전국,춘천,·,rs91,벨라스테이호텔 춘천,벨라스테이호텔 춘천,stay,숙박,37.88472,127.74985,30,30m,,,,N,N,Y,N,N,N,N,강원특별자치도 춘천시 춘천로 352 · 한국관광공사 연관 관광지(숙박) · 카카오 좌표
nation,전국,제주,·,rs92,소노캄 제주,소노캄 제주,stay,숙박,33.30553,126.79208,30,30m,,,,N,N,Y,N,N,N,N,제주특별자치도 서귀포시 표선면 일주동로 6347-17 · 한국관광공사 연관 관광지(숙박) · 카카오 좌표
nation,전국,부산,·,rs93,해운대센텀호텔,해운대센텀호텔,stay,숙박,35.1678,129.13283,30,30m,,,,N,N,Y,N,N,N,N,부산 해운대구 센텀3로 20 · 한국관광공사 연관 관광지(숙박) · 카카오 좌표
nation,전국,부산,·,rs94,시그니엘 부산,시그니엘 부산,stay,숙박,35.16029,129.16922,30,30m,,,,N,N,Y,N,N,N,N,부산 해운대구 달맞이길 30 · 한국관광공사 연관 관광지(숙박) · 카카오 좌표
nation,전국,동해,·,rs95,망상오토캠핑리조트,망상오토캠핑리조트,stay,숙박,37.60042,129.07846,30,30m,,,,N,N,Y,N,N,N,N,강원특별자치도 동해시 동해대로 6370 · 한국관광공사 연관 관광지(숙박) · 카카오 좌표
nation,전국,양양,·,rs96,센텀마크호텔 양양,센텀마크호텔 양양,stay,숙박,38.07903,128.61521,30,30m,,,,N,N,Y,N,N,N,N,강원특별자치도 양양군 양양읍 한고개길 9 · 한국관광공사 연관 관광지(숙박) · 카카오 좌표
nation,전국,김해,·,rs97,롯데호텔앤리조트 김해,롯데호텔앤리조트 김해,stay,숙박,35.18106,128.82562,30,30m,,,,N,N,Y,N,N,N,N,경남 김해시 장유로 505 · 한국관광공사 연관 관광지(숙박) · 카카오 좌표
nation,전국,부산,·,rs98,해운대부민병원,해운대부민병원,stay,숙박,35.16142,129.15565,30,30m,,,,N,N,Y,N,N,N,N,부산 해운대구 해운대로 584 · 한국관광공사 연관 관광지(숙박) · 카카오 좌표
nation,전국,천안,·,rs99,소노벨 천안,소노벨 천안,stay,숙박,36.7574,127.22408,30,30m,,,,N,N,Y,N,N,N,N,충남 천안시 동남구 성남면 소노로 1 · 한국관광공사 연관 관광지(숙박) · 카카오 좌표
nation,전국,하동,·,rs100,하동야생차박물관,하동야생차박물관,stay,숙박,35.22774,127.64271,30,30m,,,,N,N,Y,N,N,N,N,경남 하동군 화개면 쌍계로 571-25 · 한국관광공사 연관 관광지(숙박) · 카카오 좌표
nation,전국,제주,·,rs101,더포그레이스호텔앤리조트,더포그레이스호텔앤리조트,stay,숙박,33.47366,126.91043,30,30m,,,,N,N,Y,N,N,N,N,제주특별자치도 서귀포시 성산읍 해맞이해안로 2670 · 한국관광공사 연관 관광지(숙박) · 카카오 좌표
nation,전국,서울,·,rs102,스위스 그랜드 호텔,스위스 그랜드 호텔,stay,숙박,37.58882,126.93413,30,30m,,,,N,N,Y,N,N,N,N,서울 서대문구 연희로 353 · 한국관광공사 연관 관광지(숙박) · 카카오 좌표
nation,전국,서울,·,rs103,해밀톤호텔,해밀톤호텔,stay,숙박,37.53482,126.99356,30,30m,,,,N,N,Y,N,N,N,N,서울 용산구 이태원로 179 · 한국관광공사 연관 관광지(숙박) · 카카오 좌표
nation,전국,경주,·,rs104,코모도호텔 경주,코모도호텔 경주,stay,숙박,35.84432,129.28533,30,30m,,,,N,N,Y,N,N,N,N,경북 경주시 보문로 422 · 한국관광공사 연관 관광지(숙박) · 카카오 좌표
nation,전국,동해,·,rs105,동해현진관광호텔,동해현진관광호텔,stay,숙박,37.51942,129.11791,30,30m,,,,N,N,Y,N,N,N,N,강원특별자치도 동해시 동굴로 125-3 · 한국관광공사 연관 관광지(숙박) · 카카오 좌표
nation,전국,강릉,·,rs106,호텔위더스,호텔위더스,stay,숙박,37.68253,129.04246,30,30m,,,,N,N,Y,N,N,N,N,강원특별자치도 강릉시 강동면 헌화로 920-16 · 한국관광공사 연관 관광지(숙박) · 카카오 좌표
nation,전국,통영,·,rs107,한산호텔,한산호텔,stay,숙박,34.83968,128.42213,30,30m,,,,N,N,Y,N,N,N,N,경남 통영시 통영해안로 247 · 한국관광공사 연관 관광지(숙박) · 카카오 좌표
nation,전국,여주,·,rs108,썬밸리호텔,썬밸리호텔,stay,숙박,37.29313,127.66105,30,30m,,,,N,N,Y,N,N,N,N,경기 여주시 강변유원지길 45 · 한국관광공사 연관 관광지(숙박) · 카카오 좌표
nation,전국,해남,·,rs109,호텔써던힐,호텔써던힐,stay,숙박,34.56803,126.60851,30,30m,,,,N,N,Y,N,N,N,N,전남광주통합특별시 해남군 해남읍 교육청길 38 · 한국관광공사 연관 관광지(숙박) · 카카오 좌표
nation,전국,보성,·,rs110,춘운서옥,춘운서옥,stay,숙박,34.77459,127.08278,30,30m,,,,N,N,Y,N,N,N,N,전남광주통합특별시 보성군 보성읍 송재로 211-9 · 한국관광공사 연관 관광지(숙박) · 카카오 좌표
nation,전국,창원,·,rs111,그랜드머큐어앰배서더 창원 창원호텔,그랜드머큐어앰배서더 창원 창원호텔,stay,숙박,35.23929,128.65529,30,30m,,,,N,N,Y,N,N,N,N,경남 창원시 성산구 원이대로 332 · 한국관광공사 연관 관광지(숙박) · 카카오 좌표
nation,전국,군산,·,rs112,라마다바이윈덤 군산,라마다바이윈덤 군산,stay,숙박,35.95885,126.68992,30,30m,,,,N,N,Y,N,N,N,N,전북특별자치도 군산시 대학로 400 · 한국관광공사 연관 관광지(숙박) · 카카오 좌표
nation,전국,울진,·,rs113,덕구온천콘도,덕구온천콘도,stay,숙박,37.07866,129.28094,30,30m,,,,N,N,Y,N,N,N,N,경북 울진군 북면 덕구온천로 921 · 한국관광공사 연관 관광지(숙박) · 카카오 좌표
nation,전국,서울,·,rs114,콘래드 서울,콘래드 서울,stay,숙박,37.52542,126.92674,30,30m,,,,N,N,Y,N,N,N,N,서울 영등포구 국제금융로 10 · 한국관광공사 연관 관광지(숙박) · 카카오 좌표
nation,전국,제주,·,rs115,켄싱턴리조트 서귀포,켄싱턴리조트 서귀포,stay,숙박,33.23378,126.48907,30,30m,,,,N,N,Y,N,N,N,N,제주특별자치도 서귀포시 이어도로 684 · 한국관광공사 연관 관광지(숙박) · 카카오 좌표
nation,전국,제주,·,rs116,더베스트 제주 성산 호텔,더베스트 제주 성산 호텔,stay,숙박,33.44977,126.917,30,30m,,,,N,N,Y,N,N,N,N,제주특별자치도 서귀포시 성산읍 동류암로 26 · 한국관광공사 연관 관광지(숙박) · 카카오 좌표
nation,전국,제주,·,rs117,한화리조트 제주,한화리조트 제주,stay,숙박,33.449,126.63736,30,30m,,,,N,N,Y,N,N,N,N,제주특별자치도 제주시 명림로 575-107 · 한국관광공사 연관 관광지(숙박) · 카카오 좌표
nation,전국,경주,·,rs118,더케이호텔 경주,더케이호텔 경주,stay,숙박,35.83752,129.29203,30,30m,,,,N,N,Y,N,N,N,N,경북 경주시 엑스포로 45 · 한국관광공사 연관 관광지(숙박) · 카카오 좌표
nation,전국,정선,·,rs119,정선랜드,정선랜드,stay,숙박,37.20597,128.81397,30,30m,,,,N,N,Y,N,N,N,N,강원특별자치도 정선군 사북읍 하이원길 202 · 한국관광공사 연관 관광지(숙박) · 카카오 좌표
nation,전국,통영,·,rs120,포르투나호텔,포르투나호텔,stay,숙박,34.83295,128.414,30,30m,,,,N,N,Y,N,N,N,N,경남 통영시 미수해안로 152 · 한국관광공사 연관 관광지(숙박) · 카카오 좌표
nation,전국,대전,·,rs121,롯데시티호텔 대전,롯데시티호텔 대전,stay,숙박,36.37619,127.39303,30,30m,,,,N,N,Y,N,N,N,N,대전 유성구 엑스포로123번길 33 · 한국관광공사 연관 관광지(숙박) · 카카오 좌표
nation,전국,동해,·,rs122,뉴동해관광호텔,뉴동해관광호텔,stay,숙박,37.52661,129.10308,30,30m,,,,N,N,Y,N,N,N,N,강원특별자치도 동해시 평릉길 1 · 한국관광공사 연관 관광지(숙박) · 카카오 좌표
nation,전국,전주,·,rs123,신라스테이 전주,신라스테이 전주,stay,숙박,35.81969,127.14854,30,30m,,,,N,N,Y,N,N,N,N,전북특별자치도 전주시 완산구 현무1길 10 · 한국관광공사 연관 관광지(숙박) · 카카오 좌표
nation,전국,태백,·,rs124,오투리조트 타워콘도,오투리조트 타워콘도,stay,숙박,37.17077,128.9482,30,30m,,,,N,N,Y,N,N,N,N,강원특별자치도 태백시 서학로 861 · 한국관광공사 연관 관광지(숙박) · 카카오 좌표
nation,전국,순천,·,rs125,호텔라움,호텔라움,stay,숙박,34.94091,127.5084,30,30m,,,,N,N,Y,N,N,N,N,전남광주통합특별시 순천시 하풍동길 1-1 · 한국관광공사 연관 관광지(숙박) · 카카오 좌표
nation,전국,목포,·,rs126,이음호텔 목포평화광장점,이음호텔 목포평화광장점,stay,숙박,34.80435,126.42936,30,30m,,,,N,N,Y,N,N,N,N,전남광주통합특별시 목포시 장미로 79 · 한국관광공사 연관 관광지(숙박) · 카카오 좌표
nation,전국,부안,·,rs127,태왕리조트,태왕리조트,stay,숙박,35.60789,126.46621,30,30m,,,,N,N,Y,N,N,N,N,전북특별자치도 부안군 변산면 궁항영상길 68 · 한국관광공사 연관 관광지(숙박) · 카카오 좌표
nation,전국,제천,·,rs128,클럽이에스 제천리조트,클럽이에스 제천리조트,stay,숙박,36.99035,128.19511,30,30m,,,,N,N,Y,N,N,N,N,충북 제천시 수산면 옥순봉로 1248 · 한국관광공사 연관 관광지(숙박) · 카카오 좌표
nation,전국,군산,·,rs129,에이본호텔 군산,에이본호텔 군산,stay,숙박,35.97635,126.72446,30,30m,,,,N,N,Y,N,N,N,N,전북특별자치도 군산시 해망로 10 · 한국관광공사 연관 관광지(숙박) · 카카오 좌표
nation,전국,포천,·,rs130,한화리조트 산정호수,한화리조트 산정호수,stay,숙박,38.0662,127.31396,30,30m,,,,N,N,Y,N,N,N,N,경기 포천시 영북면 산정호수로 402 · 한국관광공사 연관 관광지(숙박) · 카카오 좌표
nation,전국,가평,·,rs131,켄싱턴리조트 가평,켄싱턴리조트 가평,stay,숙박,37.75972,127.3956,30,30m,,,,N,N,Y,N,N,N,N,경기 가평군 상면 청군로 430 · 한국관광공사 연관 관광지(숙박) · 카카오 좌표
nation,전국,서울,·,rs132,롯데호텔 월드,롯데호텔 월드,stay,숙박,37.51147,127.10034,30,30m,,,,N,N,Y,N,N,N,N,서울 송파구 올림픽로 240 · 한국관광공사 연관 관광지(숙박) · 카카오 좌표
nation,전국,영덕,·,rs133,고래불국민야영장,고래불국민야영장,stay,숙박,36.57152,129.41901,30,30m,,,,N,N,Y,N,N,N,N,경북 영덕군 병곡면 고래불로 68 · 한국관광공사 연관 관광지(숙박) · 카카오 좌표
nation,전국,부산,·,rs134,롯데호텔 부산,롯데호텔 부산,stay,숙박,35.15679,129.05642,30,30m,,,,N,N,Y,N,N,N,N,부산 부산진구 가야대로 772 · 한국관광공사 연관 관광지(숙박) · 카카오 좌표
nation,전국,영월,·,rs135,어라연 별관,어라연 별관,stay,숙박,37.18031,128.46447,30,30m,,,,N,N,Y,N,N,N,N,강원특별자치도 영월군 영월읍 은행나무4길 20-3 · 한국관광공사 연관 관광지(숙박) · 카카오 좌표
nation,전국,제주,·,rs136,파르나스호텔 제주,파르나스호텔 제주,stay,숙박,33.24459,126.40576,30,30m,,,,N,N,Y,N,N,N,N,제주특별자치도 서귀포시 중문관광로72번길 100 · 한국관광공사 연관 관광지(숙박) · 카카오 좌표
nation,전국,부산,·,rs137,신라스테이 서부산,신라스테이 서부산,stay,숙박,35.09668,128.90515,30,30m,,,,N,N,Y,N,N,N,N,부산 강서구 명지국제7로 38 · 한국관광공사 연관 관광지(숙박) · 카카오 좌표
nation,전국,정선,·,rs138,하이원리조트 밸리콘도,하이원리조트 밸리콘도,stay,숙박,37.20539,128.84031,30,30m,,,,N,N,Y,N,N,N,N,강원특별자치도 정선군 고한읍 하이원길 500 · 한국관광공사 연관 관광지(숙박) · 카카오 좌표
nation,전국,정선,·,rs139,파크로쉬리조트앤웰니스,파크로쉬리조트앤웰니스,stay,숙박,37.47474,128.61113,30,30m,,,,N,N,Y,N,N,N,N,강원특별자치도 정선군 북평면 중봉길 9-12 · 한국관광공사 연관 관광지(숙박) · 카카오 좌표
nation,전국,정선,·,rs140,파인포레스트 정선알파인리조트,파인포레스트 정선알파인리조트,stay,숙박,37.47563,128.6124,30,30m,,,,N,N,Y,N,N,N,N,강원특별자치도 정선군 북평면 중봉길 23 · 한국관광공사 연관 관광지(숙박) · 카카오 좌표
nation,전국,대전,·,rs141,라마다바이윈덤 대전,라마다바이윈덤 대전,stay,숙박,36.35318,127.3447,30,30m,,,,N,N,Y,N,N,N,N,대전 유성구 계룡로 127 · 한국관광공사 연관 관광지(숙박) · 카카오 좌표
nation,전국,통영,·,rs142,통영관광호텔,통영관광호텔,stay,숙박,34.84604,128.43037,30,30m,,,,N,N,Y,N,N,N,N,경남 통영시 항북길 12-9 · 한국관광공사 연관 관광지(숙박) · 카카오 좌표
nation,전국,춘천,·,rs143,에스턴호텔 춘천,에스턴호텔 춘천,stay,숙박,37.87376,127.71413,30,30m,,,,N,N,Y,N,N,N,N,강원특별자치도 춘천시 중앙로 193 · 한국관광공사 연관 관광지(숙박) · 카카오 좌표
nation,전국,창원,·,rs144,토요코인호텔 창원점,토요코인호텔 창원점,stay,숙박,35.22328,128.67889,30,30m,,,,N,N,Y,N,N,N,N,경남 창원시 성산구 중앙대로 93 · 한국관광공사 연관 관광지(숙박) · 카카오 좌표
nation,전국,보령,·,rs145,환상의바다리조트,환상의바다리조트,stay,숙박,36.32379,126.50721,30,30m,,,,N,N,Y,N,N,N,N,충남 보령시 대천항1길 67-5 · 한국관광공사 연관 관광지(숙박) · 카카오 좌표
nation,전국,서울,·,rs146,호텔 베르누이 서울,호텔 베르누이 서울,stay,숙박,37.49744,126.84597,30,30m,,,,N,N,Y,N,N,N,N,서울 구로구 경인로 229 · 한국관광공사 연관 관광지(숙박) · 카카오 좌표
nation,전국,울진,·,rs147,라벨르호텔앤스파,라벨르호텔앤스파,stay,숙박,36.98402,129.39804,30,30m,,,,N,N,Y,N,N,N,N,경북 울진군 울진읍 월변9길 17 · 한국관광공사 연관 관광지(숙박) · 카카오 좌표
nation,전국,서울,·,rs148,켄싱턴호텔 여의도,켄싱턴호텔 여의도,stay,숙박,37.53026,126.92193,30,30m,,,,N,N,Y,N,N,N,N,서울 영등포구 국회대로76길 16 · 한국관광공사 연관 관광지(숙박) · 카카오 좌표
nation,전국,서울,·,rs149,시그니엘 서울,시그니엘 서울,stay,숙박,37.51245,127.10287,30,30m,,,,N,N,Y,N,N,N,N,서울 송파구 올림픽로 300 · 한국관광공사 연관 관광지(숙박) · 카카오 좌표
nation,전국,서울,·,rs150,서울올림픽파크텔,서울올림픽파크텔,stay,숙박,37.52233,127.11655,30,30m,,,,N,N,Y,N,N,N,N,서울 송파구 올림픽로 448 · 한국관광공사 연관 관광지(숙박) · 카카오 좌표
nation,전국,제주,·,rs151,성산마리나호텔,성산마리나호텔,stay,숙박,33.4521,126.91453,30,30m,,,,N,N,Y,N,N,N,N,제주특별자치도 서귀포시 성산읍 고성오조로 94 · 한국관광공사 연관 관광지(숙박) · 카카오 좌표
nation,전국,서울,·,rs152,이비스 스타일 앰배서더 서울 용산,이비스 스타일 앰배서더 서울 용산,stay,숙박,37.53208,126.96176,30,30m,,,,N,N,Y,N,N,N,N,서울 용산구 청파로20길 95 · 한국관광공사 연관 관광지(숙박) · 카카오 좌표
nation,전국,제주,·,rs153,서귀포KAL호텔,서귀포KAL호텔,stay,숙박,33.24648,126.58176,30,30m,,,,N,N,Y,N,N,N,N,제주특별자치도 서귀포시 칠십리로 242 · 한국관광공사 연관 관광지(숙박) · 카카오 좌표
nation,전국,서울,·,rs154,웨스틴 서울 파르나스,웨스틴 서울 파르나스,stay,숙박,37.51277,127.05729,30,30m,,,,N,N,Y,N,N,N,N,서울 강남구 봉은사로 524 · 한국관광공사 연관 관광지(숙박) · 카카오 좌표
nation,전국,대전,·,rs155,호텔인터시티,호텔인터시티,stay,숙박,36.3543,127.34787,30,30m,,,,N,N,Y,N,N,N,N,대전 유성구 온천로 92 · 한국관광공사 연관 관광지(숙박) · 카카오 좌표
nation,전국,강릉,·,rs156,연곡해변 솔향기 캠핑장,연곡해변 솔향기 캠핑장,stay,숙박,37.85893,128.85329,30,30m,,,,N,N,Y,N,N,N,N,강원특별자치도 강릉시 연곡면 해안로 1282 · 한국관광공사 연관 관광지(숙박) · 카카오 좌표
nation,전국,대전,·,rs157,호텔오노마 대전 오토그래프컬렉션,호텔오노마 대전 오토그래프컬렉션,stay,숙박,36.37497,127.38339,30,30m,,,,N,N,Y,N,N,N,N,대전 유성구 엑스포로 1 · 한국관광공사 연관 관광지(숙박) · 카카오 좌표
nation,전국,정선,·,rs158,하이원그랜드호텔,하이원그랜드호텔,stay,숙박,37.21241,128.8218,30,30m,,,,N,N,Y,N,N,N,N,강원특별자치도 정선군 사북읍 하이원길 265 · 한국관광공사 연관 관광지(숙박) · 카카오 좌표
nation,전국,철원,·,rs159,한탄리버스파호텔,한탄리버스파호텔,stay,숙박,38.18628,127.29014,30,30m,,,,N,N,Y,N,N,N,N,강원특별자치도 철원군 동송읍 태봉로 1799-22 · 한국관광공사 연관 관광지(숙박) · 카카오 좌표
nation,전국,순천,·,rs160,호텔지뜨,호텔지뜨,stay,숙박,34.9337,127.51928,30,30m,,,,N,N,Y,N,N,N,N,전남광주통합특별시 순천시 팔마2길 11 · 한국관광공사 연관 관광지(숙박) · 카카오 좌표
nation,전국,남해,·,rs161,남해스포츠파크호텔,남해스포츠파크호텔,stay,숙박,34.80416,127.83568,30,30m,,,,N,N,Y,N,N,N,N,경남 남해군 서면 스포츠파크길 73 · 한국관광공사 연관 관광지(숙박) · 카카오 좌표
nation,전국,천안,·,rs162,신라스테이 천안,신라스테이 천안,stay,숙박,36.82575,127.14319,30,30m,,,,N,N,Y,N,N,N,N,충남 천안시 서북구 동서대로 177 · 한국관광공사 연관 관광지(숙박) · 카카오 좌표
nation,전국,영주,·,rs163,소백산풍기온천리조트,소백산풍기온천리조트,stay,숙박,36.88825,128.47915,30,30m,,,,N,N,Y,N,N,N,N,경북 영주시 풍기읍 죽령로 1400 · 한국관광공사 연관 관광지(숙박) · 카카오 좌표
nation,전국,군산,·,rs164,군산스테이호텔,군산스테이호텔,stay,숙박,36.01515,126.7627,30,30m,,,,N,N,Y,N,N,N,N,전북특별자치도 군산시 성산면 철새로 56 · 한국관광공사 연관 관광지(숙박) · 카카오 좌표
nation,전국,서산,·,rs165,베니키아호텔 서산,베니키아호텔 서산,stay,숙박,36.78447,126.43851,30,30m,,,,N,N,Y,N,N,N,N,충남 서산시 안견로 465 · 한국관광공사 연관 관광지(숙박) · 카카오 좌표
nation,전국,양평,·,rs166,더힐하우스호텔 양평,더힐하우스호텔 양평,stay,숙박,37.50558,127.44003,30,30m,,,,N,N,Y,N,N,N,N,경기 양평군 강하면 강남로 489 · 한국관광공사 연관 관광지(숙박) · 카카오 좌표
nation,전국,익산,·,rs167,탑클라우드호텔 익산점,탑클라우드호텔 익산점,stay,숙박,35.93027,126.94976,30,30m,,,,N,N,Y,N,N,N,N,전북특별자치도 익산시 인북로 10 · 한국관광공사 연관 관광지(숙박) · 카카오 좌표
nation,전국,아산,·,rs168,온양관광호텔,온양관광호텔,stay,숙박,36.78342,126.99991,30,30m,,,,N,N,Y,N,N,N,N,충남 아산시 온천대로 1459 · 한국관광공사 연관 관광지(숙박) · 카카오 좌표
nation,전국,부안,·,rs169,모항레저타운,모항레저타운,stay,숙박,35.58346,126.5042,30,30m,,,,N,N,Y,N,N,N,N,전북특별자치도 부안군 변산면 변산로 3554-9 · 한국관광공사 연관 관광지(숙박) · 카카오 좌표
nation,전국,서울,·,rs170,글래드 여의도,글래드 여의도,stay,숙박,37.52741,126.91727,30,30m,,,,N,N,Y,N,N,N,N,서울 영등포구 의사당대로 16 · 한국관광공사 연관 관광지(숙박) · 카카오 좌표
nation,전국,보령,·,rs171,토모노야 호텔&료칸 대천점,토모노야 호텔&료칸 대천점,stay,숙박,36.34866,126.55613,30,30m,,,,N,N,Y,N,N,N,N,충남 보령시 해안로 341 · 한국관광공사 연관 관광지(숙박) · 카카오 좌표
nation,전국,서울,·,rs172,그랜드인터컨티넨탈 서울파르나스,그랜드인터컨티넨탈 서울파르나스,stay,숙박,37.50919,127.06081,30,30m,,,,N,N,Y,N,N,N,N,서울 강남구 테헤란로 521 · 한국관광공사 연관 관광지(숙박) · 카카오 좌표
nation,전국,경기광주,·,rs173,곤지암리조트,곤지암리조트,stay,숙박,37.33798,127.29409,30,30m,,,,N,N,Y,N,N,N,N,경기 광주시 도척면 도척윗로 278 · 한국관광공사 연관 관광지(숙박) · 카카오 좌표
nation,전국,서울,·,rs174,삼정호텔,삼정호텔,stay,숙박,37.50589,127.03116,30,30m,,,,N,N,Y,N,N,N,N,서울 강남구 봉은사로 150 · 한국관광공사 연관 관광지(숙박) · 카카오 좌표
nation,전국,서울,·,rs175,오라카이 인사동 스위츠,오라카이 인사동 스위츠,stay,숙박,37.57311,126.98735,30,30m,,,,N,N,Y,N,N,N,N,서울 종로구 인사동4길 18 · 한국관광공사 연관 관광지(숙박) · 카카오 좌표
nation,전국,서울,·,rs176,머큐어 서울 마곡,머큐어 서울 마곡,stay,숙박,37.56647,126.82586,30,30m,,,,N,N,Y,N,N,N,N,서울 강서구 마곡중앙로 143 · 한국관광공사 연관 관광지(숙박) · 카카오 좌표
nation,전국,부산,·,rs177,해운대센트럴호텔,해운대센트럴호텔,stay,숙박,35.16095,129.16719,30,30m,,,,N,N,Y,N,N,N,N,부산 해운대구 해운대해변로298번길 33 · 한국관광공사 연관 관광지(숙박) · 카카오 좌표
nation,전국,부산,·,rs178,그랜드조선 부산,그랜드조선 부산,stay,숙박,35.15993,129.16318,30,30m,,,,N,N,Y,N,N,N,N,부산 해운대구 해운대해변로 292 · 한국관광공사 연관 관광지(숙박) · 카카오 좌표
nation,전국,부산,·,rs179,코오롱씨클라우드호텔,코오롱씨클라우드호텔,stay,숙박,35.16045,129.16224,30,30m,,,,N,N,Y,N,N,N,N,부산 해운대구 해운대해변로 287 · 한국관광공사 연관 관광지(숙박) · 카카오 좌표
nation,전국,부산,·,rs180,동부산온천호텔,동부산온천호텔,stay,숙박,35.34334,129.25319,30,30m,,,,N,N,Y,N,N,N,N,부산 기장군 장안읍 장안로 38 · 한국관광공사 연관 관광지(숙박) · 카카오 좌표
nation,전국,부산,·,rs181,웨스틴조선 부산,웨스틴조선 부산,stay,숙박,35.15611,129.15402,30,30m,,,,N,N,Y,N,N,N,N,부산 해운대구 동백로 67 · 한국관광공사 연관 관광지(숙박) · 카카오 좌표
nation,전국,제주,·,rs182,봄그리고가을 리조트,봄그리고가을 리조트,stay,숙박,33.47414,126.91102,30,30m,,,,N,N,Y,N,N,N,N,제주특별자치도 서귀포시 성산읍 해맞이해안로 2660 · 한국관광공사 연관 관광지(숙박) · 카카오 좌표
nation,전국,제천,·,rs183,레스트리리솜,레스트리리솜,stay,숙박,37.1578,128.04789,30,30m,,,,N,N,Y,N,N,N,N,충북 제천시 백운면 금봉로 365 · 한국관광공사 연관 관광지(숙박) · 카카오 좌표
nation,전국,경주,·,rs184,강동리조트,강동리조트,stay,숙박,35.8268,129.28834,30,30m,,,,N,N,Y,N,N,N,N,경북 경주시 천군로 95-32 · 한국관광공사 연관 관광지(숙박) · 카카오 좌표
nation,전국,충주,·,rs185,수안보상록호텔,수안보상록호텔,stay,숙박,36.84785,127.98905,30,30m,,,,N,N,Y,N,N,N,N,충북 충주시 수안보면 주정산로 22 · 한국관광공사 연관 관광지(숙박) · 카카오 좌표
nation,전국,거제,·,rs186,바람의언덕 호텔&리조트,바람의언덕 호텔&리조트,stay,숙박,34.73979,128.66345,30,30m,,,,N,N,Y,N,N,N,N,경남 거제시 남부면 해금강로 132 · 한국관광공사 연관 관광지(숙박) · 카카오 좌표
nation,전국,동해,·,rs187,코스모스호텔,코스모스호텔,stay,숙박,37.52027,129.117,30,30m,,,,N,N,Y,N,N,N,N,강원특별자치도 동해시 한섬로 114-4 · 한국관광공사 연관 관광지(숙박) · 카카오 좌표
nation,전국,정선,·,rs188,하이원팰리스호텔,하이원팰리스호텔,stay,숙박,37.17333,128.84308,30,30m,,,,N,N,Y,N,N,N,N,강원특별자치도 정선군 고한읍 고한7길 399 · 한국관광공사 연관 관광지(숙박) · 카카오 좌표
nation,전국,전주,·,rs189,글로스터호텔 전주,글로스터호텔 전주,stay,숙박,35.82229,127.14489,30,30m,,,,N,N,Y,N,N,N,N,전북특별자치도 전주시 완산구 팔달로 227 · 한국관광공사 연관 관광지(숙박) · 카카오 좌표
nation,전국,양양,·,rs190,세인트더스위트 양양,세인트더스위트 양양,stay,숙박,38.11828,128.63216,30,30m,,,,N,N,Y,N,N,N,N,강원특별자치도 양양군 강현면 일출로 31-20 · 한국관광공사 연관 관광지(숙박) · 카카오 좌표
nation,전국,강릉,·,rs191,베니키아호텔 산과바다주문진리조트,베니키아호텔 산과바다주문진리조트,stay,숙박,37.9088,128.82001,30,30m,,,,N,N,Y,N,N,N,N,강원특별자치도 강릉시 주문진읍 해안로 2070 · 한국관광공사 연관 관광지(숙박) · 카카오 좌표
nation,전국,속초,·,rs192,호텔마레몬스,호텔마레몬스,stay,숙박,38.16693,128.60651,30,30m,,,,N,N,Y,N,N,N,N,강원특별자치도 속초시 동해대로 3705 · 한국관광공사 연관 관광지(숙박) · 카카오 좌표
nation,전국,태백,·,rs193,태백산국립공원 소도야영장,태백산국립공원 소도야영장,stay,숙박,37.11808,128.95174,30,30m,,,,N,N,Y,N,N,N,N,강원특별자치도 태백시 천제단길 181 · 한국관광공사 연관 관광지(숙박) · 카카오 좌표
nation,전국,여수,·,rs194,하이락리조트,하이락리조트,stay,숙박,34.71027,127.76841,30,30m,,,,N,N,Y,N,N,N,N,전남광주통합특별시 여수시 돌산읍 마상포길 40 · 한국관광공사 연관 관광지(숙박) · 카카오 좌표
nation,전국,청주,·,rs195,엔포드호텔,엔포드호텔,stay,숙박,36.66656,127.49507,30,30m,,,,N,N,Y,N,N,N,N,충북 청주시 청원구 충청대로 114 · 한국관광공사 연관 관광지(숙박) · 카카오 좌표
nation,전국,안동,·,rs196,안동그랜드호텔,안동그랜드호텔,stay,숙박,36.56726,128.78052,30,30m,,,,N,N,Y,N,N,N,N,경북 안동시 관광단지로 346-84 · 한국관광공사 연관 관광지(숙박) · 카카오 좌표
nation,전국,인천,·,rs197,글로스터호텔 인천,글로스터호텔 인천,stay,숙박,37.40031,126.73546,30,30m,,,,N,N,Y,N,N,N,N,인천 남동구 소래역로 36 · 한국관광공사 연관 관광지(숙박) · 카카오 좌표
nation,전국,인천,·,rs198,하버파크호텔,하버파크호텔,stay,숙박,37.47215,126.61961,30,30m,,,,N,N,Y,N,N,N,N,인천 제물포구 제물량로 217 · 한국관광공사 연관 관광지(숙박) · 카카오 좌표
nation,전국,안동,·,rs199,월영호텔 바이 뉴시즈,월영호텔 바이 뉴시즈,stay,숙박,36.56627,128.71497,30,30m,,,,N,N,Y,N,N,N,N,경북 안동시 서동문로 30 · 한국관광공사 연관 관광지(숙박) · 카카오 좌표
nation,전국,춘천,·,rs200,엘리시안강촌,엘리시안강촌,stay,숙박,37.82215,127.58992,30,30m,,,,N,N,Y,N,N,N,N,강원특별자치도 춘천시 남산면 북한강변길 688 · 한국관광공사 연관 관광지(숙박) · 카카오 좌표
nation,전국,춘천,·,rs201,더잭슨나인스호텔,더잭슨나인스호텔,stay,숙박,37.87375,127.71413,30,30m,,,,N,N,Y,N,N,N,N,강원특별자치도 춘천시 중앙로 193 · 한국관광공사 연관 관광지(숙박) · 카카오 좌표
nation,전국,울릉,·,rs202,코스모스 울릉도,코스모스 울릉도,stay,숙박,37.5337,130.85801,30,30m,,,,N,N,Y,N,N,N,N,경북 울릉군 북면 추산길 88-13 · 한국관광공사 연관 관광지(숙박) · 카카오 좌표
nation,전국,울릉,·,rs203,학포야영장,학포야영장,stay,숙박,37.50356,130.80639,30,30m,,,,N,N,Y,N,N,N,N,경북 울릉군 서면 학포길 133-11 · 한국관광공사 연관 관광지(숙박) · 카카오 좌표
nation,전국,태안,·,rs204,캐시미르,캐시미르,stay,숙박,36.74146,126.29345,30,30m,,,,N,N,Y,N,N,N,N,충남 태안군 태안읍 안면대로 70-1 · 한국관광공사 연관 관광지(숙박) · 카카오 좌표
nation,전국,공주,·,rs205,파크오브드림,파크오브드림,stay,숙박,36.36874,127.25802,30,30m,,,,N,N,Y,N,N,N,N,충남 공주시 반포면 동학사1로 46 · 한국관광공사 연관 관광지(숙박) · 카카오 좌표
nation,전국,남해,·,rs206,이제 남해,이제 남해,stay,숙박,34.82354,128.04132,30,30m,,,,N,N,Y,N,N,N,N,경남 남해군 삼동면 양화금로 59-7 · 한국관광공사 연관 관광지(숙박) · 카카오 좌표
nation,전국,보령,·,rs207,호텔쏠레르,호텔쏠레르,stay,숙박,36.31375,126.51215,30,30m,,,,N,N,Y,N,N,N,N,충남 보령시 해수욕장8길 28 · 한국관광공사 연관 관광지(숙박) · 카카오 좌표
nation,전국,울진,·,rs208,울진그랜드호텔,울진그랜드호텔,stay,숙박,36.99177,129.40982,30,30m,,,,N,N,Y,N,N,N,N,경북 울진군 울진읍 현내항길 97 · 한국관광공사 연관 관광지(숙박) · 카카오 좌표
nation,전국,서울,·,rs209,신라스테이 역삼,신라스테이 역삼,stay,숙박,37.50498,127.04131,30,30m,,,,N,N,Y,N,N,N,N,서울 강남구 언주로 517 · 한국관광공사 연관 관광지(숙박) · 카카오 좌표
nation,전국,서울,·,rs210,노보텔 앰배서더 서울 강남,노보텔 앰배서더 서울 강남,stay,숙박,37.50529,127.02891,30,30m,,,,N,N,Y,N,N,N,N,서울 강남구 봉은사로 130 · 한국관광공사 연관 관광지(숙박) · 카카오 좌표
nation,전국,부산,·,rs211,L7 해운대바이롯데,L7 해운대바이롯데,stay,숙박,35.16023,129.16007,30,30m,,,,N,N,Y,N,N,N,N,부산 해운대구 해운대로570번길 55 · 한국관광공사 연관 관광지(숙박) · 카카오 좌표
nation,전국,부산,·,rs212,해운대영무파라드호텔,해운대영무파라드호텔,stay,숙박,35.1609,129.16648,30,30m,,,,N,N,Y,N,N,N,N,부산 해운대구 해운대해변로298번길 25 · 한국관광공사 연관 관광지(숙박) · 카카오 좌표
nation,전국,부산,·,rs213,하단 레이어스호텔점,하단 레이어스호텔점,stay,숙박,35.10656,128.96436,30,30m,,,,N,N,Y,N,N,N,N,부산 사하구 낙동남로 1395 · 한국관광공사 연관 관광지(숙박) · 카카오 좌표
nation,전국,제주,·,rs214,호텔골든데이지 서귀포오션,호텔골든데이지 서귀포오션,stay,숙박,33.24935,126.56745,30,30m,,,,N,N,Y,N,N,N,N,제주특별자치도 서귀포시 동홍로 7 · 한국관광공사 연관 관광지(숙박) · 카카오 좌표
nation,전국,인제,·,rs215,인제스피디움 호텔,인제스피디움 호텔,stay,숙박,38.00285,128.29536,30,30m,,,,N,N,Y,N,N,N,N,강원특별자치도 인제군 기린면 상하답로 130 · 한국관광공사 연관 관광지(숙박) · 카카오 좌표
nation,전국,제주,·,rs216,서귀포월드컵리조트,서귀포월드컵리조트,stay,숙박,33.2446,126.51201,30,30m,,,,N,N,Y,N,N,N,N,제주특별자치도 서귀포시 월드컵로45번길 40 · 한국관광공사 연관 관광지(숙박) · 카카오 좌표
nation,전국,제주,·,rs217,그랜드하얏트 제주,그랜드하얏트 제주,stay,숙박,33.48524,126.48141,30,30m,,,,N,N,Y,N,N,N,N,제주특별자치도 제주시 노연로 12 · 한국관광공사 연관 관광지(숙박) · 카카오 좌표
nation,전국,서울,·,rs218,몬드리안 서울이태원,몬드리안 서울이태원,stay,숙박,37.52856,126.99311,30,30m,,,,N,N,Y,N,N,N,N,서울 용산구 장문로 23 · 한국관광공사 연관 관광지(숙박) · 카카오 좌표
nation,전국,제주,·,rs219,탐라스테이호텔제주,탐라스테이호텔제주,stay,숙박,33.48697,126.39119,30,30m,,,,N,N,Y,N,N,N,N,제주특별자치도 제주시 애월읍 애월해안로 881 · 한국관광공사 연관 관광지(숙박) · 카카오 좌표
nation,전국,당진,·,rs220,어반스테이 당진터미널,어반스테이 당진터미널,stay,숙박,36.89975,126.64686,30,30m,,,,N,N,Y,N,N,N,N,충남 당진시 수청5길 38 · 한국관광공사 연관 관광지(숙박) · 카카오 좌표
nation,전국,제주,·,rs221,호텔더본 제주,호텔더본 제주,stay,숙박,33.25962,126.40647,30,30m,,,,N,N,Y,N,N,N,N,제주특별자치도 서귀포시 색달로 18 · 한국관광공사 연관 관광지(숙박) · 카카오 좌표
nation,전국,제주,·,rs222,더 시에나 리조트,더 시에나 리조트,stay,숙박,33.26484,126.48433,30,30m,,,,N,N,Y,N,N,N,N,제주특별자치도 서귀포시 용흥로66번길 158-8 · 한국관광공사 연관 관광지(숙박) · 카카오 좌표
nation,전국,서울,·,rs223,호텔파크하비오,호텔파크하비오,stay,숙박,37.48182,127.12351,30,30m,,,,N,N,Y,N,N,N,N,서울 송파구 송파대로 111 · 한국관광공사 연관 관광지(숙박) · 카카오 좌표
nation,전국,하동,·,rs224,비바체리조트,비바체리조트,stay,숙박,35.16255,127.78281,30,30m,,,,N,N,Y,N,N,N,N,경남 하동군 청암면 청학로 876 · 한국관광공사 연관 관광지(숙박) · 카카오 좌표
nation,전국,거제,·,rs225,스터번호텔,스터번호텔,stay,숙박,34.7777,128.64369,30,30m,,,,N,N,Y,N,N,N,N,경남 거제시 동부면 학동7길 2 · 한국관광공사 연관 관광지(숙박) · 카카오 좌표
nation,전국,정선,·,rs226,하이원그랜드호텔 컨벤션타워,하이원그랜드호텔 컨벤션타워,stay,숙박,37.21354,128.82162,30,30m,,,,N,N,Y,N,N,N,N,강원특별자치도 정선군 사북읍 하이원길 265 · 한국관광공사 연관 관광지(숙박) · 카카오 좌표
nation,전국,경주,·,rs227,경주시티호텔,경주시티호텔,stay,숙박,35.84744,129.21568,30,30m,,,,N,N,Y,N,N,N,N,경북 경주시 북성로 127 · 한국관광공사 연관 관광지(숙박) · 카카오 좌표
nation,전국,정선,·,rs228,트라움밸리호텔,트라움밸리호텔,stay,숙박,37.22668,128.8124,30,30m,,,,N,N,Y,N,N,N,N,강원특별자치도 정선군 사북읍 지장천로 583 · 한국관광공사 연관 관광지(숙박) · 카카오 좌표
nation,전국,전주,·,rs229,베스트웨스턴플러스 전주호텔,베스트웨스턴플러스 전주호텔,stay,숙박,35.82226,127.14682,30,30m,,,,N,N,Y,N,N,N,N,전북특별자치도 전주시 완산구 현무1길 41 · 한국관광공사 연관 관광지(숙박) · 카카오 좌표
nation,전국,태백,·,rs230,매봉산 천상의 숲,매봉산 천상의 숲,stay,숙박,37.22759,128.97726,30,30m,,,,N,N,Y,N,N,N,N,강원특별자치도 태백시 백두대간로 563 · 한국관광공사 연관 관광지(숙박) · 카카오 좌표
nation,전국,양양,·,rs231,E7양양죽도호텔,E7양양죽도호텔,stay,숙박,37.97789,128.75897,30,30m,,,,N,N,Y,N,N,N,N,강원특별자치도 양양군 현남면 동산큰길 21 · 한국관광공사 연관 관광지(숙박) · 카카오 좌표
nation,전국,인천,·,rs232,라마다송도호텔,라마다송도호텔,stay,숙박,37.41399,126.6553,30,30m,,,,N,N,Y,N,N,N,N,인천 연수구 능허대로267번길 29 · 한국관광공사 연관 관광지(숙박) · 카카오 좌표
nation,전국,진주,·,rs233,아시아레이크사이드호텔,아시아레이크사이드호텔,stay,숙박,35.17613,128.03376,30,30m,,,,N,N,Y,N,N,N,N,경남 진주시 남강로1번길 133 · 한국관광공사 연관 관광지(숙박) · 카카오 좌표
nation,전국,속초,·,rs234,팜파스호텔&리조트,팜파스호텔&리조트,stay,숙박,38.1888,128.60073,30,30m,,,,N,N,Y,N,N,N,N,강원특별자치도 속초시 동해대로 3964 · 한국관광공사 연관 관광지(숙박) · 카카오 좌표
nation,전국,양양,·,rs235,다이아메르호텔 속초 양양 바이 스테이네오,다이아메르호텔 속초 양양 바이 스테이네오,stay,숙박,38.15847,128.60778,30,30m,,,,N,N,Y,N,N,N,N,강원특별자치도 양양군 강현면 물치3길 4-57 · 한국관광공사 연관 관광지(숙박) · 카카오 좌표
nation,전국,강릉,·,rs236,스테이안목을담다,스테이안목을담다,stay,숙박,37.77289,128.94688,30,30m,,,,N,N,Y,N,N,N,N,강원특별자치도 강릉시 창해로14번길 16 · 한국관광공사 연관 관광지(숙박) · 카카오 좌표
nation,전국,인천,·,rs237,오션파크나인호텔,오션파크나인호텔,stay,숙박,37.49275,126.57921,30,30m,,,,N,N,Y,N,N,N,N,인천 영종구 영종진광장로 10 · 한국관광공사 연관 관광지(숙박) · 카카오 좌표
nation,전국,안동,·,rs238,브라운도트호텔 안동태화점,브라운도트호텔 안동태화점,stay,숙박,36.56517,128.71625,30,30m,,,,N,N,Y,N,N,N,N,경북 안동시 대안로 34 · 한국관광공사 연관 관광지(숙박) · 카카오 좌표
nation,전국,안동,·,rs239,브라운도트 안동문화의거리점,브라운도트 안동문화의거리점,stay,숙박,36.56388,128.73117,30,30m,,,,N,N,Y,N,N,N,N,경북 안동시 문화광장길 16-13 · 한국관광공사 연관 관광지(숙박) · 카카오 좌표
nation,전국,안동,·,rs240,브라운도트 풍산점,브라운도트 풍산점,stay,숙박,36.57913,128.57093,30,30m,,,,N,N,Y,N,N,N,N,경북 안동시 풍산읍 풍산태사로 1023-6 · 한국관광공사 연관 관광지(숙박) · 카카오 좌표
nation,전국,부여,·,rs241,부여파크아트빌라스,부여파크아트빌라스,stay,숙박,36.3166,126.89715,30,30m,,,,N,N,Y,N,N,N,N,충남 부여군 규암면 서궁로 129 · 한국관광공사 연관 관광지(숙박) · 카카오 좌표
nation,전국,군산,·,rs242,베스트웨스턴호텔 군산,베스트웨스턴호텔 군산,stay,숙박,35.94846,126.58384,30,30m,,,,N,N,Y,N,N,N,N,전북특별자치도 군산시 새만금북로 435 · 한국관광공사 연관 관광지(숙박) · 카카오 좌표
nation,전국,상주,·,rs243,브라운도트호텔 상주점,브라운도트호텔 상주점,stay,숙박,36.41971,128.16348,30,30m,,,,N,N,Y,N,N,N,N,경북 상주시 복룡냉림길 16 · 한국관광공사 연관 관광지(숙박) · 카카오 좌표
nation,전국,남원,·,rs244,산리지호텔,산리지호텔,stay,숙박,35.40654,127.38988,30,30m,,,,N,N,Y,N,N,N,N,전북특별자치도 남원시 소리길 124 · 한국관광공사 연관 관광지(숙박) · 카카오 좌표
nation,전국,가평,·,rs245,아난티 코드,아난티 코드,stay,숙박,37.62549,127.48022,30,30m,,,,N,N,Y,N,N,N,N,경기 가평군 설악면 유명로 1007-90 · 한국관광공사 연관 관광지(숙박) · 카카오 좌표
nation,전국,군산,·,rs246,노을바다펜션,노을바다펜션,stay,숙박,35.82029,126.41996,30,30m,,,,N,N,Y,N,N,N,N,전북특별자치도 군산시 옥도면 선유도2길 71 · 한국관광공사 연관 관광지(숙박) · 카카오 좌표
nation,전국,양평,·,rs247,데이지호텔 양평,데이지호텔 양평,stay,숙박,37.48394,127.57558,30,30m,,,,N,N,Y,N,N,N,N,경기 양평군 용문면 경강로 2742 · 한국관광공사 연관 관광지(숙박) · 카카오 좌표
nation,전국,공주,·,rs248,공주호텔,공주호텔,stay,숙박,36.46994,127.12981,30,30m,,,,N,N,Y,N,N,N,N,충남 공주시 전막2길 10-6 · 한국관광공사 연관 관광지(숙박) · 카카오 좌표
nation,전국,아산,·,rs249,아산온천호텔,아산온천호텔,stay,숙박,36.85438,126.98011,30,30m,,,,N,N,Y,N,N,N,N,충남 아산시 음봉면 아산온천로 217-7 · 한국관광공사 연관 관광지(숙박) · 카카오 좌표
nation,전국,창원,·,rs250,호텔인터내셔널,호텔인터내셔널,stay,숙박,35.22173,128.67693,30,30m,,,,N,N,Y,N,N,N,N,경남 창원시 성산구 중앙대로 69 · 한국관광공사 연관 관광지(숙박) · 카카오 좌표
nation,전국,태안,·,rs251,호텔마리스테이 태안,호텔마리스테이 태안,stay,숙박,36.74838,126.30234,30,30m,,,,N,N,Y,N,N,N,N,충남 태안군 태안읍 군청7길 13-12 · 한국관광공사 연관 관광지(숙박) · 카카오 좌표
nation,전국,가평,·,rs252,자라섬캠핑장,자라섬캠핑장,stay,숙박,37.82088,127.52106,30,30m,,,,N,N,Y,N,N,N,N,경기 가평군 가평읍 자라섬로 60 · 한국관광공사 연관 관광지(숙박) · 카카오 좌표
nation,전국,아산,·,rs253,베스트웨스턴 아산호텔,베스트웨스턴 아산호텔,stay,숙박,36.79616,127.05341,30,30m,,,,N,N,Y,N,N,N,N,충남 아산시 탕정면 온샘로 32 · 한국관광공사 연관 관광지(숙박) · 카카오 좌표
nation,전국,단양,·,rs254,한국호텔관광고등학교,한국호텔관광고등학교,stay,숙박,36.92755,128.33732,30,30m,,,,N,N,Y,N,N,N,N,충북 단양군 단성면 북상하리길 69 · 한국관광공사 연관 관광지(숙박) · 카카오 좌표
nation,전국,보령,·,rs255,국군대천콘도,국군대천콘도,stay,숙박,36.30134,126.52217,30,30m,,,,N,N,Y,N,N,N,N,충남 보령시 갓바위1길 10-30 · 한국관광공사 연관 관광지(숙박) · 카카오 좌표
nation,전국,서울,·,rs256,안토 서울,안토 서울,stay,숙박,37.66382,127.00917,30,30m,,,,N,N,Y,N,N,N,N,서울 강북구 삼양로 689 · 한국관광공사 연관 관광지(숙박) · 카카오 좌표
nation,전국,영덕,·,rs257,호텔글로리엘,호텔글로리엘,stay,숙박,36.34502,129.38225,30,30m,,,,N,N,Y,N,N,N,N,경북 영덕군 강구면 삼사길 109 · 한국관광공사 연관 관광지(숙박) · 카카오 좌표
nation,전국,보령,·,rs258,엘리스테이 보령,엘리스테이 보령,stay,숙박,36.23387,126.53636,30,30m,,,,N,N,Y,N,N,N,N,충남 보령시 웅천읍 독산로 746 · 한국관광공사 연관 관광지(숙박) · 카카오 좌표
nation,전국,서울,·,rs259,신라스테이 서대문,신라스테이 서대문,stay,숙박,37.56519,126.9668,30,30m,,,,N,N,Y,N,N,N,N,서울 서대문구 충정로 76 · 한국관광공사 연관 관광지(숙박) · 카카오 좌표
nation,전국,서울,·,rs260,서울가든호텔,서울가든호텔,stay,숙박,37.54068,126.94836,30,30m,,,,N,N,Y,N,N,N,N,서울 마포구 마포대로 58 · 한국관광공사 연관 관광지(숙박) · 카카오 좌표
nation,전국,서울,·,rs261,그랜드 머큐어 앰배서더 호텔 앤 레지던스 서울 용산,그랜드 머큐어 앰배서더 호텔 앤 레지던스 서울 용산,stay,숙박,37.53218,126.96094,30,30m,,,,N,N,Y,N,N,N,N,서울 용산구 청파로20길 95 · 한국관광공사 연관 관광지(숙박) · 카카오 좌표
nation,전국,서울,·,rs262,인터시티서울호텔,인터시티서울호텔,stay,숙박,37.55972,126.83579,30,30m,,,,N,N,Y,N,N,N,N,서울 강서구 마곡중앙6로 76-3 · 한국관광공사 연관 관광지(숙박) · 카카오 좌표
nation,전국,부산,·,rs263,부산도시공사 아르피나,부산도시공사 아르피나,stay,숙박,35.16466,129.13827,30,30m,,,,N,N,Y,N,N,N,N,부산 해운대구 해운대해변로 35 · 한국관광공사 연관 관광지(숙박) · 카카오 좌표
nation,전국,부산,·,rs264,호텔아쿠아펠리스,호텔아쿠아펠리스,stay,숙박,35.15408,129.11881,30,30m,,,,N,N,Y,N,N,N,N,부산 수영구 광안해변로 225 · 한국관광공사 연관 관광지(숙박) · 카카오 좌표
nation,전국,부산,·,rs265,팔라티움 해운대 바이 소노펠리체,팔라티움 해운대 바이 소노펠리체,stay,숙박,35.16114,129.1596,30,30m,,,,N,N,Y,N,N,N,N,부산 해운대구 구남로30번길 18 · 한국관광공사 연관 관광지(숙박) · 카카오 좌표
nation,전국,부산,·,rs266,신라스테이 해운대,신라스테이 해운대,stay,숙박,35.1598,129.15874,30,30m,,,,N,N,Y,N,N,N,N,부산 해운대구 해운대로570번길 46 · 한국관광공사 연관 관광지(숙박) · 카카오 좌표
nation,전국,평창,·,rs267,알펜시아 홀리데이인리조트호텔,알펜시아 홀리데이인리조트호텔,stay,숙박,37.65694,128.67374,30,30m,,,,N,N,Y,N,N,N,N,강원특별자치도 평창군 대관령면 솔봉로 325 · 한국관광공사 연관 관광지(숙박) · 카카오 좌표
nation,전국,밀양,·,rs268,호텔아리나,호텔아리나,stay,숙박,35.47897,128.75382,30,30m,,,,N,N,Y,N,N,N,N,경남 밀양시 삼문강변로 82 · 한국관광공사 연관 관광지(숙박) · 카카오 좌표
nation,전국,서울,·,rs269,나인트리 프리미어 로카우스 호텔 서울 용산,나인트리 프리미어 로카우스 호텔 서울 용산,stay,숙박,37.52747,126.96439,30,30m,,,,N,N,Y,N,N,N,N,서울 용산구 한강대로23길 25 · 한국관광공사 연관 관광지(숙박) · 카카오 좌표
nation,전국,제주,·,rs270,켄싱턴리조트 제주중문,켄싱턴리조트 제주중문,stay,숙박,33.24752,126.41266,30,30m,,,,N,N,Y,N,N,N,N,제주특별자치도 서귀포시 중문관광로72번길 29-29 · 한국관광공사 연관 관광지(숙박) · 카카오 좌표
nation,전국,제주,·,rs271,스위트호텔 제주점,스위트호텔 제주점,stay,숙박,33.24904,126.40843,30,30m,,,,N,N,Y,N,N,N,N,제주특별자치도 서귀포시 중문관광로72번길 67 · 한국관광공사 연관 관광지(숙박) · 카카오 좌표
nation,전국,서울,·,rs272,서머셋팰리스 서울,서머셋팰리스 서울,stay,숙박,37.57495,126.98108,30,30m,,,,N,N,Y,N,N,N,N,서울 종로구 율곡로2길 7 · 한국관광공사 연관 관광지(숙박) · 카카오 좌표
nation,전국,경주,·,rs273,체스터톤스 경주,체스터톤스 경주,stay,숙박,35.87931,129.22442,30,30m,,,,N,N,Y,N,N,N,N,경북 경주시 광중길 11 · 한국관광공사 연관 관광지(숙박) · 카카오 좌표
nation,전국,충주,·,rs274,보훈휴양원,보훈휴양원,stay,숙박,37.05785,127.83154,30,30m,,,,N,N,Y,N,N,N,N,충북 충주시 중앙탑면 수룡봉황길 553-17 · 한국관광공사 연관 관광지(숙박) · 카카오 좌표
nation,전국,경주,·,rs275,교원프라퍼티 키녹,교원프라퍼티 키녹,stay,숙박,35.8538,129.2774,30,30m,,,,N,N,Y,N,N,N,N,경북 경주시 보문로 280-12 · 한국관광공사 연관 관광지(숙박) · 카카오 좌표
nation,전국,경주,·,rs276,신라레거시호텔,신라레거시호텔,stay,숙박,35.84203,129.20249,30,30m,,,,N,N,Y,N,N,N,N,경북 경주시 원효로 14-1 · 한국관광공사 연관 관광지(숙박) · 카카오 좌표
nation,전국,용인,·,rs277,선봉레스텔,선봉레스텔,stay,숙박,37.24233,127.19009,30,30m,,,,N,N,Y,N,N,N,N,경기 용인시 처인구 금학로235번길 26 · 한국관광공사 연관 관광지(숙박) · 카카오 좌표
nation,전국,거제,·,rs278,프래밀리풀빌라호텔,프래밀리풀빌라호텔,stay,숙박,34.8181,128.70467,30,30m,,,,N,N,Y,N,N,N,N,경남 거제시 일운면 거제대로 2308 · 한국관광공사 연관 관광지(숙박) · 카카오 좌표
nation,전국,정선,·,rs279,마이애미정선호텔,마이애미정선호텔,stay,숙박,37.20755,128.8442,30,30m,,,,N,N,Y,N,N,N,N,강원특별자치도 정선군 고한읍 고한로 45 · 한국관광공사 연관 관광지(숙박) · 카카오 좌표
nation,전국,정선,·,rs280,하이원리조트 마운틴콘도 아테나키친,하이원리조트 마운틴콘도 아테나키친,stay,숙박,37.20814,128.82595,30,30m,,,,N,N,Y,N,N,N,N,강원특별자치도 정선군 고한읍 하이원길 265-1 · 한국관광공사 연관 관광지(숙박) · 카카오 좌표
nation,전국,여수,·,rs281,해미리온풀빌라&리조트,해미리온풀빌라&리조트,stay,숙박,34.69768,127.75451,30,30m,,,,N,N,Y,N,N,N,N,전남광주통합특별시 여수시 돌산읍 몰둠벙길 72 · 한국관광공사 연관 관광지(숙박) · 카카오 좌표
nation,전국,인천,·,rs282,쉐라톤그랜드 인천호텔,쉐라톤그랜드 인천호텔,stay,숙박,37.3902,126.64539,30,30m,,,,N,N,Y,N,N,N,N,인천 연수구 컨벤시아대로 153 · 한국관광공사 연관 관광지(숙박) · 카카오 좌표
nation,전국,여수,·,rs283,호텔케니 여수,호텔케니 여수,stay,숙박,34.74127,127.73166,30,30m,,,,N,N,Y,N,N,N,N,전남광주통합특별시 여수시 충무로 54-2 · 한국관광공사 연관 관광지(숙박) · 카카오 좌표
nation,전국,청송,·,rs284,주왕산관광호텔,주왕산관광호텔,stay,숙박,36.43625,129.06254,30,30m,,,,N,N,Y,N,N,N,N,경북 청송군 청송읍 중앙로 315 · 한국관광공사 연관 관광지(숙박) · 카카오 좌표
nation,전국,수원,·,rs285,노보텔 앰배서더 수원,노보텔 앰배서더 수원,stay,숙박,37.26848,126.9991,30,30m,,,,N,N,Y,N,N,N,N,경기 수원시 팔달구 덕영대로 902 · 한국관광공사 연관 관광지(숙박) · 카카오 좌표
nation,전국,여수,·,rs286,깔라까따 호텔&리조트,깔라까따 호텔&리조트,stay,숙박,34.70721,127.75706,30,30m,,,,N,N,Y,N,N,N,N,전남광주통합특별시 여수시 돌산읍 진모1길 29-26 · 한국관광공사 연관 관광지(숙박) · 카카오 좌표
nation,전국,안동,·,rs287,CM파크호텔,CM파크호텔,stay,숙박,36.57564,128.49524,30,30m,,,,N,N,Y,N,N,N,N,경북 안동시 풍천면 검무로 10-17 · 한국관광공사 연관 관광지(숙박) · 카카오 좌표
nation,전국,안동,·,rs288,하운드호텔 안동문화의거리점,하운드호텔 안동문화의거리점,stay,숙박,36.56434,128.73626,30,30m,,,,N,N,Y,N,N,N,N,경북 안동시 동흥3길 12 · 한국관광공사 연관 관광지(숙박) · 카카오 좌표
nation,전국,통영,·,rs289,통영갤러리호텔,통영갤러리호텔,stay,숙박,34.8292,128.43223,30,30m,,,,N,N,Y,N,N,N,N,경남 통영시 도남로 257-27 · 한국관광공사 연관 관광지(숙박) · 카카오 좌표
nation,전국,김해,·,rs290,아이스퀘어호텔,아이스퀘어호텔,stay,숙박,35.22602,128.88508,30,30m,,,,N,N,Y,N,N,N,N,경남 김해시 김해대로 2360 · 한국관광공사 연관 관광지(숙박) · 카카오 좌표
nation,전국,울릉,·,rs291,대아울릉리조트 울릉지점,대아울릉리조트 울릉지점,stay,숙박,37.47657,130.89176,30,30m,,,,N,N,Y,N,N,N,N,경북 울릉군 울릉읍 사동1길 43 · 한국관광공사 연관 관광지(숙박) · 카카오 좌표
nation,전국,남해,·,rs292,엘림마리나앤리조트,엘림마리나앤리조트,stay,숙박,34.80096,128.05272,30,30m,,,,N,N,Y,N,N,N,N,경남 남해군 삼동면 동부대로1122번길 74-19 · 한국관광공사 연관 관광지(숙박) · 카카오 좌표
nation,전국,양주,·,rs293,호텔그리다,호텔그리다,stay,숙박,37.77909,126.95727,30,30m,,,,N,N,Y,N,N,N,N,경기 양주시 백석읍 권율로 912 · 한국관광공사 연관 관광지(숙박) · 카카오 좌표
nation,전국,양양,·,rs294,웨이블런트 양양,웨이블런트 양양,stay,숙박,37.97746,128.75864,30,30m,,,,N,N,Y,N,N,N,N,강원특별자치도 양양군 현남면 동산큰길 17-5 · 한국관광공사 연관 관광지(숙박) · 카카오 좌표
nation,전국,서울,·,rs295,더 리버사이드호텔,더 리버사이드호텔,stay,숙박,37.51857,127.01809,30,30m,,,,N,N,Y,N,N,N,N,서울 서초구 강남대로107길 6 · 한국관광공사 연관 관광지(숙박) · 카카오 좌표
nation,전국,목포,·,rs296,클라우드인호텔 평화광장점,클라우드인호텔 평화광장점,stay,숙박,34.80032,126.42983,30,30m,,,,N,N,Y,N,N,N,N,전남광주통합특별시 목포시 번영로 9 · 한국관광공사 연관 관광지(숙박) · 카카오 좌표
nation,전국,인천,·,rs297,오크우드프리미어 인천,오크우드프리미어 인천,stay,숙박,37.38914,126.64422,30,30m,,,,N,N,Y,N,N,N,N,인천 연수구 컨벤시아대로 165 · 한국관광공사 연관 관광지(숙박) · 카카오 좌표
nation,전국,울릉,·,rs298,울릉아일랜드펜션,울릉아일랜드펜션,stay,숙박,37.53429,130.85564,30,30m,,,,N,N,Y,N,N,N,N,경북 울릉군 북면 울릉순환로 2938 · 한국관광공사 연관 관광지(숙박) · 카카오 좌표
nation,전국,울릉,·,rs299,시에스타펜션,시에스타펜션,stay,숙박,37.5058,130.91352,30,30m,,,,N,N,Y,N,N,N,N,경북 울릉군 울릉읍 울릉순환로 31-19 · 한국관광공사 연관 관광지(숙박) · 카카오 좌표
nation,전국,울릉,·,rs300,스테이22,스테이22,stay,숙박,37.47308,130.881,30,30m,,,,N,N,Y,N,N,N,N,경북 울릉군 울릉읍 옥천2길 24 · 한국관광공사 연관 관광지(숙박) · 카카오 좌표
nation,전국,남해,·,rs301,호텔 어반아일랜드,호텔 어반아일랜드,stay,숙박,34.91932,128.02543,30,30m,,,,N,N,Y,N,N,N,N,경남 남해군 창선면 서부로 1503-22 · 한국관광공사 연관 관광지(숙박) · 카카오 좌표
nation,전국,남해,·,rs302,상주비치유스호스텔&펜션,상주비치유스호스텔&펜션,stay,숙박,34.721,127.98333,30,30m,,,,N,N,Y,N,N,N,N,경남 남해군 상주면 상주로60번길 15 · 한국관광공사 연관 관광지(숙박) · 카카오 좌표
nation,전국,영덕,·,rs303,씨아일랜드펜션,씨아일랜드펜션,stay,숙박,36.34035,129.38178,30,30m,,,,N,N,Y,N,N,N,N,경북 영덕군 강구면 동해대로 4280 · 한국관광공사 연관 관광지(숙박) · 카카오 좌표
nation,전국,창원,·,rs304,AT비지니스호텔,AT비지니스호텔,stay,숙박,35.22435,128.67843,30,30m,,,,N,N,Y,N,N,N,N,경남 창원시 성산구 용지로 102 · 한국관광공사 연관 관광지(숙박) · 카카오 좌표
nation,전국,태안,·,rs305,태안비치리조텔,태안비치리조텔,stay,숙박,36.68226,126.13654,30,30m,,,,N,N,Y,N,N,N,N,충남 태안군 근흥면 마도길 116 · 한국관광공사 연관 관광지(숙박) · 카카오 좌표
nation,전국,논산,·,rs306,더 시티 호텔,더 시티 호텔,stay,숙박,36.20345,127.08914,30,30m,,,,N,N,Y,N,N,N,N,충남 논산시 계백로 1008-4 · 한국관광공사 연관 관광지(숙박) · 카카오 좌표
nation,전국,고창,·,rs307,상하농원 파머스빌리지,상하농원 파머스빌리지,stay,숙박,35.44522,126.4529,30,30m,,,,N,N,Y,N,N,N,N,전북특별자치도 고창군 상하면 상하농원길 6-36 · 한국관광공사 연관 관광지(숙박) · 카카오 좌표
nation,전국,여주,·,rs308,일성남한강콘도&리조트,일성남한강콘도&리조트,stay,숙박,37.30133,127.65079,30,30m,,,,N,N,Y,N,N,N,N,경기 여주시 신륵로 5 · 한국관광공사 연관 관광지(숙박) · 카카오 좌표
nation,전국,양양,·,rs309,오색그린야드호텔,오색그린야드호텔,stay,숙박,38.08022,128.44751,30,30m,,,,N,N,Y,N,N,N,N,강원특별자치도 양양군 서면 대청봉길 34 · 한국관광공사 연관 관광지(숙박) · 카카오 좌표
nation,전국,아산,·,rs310,호텔라그라스 아산점,호텔라그라스 아산점,stay,숙박,36.78139,127.00651,30,30m,,,,N,N,Y,N,N,N,N,충남 아산시 충무로8번길 22 · 한국관광공사 연관 관광지(숙박) · 카카오 좌표
nation,전국,예산,·,rs311,스파뷰호텔,스파뷰호텔,stay,숙박,36.68875,126.66213,30,30m,,,,N,N,Y,N,N,N,N,충남 예산군 덕산면 온천단지2로 77 · 한국관광공사 연관 관광지(숙박) · 카카오 좌표
nation,전국,인제,·,rs312,만해마을,만해마을,stay,숙박,38.18636,128.31629,30,30m,,,,N,N,Y,N,N,N,N,강원특별자치도 인제군 북면 만해로 91 · 한국관광공사 연관 관광지(숙박) · 카카오 좌표
nation,전국,서울,·,rs313,신라스테이 삼성,신라스테이 삼성,stay,숙박,37.50991,127.06318,30,30m,,,,N,N,Y,N,N,N,N,서울 강남구 영동대로 506 · 한국관광공사 연관 관광지(숙박) · 카카오 좌표
nation,전국,구미,·,rs314,라마다바이윈덤 구미호텔,라마다바이윈덤 구미호텔,stay,숙박,36.10983,128.41832,30,30m,,,,N,N,Y,N,N,N,N,경북 구미시 인동중앙로3길 41 · 한국관광공사 연관 관광지(숙박) · 카카오 좌표
nation,전국,서울,·,rs315,페어필드 바이 메리어트 서울,페어필드 바이 메리어트 서울,stay,숙박,37.51699,126.90928,30,30m,,,,N,N,Y,N,N,N,N,서울 영등포구 경인로 870 · 한국관광공사 연관 관광지(숙박) · 카카오 좌표
nation,전국,서울,·,rs316,하이서울유스호스텔,하이서울유스호스텔,stay,숙박,37.52561,126.90325,30,30m,,,,N,N,Y,N,N,N,N,서울 영등포구 영신로 200 · 한국관광공사 연관 관광지(숙박) · 카카오 좌표
nation,전국,서울,·,rs317,아미드호텔서울,아미드호텔서울,stay,숙박,37.57257,126.98424,30,30m,,,,N,N,Y,N,N,N,N,서울 종로구 인사동5길 38 · 한국관광공사 연관 관광지(숙박) · 카카오 좌표
nation,전국,서울,·,rs318,레이크호텔,레이크호텔,stay,숙박,37.50687,127.10099,30,30m,,,,N,N,Y,N,N,N,N,서울 송파구 석촌호수로 216 · 한국관광공사 연관 관광지(숙박) · 카카오 좌표
nation,전국,서울,·,rs319,메이필드호텔 서울,메이필드호텔 서울,stay,숙박,37.54714,126.8191,30,30m,,,,N,N,Y,N,N,N,N,서울 강서구 방화대로 94 · 한국관광공사 연관 관광지(숙박) · 카카오 좌표
nation,전국,제주,·,rs320,호텔브릿지 서귀포,호텔브릿지 서귀포,stay,숙박,33.24549,126.56662,30,30m,,,,N,N,Y,N,N,N,N,제주특별자치도 서귀포시 태평로 436 · 한국관광공사 연관 관광지(숙박) · 카카오 좌표
nation,전국,제주,·,rs321,JW 메리어트 제주 리조트 & 스파,JW 메리어트 제주 리조트 & 스파,stay,숙박,33.2438,126.53854,30,30m,,,,N,N,Y,N,N,N,N,제주특별자치도 서귀포시 태평로 152 · 한국관광공사 연관 관광지(숙박) · 카카오 좌표
nation,전국,제주,·,rs322,더그랜드섬오름,더그랜드섬오름,stay,숙박,33.23283,126.50972,30,30m,,,,N,N,Y,N,N,N,N,제주특별자치도 서귀포시 막숙포로 118 · 한국관광공사 연관 관광지(숙박) · 카카오 좌표
nation,전국,제주,·,rs323,롯데시티호텔 제주,롯데시티호텔 제주,stay,숙박,33.49069,126.48648,30,30m,,,,N,N,Y,N,N,N,N,제주특별자치도 제주시 도령로 83 · 한국관광공사 연관 관광지(숙박) · 카카오 좌표
nation,전국,제주,·,rs324,롯데리조트 제주아트빌라스,롯데리조트 제주아트빌라스,stay,숙박,33.28795,126.41603,30,30m,,,,N,N,Y,N,N,N,N,제주특별자치도 서귀포시 색달중앙로252번길 124 · 한국관광공사 연관 관광지(숙박) · 카카오 좌표
nation,전국,영월,·,rs325,김삿갓계곡캠핑장,김삿갓계곡캠핑장,stay,숙박,37.07951,128.6023,30,30m,,,,N,N,Y,N,N,N,N,강원특별자치도 영월군 김삿갓면 김삿갓로 216-26 · 한국관광공사 연관 관광지(숙박) · 카카오 좌표
nation,전국,태백,·,rs326,태백눈꽃야영장,태백눈꽃야영장,stay,숙박,37.13208,128.9614,30,30m,,,,N,N,Y,N,N,N,N,강원특별자치도 태백시 태백산로 4771 · 한국관광공사 연관 관광지(숙박) · 카카오 좌표
nation,전국,인천,·,rs327,골든튤립 호텔&스위트,골든튤립 호텔&스위트,stay,숙박,37.49226,126.49241,30,30m,,,,N,N,Y,N,N,N,N,인천 영종구 흰바위로59번길 8 · 한국관광공사 연관 관광지(숙박) · 카카오 좌표
nation,전국,안동,·,rs328,안동케이스호텔,안동케이스호텔,stay,숙박,36.5514,128.73551,30,30m,,,,N,N,Y,N,N,N,N,경북 안동시 강남2길 60-16 · 한국관광공사 연관 관광지(숙박) · 카카오 좌표
nation,전국,공주,·,rs329,공주관광호텔잉크,공주관광호텔잉크,stay,숙박,36.46975,127.13012,30,30m,,,,N,N,Y,N,N,N,N,충남 공주시 전막2길 10-10 · 한국관광공사 연관 관광지(숙박) · 카카오 좌표
nation,전국,고창,·,rs330,동호비치호텔,동호비치호텔,stay,숙박,35.51969,126.48489,30,30m,,,,N,N,Y,N,N,N,N,전북특별자치도 고창군 해리면 구동호1길 42 · 한국관광공사 연관 관광지(숙박) · 카카오 좌표
nation,전국,양양,·,rs331,연화문호텔 양양,연화문호텔 양양,stay,숙박,38.04338,128.66207,30,30m,,,,N,N,Y,N,N,N,N,강원특별자치도 양양군 손양면 서양길 12 · 한국관광공사 연관 관광지(숙박) · 카카오 좌표
nation,전국,아산,·,rs332,더위트도고,더위트도고,stay,숙박,36.76118,126.88813,30,30m,,,,N,N,Y,N,N,N,N,충남 아산시 도고면 기곡로62번길 6-8 · 한국관광공사 연관 관광지(숙박) · 카카오 좌표
nation,전국,단양,·,rs333,오무아무아 풀빌라,오무아무아 풀빌라,stay,숙박,36.91018,128.34612,30,30m,,,,N,N,Y,N,N,N,N,충북 단양군 대강면 사인암로 621 · 한국관광공사 연관 관광지(숙박) · 카카오 좌표
nation,전국,부산,·,rs334,더클럽호텔 연화리점,더클럽호텔 연화리점,stay,숙박,35.22044,129.22709,30,30m,,,,N,N,Y,N,N,N,N,부산 기장군 기장읍 연화길 78 · 한국관광공사 연관 관광지(숙박) · 카카오 좌표
nation,전국,원주,·,rs335,원주 센트럴호텔,원주 센트럴호텔,stay,숙박,37.34034,127.92397,30,30m,,,,N,N,Y,N,N,N,N,강원특별자치도 원주시 시청로 29-3 · 한국관광공사 연관 관광지(숙박) · 카카오 좌표
nation,전국,영월,·,rs336,산골초가펜션,산골초가펜션,stay,숙박,37.3167,128.45162,30,30m,,,,N,N,Y,N,N,N,N,강원특별자치도 영월군 북면 굴앞마을길 64-98 · 한국관광공사 연관 관광지(숙박) · 카카오 좌표
nation,전국,서울,·,rs337,JW 메리어트 동대문 스퀘어 서울,JW 메리어트 동대문 스퀘어 서울,stay,숙박,37.57023,127.00875,30,30m,,,,N,N,Y,N,N,N,N,서울 종로구 청계천로 279 · 한국관광공사 연관 관광지(숙박) · 카카오 좌표
nation,전국,충주,·,rs338,라마다 바이윈덤 호텔 충주 수안보,라마다 바이윈덤 호텔 충주 수안보,stay,숙박,36.84569,127.99399,30,30m,,,,N,N,Y,N,N,N,N,충북 충주시 수안보면 조산공원길 99 · 한국관광공사 연관 관광지(숙박) · 카카오 좌표
nation,전국,경주,·,rs339,마우나오션리조트,마우나오션리조트,stay,숙박,35.68652,129.37001,30,30m,,,,N,N,Y,N,N,N,N,경북 경주시 양남면 동남로 1021 · 한국관광공사 연관 관광지(숙박) · 카카오 좌표
nation,전국,영덕,·,rs340,옥계계곡 야영장,옥계계곡 야영장,stay,숙박,36.33273,129.27022,30,30m,,,,N,N,Y,N,N,N,N,경북 영덕군 달산면 옥계리 232 · 한국관광공사 연관 관광지(숙박) · 카카오 좌표
nation,전국,용인,·,rs341,더트리니 어반스위트,더트리니 어반스위트,stay,숙박,37.23754,127.18074,30,30m,,,,N,N,Y,N,N,N,N,경기 용인시 처인구 중부대로 1218 · 한국관광공사 연관 관광지(숙박) · 카카오 좌표
nation,전국,철원,·,rs342,브라운도트호텔 동송점,브라운도트호텔 동송점,stay,숙박,38.20728,127.21676,30,30m,,,,N,N,Y,N,N,N,N,강원특별자치도 철원군 동송읍 이평1로12번길 10 · 한국관광공사 연관 관광지(숙박) · 카카오 좌표
nation,전국,인천,·,rs343,오라카이 송도파크호텔 BW 프리미어 컬렉션,오라카이 송도파크호텔 BW 프리미어 컬렉션,stay,숙박,37.38812,126.6408,30,30m,,,,N,N,Y,N,N,N,N,인천 연수구 테크노파크로 151 · 한국관광공사 연관 관광지(숙박) · 카카오 좌표
nation,전국,담양,·,rs344,브라운도트 전남담양점,브라운도트 전남담양점,stay,숙박,35.30937,126.98358,30,30m,,,,N,N,Y,N,N,N,N,전남광주통합특별시 담양군 담양읍 무정로 23 · 한국관광공사 연관 관광지(숙박) · 카카오 좌표
nation,전국,인천,·,rs345,골드코스트인천오피스텔,골드코스트인천오피스텔,stay,숙박,37.40243,126.70795,30,30m,,,,N,N,Y,N,N,N,N,인천 남동구 논현로26번길 46 · 한국관광공사 연관 관광지(숙박) · 카카오 좌표
nation,전국,여수,·,rs346,여수스테이호텔,여수스테이호텔,stay,숙박,34.73182,127.7238,30,30m,,,,N,N,Y,N,N,N,N,전남광주통합특별시 여수시 봉산남8길 17-15 · 한국관광공사 연관 관광지(숙박) · 카카오 좌표
nation,전국,인천,·,rs347,웨스턴그레이스호텔,웨스턴그레이스호텔,stay,숙박,37.49026,126.58147,30,30m,,,,N,N,Y,N,N,N,N,인천 영종구 은하수로29번길 36 · 한국관광공사 연관 관광지(숙박) · 카카오 좌표
nation,전국,목포,·,rs348,호텔더시티,호텔더시티,stay,숙박,34.81127,126.44762,30,30m,,,,N,N,Y,N,N,N,N,전남광주통합특별시 목포시 남악1로52번길 23-6 · 한국관광공사 연관 관광지(숙박) · 카카오 좌표
nation,전국,진주,·,rs349,라온스테이인페를라,라온스테이인페를라,stay,숙박,35.17808,128.13957,30,30m,,,,N,N,Y,N,N,N,N,경남 진주시 영천강로 164 · 한국관광공사 연관 관광지(숙박) · 카카오 좌표
nation,전국,인천,·,rs350,브라운도트호텔 공항신도시점,브라운도트호텔 공항신도시점,stay,숙박,37.49451,126.48889,30,30m,,,,N,N,Y,N,N,N,N,인천 영종구 신도시남로149번길 15 · 한국관광공사 연관 관광지(숙박) · 카카오 좌표
nation,전국,영주,·,rs351,영주온천관광호텔,영주온천관광호텔,stay,숙박,36.81663,128.60572,30,30m,,,,N,N,Y,N,N,N,N,경북 영주시 대학로240번길 8 · 한국관광공사 연관 관광지(숙박) · 카카오 좌표
nation,전국,인천,·,rs352,어반스테이 인천차이나타운,어반스테이 인천차이나타운,stay,숙박,37.46368,126.63208,30,30m,,,,N,N,Y,N,N,N,N,인천 제물포구 서해대로417번길 1 · 한국관광공사 연관 관광지(숙박) · 카카오 좌표
nation,전국,울릉,·,rs353,다온프라임호텔,다온프라임호텔,stay,숙박,37.49463,130.90881,30,30m,,,,N,N,Y,N,N,N,N,경북 울릉군 울릉읍 봉래길 6-75 · 한국관광공사 연관 관광지(숙박) · 카카오 좌표
nation,전국,울릉,·,rs354,추산노을빛펜션,추산노을빛펜션,stay,숙박,37.5342,130.84972,30,30m,,,,N,N,Y,N,N,N,N,경북 울릉군 북면 울릉순환로 2882 · 한국관광공사 연관 관광지(숙박) · 카카오 좌표
nation,전국,울릉,·,rs355,비치온관광호텔,비치온관광호텔,stay,숙박,37.46191,130.87583,30,30m,,,,N,N,Y,N,N,N,N,경북 울릉군 울릉읍 울릉순환로 772 · 한국관광공사 연관 관광지(숙박) · 카카오 좌표
nation,전국,울릉,·,rs356,웅포야영장,웅포야영장,stay,숙박,37.52599,130.82002,30,30m,,,,N,N,Y,N,N,N,N,경북 울릉군 북면 현포리 714-1 · 한국관광공사 연관 관광지(숙박) · 카카오 좌표
nation,전국,순천,·,rs357,브라운도트호텔 순천역점,브라운도트호텔 순천역점,stay,숙박,34.9445,127.50489,30,30m,,,,N,N,Y,N,N,N,N,전남광주통합특별시 순천시 팔마로 153 · 한국관광공사 연관 관광지(숙박) · 카카오 좌표
nation,전국,순천,·,rs358,에코그라드호텔,에코그라드호텔,stay,숙박,34.95402,127.5217,30,30m,,,,N,N,Y,N,N,N,N,전남광주통합특별시 순천시 백강로 234 · 한국관광공사 연관 관광지(숙박) · 카카오 좌표
nation,전국,용인,·,rs359,얼레이호텔,얼레이호텔,stay,숙박,37.2885,127.09776,30,30m,,,,N,N,Y,N,N,N,N,경기 용인시 기흥구 신정로 231 · 한국관광공사 연관 관광지(숙박) · 카카오 좌표
nation,전국,남원,·,rs360,일성지리산콘도&리조트,일성지리산콘도&리조트,stay,숙박,35.42306,127.62071,30,30m,,,,N,N,Y,N,N,N,N,전북특별자치도 남원시 산내면 천왕봉로 626-25 · 한국관광공사 연관 관광지(숙박) · 카카오 좌표
nation,전국,아산,·,rs361,온양제일호텔,온양제일호텔,stay,숙박,36.78213,126.99965,30,30m,,,,N,N,Y,N,N,N,N,충남 아산시 온천대로 1462 · 한국관광공사 연관 관광지(숙박) · 카카오 좌표
nation,전국,군산,·,rs362,탑클라우드호텔 군산점,탑클라우드호텔 군산점,stay,숙박,35.96475,126.73577,30,30m,,,,N,N,Y,N,N,N,N,전북특별자치도 군산시 번영로 150-13 · 한국관광공사 연관 관광지(숙박) · 카카오 좌표
nation,전국,군산,·,rs363,브라운도트호텔 군산터미널점,브라운도트호텔 군산터미널점,stay,숙박,35.97701,126.72308,30,30m,,,,N,N,Y,N,N,N,N,전북특별자치도 군산시 중앙로 18-5 · 한국관광공사 연관 관광지(숙박) · 카카오 좌표
nation,전국,군산,·,rs364,베니키아아리울호텔,베니키아아리울호텔,stay,숙박,35.9463,126.56159,30,30m,,,,N,N,Y,N,N,N,N,전북특별자치도 군산시 가도안1길 45 · 한국관광공사 연관 관광지(숙박) · 카카오 좌표
nation,전국,태안,·,rs365,골든비치펜션,골든비치펜션,stay,숙박,36.83677,126.18426,30,30m,,,,N,N,Y,N,N,N,N,충남 태안군 원북면 신두해변길 141 · 한국관광공사 연관 관광지(숙박) · 카카오 좌표
nation,전국,창원,·,rs366,그랜드시티 호텔 창원,그랜드시티 호텔 창원,stay,숙박,35.22149,128.67908,30,30m,,,,N,N,Y,N,N,N,N,경남 창원시 성산구 중앙대로 78 · 한국관광공사 연관 관광지(숙박) · 카카오 좌표
nation,전국,태안,·,rs367,말리오션스파펜션,말리오션스파펜션,stay,숙박,36.78657,126.14504,30,30m,,,,N,N,Y,N,N,N,N,충남 태안군 소원면 만리포1길 95 · 한국관광공사 연관 관광지(숙박) · 카카오 좌표
nation,전국,가평,·,rs368,연인산리조트,연인산리조트,stay,숙박,37.90308,127.50236,30,30m,,,,N,N,Y,N,N,N,N,경기 가평군 북면 가화로 1575-16 · 한국관광공사 연관 관광지(숙박) · 카카오 좌표
nation,전국,가평,·,rs369,농업회사법인 산들애파크 188다산트라,농업회사법인 산들애파크 188다산트라,stay,숙박,37.85852,127.34471,30,30m,,,,N,N,Y,N,N,N,N,경기 가평군 조종면 현등사길 55-430 · 한국관광공사 연관 관광지(숙박) · 카카오 좌표
nation,전국,함양,·,rs370,용추계곡제2야영장,용추계곡제2야영장,stay,숙박,35.68419,127.76564,30,30m,,,,N,N,Y,N,N,N,N,경남 함양군 안의면 용추계곡로 625 · 한국관광공사 연관 관광지(숙박) · 카카오 좌표
nation,전국,부안,·,rs371,연화문호텔 변산,연화문호텔 변산,stay,숙박,35.66776,126.51626,30,30m,,,,N,N,Y,N,N,N,N,전북특별자치도 부안군 변산면 변산해변로 799-47 · 한국관광공사 연관 관광지(숙박) · 카카오 좌표
nation,전국,김해,·,rs372,파인그로브호텔,파인그로브호텔,stay,숙박,35.19296,128.79785,30,30m,,,,N,N,Y,N,N,N,N,경남 김해시 번화1로67번길 20 · 한국관광공사 연관 관광지(숙박) · 카카오 좌표
nation,전국,영덕,·,rs373,풀빌라식스,풀빌라식스,stay,숙박,36.31098,129.3793,30,30m,,,,N,N,Y,N,N,N,N,경북 영덕군 남정면 동해대로 3934 · 한국관광공사 연관 관광지(숙박) · 카카오 좌표
nation,전국,밀양,·,rs374,밀양댐오토캠핑장,밀양댐오토캠핑장,stay,숙박,35.49311,128.92847,30,30m,,,,N,N,Y,N,N,N,N,경남 밀양시 단장면 고례로 855 · 한국관광공사 연관 관광지(숙박) · 카카오 좌표
nation,전국,세종,·,rs375,베스트웨스턴 플러스 호텔세종,베스트웨스턴 플러스 호텔세종,stay,숙박,36.50008,127.25843,30,30m,,,,N,N,Y,N,N,N,N,세종특별자치시 도움1로 7 · 한국관광공사 연관 관광지(숙박) · 카카오 좌표
nation,전국,서울,·,rs376,토요코인호텔 서울강남점,토요코인호텔 서울강남점,stay,숙박,37.49188,127.02997,30,30m,,,,N,N,Y,N,N,N,N,서울 서초구 강남대로 323 · 한국관광공사 연관 관광지(숙박) · 카카오 좌표
nation,전국,서울,·,rs377,로이넷호텔 서울마포,로이넷호텔 서울마포,stay,숙박,37.54185,126.94829,30,30m,,,,N,N,Y,N,N,N,N,서울 마포구 마포대로 67 · 한국관광공사 연관 관광지(숙박) · 카카오 좌표
nation,전국,서울,·,rs378,강동그린웨이 가족캠핑장,강동그린웨이 가족캠핑장,stay,숙박,37.53587,127.15409,30,30m,,,,N,N,Y,N,N,N,N,서울 강동구 천호대로206길 87 · 한국관광공사 연관 관광지(숙박) · 카카오 좌표
nation,전국,서울,·,rs379,오라카이대학로호텔 BW시그니처컬렉션,오라카이대학로호텔 BW시그니처컬렉션,stay,숙박,37.57557,126.99872,30,30m,,,,N,N,Y,N,N,N,N,서울 종로구 율곡로 180 · 한국관광공사 연관 관광지(숙박) · 카카오 좌표
nation,전국,서울,·,rs380,로얄스퀘어호텔,로얄스퀘어호텔,stay,숙박,37.5607,126.81029,30,30m,,,,N,N,Y,N,N,N,N,서울 강서구 공항대로 30 · 한국관광공사 연관 관광지(숙박) · 카카오 좌표
nation,전국,서울,·,rs381,코트야드 바이메리어트 서울보타닉파크,코트야드 바이메리어트 서울보타닉파크,stay,숙박,37.56695,126.82939,30,30m,,,,N,N,Y,N,N,N,N,서울 강서구 마곡중앙12로 10 · 한국관광공사 연관 관광지(숙박) · 카카오 좌표
nation,전국,서울,·,rs382,신라스테이 마포,신라스테이 마포,stay,숙박,37.54278,126.94968,30,30m,,,,N,N,Y,N,N,N,N,서울 마포구 마포대로 83 · 한국관광공사 연관 관광지(숙박) · 카카오 좌표
nation,전국,평창,·,rs384,모나용평 빌라콘도,모나용평 빌라콘도,stay,숙박,37.64259,128.68311,30,30m,,,,N,N,Y,N,N,N,N,강원특별자치도 평창군 대관령면 올림픽로 715 · 한국관광공사 연관 관광지(숙박) · 카카오 좌표
nation,전국,평창,·,rs385,모나용평 그린피아콘도,모나용평 그린피아콘도,stay,숙박,37.64307,128.67705,30,30m,,,,N,N,Y,N,N,N,N,강원특별자치도 평창군 대관령면 올림픽로 715 · 한국관광공사 연관 관광지(숙박) · 카카오 좌표
nation,전국,부산,·,rs386,하운드호텔 기장오시리아점,하운드호텔 기장오시리아점,stay,숙박,35.23485,129.21528,30,30m,,,,N,N,Y,N,N,N,N,부산 기장군 기장읍 기장대로413번길 32 · 한국관광공사 연관 관광지(숙박) · 카카오 좌표
nation,전국,제주,·,rs387,베스트웨스턴 제주호텔,베스트웨스턴 제주호텔,stay,숙박,33.48783,126.48185,30,30m,,,,N,N,Y,N,N,N,N,제주특별자치도 제주시 도령로 27 · 한국관광공사 연관 관광지(숙박) · 카카오 좌표
nation,전국,부산,·,rs388,라마다 앙코르바이윈덤 부산 해운대,라마다 앙코르바이윈덤 부산 해운대,stay,숙박,35.16328,129.1596,30,30m,,,,N,N,Y,N,N,N,N,부산 해운대구 구남로 9 · 한국관광공사 연관 관광지(숙박) · 카카오 좌표
nation,전국,제주,·,rs389,다인리조트,다인리조트,stay,숙박,33.47152,126.35111,30,30m,,,,N,N,Y,N,N,N,N,제주특별자치도 제주시 애월읍 애월해안로 400-9 · 한국관광공사 연관 관광지(숙박) · 카카오 좌표
nation,전국,제주,·,rs390,다인오세아노호텔,다인오세아노호텔,stay,숙박,33.47249,126.35047,30,30m,,,,N,N,Y,N,N,N,N,제주특별자치도 제주시 애월읍 애월해안로 394 · 한국관광공사 연관 관광지(숙박) · 카카오 좌표
nation,전국,제주,·,rs391,호텔시리우스,호텔시리우스,stay,숙박,33.4934,126.49102,30,30m,,,,N,N,Y,N,N,N,N,제주특별자치도 제주시 도령로 133 · 한국관광공사 연관 관광지(숙박) · 카카오 좌표
nation,전국,제주,·,rs392,엠버 퓨어힐 호텔 앤 리조트 제주,엠버 퓨어힐 호텔 앤 리조트 제주,stay,숙박,33.42647,126.4873,30,30m,,,,N,N,Y,N,N,N,N,제주특별자치도 제주시 1100로 2671-30 · 한국관광공사 연관 관광지(숙박) · 카카오 좌표
nation,전국,제주,·,rs393,메종 글래드 제주,메종 글래드 제주,stay,숙박,33.48521,126.48853,30,30m,,,,N,N,Y,N,N,N,N,제주특별자치도 제주시 노연로 80 · 한국관광공사 연관 관광지(숙박) · 카카오 좌표
nation,전국,제주,·,rs394,해비치 호텔&리조트 제주,해비치 호텔&리조트 제주,stay,숙박,33.32144,126.84467,30,30m,,,,N,N,Y,N,N,N,N,제주특별자치도 서귀포시 표선면 민속해안로 537 · 한국관광공사 연관 관광지(숙박) · 카카오 좌표
nation,전국,제주,·,rs395,오션스타콘도,오션스타콘도,stay,숙박,33.42734,126.92655,30,30m,,,,N,N,Y,N,N,N,N,제주특별자치도 서귀포시 성산읍 섭지코지로 169 · 한국관광공사 연관 관광지(숙박) · 카카오 좌표
nation,전국,제주,·,rs396,포도호텔,포도호텔,stay,숙박,33.31745,126.38754,30,30m,,,,N,N,Y,N,N,N,N,제주특별자치도 서귀포시 안덕면 산록남로 863 · 한국관광공사 연관 관광지(숙박) · 카카오 좌표
nation,전국,제주,·,rs397,야크마을,야크마을,stay,숙박,33.26971,126.41772,30,30m,,,,N,N,Y,N,N,N,N,제주특별자치도 서귀포시 색달중앙로 162 · 한국관광공사 연관 관광지(숙박) · 카카오 좌표
nation,전국,제주,·,rs398,제주디아일랜드블루호텔,제주디아일랜드블루호텔,stay,숙박,33.24582,126.56577,30,30m,,,,N,N,Y,N,N,N,N,제주특별자치도 서귀포시 태평로431번길 3 · 한국관광공사 연관 관광지(숙박) · 카카오 좌표
nation,전국,제주,·,rs399,블룸호텔,블룸호텔,stay,숙박,33.24987,126.40811,30,30m,,,,N,N,Y,N,N,N,N,제주특별자치도 서귀포시 중문관광로72번길 53 · 한국관광공사 연관 관광지(숙박) · 카카오 좌표
nation,전국,제주,·,rs400,벨룸리조트,벨룸리조트,stay,숙박,33.27935,126.58144,30,30m,,,,N,N,Y,N,N,N,N,제주특별자치도 서귀포시 516로277번길 45 · 한국관광공사 연관 관광지(숙박) · 카카오 좌표
nation,전국,제주,·,rs401,WE호텔 제주,WE호텔 제주,stay,숙박,33.2862,126.44408,30,30m,,,,N,N,Y,N,N,N,N,제주특별자치도 서귀포시 1100로 453-95 · 한국관광공사 연관 관광지(숙박) · 카카오 좌표
nation,전국,대구,·,rs402,아리아나호텔,아리아나호텔,stay,숙박,35.83269,128.62289,30,30m,,,,N,N,Y,N,N,N,N,대구 수성구 동대구로 27 · 한국관광공사 연관 관광지(숙박) · 카카오 좌표
nation,전국,통영,·,rs403,통영767,통영767,stay,숙박,34.77017,128.40746,30,30m,,,,N,N,Y,N,N,N,N,경남 통영시 산양읍 달아1길 38 · 한국관광공사 연관 관광지(숙박) · 카카오 좌표
nation,전국,목포,·,rs404,바반트 관광호텔,바반트 관광호텔,stay,숙박,34.80191,126.36832,30,30m,,,,N,N,Y,N,N,N,N,전남광주통합특별시 목포시 북항로 149 · 한국관광공사 연관 관광지(숙박) · 카카오 좌표
nation,전국,가평,·,rs405,환타지콜라보,환타지콜라보,stay,숙박,37.82418,127.4944,30,30m,,,,N,N,Y,N,N,N,N,경기 가평군 가평읍 석봉로3번길 157-5 · 한국관광공사 연관 관광지(숙박) · 카카오 좌표
nation,전국,서울,·,rs406,메이플레이스호텔 서울동대문,메이플레이스호텔 서울동대문,stay,숙박,37.5761,126.99875,30,30m,,,,N,N,Y,N,N,N,N,서울 종로구 율곡로 179 · 한국관광공사 연관 관광지(숙박) · 카카오 좌표
nation,전국,파주,·,rs407,브라운도트호텔 파주헤이리점,브라운도트호텔 파주헤이리점,stay,숙박,37.77703,126.68767,30,30m,,,,N,N,Y,N,N,N,N,경기 파주시 탄현면 성동로 34 · 한국관광공사 연관 관광지(숙박) · 카카오 좌표
nation,전국,제주,·,rs408,빠레브호텔 제주,빠레브호텔 제주,stay,숙박,33.25229,126.50663,30,30m,,,,N,N,Y,N,N,N,N,제주특별자치도 서귀포시 김정문화로 15 · 한국관광공사 연관 관광지(숙박) · 카카오 좌표
nation,전국,제주,·,rs409,디아넥스호텔,디아넥스호텔,stay,숙박,33.30299,126.39282,30,30m,,,,N,N,Y,N,N,N,N,제주특별자치도 서귀포시 안덕면 산록남로762번길 71 · 한국관광공사 연관 관광지(숙박) · 카카오 좌표
nation,전국,영월,·,rs410,내리계곡솔밭캠핑장,내리계곡솔밭캠핑장,stay,숙박,37.1022,128.68282,30,30m,,,,N,N,Y,N,N,N,N,강원특별자치도 영월군 김삿갓면 내리계곡로 1039-18 · 한국관광공사 연관 관광지(숙박) · 카카오 좌표
nation,전국,대전,·,rs411,호텔ICC,호텔ICC,stay,숙박,36.37706,127.39282,30,30m,,,,N,N,Y,N,N,N,N,대전 유성구 엑스포로123번길 55 · 한국관광공사 연관 관광지(숙박) · 카카오 좌표
nation,전국,제천,·,rs412,월악산국립공원 덕주야영장 피크닉전용영지,월악산국립공원 덕주야영장 피크닉전용영지,stay,숙박,36.86652,128.08802,30,30m,,,,N,N,Y,N,N,N,N,충북 제천시 한수면 송계리 136 · 한국관광공사 연관 관광지(숙박) · 카카오 좌표
nation,전국,대전,·,rs413,호텔 스카이파크 대전1호점,호텔 스카이파크 대전1호점,stay,숙박,36.42474,127.39806,30,30m,,,,N,N,Y,N,N,N,N,대전 유성구 테크노중앙로 161 · 한국관광공사 연관 관광지(숙박) · 카카오 좌표
nation,전국,경주,·,rs414,강동리조트 패밀리콘도,강동리조트 패밀리콘도,stay,숙박,35.82614,129.28787,30,30m,,,,N,N,Y,N,N,N,N,경북 경주시 천군로 95-32 · 한국관광공사 연관 관광지(숙박) · 카카오 좌표
nation,전국,경주,·,rs415,강동프라이빗콘도,강동프라이빗콘도,stay,숙박,35.82316,129.28897,30,30m,,,,N,N,Y,N,N,N,N,경북 경주시 천군로 95-32 · 한국관광공사 연관 관광지(숙박) · 카카오 좌표
nation,전국,동해,·,rs416,망상제2오토캠핑장,망상제2오토캠핑장,stay,숙박,37.59142,129.09264,30,30m,,,,N,N,Y,N,N,N,N,강원특별자치도 동해시 동해대로 6270-14 · 한국관광공사 연관 관광지(숙박) · 카카오 좌표
nation,전국,거제,·,rs417,거제돔관광호텔,거제돔관광호텔,stay,숙박,34.82245,128.70996,30,30m,,,,N,N,Y,N,N,N,N,경남 거제시 일운면 거제대로 2372 · 한국관광공사 연관 관광지(숙박) · 카카오 좌표
nation,전국,동해,·,rs418,동해무릉건강숲,동해무릉건강숲,stay,숙박,37.46511,129.03124,30,30m,,,,N,N,Y,N,N,N,N,강원특별자치도 동해시 삼화로 455 · 한국관광공사 연관 관광지(숙박) · 카카오 좌표
nation,전국,정선,·,rs419,정선아리아리호텔,정선아리아리호텔,stay,숙박,37.22687,128.81172,30,30m,,,,N,N,Y,N,N,N,N,강원특별자치도 정선군 사북읍 지장천로 579 · 한국관광공사 연관 관광지(숙박) · 카카오 좌표
nation,전국,전주,·,rs420,메종드온유호텔 전주한옥마을점,메종드온유호텔 전주한옥마을점,stay,숙박,35.83034,127.17439,30,30m,,,,N,N,Y,N,N,N,N,전북특별자치도 전주시 덕진구 아중4길 9-3 · 한국관광공사 연관 관광지(숙박) · 카카오 좌표
nation,전국,통영,·,rs421,아스트로펜션,아스트로펜션,stay,숙박,34.87912,128.46521,30,30m,,,,N,N,Y,N,N,N,N,경남 통영시 용남면 연기길 170 · 한국관광공사 연관 관광지(숙박) · 카카오 좌표
nation,전국,통영,·,rs422,브룩스호텔,브룩스호텔,stay,숙박,34.84584,128.43093,30,30m,,,,N,N,Y,N,N,N,N,경남 통영시 통영해안로 407 · 한국관광공사 연관 관광지(숙박) · 카카오 좌표
nation,전국,통영,·,rs423,통영마티스비치스파펜션,통영마티스비치스파펜션,stay,숙박,34.83494,128.39234,30,30m,,,,N,N,Y,N,N,N,N,경남 통영시 국치1길 52-24 · 한국관광공사 연관 관광지(숙박) · 카카오 좌표
nation,전국,강릉,·,rs424,파인아트라벨,파인아트라벨,stay,숙박,37.77574,128.94196,30,30m,,,,N,N,Y,N,N,N,N,강원특별자치도 강릉시 해안로 32 · 한국관광공사 연관 관광지(숙박) · 카카오 좌표
nation,전국,속초,·,rs425,호텔리츠,호텔리츠,stay,숙박,38.21273,128.59956,30,30m,,,,N,N,Y,N,N,N,N,강원특별자치도 속초시 영금정로 27 · 한국관광공사 연관 관광지(숙박) · 카카오 좌표
nation,전국,평창,·,rs426,오리엔트리조트 평창본점,오리엔트리조트 평창본점,stay,숙박,37.58698,128.31878,30,30m,,,,N,N,Y,N,N,N,N,강원특별자치도 평창군 봉평면 태기로 80-56 · 한국관광공사 연관 관광지(숙박) · 카카오 좌표
nation,전국,여수,·,rs427,르그랑블루리조트,르그랑블루리조트,stay,숙박,34.68745,127.77776,30,30m,,,,N,N,Y,N,N,N,N,전남광주통합특별시 여수시 돌산읍 무술목길 34 · 한국관광공사 연관 관광지(숙박) · 카카오 좌표
nation,전국,안동,·,rs428,고려호텔,고려호텔,stay,숙박,36.56443,128.73276,30,30m,,,,N,N,Y,N,N,N,N,경북 안동시 영가로 13 · 한국관광공사 연관 관광지(숙박) · 카카오 좌표
nation,전국,양산,·,rs429,베니키아 양산호텔,베니키아 양산호텔,stay,숙박,35.3148,129.02606,30,30m,,,,N,N,Y,N,N,N,N,경남 양산시 동면 금오10길 51 · 한국관광공사 연관 관광지(숙박) · 카카오 좌표
nation,전국,영주,·,rs430,소백산국립공원 삼가야영장,소백산국립공원 삼가야영장,stay,숙박,36.92656,128.50199,30,30m,,,,N,N,Y,N,N,N,N,경북 영주시 풍기읍 삼가로 509 · 한국관광공사 연관 관광지(숙박) · 카카오 좌표
nation,전국,영주,·,rs431,알토호텔,알토호텔,stay,숙박,36.81116,128.6231,30,30m,,,,N,N,Y,N,N,N,N,경북 영주시 꽃동산로1번길 10 · 한국관광공사 연관 관광지(숙박) · 카카오 좌표
nation,전국,목포,·,rs432,하운드호텔 목포평화광장점,하운드호텔 목포평화광장점,stay,숙박,34.79799,126.4287,30,30m,,,,N,N,Y,N,N,N,N,전남광주통합특별시 목포시 원형서로 20 · 한국관광공사 연관 관광지(숙박) · 카카오 좌표
nation,전국,울릉,·,rs433,울릉도일등펜션,울릉도일등펜션,stay,숙박,37.46908,130.88147,30,30m,,,,N,N,Y,N,N,N,N,경북 울릉군 울릉읍 울릉순환로 678 · 한국관광공사 연관 관광지(숙박) · 카카오 좌표
nation,전국,울릉,·,rs434,호텔울릉드림,호텔울릉드림,stay,숙박,37.48121,130.88846,30,30m,,,,N,N,Y,N,N,N,N,경북 울릉군 울릉읍 사동2길 190 · 한국관광공사 연관 관광지(숙박) · 카카오 좌표
nation,전국,군산,·,rs435,맨션브릿지호텔 군산,맨션브릿지호텔 군산,stay,숙박,35.97686,126.72568,30,30m,,,,N,N,Y,N,N,N,N,전북특별자치도 군산시 서래내길 28 · 한국관광공사 연관 관광지(숙박) · 카카오 좌표
nation,전국,담양,·,rs436,담양리조트,담양리조트,stay,숙박,35.36549,127.02563,30,30m,,,,N,N,Y,N,N,N,N,전남광주통합특별시 담양군 금성면 금성산성길 202 · 한국관광공사 연관 관광지(숙박) · 카카오 좌표
nation,전국,군산,·,rs437,브라운도트호텔 근대화거리점,브라운도트호텔 근대화거리점,stay,숙박,35.98779,126.71767,30,30m,,,,N,N,Y,N,N,N,N,전북특별자치도 군산시 장미2길 6 · 한국관광공사 연관 관광지(숙박) · 카카오 좌표
nation,전국,태안,·,rs438,파도와노을캠핑장,파도와노을캠핑장,stay,숙박,36.73352,126.13093,30,30m,,,,N,N,Y,N,N,N,N,충남 태안군 소원면 아치내길 60-70 · 한국관광공사 연관 관광지(숙박) · 카카오 좌표
nation,전국,가평,·,rs439,더스테이힐링파크,더스테이힐링파크,stay,숙박,37.66182,127.52435,30,30m,,,,N,N,Y,N,N,N,N,경기 가평군 설악면 한서로268번길 157 · 한국관광공사 연관 관광지(숙박) · 카카오 좌표
nation,전국,김해,·,rs440,아세라빌라드아쿠아호텔,아세라빌라드아쿠아호텔,stay,숙박,35.22885,128.88418,30,30m,,,,N,N,Y,N,N,N,N,경남 김해시 가락로24번길 15 · 한국관광공사 연관 관광지(숙박) · 카카오 좌표
nation,전국,포천,·,rs441,신북온심재,신북온심재,stay,숙박,37.97427,127.10438,30,30m,,,,N,N,Y,N,N,N,N,경기 포천시 신북면 청신로 571 · 한국관광공사 연관 관광지(숙박) · 카카오 좌표
nation,전국,울진,·,rs442,동해바다펜션,동해바다펜션,stay,숙박,37.05058,129.41285,30,30m,,,,N,N,Y,N,N,N,N,경북 울진군 죽변면 죽변중앙로 33-5 · 한국관광공사 연관 관광지(숙박) · 카카오 좌표
nation,전국,부안,·,rs443,스테이80,스테이80,stay,숙박,35.6546,126.5096,30,30m,,,,N,N,Y,N,N,N,N,전북특별자치도 부안군 변산면 고사길 80 · 한국관광공사 연관 관광지(숙박) · 카카오 좌표
nation,전국,부안,·,rs444,가온리조트,가온리조트,stay,숙박,35.6781,126.53149,30,30m,,,,N,N,Y,N,N,N,N,전북특별자치도 부안군 변산면 변산우회길 3-16 · 한국관광공사 연관 관광지(숙박) · 카카오 좌표
nation,전국,양양,·,rs445,코게러지 호텔,코게러지 호텔,stay,숙박,38.00549,128.72927,30,30m,,,,N,N,Y,N,N,N,N,강원특별자치도 양양군 현북면 동해대로 1269-7 · 한국관광공사 연관 관광지(숙박) · 카카오 좌표
nation,전국,양양,·,rs446,서프리조트인더시티 양양,서프리조트인더시티 양양,stay,숙박,37.97162,128.76086,30,30m,,,,N,N,Y,N,N,N,N,강원특별자치도 양양군 현남면 새나루길 5 · 한국관광공사 연관 관광지(숙박) · 카카오 좌표
nation,전국,보령,·,rs447,동백관,동백관,stay,숙박,36.26193,126.54881,30,30m,,,,N,N,Y,N,N,N,N,충남 보령시 남포면 용두욕장2길 40 · 한국관광공사 연관 관광지(숙박) · 카카오 좌표
nation,전국,영덕,·,rs448,연화문호텔 영덕,연화문호텔 영덕,stay,숙박,36.27179,129.37691,30,30m,,,,N,N,Y,N,N,N,N,경북 영덕군 남정면 동해대로 3472 · 한국관광공사 연관 관광지(숙박) · 카카오 좌표
nation,전국,서울,·,rs449,조선호텔 포포인츠바이쉐라톤 서울역,조선호텔 포포인츠바이쉐라톤 서울역,stay,숙박,37.55106,126.97292,30,30m,,,,N,N,Y,N,N,N,N,서울 용산구 한강대로 366 · 한국관광공사 연관 관광지(숙박) · 카카오 좌표
nation,전국,부산,·,rs450,브라운도트호텔 엄궁점,브라운도트호텔 엄궁점,stay,숙박,35.12866,128.96882,30,30m,,,,N,N,Y,N,N,N,N,부산 사상구 낙동대로 753-17 · 한국관광공사 연관 관광지(숙박) · 카카오 좌표
nation,전국,부산,·,rs451,하얏트 플레이스 부산 연산,하얏트 플레이스 부산 연산,stay,숙박,35.1877,129.0806,30,30m,,,,N,N,Y,N,N,N,N,부산 연제구 중앙대로 1121 · 한국관광공사 연관 관광지(숙박) · 카카오 좌표
nation,전국,부산,·,rs452,케니스테이 기장,케니스테이 기장,stay,숙박,35.24259,129.2158,30,30m,,,,N,N,Y,N,N,N,N,부산 기장군 기장읍 차성남로51번길 26 · 한국관광공사 연관 관광지(숙박) · 카카오 좌표
nation,전국,부산,·,rs453,소노문 해운대,소노문 해운대,stay,숙박,35.15992,129.15797,30,30m,,,,N,N,Y,N,N,N,N,부산 해운대구 해운대해변로237번길 12 · 한국관광공사 연관 관광지(숙박) · 카카오 좌표
nation,전국,부산,·,rs454,썬클라우드호텔,썬클라우드호텔,stay,숙박,35.16044,129.16225,30,30m,,,,N,N,Y,N,N,N,N,부산 해운대구 해운대해변로 287 · 한국관광공사 연관 관광지(숙박) · 카카오 좌표
nation,전국,부산,·,rs455,해운대블루스토리호텔,해운대블루스토리호텔,stay,숙박,35.15991,129.15748,30,30m,,,,N,N,Y,N,N,N,N,부산 해운대구 해운대해변로237번길 11 · 한국관광공사 연관 관광지(숙박) · 카카오 좌표
nation,전국,제주,·,rs456,호텔난타,호텔난타,stay,숙박,33.44583,126.54791,30,30m,,,,N,N,Y,N,N,N,N,제주특별자치도 제주시 선돌목동길 56-26 · 한국관광공사 연관 관광지(숙박) · 카카오 좌표
nation,전국,제주,·,rs457,더스테이센추리호텔,더스테이센추리호텔,stay,숙박,33.48491,126.40893,30,30m,,,,N,N,Y,N,N,N,N,제주특별자치도 제주시 애월읍 일주서로 7113 · 한국관광공사 연관 관광지(숙박) · 카카오 좌표
nation,전국,제주,·,rs458,베니키아호텔 제주,베니키아호텔 제주,stay,숙박,33.47763,126.36223,30,30m,,,,N,N,Y,N,N,N,N,제주특별자치도 제주시 애월읍 애월해안로 554-6 · 한국관광공사 연관 관광지(숙박) · 카카오 좌표
nation,전국,제주,·,rs459,신라스테이 플러스 이호테우,신라스테이 플러스 이호테우,stay,숙박,33.49268,126.423,30,30m,,,,N,N,Y,N,N,N,N,제주특별자치도 제주시 연대마을길 76 · 한국관광공사 연관 관광지(숙박) · 카카오 좌표
nation,전국,제주,·,rs460,제주리조트,제주리조트,stay,숙박,33.48292,126.39306,30,30m,,,,N,N,Y,N,N,N,N,제주특별자치도 제주시 애월읍 가문동상4길 11 · 한국관광공사 연관 관광지(숙박) · 카카오 좌표
nation,전국,제주,·,rs461,몽돌스테이1119,몽돌스테이1119,stay,숙박,33.41282,126.26537,30,30m,,,,N,N,Y,N,N,N,N,제주특별자치도 제주시 한림읍 한림남1길 3 · 한국관광공사 연관 관광지(숙박) · 카카오 좌표
nation,전국,제주,·,rs462,코업시티호텔 성산,코업시티호텔 성산,stay,숙박,33.46599,126.93189,30,30m,,,,N,N,Y,N,N,N,N,제주특별자치도 서귀포시 성산읍 성산등용로 28 · 한국관광공사 연관 관광지(숙박) · 카카오 좌표
nation,전국,제주,·,rs463,신라스테이 제주,신라스테이 제주,stay,숙박,33.48554,126.4909,30,30m,,,,N,N,Y,N,N,N,N,제주특별자치도 제주시 노연로 100 · 한국관광공사 연관 관광지(숙박) · 카카오 좌표
nation,전국,당진,·,rs464,모든날펜션,모든날펜션,stay,숙박,37.03347,126.55612,30,30m,,,,N,N,Y,N,N,N,N,충남 당진시 석문면 장고항로 368-12 · 한국관광공사 연관 관광지(숙박) · 카카오 좌표
nation,전국,서산,·,rs465,저스트슬립호텔 서산대산점,저스트슬립호텔 서산대산점,stay,숙박,36.94033,126.43033,30,30m,,,,N,N,Y,N,N,N,N,충남 서산시 대산읍 충의로 1981 · 한국관광공사 연관 관광지(숙박) · 카카오 좌표
nation,전국,제천,·,rs466,휴가 게스트하우스,휴가 게스트하우스,stay,숙박,37.1557,128.2184,30,30m,,,,N,N,Y,N,N,N,N,충북 제천시 용두천로42길 7 · 한국관광공사 연관 관광지(숙박) · 카카오 좌표
nation,전국,서울,·,rs467,난지캠핑장,난지캠핑장,stay,숙박,37.57,126.87217,30,30m,,,,N,N,Y,N,N,N,N,서울 마포구 한강난지로 22 · 한국관광공사 연관 관광지(숙박) · 카카오 좌표
nation,전국,서울,·,rs468,호텔씨에스에비뉴,호텔씨에스에비뉴,stay,숙박,37.59908,126.9365,30,30m,,,,N,N,Y,N,N,N,N,서울 은평구 통일로 585-1 · 한국관광공사 연관 관광지(숙박) · 카카오 좌표
nation,전국,하동,·,rs469,소소화개,소소화개,stay,숙박,35.20252,127.63461,30,30m,,,,N,N,Y,N,N,N,N,경남 하동군 화개면 백혜길 10 · 한국관광공사 연관 관광지(숙박) · 카카오 좌표
nation,전국,강릉,·,rs470,망상비치호텔,망상비치호텔,stay,숙박,37.60647,129.06895,30,30m,,,,N,N,Y,N,N,N,N,강원특별자치도 강릉시 옥계면 도직길 7-22 · 한국관광공사 연관 관광지(숙박) · 카카오 좌표
nation,전국,통영,·,rs471,데이지호텔,데이지호텔,stay,숙박,34.8857,128.42141,30,30m,,,,N,N,Y,N,N,N,N,경남 통영시 광도면 죽림5로 25-55 · 한국관광공사 연관 관광지(숙박) · 카카오 좌표
nation,전국,통영,·,rs472,통영 한산마리나호텔&리조트,통영 한산마리나호텔&리조트,stay,숙박,34.80486,128.43458,30,30m,,,,N,N,Y,N,N,N,N,경남 통영시 산양읍 삼칭이해안길 820 · 한국관광공사 연관 관광지(숙박) · 카카오 좌표
nation,전국,울릉,·,rs473,섬바디관광호텔,섬바디관광호텔,stay,숙박,37.48415,130.9053,30,30m,,,,N,N,Y,N,N,N,N,경북 울릉군 울릉읍 도동3길 20 · 한국관광공사 연관 관광지(숙박) · 카카오 좌표
nation,전국,인천,·,rs474,제이앤파크호텔,제이앤파크호텔,stay,숙박,37.44501,126.3793,30,30m,,,,N,N,Y,N,N,N,N,인천 영종구 용유서로 262-15 · 한국관광공사 연관 관광지(숙박) · 카카오 좌표
nation,전국,태안,·,rs475,리틀베이 풀빌라,리틀베이 풀빌라,stay,숙박,36.64298,126.30165,30,30m,,,,N,N,Y,N,N,N,N,충남 태안군 남면 청포대길 101 · 한국관광공사 연관 관광지(숙박) · 카카오 좌표
nation,전국,포천,·,rs476,유식물원캠핑장,유식물원캠핑장,stay,숙박,37.97403,127.15023,30,30m,,,,N,N,Y,N,N,N,N,경기 포천시 신북면 간자동길 138-100 · 한국관광공사 연관 관광지(숙박) · 카카오 좌표
nation,전국,구미,·,rs477,스테이더공단호텔,스테이더공단호텔,stay,숙박,36.10998,128.37715,30,30m,,,,N,N,Y,N,N,N,N,경북 구미시 1공단로5길 86-15 · 한국관광공사 연관 관광지(숙박) · 카카오 좌표
nation,전국,평창,·,rs478,휘닉스파크,휘닉스파크,stay,숙박,37.58135,128.32741,30,30m,,,,N,N,Y,N,N,N,N,강원특별자치도 평창군 봉평면 태기로 174 · 한국관광공사 연관 관광지(숙박) · 카카오 좌표
nation,전국,제주,·,rs479,팜파스호텔 제주,팜파스호텔 제주,stay,숙박,33.51156,126.48499,30,30m,,,,N,N,Y,N,N,N,N,제주특별자치도 제주시 서해안로 368-3 · 한국관광공사 연관 관광지(숙박) · 카카오 좌표
nation,전국,서산,·,rs480,서라온,서라온,stay,숙박,36.78535,126.5315,30,30m,,,,N,N,Y,N,N,N,N,충남 서산시 음암면 부장양지길 34-35 · 한국관광공사 연관 관광지(숙박) · 카카오 좌표
nation,전국,서울,·,rs481,머큐어 앰배서더 서울 홍대,머큐어 앰배서더 서울 홍대,stay,숙박,37.55519,126.92247,30,30m,,,,N,N,Y,N,N,N,N,서울 마포구 양화로 144 · 한국관광공사 연관 관광지(숙박) · 카카오 좌표
nation,전국,제천,·,rs482,닷돈재4색야영장,닷돈재4색야영장,stay,숙박,36.84317,128.09379,30,30m,,,,N,N,Y,N,N,N,N,충북 제천시 한수면 송계리 67 · 한국관광공사 연관 관광지(숙박) · 카카오 좌표
nation,전국,경주,·,rs483,경주화랑마을 오토캠핑장,경주화랑마을 오토캠핑장,stay,숙박,35.85883,129.18223,30,30m,,,,N,N,Y,N,N,N,N,경북 경주시 석현로 123 · 한국관광공사 연관 관광지(숙박) · 카카오 좌표
nation,전국,경주,·,rs484,황남관,황남관,stay,숙박,35.8336,129.2097,30,30m,,,,N,N,Y,N,N,N,N,경북 경주시 포석로 1038 · 한국관광공사 연관 관광지(숙박) · 카카오 좌표
nation,전국,경주,·,rs485,신라부티크호텔,신라부티크호텔,stay,숙박,35.84207,129.20199,30,30m,,,,N,N,Y,N,N,N,N,경북 경주시 강변로 200 · 한국관광공사 연관 관광지(숙박) · 카카오 좌표
nation,전국,경주,·,rs486,덴바스타호텔 헤리티지 경주점,덴바스타호텔 헤리티지 경주점,stay,숙박,35.83904,129.20409,30,30m,,,,N,N,Y,N,N,N,N,경북 경주시 태종로 691-20 · 한국관광공사 연관 관광지(숙박) · 카카오 좌표
nation,전국,거제,·,rs487,흑진주마리나리조트,흑진주마리나리조트,stay,숙박,34.77765,128.65325,30,30m,,,,N,N,Y,N,N,N,N,경남 거제시 동부면 거제대로 1080-15 · 한국관광공사 연관 관광지(숙박) · 카카오 좌표
nation,전국,거제,·,rs488,까사델문도,까사델문도,stay,숙박,34.81358,128.67915,30,30m,,,,N,N,Y,N,N,N,N,경남 거제시 일운면 윤돌길 23 · 한국관광공사 연관 관광지(숙박) · 카카오 좌표
nation,전국,거제,·,rs489,브라운도트 거제근 포항점,브라운도트 거제근 포항점,stay,숙박,34.71535,128.59063,30,30m,,,,N,N,Y,N,N,N,N,경남 거제시 남부면 대포길 18 · 한국관광공사 연관 관광지(숙박) · 카카오 좌표
nation,전국,거제,·,rs490,포시즌펜션,포시즌펜션,stay,숙박,34.97999,128.69402,30,30m,,,,N,N,Y,N,N,N,N,경남 거제시 장목면 두모실길 16-23 · 한국관광공사 연관 관광지(숙박) · 카카오 좌표
nation,전국,청주,·,rs491,천경대키즈풀빌라,천경대키즈풀빌라,stay,숙박,36.6141,127.70115,30,30m,,,,N,N,Y,N,N,N,N,충북 청주시 상당구 미원면 옥화길 22-22 · 한국관광공사 연관 관광지(숙박) · 카카오 좌표
nation,전국,거제,·,rs492,거제로펜션,거제로펜션,stay,숙박,34.77795,128.64174,30,30m,,,,N,N,Y,N,N,N,N,경남 거제시 동부면 학동7길 24 · 한국관광공사 연관 관광지(숙박) · 카카오 좌표
nation,전국,삼척,·,rs493,덕풍계곡 제2야영장,덕풍계곡 제2야영장,stay,숙박,37.1039,129.17833,30,30m,,,,N,N,Y,N,N,N,N,강원특별자치도 삼척시 가곡면 풍곡리 산 103-1 · 한국관광공사 연관 관광지(숙박) · 카카오 좌표
nation,전국,통영,·,rs494,물개스테이,물개스테이,stay,숙박,34.76894,128.42149,30,30m,,,,N,N,Y,N,N,N,N,경남 통영시 산양읍 물개길 37-7 · 한국관광공사 연관 관광지(숙박) · 카카오 좌표
nation,전국,통영,·,rs495,바다52스파펜션,바다52스파펜션,stay,숙박,34.83511,128.39205,30,30m,,,,N,N,Y,N,N,N,N,경남 통영시 국치1길 52-30 · 한국관광공사 연관 관광지(숙박) · 카카오 좌표
nation,전국,여수,·,rs496,호텔더엘,호텔더엘,stay,숙박,34.73788,127.7388,30,30m,,,,N,N,Y,N,N,N,N,전남광주통합특별시 여수시 이순신광장로 135 · 한국관광공사 연관 관광지(숙박) · 카카오 좌표
nation,전국,여수,·,rs497,여수 디아크리조트,여수 디아크리조트,stay,숙박,34.70177,127.75755,30,30m,,,,N,N,Y,N,N,N,N,전남광주통합특별시 여수시 돌산읍 돌산로 3169-30 · 한국관광공사 연관 관광지(숙박) · 카카오 좌표
nation,전국,안동,·,rs498,리첼호텔,리첼호텔,stay,숙박,36.5683,128.78228,30,30m,,,,N,N,Y,N,N,N,N,경북 안동시 관광단지로 346-69 · 한국관광공사 연관 관광지(숙박) · 카카오 좌표
nation,전국,안동,·,rs499,전통리조트 구름에,전통리조트 구름에,stay,숙박,36.57337,128.76881,30,30m,,,,N,N,Y,N,N,N,N,경북 안동시 민속촌길 190 · 한국관광공사 연관 관광지(숙박) · 카카오 좌표
nation,전국,진주,·,rs500,브라운도트호텔,브라운도트호텔,stay,숙박,35.17856,128.14029,30,30m,,,,N,N,Y,N,N,N,N,경남 진주시 에나로 103-9 · 한국관광공사 연관 관광지(숙박) · 카카오 좌표
nation,전국,남해,·,rs501,슬로우남해,슬로우남해,stay,숙박,34.83946,127.98205,30,30m,,,,N,N,Y,N,N,N,N,경남 남해군 창선면 서부로 177-7 · 한국관광공사 연관 관광지(숙박) · 카카오 좌표
nation,전국,영주,·,rs502,풍기관광호텔,풍기관광호텔,stay,숙박,36.86978,128.5248,30,30m,,,,N,N,Y,N,N,N,N,경북 영주시 풍기읍 풍기로 53 · 한국관광공사 연관 관광지(숙박) · 카카오 좌표
nation,전국,목포,·,rs503,호텔야자 목포평화광장점,호텔야자 목포평화광장점,stay,숙박,34.80054,126.43026,30,30m,,,,N,N,Y,N,N,N,N,전남광주통합특별시 목포시 하당남부로61번길 3 · 한국관광공사 연관 관광지(숙박) · 카카오 좌표
nation,전국,울릉,·,rs504,가고싶다펜션,가고싶다펜션,stay,숙박,37.49142,130.90929,30,30m,,,,N,N,Y,N,N,N,N,경북 울릉군 울릉읍 봉래1길 52-1 · 한국관광공사 연관 관광지(숙박) · 카카오 좌표
nation,전국,울릉,·,rs505,학포다이브리조트,학포다이브리조트,stay,숙박,37.50143,130.80782,30,30m,,,,N,N,Y,N,N,N,N,경북 울릉군 서면 학포길 35-7 · 한국관광공사 연관 관광지(숙박) · 카카오 좌표
nation,전국,합천,·,rs506,마노아워터캠핑장,마노아워터캠핑장,stay,숙박,35.6426,128.05778,30,30m,,,,N,N,Y,N,N,N,N,경남 합천군 봉산면 압곡3길 9 · 한국관광공사 연관 관광지(숙박) · 카카오 좌표
nation,전국,남해,·,rs507,여여담,여여담,stay,숙박,34.88408,127.90997,30,30m,,,,N,N,Y,N,N,N,N,경남 남해군 설천면 설천로 176-132 · 한국관광공사 연관 관광지(숙박) · 카카오 좌표
nation,전국,남해,·,rs508,상주은모래비치 오토캠핑장,상주은모래비치 오토캠핑장,stay,숙박,34.71992,127.98536,30,30m,,,,N,N,Y,N,N,N,N,경남 남해군 상주면 상주리 1248-1 · 한국관광공사 연관 관광지(숙박) · 카카오 좌표
nation,전국,울산,·,rs509,삼성산장,삼성산장,stay,숙박,35.55955,129.06776,30,30m,,,,N,N,Y,N,N,N,N,울산 울주군 상북면 등억알프스로 483 · 한국관광공사 연관 관광지(숙박) · 카카오 좌표
nation,전국,울산,·,rs510,온더웨이브호텔,온더웨이브호텔,stay,숙박,35.3561,129.35036,30,30m,,,,N,N,Y,N,N,N,N,울산 울주군 서생면 간절곶해안길 37 · 한국관광공사 연관 관광지(숙박) · 카카오 좌표
nation,전국,창원,·,rs511,CNN호텔,CNN호텔,stay,숙박,35.22347,128.68312,30,30m,,,,N,N,Y,N,N,N,N,경남 창원시 성산구 상남로 118 · 한국관광공사 연관 관광지(숙박) · 카카오 좌표
nation,전국,태안,·,rs512,무이림,무이림,stay,숙박,36.75743,126.17055,30,30m,,,,N,N,Y,N,N,N,N,충남 태안군 소원면 대소산길 350-87 · 한국관광공사 연관 관광지(숙박) · 카카오 좌표
nation,전국,태안,·,rs513,나문재카페,나문재카페,stay,숙박,36.5866,126.37431,30,30m,,,,N,N,Y,N,N,N,N,충남 태안군 안면읍 통샘길 87-340 · 한국관광공사 연관 관광지(숙박) · 카카오 좌표
nation,전국,창원,·,rs514,호텔에비뉴,호텔에비뉴,stay,숙박,35.23012,128.68152,30,30m,,,,N,N,Y,N,N,N,N,경남 창원시 성산구 용지로169번길 5 · 한국관광공사 연관 관광지(숙박) · 카카오 좌표
nation,전국,가평,·,rs515,호텔하우스,호텔하우스,stay,숙박,37.69797,127.48978,30,30m,,,,N,N,Y,N,N,N,N,경기 가평군 설악면 자잠로 279 · 한국관광공사 연관 관광지(숙박) · 카카오 좌표
nation,전국,상주,·,rs516,객주촌한옥펜션,객주촌한옥펜션,stay,숙박,36.44342,128.26555,30,30m,,,,N,N,Y,N,N,N,N,경북 상주시 중동면 갱다불길 113 · 한국관광공사 연관 관광지(숙박) · 카카오 좌표
nation,전국,김해,·,rs517,덴바스타 테마 키즈호텔,덴바스타 테마 키즈호텔,stay,숙박,35.27536,128.88914,30,30m,,,,N,N,Y,N,N,N,N,경남 김해시 생림면 인제로 545-20 · 한국관광공사 연관 관광지(숙박) · 카카오 좌표
nation,전국,김해,·,rs518,잠101호텔,잠101호텔,stay,숙박,35.17056,128.82324,30,30m,,,,N,N,Y,N,N,N,N,경남 김해시 율하숲길 17 · 한국관광공사 연관 관광지(숙박) · 카카오 좌표
nation,전국,익산,·,rs519,한옥펜션 수수헌,한옥펜션 수수헌,stay,숙박,35.99236,127.05024,30,30m,,,,N,N,Y,N,N,N,N,전북특별자치도 익산시 금마면 미륵사지로5길 24-1 · 한국관광공사 연관 관광지(숙박) · 카카오 좌표
nation,전국,전주,·,rs520,전주관광호텔,전주관광호텔,stay,숙박,35.82042,127.14541,30,30m,,,,N,N,Y,N,N,N,N,전북특별자치도 전주시 완산구 전주객사5길 44-5 · 한국관광공사 연관 관광지(숙박) · 카카오 좌표
nation,전국,울진,·,rs521,불영계곡캠핑장,불영계곡캠핑장,stay,숙박,36.96603,129.32047,30,30m,,,,N,N,Y,N,N,N,N,경북 울진군 울진읍 불영계곡로 2758 · 한국관광공사 연관 관광지(숙박) · 카카오 좌표
nation,전국,고창,·,rs522,선운산유스호스텔,선운산유스호스텔,stay,숙박,35.50348,126.58311,30,30m,,,,N,N,Y,N,N,N,N,전북특별자치도 고창군 아산면 선운사로 158-36 · 한국관광공사 연관 관광지(숙박) · 카카오 좌표
nation,전국,고양,·,rs523,밀레니엄호텔,밀레니엄호텔,stay,숙박,37.67497,126.74834,30,30m,,,,N,N,Y,N,N,N,N,경기 고양시 일산서구 주화로 190 · 한국관광공사 연관 관광지(숙박) · 카카오 좌표
nation,전국,고양,·,rs524,호텔 클라움,호텔 클라움,stay,숙박,37.67509,126.74799,30,30m,,,,N,N,Y,N,N,N,N,경기 고양시 일산서구 중앙로 1559-11 · 한국관광공사 연관 관광지(숙박) · 카카오 좌표
nation,전국,고양,·,rs525,글로스터호텔 킨텍스,글로스터호텔 킨텍스,stay,숙박,37.66842,126.74807,30,30m,,,,N,N,Y,N,N,N,N,경기 고양시 일산서구 킨텍스로 255-3 · 한국관광공사 연관 관광지(숙박) · 카카오 좌표
nation,전국,담양,·,rs526,퀸즈캐슬,퀸즈캐슬,stay,숙박,35.19191,126.99417,30,30m,,,,N,N,Y,N,N,N,N,전남광주통합특별시 담양군 가사문학면 가사문학로 760-12 · 한국관광공사 연관 관광지(숙박) · 카카오 좌표
nation,전국,인제,·,rs527,아침뜨락황토마을,아침뜨락황토마을,stay,숙박,37.95519,128.34152,30,30m,,,,N,N,Y,N,N,N,N,강원특별자치도 인제군 기린면 두루미길 7-18 · 한국관광공사 연관 관광지(숙박) · 카카오 좌표
nation,전국,양양,·,rs528,브리드호텔 양양,브리드호텔 양양,stay,숙박,37.97094,128.76209,30,30m,,,,N,N,Y,N,N,N,N,강원특별자치도 양양군 현남면 인구항길 17 · 한국관광공사 연관 관광지(숙박) · 카카오 좌표
nation,전국,청송,·,rs529,송소고택펜션,송소고택펜션,stay,숙박,36.43621,129.0264,30,30m,,,,N,N,Y,N,N,N,N,경북 청송군 파천면 송소고택길 15-2 · 한국관광공사 연관 관광지(숙박) · 카카오 좌표
nation,전국,영덕,·,rs530,클라우드나인호텔모텔,클라우드나인호텔모텔,stay,숙박,36.35734,129.38668,30,30m,,,,N,N,Y,N,N,N,N,경북 영덕군 강구면 신강구6길 25 · 한국관광공사 연관 관광지(숙박) · 카카오 좌표
nation,전국,보령,·,rs531,대천사과나무펜션,대천사과나무펜션,stay,숙박,36.31118,126.51629,30,30m,,,,N,N,Y,N,N,N,N,충남 보령시 고잠2길 10 · 한국관광공사 연관 관광지(숙박) · 카카오 좌표
nation,전국,보령,·,rs532,더반힐글램핑&리조트펜션,더반힐글램핑&리조트펜션,stay,숙박,36.42511,126.50392,30,30m,,,,N,N,Y,N,N,N,N,충남 보령시 오천면 오천해안로 557 · 한국관광공사 연관 관광지(숙박) · 카카오 좌표
nation,전국,영덕,·,rs533,영덕프라다호텔,영덕프라다호텔,stay,숙박,36.34328,129.38176,30,30m,,,,N,N,Y,N,N,N,N,경북 영덕군 강구면 동해대로 4312 · 한국관광공사 연관 관광지(숙박) · 카카오 좌표
nation,전국,영덕,·,rs534,영덕바다펜션,영덕바다펜션,stay,숙박,36.32999,129.37917,30,30m,,,,N,N,Y,N,N,N,N,경북 영덕군 남정면 동해대로 4156 · 한국관광공사 연관 관광지(숙박) · 카카오 좌표
nation,전국,부산,·,rs535,브라운도트호텔 다대포해수욕장점,브라운도트호텔 다대포해수욕장점,stay,숙박,35.0574,128.97273,30,30m,,,,N,N,Y,N,N,N,N,부산 사하구 다대동로 45 · 한국관광공사 연관 관광지(숙박) · 카카오 좌표
nation,전국,부산,·,rs536,에이치에비뉴 정관점,에이치에비뉴 정관점,stay,숙박,35.31617,129.18322,30,30m,,,,N,N,Y,N,N,N,N,부산 기장군 정관읍 산단2로 31-24 · 한국관광공사 연관 관광지(숙박) · 카카오 좌표
nation,전국,고양,·,rs537,호텔더윈,호텔더윈,stay,숙박,37.64766,126.87513,30,30m,,,,N,N,Y,N,N,N,N,경기 고양시 덕양구 원흥3로 6-14 · 한국관광공사 연관 관광지(숙박) · 카카오 좌표
nation,전국,부산,·,rs538,더블유레지던스호텔,더블유레지던스호텔,stay,숙박,35.16761,129.13284,30,30m,,,,N,N,Y,N,N,N,N,부산 해운대구 센텀3로 20 · 한국관광공사 연관 관광지(숙박) · 카카오 좌표
nation,전국,거창,·,rs539,덕유공방펜션,덕유공방펜션,stay,숙박,35.74538,127.82456,30,30m,,,,N,N,Y,N,N,N,N,경남 거창군 위천면 서원길 13-13 · 한국관광공사 연관 관광지(숙박) · 카카오 좌표
nation,전국,부산,·,rs540,베니키아 프리미어 호텔 해운대,베니키아 프리미어 호텔 해운대,stay,숙박,35.16224,129.16481,30,30m,,,,N,N,Y,N,N,N,N,부산 해운대구 해운대해변로 317 · 한국관광공사 연관 관광지(숙박) · 카카오 좌표
nation,전국,거창,·,rs541,패밀리관광호텔,패밀리관광호텔,stay,숙박,35.69893,128.02547,30,30m,,,,N,N,Y,N,N,N,N,경남 거창군 가조면 온천길 108-11 · 한국관광공사 연관 관광지(숙박) · 카카오 좌표
nation,전국,거창,·,rs542,거창국민여가캠핑장 미리내숲,거창국민여가캠핑장 미리내숲,stay,숙박,35.7612,127.724,30,30m,,,,N,N,Y,N,N,N,N,경남 거창군 북상면 덕유월성로 1312-96 · 한국관광공사 연관 관광지(숙박) · 카카오 좌표
nation,전국,부산,·,rs543,광수호텔,광수호텔,stay,숙박,35.16027,129.15653,30,30m,,,,N,N,Y,N,N,N,N,부산 해운대구 해운대해변로221번길 22 · 한국관광공사 연관 관광지(숙박) · 카카오 좌표
nation,전국,제주,·,rs544,까사로마호텔,까사로마호텔,stay,숙박,33.24681,126.55811,30,30m,,,,N,N,Y,N,N,N,N,제주특별자치도 서귀포시 태평로 347 · 한국관광공사 연관 관광지(숙박) · 카카오 좌표
nation,전국,제주,·,rs545,제주노블레스관광호텔,제주노블레스관광호텔,stay,숙박,33.50117,126.50345,30,30m,,,,N,N,Y,N,N,N,N,제주특별자치도 제주시 월성로4길 19 · 한국관광공사 연관 관광지(숙박) · 카카오 좌표
nation,전국,제주,·,rs546,제주항공우주호텔,제주항공우주호텔,stay,숙박,33.30253,126.29471,30,30m,,,,N,N,Y,N,N,N,N,제주특별자치도 서귀포시 안덕면 녹차분재로 216 · 한국관광공사 연관 관광지(숙박) · 카카오 좌표
nation,전국,제주,·,rs547,일성제주비치콘도&리조트,일성제주비치콘도&리조트,stay,숙박,33.38568,126.22129,30,30m,,,,N,N,Y,N,N,N,N,제주특별자치도 제주시 한림읍 한림로 127 · 한국관광공사 연관 관광지(숙박) · 카카오 좌표
nation,전국,제주,·,rs548,소노벨제주 신관,소노벨제주 신관,stay,숙박,33.54052,126.67082,30,30m,,,,N,N,Y,N,N,N,N,제주특별자치도 제주시 조천읍 신북로 577 · 한국관광공사 연관 관광지(숙박) · 카카오 좌표
nation,전국,제주,·,rs549,제주해군호텔,제주해군호텔,stay,숙박,33.45899,126.44865,30,30m,,,,N,N,Y,N,N,N,N,제주특별자치도 제주시 해안마을서2길 19 · 한국관광공사 연관 관광지(숙박) · 카카오 좌표
nation,전국,제주,·,rs550,머큐어 앰배서더 제주,머큐어 앰배서더 제주,stay,숙박,33.2937,126.3487,30,30m,,,,N,N,Y,N,N,N,N,제주특별자치도 서귀포시 안덕면 한창로 365 · 한국관광공사 연관 관광지(숙박) · 카카오 좌표
nation,전국,영월,·,rs551,느티나무캠핑장,느티나무캠핑장,stay,숙박,37.10401,128.67849,30,30m,,,,N,N,Y,N,N,N,N,강원특별자치도 영월군 김삿갓면 내리계곡로 1061 · 한국관광공사 연관 관광지(숙박) · 카카오 좌표
nation,전국,영월,·,rs552,영월키즈캠핑장,영월키즈캠핑장,stay,숙박,37.36411,128.2734,30,30m,,,,N,N,Y,N,N,N,N,강원특별자치도 영월군 무릉도원면 무릉법흥로 1208-7 · 한국관광공사 연관 관광지(숙박) · 카카오 좌표
nation,전국,제주,·,rs553,천지연크리스탈호텔,천지연크리스탈호텔,stay,숙박,33.24232,126.56206,30,30m,,,,N,N,Y,N,N,N,N,제주특별자치도 서귀포시 천지연로 39 · 한국관광공사 연관 관광지(숙박) · 카카오 좌표
nation,전국,홍성,·,rs554,브라운도트호텔 홍성내포점,브라운도트호텔 홍성내포점,stay,숙박,36.59897,126.66365,30,30m,,,,N,N,Y,N,N,N,N,충남 홍성군 홍성읍 내포로 42 · 한국관광공사 연관 관광지(숙박) · 카카오 좌표
nation,전국,제천,·,rs555,하운드호텔,하운드호텔,stay,숙박,37.13137,128.20681,30,30m,,,,N,N,Y,N,N,N,N,충북 제천시 의림대로 33 · 한국관광공사 연관 관광지(숙박) · 카카오 좌표
nation,전국,보성,·,rs556,보성여관,보성여관,stay,숙박,34.84394,127.34342,30,30m,,,,N,N,Y,N,N,N,N,전남광주통합특별시 보성군 벌교읍 태백산맥길 19 · 한국관광공사 연관 관광지(숙박) · 카카오 좌표
nation,전국,서울,·,rs557,글래드 강남 코엑스센터,글래드 강남 코엑스센터,stay,숙박,37.50882,127.06454,30,30m,,,,N,N,Y,N,N,N,N,서울 강남구 테헤란로 610 · 한국관광공사 연관 관광지(숙박) · 카카오 좌표
nation,전국,서울,·,rs558,크라운호텔,크라운호텔,stay,숙박,37.57406,126.98819,30,30m,,,,N,N,Y,N,N,N,N,서울 종로구 삼일대로30길 9 · 한국관광공사 연관 관광지(숙박) · 카카오 좌표
nation,전국,서울,·,rs559,노을공원 노을캠핑장,노을공원 노을캠핑장,stay,숙박,37.5734,126.87367,30,30m,,,,N,N,Y,N,N,N,N,서울 마포구 상암동 478-1 · 한국관광공사 연관 관광지(숙박) · 카카오 좌표
nation,전국,부산,·,rs560,호텔이목,호텔이목,stay,숙박,35.20458,129.08328,30,30m,,,,N,N,Y,N,N,N,N,부산 동래구 명륜로112번가길 22 · 한국관광공사 연관 관광지(숙박) · 카카오 좌표
nation,전국,서울,·,rs561,홀리데이 인 익스프레스 서울 홍대,홀리데이 인 익스프레스 서울 홍대,stay,숙박,37.55756,126.92673,30,30m,,,,N,N,Y,N,N,N,N,서울 마포구 양화로 188 · 한국관광공사 연관 관광지(숙박) · 카카오 좌표
nation,전국,삼척,·,rs562,코아페바다,코아페바다,stay,숙박,37.29065,129.30078,30,30m,,,,N,N,Y,N,N,N,N,강원특별자치도 삼척시 근덕면 용화길 27-34 · 한국관광공사 연관 관광지(숙박) · 카카오 좌표
nation,전국,양주,·,rs563,장흥수목원펜션,장흥수목원펜션,stay,숙박,37.74439,126.94923,30,30m,,,,N,N,Y,N,N,N,N,경기 양주시 장흥면 권율로309번길 167-26 · 한국관광공사 연관 관광지(숙박) · 카카오 좌표
nation,전국,하동,·,rs564,3층사진관펜션,3층사진관펜션,stay,숙박,35.22233,127.64225,30,30m,,,,N,N,Y,N,N,N,N,경남 하동군 화개면 쌍계로 478 · 한국관광공사 연관 관광지(숙박) · 카카오 좌표
nation,전국,수원,22,na1,수원화성,Suwon Hwaseong,herit,문화유산·전통체험,37.2818,127.0135,120,2h,09:00–18:00,09:00,18:00,Y,Y,N,N,Y,N,Y,정조로 825 지오코딩 확인
nation,전국,수원,23,na22,수원화성 국궁체험장,Suwon Hwaseong Archery Range,herit,문화유산·전통체험,37.2885,127.023,90,1h 30m,10:00–18:00,10:00,18:00,Y,Y,N,N,Y,N,Y,연무대(창룡대로103번길 20) 지오코딩 확인
nation,전국,수원,24,na23,화홍문,Hwahongmun,herit,문화유산·전통체험,37.2875,127.0178,40,40m,상시 개방,,,N,Y,N,N,Y,N,Y,북수동 화홍문 지오코딩 확인
nation,전국,수원,25,na2,수원전통문화관,Suwon Traditional Culture Center,herit,문화유산·전통체험,37.2878,127.0146,70,1h 10m,10:00–18:00,10:00,18:00,Y,Y,N,N,N,N,Y,정조로 893 지오코딩 확인
nation,전국,수원,26,na3,행리단길,Haengridan-gil,food,로컬상권·먹거리,37.2851,127.0142,100,1h 40m,11:00–22:00,11:00,22:00,Y,Y,N,N,N,N,Y,행궁동 상권 중심 기준점
nation,전국,정선,27,na4,정선 하이원 스키장 / 워터월드,High1 Ski & Water World,activity,테마파크·액티비티,37.2055,128.8377,300,5h,시즌별 상이,,,N,Y,N,N,N,N,Y,하이원길 424 지오코딩 확인
nation,전국,정선,28,na5,하이원 리조트 (동물농장 / 알파인코스터),High1 Resort (Animal Farm & Alpine Coaster),stay,숙박,37.2053,128.8402,180,3h,10:00–17:00,10:00,17:00,Y,Y,N,N,N,N,N,하이원길 500 지오코딩 확인
nation,전국,대전,29,na6,성심당,Sungsimdang,food,로컬상권·먹거리,36.3277,127.4273,60,1h,08:00–22:00,08:00,22:00,Y,Y,N,N,N,N,Y,대종로480번길 15 지오코딩 확인
nation,전국,대전,30,na7a,미미 제과점,Mimi Bakery,food,로컬상권·먹거리,36.3525,127.3732,50,50m,09:00–21:00,09:00,21:00,Y,Y,N,N,N,N,Y,서구 갈마역로25번길 17-7 지오코딩 확인
nation,전국,대전,31,na7b,파이가든,Pie Garden,food,로컬상권·먹거리,36.3275,127.4238,50,50m,10:00–21:00,10:00,21:00,Y,Y,N,N,N,N,Y,중구 중앙로 124 지오코딩 확인
nation,전국,대전,32,na7c,파티세리 소신,Patisserie Sosin,food,로컬상권·먹거리,36.3616,127.3527,50,50m,11:00–20:00,11:00,20:00,Y,Y,N,N,N,N,Y,유성구 농대로15번길 7 지오코딩 확인
nation,전국,충주,33,na8,충주 악어다리,Chungju Crocodile Bridge,heal,힐링·생태·체험,36.924,128.0481,50,50m,상시 개방,,,N,Y,N,N,N,N,Y,살미면 월악로 927 지오코딩 확인
nation,전국,충주,34,na9,충주 무학시장,Chungju Muhak Market,food,로컬상권·먹거리,36.9741,127.9281,60,1h,09:00–20:00,09:00,20:00,Y,Y,N,N,N,N,Y,시장 대표 좌표
nation,전국,동해,35,na10,망상해수욕장,Mangsang Beach,sea,해양·자연경관,37.5922,129.0897,90,1h 30m,상시 개방 (해수욕 기간 07/01–08/31),,,N,Y,N,N,N,Y,Y,망상동 망상해수욕장 지오코딩 확인
nation,전국,동해,36,na11,동해망상해변한옥촌,Donghae Mangsang Beach Hanok Village,stay,숙박,37.5927,129.0908,180,3h,15:00 IN / 11:00 OUT,,,N,Y,N,N,N,N,N,"동해대로 6370 (망상동, 망상오토캠핑리조트 내) 기준 좌표"
nation,전국,수원,·,nax1,광교호수공원,Gwanggyo Lake Park,heal,힐링·생태·체험,37.2831,127.0659,80,1h 20m,상시 개방,,,N,N,Y,N,N,N,Y,한국관광 데이터랩 인기 관광지 · 광교호수로 102 지오코딩 확인
nation,전국,정선,·,nax2,정선아리랑시장,Jeongseon Arirang Market,food,로컬상권·먹거리,37.3908,128.6393,70,1h 10m,끝자리 2·7일 장,,,N,N,Y,N,N,N,Y,한국관광 데이터랩 인기 관광지 · 정선읍 봉양리 지오코딩 확인
nation,전국,정선,·,nax3,병방치 스카이워크,Byeongbangchi Skywalk,activity,테마파크·액티비티,37.3405,128.627,50,50m,09:00–18:00,09:00,18:00,Y,N,Y,N,N,N,Y,한국관광 데이터랩 인기 관광지 · 병방치길 225 지오코딩 확인
nation,전국,대전,·,nax4,한밭수목원,Hanbat Arboretum,heal,힐링·생태·체험,36.3679,127.3878,80,1h 20m,09:00–18:00,09:00,18:00,Y,N,Y,N,N,N,Y,한국관광 데이터랩 인기 관광지 · 둔산대로 169 지오코딩 확인
nation,전국,대전,·,nax5,대전 오월드,Daejeon O-World,activity,테마파크·액티비티,36.2923,127.3959,180,3h,09:30–18:00,09:30,18:00,Y,N,Y,N,N,N,Y,한국관광 데이터랩 인기 관광지 · 사정공원로 70 지오코딩 확인
nation,전국,충주,·,nax6,탄금호 무지개길,Tangeum Lake Rainbow Trail,heal,힐링·생태·체험,37.0262,127.858,60,1h,상시 개방,,,N,N,Y,N,N,N,Y,한국관광 데이터랩 인기 관광지 · 중앙탑면 탑평리 지오코딩 확인
nation,전국,충주,·,nax7,수안보온천,Suanbo Hot Springs,heal,힐링·생태·체험,36.8484,127.9865,90,1h 30m,업소별 상이,,,N,N,Y,N,N,N,Y,한국관광 데이터랩 인기 관광지 · 수안보면 온천리 지오코딩 확인
nation,전국,동해,·,nax8,추암 촛대바위,Chuam Candlestick Rock,sea,해양·자연경관,37.4785,129.1568,50,50m,상시 개방,,,N,N,Y,N,N,N,Y,한국관광 데이터랩 인기 관광지 · 추암해변 지오코딩 확인
nation,전국,동해,·,nax9,무릉계곡,Mureung Valley,heal,힐링·생태·체험,37.4636,129.0141,120,2h,입장 08:00–17:00,08:00,17:00,Y,N,Y,Y,N,N,Y,한국관광 데이터랩 인기 관광지 · 삼화로 584 지오코딩 확인
nation,전국,동해,·,nax10,묵호항,Mukho Port,sea,해양·자연경관,37.5519,129.1152,50,50m,상시 개방 · 무료,,,N,N,Y,N,N,N,Y,동해시 관광 안내 · 묵호진동 묵호항 지오코딩 확인
nation,전국,동해,·,nax11,동쪽바다중앙시장,East Sea Central Market,food,로컬상권·먹거리,37.5515,129.108,60,1h,08:00–19:00 · 033-533-4001,08:00,19:00,Y,N,Y,N,N,N,Y,동해시 관광 안내 · 중앙시장길 21 지오코딩 확인
nation,전국,동해,·,nax12,도째비골 스카이밸리,Dojaebigol Skyvalley,activity,테마파크·액티비티,37.5524,129.1157,70,1h 10m,10:00–18:00 · 스카이워크 무료 · 자이언트 슬라이드 유료,10:00,18:00,Y,N,Y,Y,N,N,Y,동해시 관광 안내 · 묵호진동 15-45 지오코딩 확인
nation,전국,동해,·,nax14,천곡황금박쥐동굴,Cheongok Cave,heal,힐링·생태·체험,37.517,129.1107,60,1h,"09:00–18:00 · 어른 4,000원 · 033-539-3630",09:00,18:00,Y,N,Y,N,N,N,Y,동해시 관광 안내 · 천곡동 1003 지오코딩 확인
nation,전국,동해,·,nax15,한섬해변,Hanseom Beach,sea,해양·자연경관,37.4925,129.1106,50,50m,상시 개방 · 무료,,,N,N,Y,N,N,N,Y,동해시 관광 안내 · 고산1길 82 지오코딩 확인
nation,전국,동해,·,nax16,추암해변,Chuam Beach,sea,해양·자연경관,37.4781,129.1538,50,50m,상시 개방 · 무료,,,N,N,Y,N,N,N,Y,동해시 관광 안내 · 추암동 411 지오코딩 확인
nation,전국,대전,·,nax17,엑스포과학공원 한빛탑,Expo Park Hanbit Tower,activity,테마파크·액티비티,36.3747,127.3873,70,1h 10m,09:30–18:00 · 전망대 유료,09:30,18:00,Y,N,Y,N,N,N,Y,유성구 대덕대로 480 주소 기반 좌표
nation,전국,대전,·,nax18,국립중앙과학관,National Science Museum,activity,테마파크·액티비티,36.3762,127.376,110,1h 50m,09:30–17:50 · 월 휴관 · 상설 무료,09:30,17:50,Y,N,Y,N,N,N,Y,유성구 대덕대로 481 주소 기반 좌표
nation,전국,대전,·,nax19,계족산 황톳길,Gyejoksan Red Clay Trail,heal,힐링·생태·체험,36.403,127.452,120,2h,상시 개방 · 무료,,,N,N,Y,N,N,N,Y,대덕구 장동 계족산 주소 기반 좌표
nation,전국,대전,·,nax20,대청호 오백리길,Daecheongho 500-ri Trail,heal,힐링·생태·체험,36.478,127.483,100,1h 40m,상시 개방 · 무료,,,N,N,Y,N,N,N,Y,동구 추동 대청호 주소 기반 좌표
nation,전국,대전,·,nax21,으능정이 스카이로드,Eunhaengdong Sky Road,food,로컬상권·먹거리,36.3282,127.427,60,1h,상시 · 영상 19:00–22:00,19:00,22:00,Y,N,Y,N,N,N,Y,중구 은행동 으능정이거리 주소 기반 좌표
nation,전국,대전,·,nax22,뿌리공원,Ppuri Park,heal,힐링·생태·체험,36.2828,127.4055,70,1h 10m,상시 개방 · 무료,,,N,N,Y,N,N,N,Y,중구 뿌리공원로 47 주소 기반 좌표
nation,전국,수원,·,nax23,화성행궁,Hwaseong Haenggung,herit,문화유산·전통체험,37.2814,127.0126,80,1h 20m,09:00–18:00 · 유료,09:00,18:00,Y,N,Y,N,N,Y,Y,팔달구 정조로 825 주소 기반 좌표
nation,전국,수원,·,nax24,수원화성박물관,Suwon Hwaseong Museum,herit,문화유산·전통체험,37.2833,127.0182,70,1h 10m,09:00–18:00 · 월 휴관 · 유료,09:00,18:00,Y,N,Y,N,N,N,Y,팔달구 창룡대로 21 주소 기반 좌표
nation,전국,수원,·,nax25,팔달문시장,Paldalmun Market,food,로컬상권·먹거리,37.2778,127.0166,60,1h,09:00–21:00 · 점포별 상이,09:00,21:00,Y,N,Y,N,N,N,Y,팔달구 팔달문로 주소 기반 좌표
nation,전국,수원,·,nax26,월화원,Wolhwawon,heal,힐링·생태·체험,37.2846,127.0568,40,40m,09:00–22:00 · 무료,09:00,22:00,Y,N,Y,N,N,N,Y,팔달구 인계동 효원공원 내 좌표
nation,전국,수원,·,nax27,수원 스타필드,Starfield Suwon,food,로컬상권·먹거리,37.2723,126.9987,90,1h 30m,10:00–22:00,10:00,22:00,Y,N,Y,N,N,N,Y,장안구 정자동 주소 기반 좌표
nation,전국,수원,·,nax28,광교 갤러리아,Galleria Gwanggyo,activity,테마파크·액티비티,37.2874,127.053,60,1h,10:30–20:00,10:30,20:00,Y,N,Y,N,N,N,Y,영통구 광교중앙로 124 주소 기반 좌표
nation,전국,정선,·,nax29,정선 5일장,Jeongseon Five-day Market,food,로컬상권·먹거리,37.3805,128.6606,80,1h 20m,매월 2·7일 장 · 09:00–17:00,09:00,17:00,Y,N,Y,N,N,N,Y,정선읍 봉양리 주소 기반 좌표
nation,전국,정선,·,nax30,화암동굴,Hwaam Cave,heal,힐링·생태·체험,37.3232,128.7856,90,1h 30m,09:00–16:00 · 유료,09:00,16:00,Y,N,Y,N,N,N,Y,화암면 화암리 주소 기반 좌표
nation,전국,정선,·,nax31,아우라지,Auraji,heal,힐링·생태·체험,37.472,128.746,50,50m,상시 개방 · 무료,,,N,N,Y,N,N,N,Y,여량면 여량리 주소 기반 좌표
nation,전국,정선,·,nax32,정암사,Jeongamsa Temple,herit,문화유산·전통체험,37.201,128.933,50,50m,상시 개방 · 무료,,,N,N,Y,N,N,N,Y,고한읍 함백산로 1410 주소 기반 좌표
nation,전국,정선,·,nax33,삼탄아트마인,Samtan Art Mine,activity,테마파크·액티비티,37.2306,128.848,90,1h 30m,09:30–18:00 · 월 휴관 · 유료,09:30,18:00,Y,N,Y,N,N,Y,Y,고한읍 함백산로 1445-44 주소 기반 좌표
nation,전국,정선,·,nax34,레일바이크 (구절리~아우라지),Jeongseon Rail Bike,activity,테마파크·액티비티,37.48,128.715,90,1h 30m,운행 시간대별 · 유료 · 예약 권장,,,N,N,Y,N,N,N,Y,여량면 구절리 주소 기반 좌표
nation,전국,충주,·,nax35,중앙탑공원,Jungangtap Park,herit,문화유산·전통체험,37.0163,127.8656,60,1h,상시 개방 · 무료,,,N,N,Y,N,N,Y,Y,중앙탑면 탑평리 주소 기반 좌표
nation,전국,충주,·,nax36,충주 고구려비 전시관,Chungju Goguryeo Stele Museum,herit,문화유산·전통체험,37.053,127.924,50,50m,09:00–18:00 · 월 휴관 · 무료,09:00,18:00,Y,N,Y,N,N,N,Y,중앙탑면 감노로 2319 주소 기반 좌표
nation,전국,충주,·,nax37,충주호 유람선 (충주나루),Chungjuho Cruise,activity,테마파크·액티비티,36.997,128.051,90,1h 30m,운항 시간대별 · 유료,,,N,N,Y,N,N,N,Y,동량면 지등로 882 주소 기반 좌표
nation,전국,충주,·,nax38,미륵대원지,Mireuksaji Temple Site,herit,문화유산·전통체험,36.828,128.013,50,50m,상시 개방 · 무료,,,N,N,Y,N,N,N,Y,수안보면 미륵리 주소 기반 좌표
nation,전국,충주,·,nax39,활옥동굴,Hwarok Cave,activity,테마파크·액티비티,36.991,127.888,70,1h 10m,09:00–18:00 · 유료,09:00,18:00,Y,N,Y,N,N,N,Y,목벌안길 26 주소 기반 좌표
nation,전국,충주,·,nax40,충주 라이트월드,Chungju Light World,activity,테마파크·액티비티,36.988,127.892,80,1h 20m,일몰 후 개장 · 유료,,,N,N,Y,N,N,N,Y,충주호수로 １ 주소 기반 좌표
nation,전국,대구,·,nax101,서문시장,Seomun Market,food,로컬상권·먹거리,35.86889,128.58079,70,1h 10m,09:00–19:00 · 야시장 19:00–23:30,09:00,19:00,Y,N,Y,Y,N,N,Y,중구 큰장로26길 45 구글 지오코딩
nation,전국,대구,·,nax102,동성로,Dongseong-ro,food,로컬상권·먹거리,35.87082,128.59554,80,1h 20m,상시 · 상점별 상이,,,N,N,Y,N,N,N,Y,중구 동성로 구글 지오코딩
nation,전국,대구,·,nax103,김광석다시그리기길,Kim Kwang-seok Road,activity,테마파크·액티비티,35.85997,128.60663,60,1h,상시 개방 · 무료,,,N,N,Y,N,N,N,Y,중구 대봉동 구글 지오코딩
nation,전국,대구,·,nax104,앞산전망대,Apsan Observatory,heal,힐링·생태·체험,35.82433,128.58709,90,1h 30m,케이블카 10:30–일몰 후 · 유료,,,N,N,Y,N,N,N,Y,남구 앞산순환로 574-114 구글 지오코딩
nation,전국,대구,·,nax105,이월드 83타워,E-World & 83 Tower,activity,테마파크·액티비티,35.85331,128.56657,150,2h 30m,10:00–22:00 · 유료,10:00,22:00,Y,N,Y,N,N,N,Y,달서구 두류공원로 200 구글 지오코딩
nation,전국,대구,·,nax106,팔공산 동화사,Donghwasa Temple,herit,문화유산·전통체험,35.99291,128.704,90,1h 30m,08:00–18:00 · 무료,08:00,18:00,Y,N,Y,N,N,N,Y,동구 팔공산로237길 1 구글 지오코딩
nation,전국,대구,·,nax107,국립대구박물관,Daegu National Museum,herit,문화유산·전통체험,35.84561,128.63792,80,1h 20m,10:00–18:00 · 월 휴관 · 무료,10:00,18:00,Y,N,Y,N,N,N,Y,수성구 청호로 321 구글 지오코딩
nation,전국,대구,·,nax108,수성못,Suseong Lake,heal,힐링·생태·체험,35.82764,128.61772,60,1h,상시 개방 · 무료,,,N,N,Y,N,N,N,Y,수성구 두산동 구글 지오코딩
nation,전국,전주,·,nax109,전주한옥마을,Jeonju Hanok Village,herit,문화유산·전통체험,35.81754,127.15204,120,2h,상시 · 시설별 상이,,,N,N,Y,Y,N,Y,Y,완산구 기린대로 99 구글 지오코딩
nation,전국,전주,·,nax110,경기전,Gyeonggijeon Shrine,herit,문화유산·전통체험,35.81535,127.14979,60,1h,09:00–19:00 · 유료,09:00,19:00,Y,N,Y,N,N,Y,Y,완산구 태조로 44 구글 지오코딩
nation,전국,전주,·,nax111,전동성당,Jeondong Catholic Church,herit,문화유산·전통체험,35.81336,127.14926,40,40m,09:00–17:00 · 무료,09:00,17:00,Y,N,Y,N,N,N,Y,완산구 태조로 51 구글 지오코딩
nation,전국,전주,·,nax112,자만벽화마을,Jaman Mural Village,activity,테마파크·액티비티,35.81422,127.15721,50,50m,상시 개방 · 무료,,,N,N,Y,N,N,N,Y,완산구 교동 자만마을 구글 지오코딩
nation,전국,전주,·,nax113,남부시장,Nambu Market,food,로컬상권·먹거리,35.81269,127.14686,70,1h 10m,06:00–20:00 · 야시장 금·토,06:00,20:00,Y,N,Y,N,N,Y,Y,완산구 풍남문1길 19-3 구글 지오코딩
nation,전국,전주,·,nax114,오목대,Omokdae,herit,문화유산·전통체험,35.81439,127.1546,40,40m,상시 개방 · 무료,,,N,N,Y,N,N,Y,Y,완산구 전주천동로 55 구글 지오코딩
nation,전국,전주,·,nax115,전주향교,Jeonju Hyanggyo,herit,문화유산·전통체험,35.81262,127.15723,50,50m,09:00–18:00 · 무료,09:00,18:00,Y,N,Y,N,N,Y,Y,완산구 향교길 139 구글 지오코딩
nation,전국,전주,·,nax116,덕진공원,Deokjin Park,heal,힐링·생태·체험,35.84757,127.12189,60,1h,상시 개방 · 무료,,,N,N,Y,N,N,Y,Y,덕진구 권삼득로 390 구글 지오코딩
nation,전국,강릉,·,nax117,경포해변,Gyeongpo Beach,sea,해양·자연경관,37.80549,128.90783,80,1h 20m,상시 개방 · 해수욕 7–8월,,,N,N,Y,N,N,Y,Y,강릉시 경포로 구글 지오코딩
nation,전국,강릉,·,nax118,강릉중앙시장,Gangneung Jungang Market,food,로컬상권·먹거리,37.75399,128.89861,60,1h,08:00–20:00 · 점포별 상이,08:00,20:00,Y,N,Y,N,N,N,Y,강릉시 금성로 21 구글 지오코딩
nation,전국,강릉,·,nax119,안목해변 커피거리,Anmok Coffee Street,food,로컬상권·먹거리,37.77316,128.94727,70,1h 10m,상시 · 카페별 상이,,,N,N,Y,N,N,N,Y,강릉시 창해로14번길 구글 지오코딩
nation,전국,강릉,·,nax120,오죽헌,Ojukheon,herit,문화유산·전통체험,37.77924,128.87752,70,1h 10m,09:00–18:00 · 유료,09:00,18:00,Y,N,Y,N,N,N,Y,강릉시 율곡로3139번길 24 구글 지오코딩
nation,전국,강릉,·,nax121,정동진,Jeongdongjin,sea,해양·자연경관,37.69188,129.02139,60,1h,상시 개방 · 무료,,,N,N,Y,N,N,N,Y,강동면 정동진리 구글 지오코딩
nation,전국,강릉,·,nax122,선교장,Seongyojang House,herit,문화유산·전통체험,37.78654,128.88512,60,1h,09:00–18:00 · 유료,09:00,18:00,Y,N,Y,N,N,N,Y,강릉시 운정길 63 구글 지오코딩
nation,전국,강릉,·,nax123,주문진항,Jumunjin Port,food,로컬상권·먹거리,37.89206,128.82989,60,1h,수산시장 06:00–20:00,06:00,20:00,Y,N,Y,N,N,N,Y,주문진읍 주문진항 구글 지오코딩
nation,전국,강릉,·,nax124,경포호,Gyeongpo Lake,heal,힐링·생태·체험,37.7967,128.90205,60,1h,상시 개방 · 무료,,,N,N,Y,N,N,N,Y,강릉시 저동 94 구글 지오코딩
nation,전국,여수,·,nax125,오동도,Odongdo,sea,해양·자연경관,34.74467,127.7665,80,1h 20m,상시 개방 · 동백열차 유료,,,N,N,Y,N,N,Y,Y,여수시 오동도로 구글 지오코딩
nation,전국,여수,·,nax126,향일암,Hyangiram Hermitage,herit,문화유산·전통체험,34.59162,127.80393,90,1h 30m,07:00–19:00 · 유료,07:00,19:00,Y,N,Y,N,N,N,Y,돌산읍 향일암로 1 구글 지오코딩
nation,전국,여수,·,nax127,여수해상케이블카,Yeosu Maritime Cable Car,activity,테마파크·액티비티,34.73056,127.74157,70,1h 10m,09:30–21:30 · 유료,09:30,21:30,Y,N,Y,N,N,N,Y,돌산읍 돌산로 3600-1 구글 지오코딩
nation,전국,여수,·,nax128,이순신광장,Yi Sun-sin Square,herit,문화유산·전통체험,34.73951,127.73601,40,40m,상시 개방 · 무료,,,N,N,Y,N,N,N,Y,여수시 중앙로 74 구글 지오코딩
nation,전국,여수,·,nax129,진남관,Jinnamgwan,herit,문화유산·전통체험,34.74192,127.73661,50,50m,09:00–18:00 · 무료,09:00,18:00,Y,N,Y,N,N,N,Y,여수시 진남로 11 구글 지오코딩
nation,전국,여수,·,nax130,돌산공원,Dolsan Park,heal,힐링·생태·체험,34.73046,127.73966,50,50m,상시 개방 · 무료,,,N,N,Y,N,N,N,Y,돌산읍 우두리 산1 구글 지오코딩
nation,전국,여수,·,nax131,낭만포차거리,Nangman Pojang Street,food,로컬상권·먹거리,34.73641,127.74933,70,1h 10m,19:00–01:00 (계절별 상이),19:00,01:00,Y,N,Y,N,N,N,Y,여수시 하멜로 102 구글 지오코딩
nation,전국,여수,·,nax132,여수해양공원,Yeosu Maritime Park,heal,힐링·생태·체험,34.73841,127.74491,50,50m,상시 개방 · 무료,,,N,N,Y,N,N,Y,Y,여수시 종화동 526-7 구글 지오코딩
nation,전국,통영,·,nax133,동피랑벽화마을,Dongpirang Mural Village,activity,테마파크·액티비티,34.84564,128.42761,60,1h,상시 개방 · 무료,,,N,N,Y,N,N,N,Y,통영시 동피랑1길 6-18 구글 지오코딩
nation,전국,통영,·,nax134,통영중앙시장,Tongyeong Jungang Market,food,로컬상권·먹거리,34.84528,128.42464,60,1h,06:00–20:00 · 점포별 상이,06:00,20:00,Y,N,Y,N,N,N,Y,통영시 중앙시장1길 14-16 구글 지오코딩
nation,전국,통영,·,nax135,한려수도 조망케이블카,Hallyeosudo Cable Car,activity,테마파크·액티비티,34.82643,128.42542,90,1h 30m,09:30–17:00 · 유료 · 기상 휴업,09:30,17:00,Y,N,Y,N,N,Y,Y,통영시 도남동 349-1 구글 지오코딩
nation,전국,통영,·,nax136,이순신공원,Yi Sun-sin Park,heal,힐링·생태·체험,34.84381,128.4429,60,1h,상시 개방 · 무료,,,N,N,Y,N,N,N,Y,통영시 멘데해안길 205 구글 지오코딩
nation,전국,통영,·,nax137,달아공원,Dara Park,sea,해양·자연경관,34.76915,128.39958,50,50m,상시 개방 · 무료,,,N,N,Y,N,N,N,Y,산양읍 산양일주로 1115 구글 지오코딩
nation,전국,통영,·,nax138,삼도수군통제영,Tongjeyeong Naval HQ,herit,문화유산·전통체험,34.84755,128.42315,70,1h 10m,09:00–18:00 · 유료,09:00,18:00,Y,N,Y,N,N,N,Y,통영시 세병로 27 구글 지오코딩
nation,전국,통영,·,nax139,통영해저터널,Tongyeong Undersea Tunnel,herit,문화유산·전통체험,34.83615,128.41149,40,40m,상시 개방 · 무료,,,N,N,Y,N,N,N,Y,통영시 당동 1-3 구글 지오코딩
nation,전국,통영,·,nax140,강구안,Gangguan,heal,힐링·생태·체험,34.84842,128.42404,50,50m,상시 개방 · 무료,,,N,N,Y,N,N,N,Y,통영시 중앙동 구글 지오코딩
nation,전국,속초,·,nax141,속초관광수산시장,Sokcho Tourist & Fishery Market,food,로컬상권·먹거리,38.20445,128.59015,70,1h 10m,08:00–21:00 · 점포별 상이,08:00,21:00,Y,N,Y,Y,N,N,Y,속초시 중앙로147번길 16 구글 지오코딩
nation,전국,속초,·,nax142,영금정,Yeonggeumjeong,sea,해양·자연경관,38.21184,128.60145,40,40m,상시 개방 · 무료,,,N,N,Y,N,N,N,Y,속초시 영금정로5길 구글 지오코딩
nation,전국,속초,·,nax143,아바이마을,Abai Village,herit,문화유산·전통체험,38.20068,128.59474,60,1h,상시 · 갯배 05:00–23:00,05:00,23:00,Y,N,Y,N,N,Y,Y,속초시 청호동 구글 지오코딩
nation,전국,속초,·,nax144,속초해수욕장,Sokcho Beach,sea,해양·자연경관,38.19058,128.60354,70,1h 10m,상시 개방 · 해수욕 7–8월,,,N,N,Y,N,N,Y,Y,속초시 해오름로 186 구글 지오코딩
nation,전국,속초,·,nax145,설악산 소공원,Seoraksan Sogongwon,heal,힐링·생태·체험,38.17296,128.49251,180,3h,05:00–일몰 · 유료 · 케이블카 별도,,,N,N,Y,N,N,N,Y,속초시 설악동 구글 지오코딩
nation,전국,속초,·,nax146,청초호수공원,Cheongchoho Park,heal,힐링·생태·체험,38.19585,128.58242,50,50m,상시 개방 · 무료,,,N,N,Y,N,N,N,Y,속초시 엑스포로 140 구글 지오코딩
nation,전국,속초,·,nax147,대포항,Daepo Port,food,로컬상권·먹거리,38.17546,128.60679,60,1h,수산시장 08:00–21:00,08:00,21:00,Y,N,Y,N,N,N,Y,속초시 대포동 421-6 구글 지오코딩
nation,전국,속초,·,nax148,외옹치 바다향기로,Oeongchi Seaside Trail,sea,해양·자연경관,38.1794,128.61173,60,1h,06:00–20:00 · 무료,06:00,20:00,Y,N,Y,N,N,N,Y,속초시 대포동 구글 지오코딩
nation,전국,철원,·,nax149,고석정,Goseokjeong,heal,힐링·생태·체험,38.18524,127.28796,60,1h,09:00–18:00 · 무료,09:00,18:00,Y,N,Y,N,N,N,Y,동송읍 태봉로 1825 구글 지오코딩
nation,전국,철원,·,nax150,한탄강 물윗길,Hantan River Water Trail,activity,테마파크·액티비티,38.20577,127.26989,120,2h,11월–3월 개방 · 유료,,,N,N,Y,N,N,N,Y,동송읍 태봉대교길 구글 지오코딩
nation,전국,철원,·,nax151,철원 노동당사,Cheorwon Workers Party HQ,herit,문화유산·전통체험,38.25517,127.20197,40,40m,상시 개방 · 무료,,,N,N,Y,N,N,N,Y,철원읍 금강산로 265 구글 지오코딩
nation,전국,철원,·,nax152,제2땅굴,Second Infiltration Tunnel,herit,문화유산·전통체험,38.30969,127.3116,60,1h,09:00–16:00 · 안보관광 예약,09:00,16:00,Y,N,Y,N,N,N,Y,동송읍 양지2길 15-19 구글 지오코딩
nation,전국,철원,·,nax153,철원평화전망대,Cheorwon Peace Observatory,heal,힐링·생태·체험,38.30919,127.25132,60,1h,09:00–16:30 · 유료,09:00,16:30,Y,N,Y,N,N,N,Y,동송읍 중강리 588-14 구글 지오코딩
nation,전국,철원,·,nax154,삼부연폭포,Sambuyeon Falls,heal,힐링·생태·체험,38.14011,127.32766,40,40m,상시 개방 · 무료,,,N,N,Y,N,N,N,Y,갈말읍 삼부연로 216 구글 지오코딩
nation,전국,철원,·,nax155,직탕폭포,Jiktang Falls,heal,힐링·생태·체험,38.20971,127.26648,40,40m,상시 개방 · 무료,,,N,N,Y,N,N,N,Y,동송읍 장흥리 구글 지오코딩
nation,전국,철원,·,nax156,한탄강 은하수교,Hantan River Sky Bridge,activity,테마파크·액티비티,38.20076,127.27825,50,50m,09:00–18:00 · 무료,09:00,18:00,Y,N,Y,N,N,N,Y,동송읍 장흥리 725-12 구글 지오코딩
nation,전국,안동,·,nax157,안동하회마을,Hahoe Folk Village,herit,문화유산·전통체험,36.53903,128.51764,120,2h,09:00–18:00 · 유료,09:00,18:00,Y,N,Y,Y,Y,N,Y,풍천면 하회종가길 구글 지오코딩
nation,전국,안동,·,nax158,부용대,Buyongdae,heal,힐링·생태·체험,36.54291,128.51662,50,50m,상시 개방 · 무료,,,N,N,Y,N,N,N,Y,풍천면 광덕솔밭길 72 구글 지오코딩
nation,전국,안동,·,nax159,월영교,Woryeonggyo Bridge,heal,힐링·생태·체험,36.57666,128.76089,50,50m,상시 개방 · 야간 조명,,,N,N,Y,N,N,N,Y,안동시 상아동 569 구글 지오코딩
nation,전국,안동,·,nax160,도산서원,Dosan Seowon,herit,문화유산·전통체험,36.7271,128.8432,80,1h 20m,09:00–18:00 · 유료,09:00,18:00,Y,N,Y,N,Y,N,Y,도산면 도산서원길 154 구글 지오코딩
nation,전국,안동,·,nax161,안동구시장 찜닭골목,Andong Jjimdak Alley,food,로컬상권·먹거리,36.5655,128.72801,60,1h,10:00–21:00 · 점포별 상이,10:00,21:00,Y,N,Y,N,N,N,Y,안동시 번영1길 55 구글 지오코딩
nation,전국,안동,·,nax162,병산서원,Byeongsan Seowon,herit,문화유산·전통체험,36.54049,128.55265,70,1h 10m,09:00–18:00 · 무료,09:00,18:00,Y,N,Y,N,Y,N,Y,풍천면 병산길 386 구글 지오코딩
nation,전국,안동,·,nax163,안동민속촌,Andong Folk Village,herit,문화유산·전통체험,36.57699,128.76511,60,1h,상시 개방 · 무료,,,N,N,Y,N,N,N,Y,안동시 성곡동 822-3 구글 지오코딩
nation,전국,안동,·,nax164,임청각,Imcheonggak,herit,문화유산·전통체험,36.56514,128.74475,50,50m,09:00–18:00 · 무료,09:00,18:00,Y,N,Y,N,N,N,Y,안동시 임청각길 63 구글 지오코딩
nation,전국,인천,·,nax165,인천 차이나타운,Incheon Chinatown,food,로컬상권·먹거리,37.47559,126.61788,70,1h 10m,상시 · 상점별 상이,,,N,N,Y,Y,N,N,Y,중구 차이나타운로26번길 12-17 구글 지오코딩
nation,전국,인천,·,nax166,송월동 동화마을,Songwol Fairy Tale Village,activity,테마파크·액티비티,37.47766,126.62058,50,50m,상시 개방 · 무료,,,N,N,Y,N,N,N,Y,중구 자유공원서로45번길 구글 지오코딩
nation,전국,인천,·,nax167,월미도,Wolmido,heal,힐링·생태·체험,37.4754,126.59781,90,1h 30m,상시 · 놀이시설 별도,,,N,N,Y,N,N,Y,Y,중구 월미문화로 구글 지오코딩
nation,전국,인천,·,nax168,인천 개항장 거리,Open Port Street,herit,문화유산·전통체험,37.47343,126.62115,70,1h 10m,상시 개방 · 무료,,,N,N,Y,N,N,Y,Y,중구 관동1가 10-1 구글 지오코딩
nation,전국,인천,·,nax169,소래포구,Sorae Port,food,로컬상권·먹거리,37.39787,126.73927,70,1h 10m,수산시장 08:00–21:00,08:00,21:00,Y,N,Y,N,N,N,Y,남동구 장도로 86-17 구글 지오코딩
nation,전국,인천,·,nax170,송도 센트럴파크,Songdo Central Park,heal,힐링·생태·체험,37.39349,126.63486,70,1h 10m,상시 개방 · 무료,,,N,N,Y,Y,N,N,Y,연수구 컨벤시아대로 160 구글 지오코딩
nation,전국,인천,·,nax171,강화 고인돌 유적,Ganghwa Dolmen Site,herit,문화유산·전통체험,37.7065,126.4434,60,1h,상시 개방 · 무료,,,N,N,Y,N,Y,N,Y,강화군 하점면 부근리 구글 지오코딩
nation,전국,인천,·,nax172,을왕리해수욕장,Eurwangni Beach,sea,해양·자연경관,37.44773,126.3725,80,1h 20m,상시 개방 · 해수욕 7–8월,,,N,N,Y,N,N,N,Y,중구 용유서로 구글 지오코딩
nation,전국,인천,·,nax181,인천대공원,Incheon Grand Park,heal,힐링·생태·체험,37.45924,126.75222,90,1h 30m,05:00–23:00 · 무료,05:00,23:00,Y,N,Y,N,N,N,Y,남동구 무네미로 236 구글 지오코딩
nation,전국,인천,·,nax182,자유공원,Jayu Park,herit,문화유산·전통체험,37.47508,126.62202,50,50m,상시 개방 · 무료,,,N,N,Y,N,N,N,Y,중구 송학동1가 11-1 구글 지오코딩
nation,전국,인천,·,nax183,인천상륙작전기념관,Incheon Landing Memorial,herit,문화유산·전통체험,37.41961,126.65426,70,1h 10m,09:00–18:00 · 월 휴관 · 무료,09:00,18:00,Y,N,Y,N,N,N,Y,연수구 청량로 138 구글 지오코딩
nation,전국,인천,·,nax184,강화 전등사,Jeondeungsa Temple,herit,문화유산·전통체험,37.63179,126.48455,80,1h 20m,08:00–18:30 · 유료,08:00,18:30,Y,N,Y,N,N,N,Y,강화군 길상면 전등사로 37-41 구글 지오코딩
nation,전국,인천,·,nax185,강화 마니산,Manisan,heal,힐링·생태·체험,37.70998,126.45076,180,3h,09:00–17:00 입산 · 유료,09:00,17:00,Y,N,Y,N,N,N,Y,강화군 화도면 마니산로 구글 지오코딩
nation,전국,인천,·,nax186,강화 광성보,Gwangseongbo Fort,herit,문화유산·전통체험,37.66494,126.53009,60,1h,09:00–18:00 · 유료,09:00,18:00,Y,N,Y,N,N,N,Y,강화군 불은면 해안동로466번길 27 구글 지오코딩
nation,전국,인천,·,nax187,정서진,Jeongseojin,sea,해양·자연경관,37.55689,126.60486,50,50m,상시 개방 · 무료,,,N,N,Y,N,N,N,Y,서구 정서진1로 구글 지오코딩
nation,전국,인천,·,nax188,배다리 헌책방거리,Baedari Old Book Street,activity,테마파크·액티비티,37.47252,126.63649,50,50m,10:00–19:00 · 점포별 상이,10:00,19:00,Y,N,Y,N,N,N,Y,동구 중앙로 2 구글 지오코딩
nation,전국,인천,·,nax189,신포국제시장,Sinpo Market,food,로컬상권·먹거리,37.47139,126.62721,60,1h,09:00–21:00 · 점포별 상이,09:00,21:00,Y,N,Y,N,N,N,Y,중구 신포동 6-6 구글 지오코딩
nation,전국,인천,·,nax190,인천 아트플랫폼,Incheon Art Platform,activity,테마파크·액티비티,37.47314,126.61932,60,1h,11:00–18:00 · 월 휴관 · 무료,11:00,18:00,Y,N,Y,N,N,N,Y,중구 제물량로218번길 3 구글 지오코딩
nation,전국,인천,·,nax191,수도국산달동네박물관,Daldongne Museum,herit,문화유산·전통체험,37.47792,126.63925,50,50m,09:00–18:00 · 월 휴관 · 유료,09:00,18:00,Y,N,Y,N,N,N,Y,동구 솔빛로 51 구글 지오코딩
nation,전국,인천,·,nax192,영종도 구읍뱃터,Yeongjong Guyeop Ferry Pier,sea,해양·자연경관,37.49254,126.5809,50,50m,상시 · 카페별 상이,,,N,N,Y,N,N,N,Y,중구 중산동 구글 지오코딩
nation,전국,인천,·,nax193,무의도 하나개해수욕장,Hanagae Beach,sea,해양·자연경관,37.38465,126.40927,90,1h 30m,상시 개방 · 해수욕 7–8월,,,N,N,Y,N,N,Y,Y,중구 무의동 구글 지오코딩
nation,전국,인천,·,nax194,청라호수공원,Cheongna Lake Park,heal,힐링·생태·체험,37.52797,126.63438,60,1h,상시 개방 · 무료,,,N,N,Y,N,N,N,Y,서구 크리스탈로 131 구글 지오코딩
nation,전국,진주,·,nax201,진주성,Jinjuseong Fortress,herit,문화유산·전통체험,35.18902,128.078,80,1h 20m,05:00–23:00 · 유료,05:00,23:00,Y,N,Y,Y,N,N,Y,진주시 남강로 626 구글 지오코딩
nation,전국,진주,·,nax202,촉석루,Chokseongnu,herit,문화유산·전통체험,35.18944,128.08186,40,40m,09:00–18:00 · 성 입장료 포함,09:00,18:00,Y,N,Y,N,N,N,Y,진주시 남강로 626 구글 지오코딩
nation,전국,진주,·,nax203,진주 남강,Nam River,heal,힐링·생태·체험,35.18203,128.0932,50,50m,상시 개방 · 유등축제 10월,,,N,N,Y,N,N,N,Y,진주시 남강로 구글 지오코딩
nation,전국,진주,·,nax204,국립진주박물관,Jinju National Museum,herit,문화유산·전통체험,35.1889,128.07694,70,1h 10m,09:00–18:00 · 월 휴관 · 무료,09:00,18:00,Y,N,Y,N,N,N,Y,진주시 남강로 626-35 구글 지오코딩
nation,전국,진주,·,nax205,진주중앙시장,Jinju Jungang Market,food,로컬상권·먹거리,35.19431,128.08521,60,1h,08:00–20:00 · 점포별 상이,08:00,20:00,Y,N,Y,N,N,N,Y,진주시 대안동 8-600 구글 지오코딩
nation,전국,진주,·,nax206,월아산 숲속의 진주,Wolasan Forest Park,heal,힐링·생태·체험,35.19991,128.1942,80,1h 20m,09:00–18:00 · 무료,09:00,18:00,Y,N,Y,N,N,N,Y,진주시 진성면 달음산로 313 구글 지오코딩
nation,전국,순천,·,nax207,순천만습지,Suncheonman Wetland,heal,힐링·생태·체험,34.88597,127.50903,100,1h 40m,08:00–일몰 · 유료,,,N,N,Y,Y,N,Y,Y,순천시 순천만길 513-25 구글 지오코딩
nation,전국,순천,·,nax208,순천만국가정원,Suncheonman National Garden,heal,힐링·생태·체험,34.92844,127.49827,120,2h,09:00–19:00 · 유료,09:00,19:00,Y,N,Y,Y,N,Y,Y,순천시 국가정원1호길 47 구글 지오코딩
nation,전국,순천,·,nax209,낙안읍성,Naganeupseong Folk Village,herit,문화유산·전통체험,34.9073,127.34113,80,1h 20m,09:00–18:00 · 유료,09:00,18:00,Y,N,Y,N,N,Y,Y,순천시 낙안면 평촌리 6-4 구글 지오코딩
nation,전국,순천,·,nax210,선암사,Seonamsa Temple,herit,문화유산·전통체험,34.99605,127.33048,80,1h 20m,08:00–18:00 · 유료,08:00,18:00,Y,N,Y,N,Y,N,Y,순천시 승주읍 선암사길 450 구글 지오코딩
nation,전국,순천,·,nax211,순천 드라마촬영장,Suncheon Drama Film Set,activity,테마파크·액티비티,34.957,127.5376,70,1h 10m,09:00–18:00 · 유료,09:00,18:00,Y,N,Y,N,N,Y,Y,순천시 비례골길 24 구글 지오코딩
nation,전국,순천,·,nax212,와온해변,Waon Beach,sea,해양·자연경관,34.8464,127.52538,50,50m,상시 개방 · 무료,,,N,N,Y,N,N,N,Y,순천시 해룡면 상내리 구글 지오코딩
nation,전국,목포,·,nax213,목포근대역사관,Mokpo Modern History Museum,herit,문화유산·전통체험,34.78757,126.38209,60,1h,09:00–18:00 · 월 휴관 · 유료,09:00,18:00,Y,N,Y,Y,N,N,Y,목포시 영산로29번길 6 구글 지오코딩
nation,전국,목포,·,nax214,유달산,Yudalsan,heal,힐링·생태·체험,34.792,126.37257,90,1h 30m,상시 개방 · 무료,,,N,N,Y,N,N,N,Y,목포시 노적봉길 45 구글 지오코딩
nation,전국,목포,·,nax215,목포해상케이블카,Mokpo Marine Cable Car,activity,테마파크·액티비티,34.79862,126.36827,80,1h 20m,09:00–20:00 · 유료,09:00,20:00,Y,N,Y,Y,N,N,Y,목포시 해양대학로 240 구글 지오코딩
nation,전국,목포,·,nax216,갓바위,Gatbawi Rock,sea,해양·자연경관,34.79213,126.42576,50,50m,상시 개방 · 무료,,,N,N,Y,N,N,N,Y,목포시 용해동 산86-24 구글 지오코딩
nation,전국,목포,·,nax217,국립해양유물전시관,National Maritime Museum,herit,문화유산·전통체험,34.79286,126.42281,80,1h 20m,09:00–18:00 · 월 휴관 · 무료,09:00,18:00,Y,N,Y,N,N,N,Y,목포시 남농로 136 구글 지오코딩
nation,전국,목포,·,nax218,목포 항구포차,Mokpo Harbour Food Carts,food,로컬상권·먹거리,34.7813,126.3882,60,1h,18:00–01:00 (계절별 상이),18:00,01:00,Y,N,Y,N,N,N,Y,목포시 만호동 구글 지오코딩
nation,전국,영주,·,nax219,부석사,Buseoksa Temple,herit,문화유산·전통체험,36.99845,128.68696,90,1h 30m,08:00–18:00 · 유료,08:00,18:00,Y,N,Y,N,Y,N,Y,영주시 부석면 부석사로 345 구글 지오코딩
nation,전국,영주,·,nax220,소수서원,Sosu Seowon,herit,문화유산·전통체험,36.92489,128.58015,70,1h 10m,09:00–18:00 · 유료,09:00,18:00,Y,N,Y,N,Y,N,Y,영주시 순흥면 소백로 2740 구글 지오코딩
nation,전국,영주,·,nax221,무섬마을,Museom Village,herit,문화유산·전통체험,36.73222,128.62111,70,1h 10m,상시 개방 · 무료,,,N,N,Y,N,N,N,Y,영주시 문수면 무섬로234번길 구글 지오코딩
nation,전국,영주,·,nax222,선비촌,Seonbichon,herit,문화유산·전통체험,36.92778,128.582,60,1h,09:00–18:00 · 유료,09:00,18:00,Y,N,Y,N,N,N,Y,영주시 순흥면 소백로 2796 구글 지오코딩
nation,전국,영주,·,nax223,순흥벽화고분,Sunheung Mural Tomb,herit,문화유산·전통체험,36.91273,128.5655,40,40m,09:00–18:00 · 무료,09:00,18:00,Y,N,Y,N,N,N,Y,영주시 순흥면 읍내리 구글 지오코딩
nation,전국,포항,·,nax224,호미곶 해맞이광장,Homigot Sunrise Square,sea,해양·자연경관,36.07676,129.56786,70,1h 10m,상시 개방 · 무료,,,N,N,Y,N,N,N,Y,포항시 남구 호미곶면 해맞이로150번길 20 구글 지오코딩
nation,전국,포항,·,nax225,영일대해수욕장,Yeongildae Beach,sea,해양·자연경관,36.05615,129.37817,70,1h 10m,상시 개방 · 해수욕 7–8월,,,N,N,Y,N,N,N,Y,포항시 북구 두호동 구글 지오코딩
nation,전국,포항,·,nax226,죽도시장,Jukdo Market,food,로컬상권·먹거리,36.03549,129.36727,70,1h 10m,06:00–21:00 · 점포별 상이,06:00,21:00,Y,N,Y,N,N,N,Y,포항시 북구 죽도시장13길 13 구글 지오코딩
nation,전국,포항,·,nax227,포항 스페이스워크,Pohang Space Walk,activity,테마파크·액티비티,36.06517,129.39029,60,1h,10:00–20:00 · 무료,10:00,20:00,Y,N,Y,Y,N,N,Y,포항시 북구 환호공원길 30 구글 지오코딩
nation,전국,포항,·,nax228,구룡포 근대문화역사거리,Guryongpo Modern History Street,herit,문화유산·전통체험,35.98531,129.53547,60,1h,상시 · 상점별 상이,,,N,N,Y,N,N,N,Y,포항시 남구 구룡포읍 구글 지오코딩
nation,전국,포항,·,nax229,내연산 보경사,Bogyeongsa Temple,heal,힐링·생태·체험,36.25228,129.31795,100,1h 40m,08:00–18:00 · 유료,08:00,18:00,Y,N,Y,N,N,N,Y,포항시 북구 송라면 보경로 523 구글 지오코딩
nation,전국,춘천,·,nax230,남이섬,Nami Island,heal,힐링·생태·체험,37.79171,127.52552,150,2h 30m,08:00–21:00 · 배편 유료,08:00,21:00,Y,N,Y,Y,N,Y,Y,춘천시 남산면 남이섬길 1 구글 지오코딩
nation,전국,춘천,·,nax231,소양강 스카이워크,Soyanggang Skywalk,activity,테마파크·액티비티,37.89334,127.72341,50,50m,10:00–21:00 · 무료,10:00,21:00,Y,N,Y,N,N,Y,Y,춘천시 영서로 2663 구글 지오코딩
nation,전국,춘천,·,nax232,청평사,Cheongpyeongsa Temple,herit,문화유산·전통체험,37.96655,127.82528,110,1h 50m,08:00–18:00 · 배편 별도,08:00,18:00,Y,N,Y,N,N,N,Y,춘천시 북산면 청평리 구글 지오코딩
nation,전국,춘천,·,nax233,김유정문학촌,Kim Yu-jeong Literary Village,herit,문화유산·전통체험,37.81826,127.71766,60,1h,09:00–18:00 · 월 휴관 · 유료,09:00,18:00,Y,N,Y,N,N,N,Y,춘천시 신동면 김유정로 1430-14 구글 지오코딩
nation,전국,춘천,·,nax234,명동 닭갈비골목,Dakgalbi Alley,food,로컬상권·먹거리,37.87961,127.72835,60,1h,11:00–22:00 · 점포별 상이,11:00,22:00,Y,N,Y,N,N,N,Y,춘천시 금강로 62-1 구글 지오코딩
nation,전국,춘천,·,nax235,의암호 자전거길,Uiamho Bike Path,heal,힐링·생태·체험,37.87461,127.69509,80,1h 20m,상시 개방 · 대여 유료,,,N,N,Y,N,N,N,Y,춘천시 삼천동 269-10 구글 지오코딩
nation,전국,울릉,·,nax236,도동항,Dodong Port,sea,해양·자연경관,37.48116,130.90994,60,1h,상시 · 여객선 시간 확인,,,N,N,Y,N,N,N,Y,울릉군 울릉읍 도동리 구글 지오코딩
nation,전국,울릉,·,nax237,독도전망대,Dokdo Observatory,heal,힐링·생태·체험,37.48075,130.90408,70,1h 10m,케이블카 08:00–18:00 · 유료,08:00,18:00,Y,N,Y,N,N,N,Y,울릉군 울릉읍 약수터길 93 구글 지오코딩
nation,전국,울릉,·,nax238,나리분지,Nari Basin,heal,힐링·생태·체험,37.5184,130.87161,80,1h 20m,상시 개방 · 무료,,,N,N,Y,N,N,N,Y,울릉군 북면 나리 구글 지오코딩
nation,전국,울릉,·,nax239,봉래폭포,Bongnae Falls,heal,힐링·생태·체험,37.49838,130.88333,60,1h,08:00–18:00 · 유료,08:00,18:00,Y,N,Y,N,N,N,Y,울릉군 울릉읍 도동리 산39 구글 지오코딩
nation,전국,울릉,·,nax240,관음도,Gwaneumdo,sea,해양·자연경관,37.54293,130.92003,70,1h 10m,09:00–17:00 · 유료,09:00,17:00,Y,N,Y,N,N,N,Y,울릉군 북면 천부길 산1 구글 지오코딩
nation,전국,울릉,·,nax241,해안산책로,Coastal Walkway,sea,해양·자연경관,37.46629,130.87421,60,1h,상시 개방 · 기상 시 통제,,,N,N,Y,N,N,N,Y,울릉군 울릉읍 구글 지오코딩
nation,전국,남원,·,nax242,광한루원,Gwanghallu Garden,herit,문화유산·전통체험,35.4039,127.3798,70,1h 10m,08:00–21:00 · 유료,08:00,21:00,Y,N,Y,Y,N,Y,Y,남원시 요천로 1447 구글 지오코딩
nation,전국,남원,·,nax243,춘향테마파크,Chunhyang Theme Park,activity,테마파크·액티비티,35.40163,127.38673,70,1h 10m,09:00–18:00 · 유료,09:00,18:00,Y,N,Y,N,N,Y,Y,남원시 양림길 14-9 구글 지오코딩
nation,전국,남원,·,nax244,지리산 뱀사골,Baemsagol Valley,heal,힐링·생태·체험,35.37647,127.58043,120,2h,상시 개방 · 무료,,,N,N,Y,N,N,N,Y,남원시 산내면 지리산로 829 구글 지오코딩
nation,전국,남원,·,nax245,실상사,Silsangsa Temple,herit,문화유산·전통체험,35.41642,127.6354,60,1h,08:00–18:00 · 무료,08:00,18:00,Y,N,Y,N,N,N,Y,남원시 산내면 실상사길 265 구글 지오코딩
nation,전국,남원,·,nax246,남원 예촌,Namwon Yechon,food,로컬상권·먹거리,35.40472,127.37867,60,1h,상시 · 시설별 상이,,,N,N,Y,N,N,N,Y,남원시 광한북로 17 구글 지오코딩
nation,전국,남해,·,nax251,남해 독일마을,Namhae German Village,activity,테마파크·액티비티,34.79972,128.03864,70,1h 10m,상시 · 상점별 상이,,,N,N,Y,Y,N,N,Y,남해군 삼동면 물건리 1154 구글 지오코딩
nation,전국,남해,·,nax252,다랭이마을,Darangee Village,heal,힐링·생태·체험,34.72728,127.8944,70,1h 10m,상시 개방 · 무료,,,N,N,Y,N,N,N,Y,남해군 남면 남면로 679 구글 지오코딩
nation,전국,남해,·,nax253,보리암,Boriam Hermitage,herit,문화유산·전통체험,34.75202,127.98296,90,1h 30m,04:00–19:00 · 유료,04:00,19:00,Y,N,Y,N,N,N,Y,남해군 상주면 보리암로 665 구글 지오코딩
nation,전국,남해,·,nax254,상주은모래비치,Sangju Silver Sand Beach,sea,해양·자연경관,34.72078,127.98809,70,1h 10m,상시 개방 · 해수욕 7–8월,,,N,N,Y,N,N,N,Y,남해군 상주면 상주리 구글 지오코딩
nation,전국,남해,·,nax255,남해 편백자연휴양림,Namhae Cypress Forest,heal,힐링·생태·체험,34.7526,128.0166,90,1h 30m,09:00–18:00 · 유료,09:00,18:00,Y,N,Y,N,N,N,Y,남해군 삼동면 금암로 658 구글 지오코딩
nation,전국,합천,·,nax256,해인사,Haeinsa Temple,herit,문화유산·전통체험,35.80118,128.0981,110,1h 50m,08:00–18:00 · 유료,08:00,18:00,Y,N,Y,N,Y,N,Y,합천군 가야면 해인사길 122 구글 지오코딩
nation,전국,합천,·,nax257,대장경테마파크,Tripitaka Theme Park,activity,테마파크·액티비티,35.76785,128.13491,70,1h 10m,09:00–18:00 · 월 휴관 · 유료,09:00,18:00,Y,N,Y,N,N,Y,Y,합천군 가야면 가야산로 1160 구글 지오코딩
nation,전국,합천,·,nax258,합천영상테마파크,Hapcheon Film Set,activity,테마파크·액티비티,35.54921,128.07312,70,1h 10m,09:00–18:00 · 유료,09:00,18:00,Y,N,Y,N,N,N,Y,합천군 용주면 합천호수로 757 구글 지오코딩
nation,전국,합천,·,nax259,황매산 군립공원,Hwangmaesan Park,heal,힐링·생태·체험,35.48187,128.00348,120,2h,상시 개방 · 주차 유료,,,N,N,Y,N,N,N,Y,합천군 가회면 황매산공원길 331 구글 지오코딩
nation,전국,합천,·,nax260,합천호,Hapcheon Lake,heal,힐링·생태·체험,35.52366,128.01843,60,1h,상시 개방 · 무료,,,N,N,Y,N,N,N,Y,합천군 대병면 회양관광단지길 구글 지오코딩
nation,전국,광주,·,nax261,국립아시아문화전당,Asia Culture Center,activity,테마파크·액티비티,35.14672,126.92025,110,1h 50m,10:00–18:00 · 월 휴관 · 일부 유료,10:00,18:00,Y,N,Y,Y,N,N,Y,동구 문화전당로 38 구글 지오코딩
nation,전국,광주,·,nax262,5·18 민주광장,May 18 Democracy Square,herit,문화유산·전통체험,35.15008,126.85591,40,40m,상시 개방 · 무료,,,N,N,Y,N,N,N,Y,동구 금남로 1가 구글 지오코딩
nation,전국,광주,·,nax263,양림동 근대역사문화마을,Yangnim-dong Historic Village,herit,문화유산·전통체험,35.1403,126.91562,70,1h 10m,상시 개방 · 무료,,,N,N,Y,N,N,N,Y,남구 양림동 142 구글 지오코딩
nation,전국,광주,·,nax264,무등산 국립공원,Mudeungsan National Park,heal,힐링·생태·체험,35.14411,126.98901,180,3h,상시 개방 · 무료,,,N,N,Y,Y,N,N,Y,북구 무등로 1550 구글 지오코딩
nation,전국,광주,·,nax265,대인예술시장,Daein Art Market,food,로컬상권·먹거리,35.15528,126.91619,60,1h,10:00–20:00 · 야시장 토요일,10:00,20:00,Y,N,Y,N,N,N,Y,동구 구성로 225 구글 지오코딩
nation,전국,광주,·,nax266,광주시립미술관,Gwangju Museum of Art,activity,테마파크·액티비티,35.18315,126.8857,70,1h 10m,10:00–18:00 · 월 휴관 · 유료,10:00,18:00,Y,N,Y,N,N,N,Y,북구 하서로 52 구글 지오코딩
nation,전국,천안,·,nax267,독립기념관,Independence Hall of Korea,herit,문화유산·전통체험,36.78371,127.22334,120,2h,09:30–18:00 · 월 휴관 · 무료,09:30,18:00,Y,N,Y,Y,N,N,Y,동남구 목천읍 독립기념관로 1 구글 지오코딩
nation,전국,천안,·,nax268,각원사,Gagwonsa Temple,herit,문화유산·전통체험,36.83429,127.19694,60,1h,상시 개방 · 무료,,,N,N,Y,N,N,N,Y,동남구 각원사길 245 구글 지오코딩
nation,전국,천안,·,nax269,병천순대거리,Byeongcheon Sundae Street,food,로컬상권·먹거리,36.75968,127.2977,60,1h,09:00–20:00 · 점포별 상이,09:00,20:00,Y,N,Y,N,N,N,Y,동남구 병천면 병천리 211-3 구글 지오코딩
nation,전국,천안,·,nax270,천안삼거리공원,Cheonan Samgeori Park,heal,힐링·생태·체험,36.78492,127.16556,50,50m,상시 개방 · 무료,,,N,N,Y,N,N,N,Y,동남구 삼룡동 260 구글 지오코딩
nation,전국,천안,·,nax271,아라리오갤러리,Arario Gallery,activity,테마파크·액티비티,36.81937,127.15788,60,1h,11:00–19:00 · 월 휴관 · 유료,11:00,19:00,Y,N,Y,N,N,N,Y,동남구 만남로 43 구글 지오코딩
nation,전국,공주,·,nax272,공산성,Gongsanseong Fortress,herit,문화유산·전통체험,36.46465,127.12491,80,1h 20m,09:00–18:00 · 유료,09:00,18:00,Y,N,Y,Y,Y,N,Y,공주시 웅진로 280 구글 지오코딩
nation,전국,공주,·,nax273,무령왕릉과 왕릉원,Tomb of King Muryeong,herit,문화유산·전통체험,36.46313,127.11449,70,1h 10m,09:00–18:00 · 유료,09:00,18:00,Y,N,Y,Y,Y,N,Y,공주시 왕릉로 35 구글 지오코딩
nation,전국,공주,·,nax274,국립공주박물관,Gongju National Museum,herit,문화유산·전통체험,36.46577,127.11244,80,1h 20m,09:00–18:00 · 월 휴관 · 무료,09:00,18:00,Y,N,Y,N,N,N,Y,공주시 관광단지길 34 구글 지오코딩
nation,전국,공주,·,nax275,마곡사,Magoksa Temple,herit,문화유산·전통체험,36.55885,127.01212,90,1h 30m,08:00–18:00 · 유료,08:00,18:00,Y,N,Y,N,Y,N,Y,공주시 사곡면 마곡사로 966 구글 지오코딩
nation,전국,공주,·,nax276,공주 산성시장,Gongju Sanseong Market,food,로컬상권·먹거리,36.45782,127.12327,60,1h,08:00–20:00 · 야시장 금·토,08:00,20:00,Y,N,Y,N,N,N,Y,공주시 용당길 20 구글 지오코딩
nation,전국,부여,·,nax277,부소산성,Busosanseong Fortress,herit,문화유산·전통체험,36.28847,126.91257,90,1h 30m,09:00–18:00 · 유료,09:00,18:00,Y,N,Y,Y,Y,N,Y,부여군 부여읍 부소로 31 구글 지오코딩
nation,전국,부여,·,nax278,정림사지 오층석탑,Jeongnimsa Stone Pagoda,herit,문화유산·전통체험,36.27933,126.91337,50,50m,09:00–18:00 · 유료,09:00,18:00,Y,N,Y,N,Y,N,Y,부여군 부여읍 정림로 83 구글 지오코딩
nation,전국,부여,·,nax279,궁남지,Gungnamji Pond,heal,힐링·생태·체험,36.2696,126.91223,60,1h,상시 개방 · 무료,,,N,N,Y,Y,Y,Y,Y,부여군 부여읍 동남리 117 구글 지오코딩
nation,전국,부여,·,nax280,국립부여박물관,Buyeo National Museum,herit,문화유산·전통체험,36.27639,126.919,70,1h 10m,09:00–18:00 · 월 휴관 · 무료,09:00,18:00,Y,N,Y,N,N,N,Y,부여군 부여읍 금성로 5 구글 지오코딩
nation,전국,부여,·,nax281,백제문화단지,Baekje Cultural Land,activity,테마파크·액티비티,36.3069,126.90549,90,1h 30m,09:00–18:00 · 유료,09:00,18:00,Y,N,Y,N,N,N,Y,부여군 규암면 백제문로 455 구글 지오코딩
nation,전국,군산,·,nax282,군산 근대역사박물관,Gunsan Modern History Museum,herit,문화유산·전통체험,35.9907,126.71197,70,1h 10m,09:00–18:00 · 월 휴관 · 유료,09:00,18:00,Y,N,Y,N,N,N,Y,군산시 해망로 240 구글 지오코딩
nation,전국,군산,·,nax283,경암동 철길마을,Gyeongam-dong Rail Village,activity,테마파크·액티비티,35.98131,126.7355,50,50m,상시 · 상점별 상이,,,N,N,Y,N,N,Y,Y,군산시 경촌4길 14 구글 지오코딩
nation,전국,군산,·,nax284,초원사진관,Chowon Photo Studio,activity,테마파크·액티비티,35.98772,126.70838,30,30m,09:00–18:00 · 무료,09:00,18:00,Y,N,Y,N,N,N,Y,군산시 구영2길 12-1 구글 지오코딩
nation,전국,군산,·,nax285,선유도해수욕장,Seonyudo Beach,sea,해양·자연경관,35.81643,126.4106,100,1h 40m,상시 개방 · 해수욕 7–8월,,,N,N,Y,N,N,N,Y,군산시 옥도면 선유도리 구글 지오코딩
nation,전국,군산,·,nax286,이성당,Lee Sung Dang Bakery,food,로컬상권·먹거리,35.9872,126.71127,40,40m,08:00–21:00,08:00,21:00,Y,N,Y,N,N,N,Y,군산시 중앙로 177 구글 지오코딩
nation,전국,용인,·,nax287,한국민속촌,Korean Folk Village,herit,문화유산·전통체험,37.25894,127.11811,150,2h 30m,10:00–18:30 · 유료,10:00,18:30,Y,N,Y,Y,N,Y,Y,기흥구 민속촌로 90 구글 지오코딩
nation,전국,용인,·,nax288,에버랜드,Everland,activity,테마파크·액티비티,37.29391,127.20257,240,4h,10:00–21:00 · 유료,10:00,21:00,Y,N,Y,Y,N,N,Y,처인구 포곡읍 에버랜드로 199 구글 지오코딩
nation,전국,용인,·,nax289,백남준아트센터,Nam June Paik Art Center,activity,테마파크·액티비티,37.26915,127.11038,70,1h 10m,10:00–18:00 · 월 휴관 · 무료,10:00,18:00,Y,N,Y,N,N,N,Y,기흥구 백남준로 10 구글 지오코딩
nation,전국,용인,·,nax290,경기도박물관,Gyeonggi Provincial Museum,herit,문화유산·전통체험,37.26806,127.10881,70,1h 10m,10:00–18:00 · 월 휴관 · 무료,10:00,18:00,Y,N,Y,N,N,N,Y,기흥구 상갈로 6 구글 지오코딩
nation,전국,용인,·,nax291,용인자연휴양림,Yongin Forest Resort,heal,힐링·생태·체험,37.31482,127.2676,90,1h 30m,09:00–18:00 · 유료,09:00,18:00,Y,N,Y,N,N,N,Y,처인구 모현읍 초부로 220 구글 지오코딩
nation,전국,창원,·,nax301,진해 여좌천,Yeojwacheon Stream,heal,힐링·생태·체험,35.16096,128.66025,60,1h,상시 개방 · 군항제 4월,,,N,N,Y,N,N,N,Y,진해구 여좌천로166번길 구글 지오코딩
nation,전국,창원,·,nax302,주남저수지,Junam Reservoir,heal,힐링·생태·체험,35.3147,128.67268,80,1h 20m,상시 개방 · 무료,,,N,N,Y,N,N,N,Y,의창구 동읍 월잠리 구글 지오코딩
nation,전국,창원,·,nax303,마산어시장,Masan Fish Market,food,로컬상권·먹거리,35.20281,128.57626,60,1h,05:00–20:00 · 점포별 상이,05:00,20:00,Y,N,Y,N,N,N,Y,마산합포구 복요리로 7 구글 지오코딩
nation,전국,창원,·,nax304,돝섬해상유원지,Dotseom Island Park,sea,해양·자연경관,35.17894,128.58114,80,1h 20m,유람선 운항시간 확인 · 유료,,,N,N,Y,N,N,N,Y,마산합포구 돝섬2길 58 구글 지오코딩
nation,전국,창원,·,nax305,상남시장,Sangnam Market,food,로컬상권·먹거리,35.22169,128.68403,50,50m,09:00–21:00 · 점포별 상이,09:00,21:00,Y,N,Y,N,N,N,Y,성산구 상남동 16 구글 지오코딩
nation,전국,창원,·,nax306,용지호수공원,Yongji Lake Park,heal,힐링·생태·체험,35.23102,128.68456,50,50m,상시 개방 · 무료,,,N,N,Y,N,N,N,Y,성산구 용지동 551-4 구글 지오코딩
nation,전국,울산,·,nax307,대왕암공원,Daewangam Park,sea,해양·자연경관,35.4924,129.43956,90,1h 30m,상시 개방 · 무료,,,N,N,Y,Y,N,N,Y,동구 등대로 95 구글 지오코딩
nation,전국,울산,·,nax308,태화강 국가정원,Taehwagang National Garden,heal,힐링·생태·체험,35.54777,129.29622,90,1h 30m,상시 개방 · 무료,,,N,N,Y,Y,N,N,Y,중구 태화강 국가정원길 154 구글 지오코딩
nation,전국,울산,·,nax309,간절곶,Ganjeolgot,sea,해양·자연경관,35.35914,129.3618,50,50m,상시 개방 · 무료,,,N,N,Y,N,N,N,Y,울주군 서생면 대송리 구글 지오코딩
nation,전국,울산,·,nax310,반구대 암각화,Bangudae Petroglyphs,herit,문화유산·전통체험,35.60505,129.17978,70,1h 10m,09:00–18:00 · 무료,09:00,18:00,Y,N,Y,N,N,N,Y,울주군 언양읍 대곡리 991-3 구글 지오코딩
nation,전국,울산,·,nax311,장생포 고래문화마을,Jangsaengpo Whale Village,activity,테마파크·액티비티,35.50581,129.3826,90,1h 30m,09:00–18:00 · 월 휴관 · 유료,09:00,18:00,Y,N,Y,N,N,N,Y,남구 장생포고래로 271-1 구글 지오코딩
nation,전국,울산,·,nax312,울산대공원,Ulsan Grand Park,heal,힐링·생태·체험,35.53126,129.29343,70,1h 10m,상시 개방 · 무료,,,N,N,Y,N,N,N,Y,남구 대공원로 94 구글 지오코딩
nation,전국,태안,·,nax313,꽃지해수욕장,Kkotji Beach,sea,해양·자연경관,36.49693,126.3352,80,1h 20m,상시 개방 · 해수욕 7–8월,,,N,N,Y,Y,N,N,Y,태안군 안면읍 승언리 구글 지오코딩
nation,전국,태안,·,nax314,신두리 해안사구,Sinduri Coastal Dunes,heal,힐링·생태·체험,36.84512,126.19672,70,1h 10m,상시 개방 · 무료,,,N,N,Y,N,N,N,Y,태안군 원북면 신두리 산263-1 구글 지오코딩
nation,전국,태안,·,nax315,천리포수목원,Chollipo Arboretum,heal,힐링·생태·체험,36.79836,126.14992,90,1h 30m,09:00–18:00 · 유료,09:00,18:00,Y,N,Y,N,N,N,Y,태안군 소원면 천리포1길 187 구글 지오코딩
nation,전국,태안,·,nax316,만리포해수욕장,Mallipo Beach,sea,해양·자연경관,36.78642,126.14235,70,1h 10m,상시 개방 · 해수욕 7–8월,,,N,N,Y,N,N,N,Y,태안군 소원면 모항리 구글 지오코딩
nation,전국,태안,·,nax317,안면도 자연휴양림,Anmyeondo Forest Resort,heal,힐링·생태·체험,36.49749,126.36021,80,1h 20m,09:00–18:00 · 유료,09:00,18:00,Y,N,Y,N,N,N,Y,태안군 안면읍 안면대로 3195-6 구글 지오코딩
nation,전국,양평,·,nax318,두물머리,Dumulmeori,heal,힐링·생태·체험,37.53474,127.31789,60,1h,상시 개방 · 무료,,,N,N,Y,Y,N,N,Y,양평군 양서면 두물머리길 구글 지오코딩
nation,전국,양평,·,nax319,세미원,Semiwon Garden,heal,힐링·생태·체험,37.54016,127.32411,70,1h 10m,09:00–18:00 · 유료,09:00,18:00,Y,N,Y,N,N,Y,Y,양평군 양서면 양수로 93 구글 지오코딩
nation,전국,양평,·,nax320,양평 용문사,Yongmunsa Temple,herit,문화유산·전통체험,37.55019,127.57082,90,1h 30m,08:00–18:00 · 유료,08:00,18:00,Y,N,Y,N,N,N,Y,양평군 용문면 용문산로 782 구글 지오코딩
nation,전국,양평,·,nax321,물의정원,Water Garden,heal,힐링·생태·체험,37.55686,127.31499,50,50m,상시 개방 · 무료,,,N,N,Y,N,N,N,Y,남양주시 조안면 북한강로 398 구글 지오코딩
nation,전국,양평,·,nax322,양평물맑은시장,Yangpyeong Market,food,로컬상권·먹거리,37.48926,127.48822,50,50m,09:00–19:00 · 5일장 3·8일,09:00,19:00,Y,N,Y,N,N,N,Y,양평군 양평읍 양근리 구글 지오코딩
nation,전국,여주,·,nax323,신륵사,Silleuksa Temple,herit,문화유산·전통체험,37.2975,127.66158,70,1h 10m,08:00–18:30 · 유료,08:00,18:30,Y,N,Y,N,N,N,Y,여주시 신륵사길 73 구글 지오코딩
nation,전국,여주,·,nax324,세종대왕릉 영릉,Yeongneung Royal Tomb,herit,문화유산·전통체험,37.31424,127.60871,80,1h 20m,09:00–18:00 · 유료,09:00,18:00,Y,N,Y,N,Y,N,Y,여주시 세종대왕면 영릉로 327 구글 지오코딩
nation,전국,여주,·,nax325,명성황후 생가,Birthplace of Empress Myeongseong,herit,문화유산·전통체험,37.26084,127.65566,50,50m,09:00–18:00 · 유료,09:00,18:00,Y,N,Y,N,N,N,Y,여주시 명성로 71 구글 지오코딩
nation,전국,여주,·,nax326,여주 도자세상,Yeoju Ceramic World,activity,테마파크·액티비티,37.30005,127.65675,60,1h,09:00–18:00 · 무료,09:00,18:00,Y,N,Y,N,N,N,Y,여주시 신륵사길 7 구글 지오코딩
nation,전국,여주,·,nax327,여주 프리미엄아울렛,Yeoju Premium Outlets,food,로컬상권·먹거리,37.29415,127.6463,120,2h,10:30–21:00,10:30,21:00,Y,N,Y,N,N,N,Y,여주시 명품로 360 구글 지오코딩
nation,전국,가평,·,nax328,아침고요수목원,Garden of Morning Calm,heal,힐링·생태·체험,37.74397,127.35249,100,1h 40m,08:30–19:00 · 유료,08:30,19:00,Y,N,Y,Y,N,N,Y,가평군 상면 수목원로 432 구글 지오코딩
nation,전국,가평,·,nax329,쁘띠프랑스,Petite France,activity,테마파크·액티비티,37.71489,127.49032,80,1h 20m,09:00–18:00 · 유료,09:00,18:00,Y,N,Y,N,N,N,Y,가평군 청평면 호반로 1063 구글 지오코딩
nation,전국,가평,·,nax330,자라섬,Jaraseom Island,heal,힐링·생태·체험,37.81649,127.52863,70,1h 10m,상시 개방 · 캠핑 유료,,,N,N,Y,N,N,N,Y,가평군 가평읍 달전리 구글 지오코딩
nation,전국,가평,·,nax331,잣향기푸른숲,Pine Nut Forest,heal,힐링·생태·체험,37.77214,127.33912,90,1h 30m,09:00–18:00 · 유료,09:00,18:00,Y,N,Y,N,N,N,Y,가평군 상면 축령로 289-88 구글 지오코딩
nation,전국,가평,·,nax332,호명호수,Homyeong Lake,heal,힐링·생태·체험,37.74858,127.47494,70,1h 10m,09:00–17:00 · 무료,09:00,17:00,Y,N,Y,N,N,N,Y,가평군 청평면 호명로 구글 지오코딩
nation,전국,양산,·,nax401,통도사,Tongdosa Temple,herit,문화유산·전통체험,35.48795,129.06434,100,1h 40m,08:00–18:00 · 유료,08:00,18:00,Y,N,Y,Y,Y,N,Y,양산시 하북면 통도사로 108 구글 지오코딩
nation,전국,양산,·,nax402,홍룡폭포,Hongnyong Falls,heal,힐링·생태·체험,35.39737,129.08731,50,50m,상시 개방 · 무료,,,N,N,Y,N,N,N,Y,양산시 상북면 대석리 1 구글 지오코딩
nation,전국,양산,·,nax403,황산공원,Hwangsan Park,heal,힐링·생태·체험,35.29845,128.99318,60,1h,상시 개방 · 무료,,,N,N,Y,N,N,N,Y,양산시 물금읍 황산공원1길 167 구글 지오코딩
nation,전국,보은,·,nax404,법주사,Beopjusa Temple,herit,문화유산·전통체험,36.54155,127.83318,100,1h 40m,08:00–18:00 · 유료,08:00,18:00,Y,N,Y,Y,Y,N,Y,보은군 속리산면 법주사로 405 구글 지오코딩
nation,전국,보은,·,nax405,속리산 세심정,Songnisan Sesimjeong,heal,힐링·생태·체험,36.53333,127.9,90,1h 30m,상시 개방 · 국립공원 입장,,,N,N,Y,N,N,N,Y,보은군 속리산면 사내리 구글 지오코딩
nation,전국,보은,·,nax406,보은 삼년산성,Samnyeon Fortress,herit,문화유산·전통체험,36.48846,127.74233,70,1h 10m,상시 개방 · 무료,,,N,N,Y,N,N,N,Y,보은군 보은읍 어암리 산1-1 구글 지오코딩
nation,전국,해남,·,nax407,대흥사,Daeheungsa Temple,herit,문화유산·전통체험,34.47601,126.6163,90,1h 30m,08:00–18:00 · 유료,08:00,18:00,Y,N,Y,N,Y,N,Y,해남군 삼산면 대흥사길 400 구글 지오코딩
nation,전국,해남,·,nax408,땅끝마을,Land’s End Village,sea,해양·자연경관,34.30025,126.52699,70,1h 10m,상시 · 모노레일 유료,,,N,N,Y,N,N,N,Y,해남군 송지면 땅끝마을길 구글 지오코딩
nation,전국,해남,·,nax409,우수영관광지,Uisuyeong Site,herit,문화유산·전통체험,34.5725,126.3095,60,1h,09:00–18:00 · 유료,09:00,18:00,Y,N,Y,N,N,N,Y,해남군 문내면 학동리 산36 구글 지오코딩
nation,전국,함양,·,nax410,남계서원,Namgye Seowon,herit,문화유산·전통체험,35.54886,127.78344,50,50m,09:00–18:00 · 무료,09:00,18:00,Y,N,Y,N,Y,N,Y,함양군 수동면 남계서원길 8-11 구글 지오코딩
nation,전국,함양,·,nax411,상림공원,Sangnim Park,heal,힐링·생태·체험,35.52404,127.71976,70,1h 10m,상시 개방 · 무료,,,N,N,Y,N,N,Y,Y,함양군 함양읍 운림리 구글 지오코딩
nation,전국,함양,·,nax412,개평한옥마을,Gaepyeong Hanok Village,herit,문화유산·전통체험,35.56424,127.76927,60,1h,상시 개방 · 무료,,,N,N,Y,N,N,N,Y,함양군 지곡면 개평길 35-9 구글 지오코딩
nation,전국,장성,·,nax413,필암서원,Pilam Seowon,herit,문화유산·전통체험,35.31067,126.75173,50,50m,09:00–18:00 · 무료,09:00,18:00,Y,N,Y,N,Y,N,Y,장성군 황룡면 필암서원로 184 구글 지오코딩
nation,전국,장성,·,nax414,백양사,Baekyangsa Temple,heal,힐링·생태·체험,35.4395,126.88336,90,1h 30m,08:00–18:00 · 유료,08:00,18:00,Y,N,Y,N,N,N,Y,장성군 북하면 백양로 1239 구글 지오코딩
nation,전국,장성,·,nax415,축령산 편백숲,Chungnyeongsan Cypress Forest,heal,힐링·생태·체험,35.39539,126.73459,90,1h 30m,상시 개방 · 무료,,,N,N,Y,N,N,N,Y,장성군 서삼면 모암리 구글 지오코딩
nation,전국,정읍,·,nax416,무성서원,Museong Seowon,herit,문화유산·전통체험,35.60186,126.98385,50,50m,09:00–18:00 · 무료,09:00,18:00,Y,N,Y,N,Y,N,Y,정읍시 칠보면 원촌1길 44-12 구글 지오코딩
nation,전국,정읍,·,nax417,내장산 국립공원,Naejangsan National Park,heal,힐링·생태·체험,35.4797,126.88798,150,2h 30m,상시 개방 · 주차 유료,,,N,N,Y,Y,N,N,Y,정읍시 내장동 구글 지오코딩
nation,전국,정읍,·,nax418,구절초지방정원,Gujeolcho Garden,heal,힐링·생태·체험,35.55339,127.01797,60,1h,09:00–18:00 · 유료,09:00,18:00,Y,N,Y,N,N,N,Y,정읍시 산내면 매죽리 구글 지오코딩
nation,전국,논산,·,nax419,돈암서원,Donam Seowon,herit,문화유산·전통체험,36.20923,127.18076,50,50m,09:00–18:00 · 무료,09:00,18:00,Y,N,Y,N,Y,N,Y,논산시 연산면 임3길 26-14 구글 지오코딩
nation,전국,논산,·,nax420,관촉사,Gwanchoksa Temple,herit,문화유산·전통체험,36.18815,127.11319,60,1h,08:00–18:00 · 무료,08:00,18:00,Y,N,Y,N,N,N,Y,논산시 관촉로1번길 25 구글 지오코딩
nation,전국,논산,·,nax421,탑정호 출렁다리,Tapjeongho Suspension Bridge,activity,테마파크·액티비티,36.18075,127.16008,50,50m,09:00–22:00 · 무료,09:00,22:00,Y,N,Y,N,N,N,Y,논산시 가야곡면 종연리 175-2 구글 지오코딩
nation,전국,경기광주,·,nax422,남한산성,Namhansanseong,herit,문화유산·전통체험,37.48159,127.18482,120,2h,상시 개방 · 행궁 유료,,,N,N,Y,N,Y,N,Y,광주시 남한산성면 산성리 661 구글 지오코딩
nation,전국,경기광주,·,nax423,화담숲,Hwadam Forest,heal,힐링·생태·체험,37.34126,127.2892,120,2h,08:30–18:00 · 유료 · 예약제,08:30,18:00,Y,N,Y,N,N,N,Y,광주시 도척면 도척윗로 278 구글 지오코딩
nation,전국,경기광주,·,nax424,곤지암도자공원,Gonjiam Ceramic Park,activity,테마파크·액티비티,37.35213,127.32743,70,1h 10m,10:00–18:00 · 월 휴관 · 무료,10:00,18:00,Y,N,Y,N,N,N,Y,광주시 곤지암읍 경충대로 727 구글 지오코딩
nation,전국,익산,·,nax425,미륵사지,Mireuksa Temple Site,herit,문화유산·전통체험,36.01079,127.03063,80,1h 20m,상시 개방 · 무료,,,N,N,Y,N,Y,N,Y,익산시 금마면 기양리 97 구글 지오코딩
nation,전국,익산,·,nax426,왕궁리 유적,Wanggungni Site,herit,문화유산·전통체험,35.97281,127.05487,70,1h 10m,상시 개방 · 무료,,,N,N,Y,N,Y,N,Y,익산시 왕궁면 왕궁리 산80-1 구글 지오코딩
nation,전국,익산,·,nax427,익산 보석박물관,Iksan Jewelry Museum,activity,테마파크·액티비티,35.9906,127.10257,60,1h,10:00–18:00 · 월 휴관 · 유료,10:00,18:00,Y,N,Y,N,N,N,Y,익산시 왕궁면 호반로 8 구글 지오코딩
nation,전국,고창,·,nax428,고창 고인돌 유적,Gochang Dolmen Site,herit,문화유산·전통체험,35.44873,126.64983,70,1h 10m,09:00–18:00 · 유료,09:00,18:00,Y,N,Y,N,Y,N,Y,고창군 아산면 상갑리 275-2 구글 지오코딩
nation,전국,고창,·,nax429,선운사,Seonunsa Temple,herit,문화유산·전통체험,35.49694,126.57823,90,1h 30m,08:00–18:00 · 유료,08:00,18:00,Y,N,Y,N,N,N,Y,고창군 아산면 도솔길 250 구글 지오코딩
nation,전국,고창,·,nax430,고창읍성,Gochang Fortress,herit,문화유산·전통체험,35.43089,126.70448,60,1h,상시 개방 · 유료,,,N,N,Y,N,N,N,Y,고창군 고창읍 모양성로 1 구글 지오코딩
nation,전국,화순,·,nax431,화순 고인돌 유적,Hwasun Dolmen Site,herit,문화유산·전통체험,34.98515,126.91858,60,1h,상시 개방 · 무료,,,N,N,Y,N,Y,N,Y,화순군 도곡면 효산리 1335-3 구글 지오코딩
nation,전국,화순,·,nax432,운주사,Unjusa Temple,herit,문화유산·전통체험,34.92548,126.88004,70,1h 10m,08:30–18:00 · 유료,08:30,18:00,Y,N,Y,N,N,N,Y,화순군 도암면 천태로 91-44 구글 지오코딩
nation,전국,화순,·,nax433,화순적벽,Hwasun Jeokbyeok,heal,힐링·생태·체험,35.11304,127.12315,70,1h 10m,셔틀 예약제 · 유료,,,N,N,Y,N,N,N,Y,화순군 이서면 장학리 산17 구글 지오코딩
nation,전국,김해,·,nax434,대성동 고분군,Daeseong-dong Tombs,herit,문화유산·전통체험,35.23741,128.87375,70,1h 10m,09:00–18:00 · 무료,09:00,18:00,Y,N,Y,N,Y,N,Y,김해시 가야의길 126 구글 지오코딩
nation,전국,김해,·,nax435,수로왕릉,Tomb of King Suro,herit,문화유산·전통체험,35.23521,128.87853,50,50m,09:00–18:00 · 무료,09:00,18:00,Y,N,Y,N,N,N,Y,김해시 왕릉길 26 구글 지오코딩
nation,전국,김해,·,nax436,가야테마파크,Gaya Theme Park,activity,테마파크·액티비티,35.25073,128.89308,90,1h 30m,09:00–18:00 · 월 휴관 · 유료,09:00,18:00,Y,N,Y,N,N,Y,Y,김해시 가야테마길 161 구글 지오코딩
nation,전국,함안,·,nax437,말이산 고분군,Marisan Tombs,herit,문화유산·전통체험,35.27036,128.40506,60,1h,상시 개방 · 무료,,,N,N,Y,N,Y,N,Y,함안군 가야읍 도항리 583-1 구글 지오코딩
nation,전국,함안,·,nax438,함안박물관,Haman Museum,herit,문화유산·전통체험,35.2692,128.40365,50,50m,09:00–18:00 · 월 휴관 · 무료,09:00,18:00,Y,N,Y,N,N,N,Y,함안군 가야읍 삼기길 153-31 구글 지오코딩
nation,전국,함안,·,nax439,무진정,Mujinjeong,heal,힐링·생태·체험,35.25542,128.42321,40,40m,상시 개방 · 무료,,,N,N,Y,N,N,N,Y,함안군 함안면 괴산4길 25 구글 지오코딩
nation,전국,창녕,·,nax440,교동과 송현동 고분군,Gyo-dong & Songhyeon-dong Tombs,herit,문화유산·전통체험,35.5417,128.50865,60,1h,상시 개방 · 무료,,,N,N,Y,N,Y,N,Y,창녕군 창녕읍 송현리 103-2 구글 지오코딩
nation,전국,창녕,·,nax441,우포늪,Upo Wetland,heal,힐링·생태·체험,35.5515,128.412,90,1h 30m,일출–일몰 · 무료,,,N,N,Y,Y,N,N,Y,창녕군 유어면 대대리 구글 지오코딩
nation,전국,창녕,·,nax442,화왕산,Hwawangsan,heal,힐링·생태·체험,35.53722,128.56056,150,2h 30m,상시 개방 · 무료,,,N,N,Y,N,N,N,Y,창녕군 창녕읍 옥천리 구글 지오코딩
nation,전국,고령,·,nax443,지산동 고분군,Jisan-dong Tombs,herit,문화유산·전통체험,35.72614,128.25329,70,1h 10m,상시 개방 · 무료,,,N,N,Y,N,Y,N,Y,고령군 대가야읍 지산리 구글 지오코딩
nation,전국,고령,·,nax444,대가야박물관,Daegaya Museum,herit,문화유산·전통체험,35.723,128.25722,60,1h,09:00–18:00 · 월 휴관 · 유료,09:00,18:00,Y,N,Y,N,N,N,Y,고령군 대가야읍 대가야로 1203 구글 지오코딩
nation,전국,고령,·,nax445,개실마을,Gaesil Village,herit,문화유산·전통체험,35.66745,128.22901,60,1h,상시 · 체험 예약,,,N,N,Y,N,N,N,Y,고령군 쌍림면 합가리 243-5 구글 지오코딩
nation,전국,고성,·,nax446,송학동 고분군,Songhak-dong Tombs,herit,문화유산·전통체험,34.98035,128.32135,50,50m,상시 개방 · 무료,,,N,N,Y,N,Y,N,Y,고성군 고성읍 송학리 470 구글 지오코딩
nation,전국,고성,·,nax447,상족암군립공원,Sangjogam Park,sea,해양·자연경관,34.9051,128.15112,80,1h 20m,상시 개방 · 무료,,,N,N,Y,N,N,N,Y,고성군 하이면 덕명리 구글 지오코딩
nation,전국,고성,·,nax448,당항포관광지,Danghangpo Site,activity,테마파크·액티비티,35.05653,128.39841,70,1h 10m,09:00–18:00 · 유료,09:00,18:00,Y,N,Y,N,N,Y,Y,고성군 회화면 봉동리 57 구글 지오코딩
nation,전국,서천,·,nax449,서천 갯벌,Seocheon Tidal Flat,sea,해양·자연경관,36.12851,126.5884,60,1h,물때 확인 · 무료,,,N,N,Y,N,Y,N,Y,서천군 비인면 선도리 341-6 구글 지오코딩
nation,전국,서천,·,nax450,국립생태원,National Institute of Ecology,heal,힐링·생태·체험,36.02959,126.7248,120,2h,09:30–17:00 · 월 휴관 · 유료,09:30,17:00,Y,N,Y,N,N,N,Y,서천군 마서면 금강로 1210 구글 지오코딩
nation,전국,서천,·,nax451,장항송림산림욕장,Janghang Pine Forest,heal,힐링·생태·체험,36.01351,126.66675,60,1h,상시 개방 · 스카이워크 유료,,,N,N,Y,N,N,N,Y,서천군 장항읍 송림리 구글 지오코딩
nation,전국,신안,·,nax452,신안 갯벌,Sinan Tidal Flat,sea,해양·자연경관,34.96439,126.13658,70,1h 10m,물때 확인 · 무료,,,N,N,Y,N,Y,N,Y,신안군 증도면 지도증도로 1766-15 구글 지오코딩
nation,전국,신안,·,nax453,퍼플섬 반월도,Purple Island,activity,테마파크·액티비티,34.70846,126.13472,90,1h 30m,상시 · 입장료,,,N,N,Y,Y,N,N,Y,신안군 안좌면 박지리 구글 지오코딩
nation,전국,신안,·,nax454,증도 태평염전,Taepyeong Salt Farm,activity,테마파크·액티비티,34.98224,126.1587,70,1h 10m,09:00–18:00 · 유료,09:00,18:00,Y,N,Y,N,N,N,Y,신안군 증도면 대초리 구글 지오코딩
nation,전국,보성,·,nax455,보성 벌교갯벌,Beolgyo Tidal Flat,sea,해양·자연경관,34.76847,127.08325,60,1h,물때 확인 · 무료,,,N,N,Y,N,Y,N,Y,보성군 벌교읍 장암리 구글 지오코딩
nation,전국,보성,·,nax456,대한다원 녹차밭,Daehan Tea Plantation,heal,힐링·생태·체험,34.71563,127.07879,80,1h 20m,09:00–18:00 · 유료,09:00,18:00,Y,N,Y,N,N,N,Y,보성군 보성읍 녹차로 763-67 구글 지오코딩
nation,전국,보성,·,nax457,율포솔밭해수욕장,Yulpo Beach,sea,해양·자연경관,34.66995,127.08996,60,1h,상시 개방 · 해수욕 7–8월,,,N,N,Y,N,N,N,Y,보성군 회천면 동율리 구글 지오코딩
nation,전국,사천,·,nax501,사천 바다케이블카,Sacheon Sea Cable Car,activity,테마파크·액티비티,34.93368,128.05315,80,1h 20m,09:30–18:00 · 유료 · 기상 휴업,09:30,18:00,Y,N,Y,Y,N,N,Y,사천시 사천대로 18 구글 지오코딩
nation,전국,사천,·,nax502,삼천포용궁수산시장,Samcheonpo Fish Market,food,로컬상권·먹거리,34.9275,128.07103,60,1h,06:00–21:00 · 점포별 상이,06:00,21:00,Y,N,Y,N,N,N,Y,사천시 어시장길 64 구글 지오코딩
nation,전국,사천,·,nax503,초양도,Choyangdo,sea,해양·자연경관,35.08022,128.08301,50,50m,상시 개방 · 무료,,,N,N,Y,N,N,N,Y,사천시 대방동 초양도 구글 지오코딩
nation,전국,사천,·,nax504,사천 항공우주박물관,Sacheon Aerospace Museum,activity,테마파크·액티비티,35.07137,128.06247,80,1h 20m,09:00–18:00 · 월 휴관 · 유료,09:00,18:00,Y,N,Y,N,N,N,Y,사천시 사남면 공단1로 78 구글 지오코딩
nation,전국,사천,·,nax505,사천읍성,Sacheon Fortress,herit,문화유산·전통체험,35.08408,128.09362,40,40m,상시 개방 · 무료,,,N,N,Y,N,N,N,Y,사천시 사천읍 정의리 구글 지오코딩
nation,전국,문경,·,nax506,문경새재 도립공원,Mungyeong Saejae Park,herit,문화유산·전통체험,36.75904,128.07298,120,2h,상시 개방 · 무료,,,N,N,Y,N,N,N,Y,문경시 문경읍 새재로 932 구글 지오코딩
nation,전국,문경,·,nax507,단산모노레일,Dansan Monorail,activity,테마파크·액티비티,36.73682,128.15813,70,1h 10m,09:00–17:00 · 유료 · 기상 휴업,09:00,17:00,Y,N,Y,N,N,N,Y,문경시 문경읍 활공장길 106 구글 지오코딩
nation,전국,문경,·,nax508,문경 철로자전거,Rail Bike,activity,테마파크·액티비티,36.65529,128.12827,60,1h,09:00–17:00 · 유료,09:00,17:00,Y,N,Y,N,N,N,Y,문경시 마성면 진남1길 155 구글 지오코딩
nation,전국,문경,·,nax509,봉암사,Bongamsa Temple,herit,문화유산·전통체험,36.6258,128.0158,60,1h,초파일 외 비공개,,,N,N,Y,N,N,N,Y,문경시 가은읍 원북길 313 구글 지오코딩
nation,전국,문경,·,nax510,오미자테마터널,Omija Theme Tunnel,activity,테마파크·액티비티,36.66065,128.12875,50,50m,09:00–18:00 · 유료,09:00,18:00,Y,N,Y,N,N,N,Y,문경시 마성면 문경대로 1356-1 구글 지오코딩
nation,전국,울진,·,nax511,성류굴,Seongnyugul Cave,heal,힐링·생태·체험,36.95604,129.37979,60,1h,09:00–17:30 · 유료,09:00,17:30,Y,N,Y,N,N,N,Y,울진군 근남면 성류굴로 225 구글 지오코딩
nation,전국,울진,·,nax512,불영사,Buryeongsa Temple,herit,문화유산·전통체험,36.9569,129.2531,70,1h 10m,08:00–18:00 · 유료,08:00,18:00,Y,N,Y,N,N,N,Y,울진군 금강송면 불영사길 48 구글 지오코딩
nation,전국,울진,·,nax513,덕구온천,Deokgu Hot Spring,heal,힐링·생태·체험,37.07884,129.28332,110,1h 50m,06:00–20:00 · 유료,06:00,20:00,Y,N,Y,N,N,N,Y,울진군 북면 덕구온천로 924 구글 지오코딩
nation,전국,울진,·,nax514,죽변해안스카이레일,Jukbyeon Sky Rail,activity,테마파크·액티비티,37.05578,129.42821,70,1h 10m,09:00–18:00 · 유료,09:00,18:00,Y,N,Y,N,N,N,Y,울진군 죽변면 죽변리 3-26 구글 지오코딩
nation,전국,울진,·,nax515,등기산스카이워크,Deunggisan Skywalk,sea,해양·자연경관,36.67998,129.46627,50,50m,09:00–18:00 · 무료,09:00,18:00,Y,N,Y,N,N,N,Y,울진군 후포면 후포리 산141-21 구글 지오코딩
nation,전국,원주,·,nax516,소금산 그랜드밸리,Sogeumsan Grand Valley,activity,테마파크·액티비티,37.36789,127.82514,110,1h 50m,09:00–17:00 · 유료,09:00,17:00,Y,N,Y,Y,N,N,Y,원주시 지정면 소금산길 12 구글 지오코딩
nation,전국,원주,·,nax517,뮤지엄 산,Museum SAN,activity,테마파크·액티비티,37.41896,127.82299,120,2h,10:00–18:00 · 월 휴관 · 유료,10:00,18:00,Y,N,Y,Y,N,N,Y,원주시 지정면 오크밸리2길 260 구글 지오코딩
nation,전국,원주,·,nax518,치악산 구룡사,Guryongsa Temple,heal,힐링·생태·체험,37.40469,128.0464,80,1h 20m,상시 개방 · 국립공원 입장,,,N,N,Y,N,N,N,Y,원주시 소초면 구룡사로 428 구글 지오코딩
nation,전국,원주,·,nax519,원주 한지테마파크,Hanji Theme Park,activity,테마파크·액티비티,37.33437,127.93546,60,1h,09:00–18:00 · 월 휴관 · 무료,09:00,18:00,Y,N,Y,N,N,N,Y,원주시 한지공원길 151 구글 지오코딩
nation,전국,원주,·,nax520,원주중앙시장,Wonju Jungang Market,food,로컬상권·먹거리,37.34998,127.94924,50,50m,09:00–20:00 · 점포별 상이,09:00,20:00,Y,N,Y,N,N,N,Y,원주시 중앙시장길 6 구글 지오코딩
nation,전국,평창,·,nax521,오대산 월정사,Woljeongsa Temple,herit,문화유산·전통체험,37.73194,128.59289,100,1h 40m,08:00–18:00 · 유료,08:00,18:00,Y,N,Y,N,Y,N,Y,평창군 진부면 오대산로 374-8 구글 지오코딩
nation,전국,평창,·,nax522,대관령 양떼목장,Daegwallyeong Sheep Farm,heal,힐링·생태·체험,37.68849,128.75276,70,1h 10m,09:00–17:30 · 유료,09:00,17:30,Y,N,Y,N,N,N,Y,평창군 대관령면 대관령마루길 483-32 구글 지오코딩
nation,전국,평창,·,nax523,알펜시아,Alpensia,activity,테마파크·액티비티,37.65692,128.67387,120,2h,시설별 상이 · 유료,,,N,N,Y,N,N,N,Y,평창군 대관령면 솔봉로 325 구글 지오코딩
nation,전국,평창,·,nax524,발왕산 케이블카,Balwangsan Cable Car,heal,힐링·생태·체험,37.64402,128.67874,80,1h 20m,09:00–17:00 · 유료 · 기상 휴업,09:00,17:00,Y,N,Y,N,N,N,Y,평창군 대관령면 용산리 구글 지오코딩
nation,전국,평창,·,nax525,봉평 이효석문화마을,Bongpyeong Literary Village,herit,문화유산·전통체험,37.48971,128.45438,70,1h 10m,09:00–18:00 · 유료,09:00,18:00,Y,N,Y,N,N,N,Y,평창군 봉평면 효석문학길 구글 지오코딩
nation,전국,파주,·,nax601,임진각 평화누리,Imjingak Peace Park,herit,문화유산·전통체험,37.89225,126.74306,90,1h 30m,상시 개방 · 일부 유료,,,N,N,Y,Y,N,N,Y,파주시 문산읍 임진각로 148-40 구글 지오코딩
nation,전국,파주,·,nax602,헤이리 예술마을,Heyri Art Village,activity,테마파크·액티비티,37.78884,126.69872,110,1h 50m,상시 · 시설별 상이,,,N,N,Y,Y,N,N,Y,파주시 탄현면 헤이리마을길 구글 지오코딩
nation,전국,파주,·,nax603,파주 프로방스마을,Provence Village,food,로컬상권·먹거리,37.79097,126.6844,60,1h,10:00–21:00 · 무료,10:00,21:00,Y,N,Y,N,N,N,Y,파주시 탄현면 새오리로 77 구글 지오코딩
nation,전국,파주,·,nax604,마장호수 흔들다리,Majang Lake Bridge,heal,힐링·생태·체험,37.77565,126.92783,60,1h,09:00–18:00 · 무료,09:00,18:00,Y,N,Y,N,N,N,Y,파주시 광탄면 기산로 313 구글 지오코딩
nation,전국,파주,·,nax605,파주 프리미엄아울렛,Paju Premium Outlets,food,로컬상권·먹거리,37.75959,126.77777,120,2h,10:30–21:00,10:30,21:00,Y,N,Y,N,N,N,Y,파주시 필승로 200 구글 지오코딩
nation,전국,고양,·,nax606,일산호수공원,Ilsan Lake Park,heal,힐링·생태·체험,37.65674,126.76625,80,1h 20m,상시 개방 · 무료,,,N,N,Y,N,N,N,Y,고양시 일산동구 호수로 595 구글 지오코딩
nation,전국,고양,·,nax607,스타필드 고양,Starfield Goyang,food,로컬상권·먹거리,37.64731,126.89528,120,2h,10:00–22:00,10:00,22:00,Y,N,Y,N,N,N,Y,고양시 덕양구 고양대로 1955 구글 지오코딩
nation,전국,고양,·,nax608,고양 행주산성,Haengju Fortress,herit,문화유산·전통체험,37.59557,126.82815,70,1h 10m,09:00–18:00 · 유료,09:00,18:00,Y,N,Y,N,N,Y,Y,고양시 덕양구 행주로15번길 89 구글 지오코딩
nation,전국,고양,·,nax609,킨텍스,KINTEX,activity,테마파크·액티비티,37.66899,126.74589,90,1h 30m,행사별 상이,,,N,N,Y,N,N,N,Y,고양시 일산서구 킨텍스로 217-60 구글 지오코딩
nation,전국,포천,·,nax610,포천 아트밸리,Pocheon Art Valley,activity,테마파크·액티비티,37.92912,127.23488,90,1h 30m,09:00–19:00 · 유료,09:00,19:00,Y,N,Y,N,N,N,Y,포천시 신북면 아트밸리로 234 구글 지오코딩
nation,전국,포천,·,nax611,산정호수,Sanjeong Lake,heal,힐링·생태·체험,38.07059,127.32039,70,1h 10m,상시 개방 · 주차 유료,,,N,N,Y,N,N,N,Y,포천시 영북면 산정호수로 구글 지오코딩
nation,전국,포천,·,nax612,허브아일랜드,Herb Island,heal,힐링·생태·체험,37.96539,127.13167,100,1h 40m,09:00–22:00 · 유료,09:00,22:00,Y,N,Y,N,N,N,Y,포천시 신북면 청신로947번길 35 구글 지오코딩
nation,전국,포천,·,nax613,국립수목원 광릉숲,Gwangneung Forest,heal,힐링·생태·체험,37.75976,127.16888,110,1h 50m,09:00–18:00 · 예약제 · 유료,09:00,18:00,Y,N,Y,N,Y,N,Y,포천시 소흘읍 광릉수목원로 415 구글 지오코딩
nation,전국,이천,·,nax614,예스파크 도자예술마을,Yespark Ceramic Village,activity,테마파크·액티비티,37.29345,127.38475,90,1h 30m,10:00–18:00 · 월 휴관 · 무료,10:00,18:00,Y,N,Y,N,N,N,Y,이천시 신둔면 도자예술로5번길 109 구글 지오코딩
nation,전국,이천,·,nax615,설봉공원,Seolbong Park,heal,힐링·생태·체험,37.27661,127.42663,60,1h,상시 개방 · 무료,,,N,N,Y,N,N,N,Y,이천시 경충대로2709번길 128 구글 지오코딩
nation,전국,이천,·,nax616,이천 테르메덴,Termeden Spa,heal,힐링·생태·체험,37.19541,127.4462,150,2h 30m,09:00–19:00 · 유료,09:00,19:00,Y,N,Y,N,N,N,Y,이천시 모가면 사실로 984 구글 지오코딩
nation,전국,이천,·,nax617,이천 온천,Icheon Hot Spring,heal,힐링·생태·체험,37.28008,127.45268,110,1h 50m,06:00–20:00 · 유료,06:00,20:00,Y,N,Y,N,N,N,Y,이천시 안흥동 구글 지오코딩
nation,전국,남양주,·,nax618,다산유적지,Dasan Historic Site,herit,문화유산·전통체험,37.51654,127.30091,60,1h,09:00–18:00 · 월 휴관 · 무료,09:00,18:00,Y,N,Y,N,N,N,Y,남양주시 조안면 다산로747번길 11 구글 지오코딩
nation,전국,남양주,·,nax619,수종사,Sujongsa Temple,heal,힐링·생태·체험,37.57103,127.30275,80,1h 20m,05:00–19:00 · 무료,05:00,19:00,Y,N,Y,N,N,N,Y,남양주시 조안면 북한강로433번길 186 구글 지오코딩
nation,전국,남양주,·,nax620,피아노폭포,Piano Waterfall,activity,테마파크·액티비티,37.6302,127.34749,40,40m,상시 개방 · 무료,,,N,N,Y,N,N,N,Y,남양주시 화도읍 북한강로 구글 지오코딩
nation,전국,양양,·,nax621,낙산사,Naksansa Temple,herit,문화유산·전통체험,38.12462,128.62805,90,1h 30m,05:00–18:00 · 유료,05:00,18:00,Y,N,Y,N,N,N,Y,양양군 강현면 낙산사로 100 구글 지오코딩
nation,전국,양양,·,nax622,하조대,Hajodae,sea,해양·자연경관,38.02109,128.73568,50,50m,상시 개방 · 무료,,,N,N,Y,N,N,N,Y,양양군 현북면 조준길 99 구글 지오코딩
nation,전국,양양,·,nax623,죽도해변,Jukdo Beach,sea,해양·자연경관,37.97503,128.75973,70,1h 10m,상시 개방 · 서핑 강습 유료,,,N,N,Y,N,N,N,Y,양양군 현남면 인구리 구글 지오코딩
nation,전국,양양,·,nax624,서피비치,Surfyy Beach,activity,테마파크·액티비티,38.02892,128.71753,90,1h 30m,09:00–일몰 · 일부 유료,,,N,N,Y,N,N,N,Y,양양군 현북면 하조대해안길 119 구글 지오코딩
nation,전국,삼척,·,nax625,죽서루,Jukseoru,herit,문화유산·전통체험,37.4409,129.16047,40,40m,09:00–18:00 · 무료,09:00,18:00,Y,N,Y,N,N,N,Y,삼척시 죽서루길 37 구글 지오코딩
nation,전국,삼척,·,nax626,대금굴·환선굴,Daegeumgul & Hwanseongul,heal,힐링·생태·체험,37.31919,129.01833,120,2h,08:30–17:00 · 유료 · 대금굴 예약,08:30,17:00,Y,N,Y,N,N,N,Y,삼척시 신기면 환선로 800 구글 지오코딩
nation,전국,삼척,·,nax627,장호항,Jangho Port,sea,해양·자연경관,37.2885,129.31753,80,1h 20m,상시 · 투명카약 유료,,,N,N,Y,N,N,N,Y,삼척시 근덕면 장호리 구글 지오코딩
nation,전국,삼척,·,nax628,삼척해수욕장,Samcheok Beach,sea,해양·자연경관,37.46833,129.16917,70,1h 10m,상시 개방 · 해수욕 7–8월,,,N,N,Y,N,N,N,Y,삼척시 갈천동 구글 지오코딩
nation,전국,인제,·,nax629,원대리 자작나무숲,Wondae-ri Birch Forest,heal,힐링·생태·체험,38.00959,128.19449,120,2h,09:00–17:00 · 무료 · 동절기 통제,09:00,17:00,Y,N,Y,Y,N,N,Y,인제군 인제읍 자작나무숲길 760 구글 지오코딩
nation,전국,인제,·,nax630,백담사,Baekdamsa Temple,herit,문화유산·전통체험,38.16515,128.37409,90,1h 30m,08:00–17:00 · 셔틀 유료,08:00,17:00,Y,N,Y,N,N,N,Y,인제군 북면 백담로 746 구글 지오코딩
nation,전국,인제,·,nax631,내린천 래프팅,Naerincheon Rafting,activity,테마파크·액티비티,38.0281,128.23416,150,2h 30m,5–10월 · 유료,,,N,N,Y,N,N,N,Y,인제군 기린면 내린천로 구글 지오코딩
nation,전국,인제,·,nax632,인제 스피디움,Inje Speedium,activity,테마파크·액티비티,38.00202,128.29181,120,2h,행사별 상이 · 유료,,,N,N,Y,N,N,N,Y,인제군 기린면 상하답로 130 구글 지오코딩
nation,전국,태백,·,nax633,태백산 국립공원,Taebaeksan National Park,heal,힐링·생태·체험,37.0989,128.91632,180,3h,상시 개방 · 주차 유료,,,N,N,Y,N,N,N,Y,태백시 소도동 구글 지오코딩
nation,전국,태백,·,nax634,검룡소,Geomnyongso Spring,heal,힐링·생태·체험,37.2277,128.92464,70,1h 10m,09:00–17:00 · 무료,09:00,17:00,Y,N,Y,N,N,N,Y,태백시 창죽동 산1-1 구글 지오코딩
nation,전국,태백,·,nax635,구문소,Gumunso,heal,힐링·생태·체험,37.09298,129.04223,50,50m,상시 개방 · 무료,,,N,N,Y,N,N,N,Y,태백시 동점동 구글 지오코딩
nation,전국,태백,·,nax636,통리탄탄파크,Tongni Coal Park,activity,테마파크·액티비티,37.16149,129.04297,70,1h 10m,09:00–18:00 · 유료,09:00,18:00,Y,N,Y,N,N,N,Y,태백시 통리로 구글 지오코딩
nation,전국,청주,·,nax637,상당산성,Sangdangsanseong,herit,문화유산·전통체험,36.662,127.54103,80,1h 20m,상시 개방 · 무료,,,N,N,Y,N,N,N,Y,청주시 상당구 산성동 구글 지오코딩
nation,전국,청주,·,nax638,청남대,Cheongnamdae,heal,힐링·생태·체험,36.46181,127.48919,120,2h,09:00–18:00 · 월 휴관 · 유료,09:00,18:00,Y,N,Y,Y,N,N,Y,청주시 상당구 문의면 청남대길 646 구글 지오코딩
nation,전국,청주,·,nax639,수암골,Suam-gol,activity,테마파크·액티비티,36.64726,127.49429,50,50m,상시 개방 · 무료,,,N,N,Y,N,N,N,Y,청주시 상당구 수동로 15 구글 지오코딩
nation,전국,청주,·,nax640,고인쇄박물관,Early Printing Museum,herit,문화유산·전통체험,36.64404,127.47148,70,1h 10m,09:00–18:00 · 월 휴관 · 무료,09:00,18:00,Y,N,Y,N,N,N,Y,청주시 흥덕구 직지대로 713 구글 지오코딩
nation,전국,제천,·,nax641,청풍호반케이블카,Cheongpung Lake Cable Car,activity,테마파크·액티비티,37.00133,128.16661,70,1h 10m,09:00–18:00 · 유료,09:00,18:00,Y,N,Y,Y,N,Y,Y,제천시 청풍면 문화재길 166 구글 지오코딩
nation,전국,제천,·,nax642,의림지,Uirimji Reservoir,heal,힐링·생태·체험,37.17325,128.21049,60,1h,상시 개방 · 무료,,,N,N,Y,N,N,N,Y,제천시 모산동 구글 지오코딩
nation,전국,제천,·,nax643,옥순봉 출렁다리,Oksunbong Suspension Bridge,activity,테마파크·액티비티,36.94363,128.23316,60,1h,09:00–18:00 · 유료,09:00,18:00,Y,N,Y,N,N,N,Y,제천시 수산면 옥순봉로 구글 지오코딩
nation,전국,제천,·,nax644,배론성지,Baeron Holy Ground,herit,문화유산·전통체험,37.16034,128.08391,60,1h,09:00–18:00 · 무료,09:00,18:00,Y,N,Y,N,N,N,Y,제천시 봉양읍 배론성지길 296 구글 지오코딩
nation,전국,단양,·,nax645,도담삼봉,Dodamsambong,heal,힐링·생태·체험,37.00004,128.34397,50,50m,상시 개방 · 무료,,,N,N,Y,Y,N,N,Y,단양군 매포읍 삼봉로 644 구글 지오코딩
nation,전국,단양,·,nax646,만천하스카이워크,Mancheonha Skywalk,activity,테마파크·액티비티,36.98046,128.33953,80,1h 20m,09:00–18:00 · 유료,09:00,18:00,Y,N,Y,Y,N,N,Y,단양군 적성면 옷바위길 10 구글 지오코딩
nation,전국,단양,·,nax647,고수동굴,Gosu Cave,heal,힐링·생태·체험,36.98849,128.38159,60,1h,09:00–18:00 · 유료,09:00,18:00,Y,N,Y,N,N,N,Y,단양군 단양읍 고수동굴길 8 구글 지오코딩
nation,전국,단양,·,nax648,단양 구경시장,Danyang Gugyeong Market,food,로컬상권·먹거리,36.98251,128.36992,50,50m,09:00–20:00 · 점포별 상이,09:00,20:00,Y,N,Y,N,N,N,Y,단양군 단양읍 도전5길 31 구글 지오코딩
nation,전국,보령,·,nax649,대천해수욕장,Daecheon Beach,sea,해양·자연경관,36.3056,126.51605,80,1h 20m,상시 개방 · 머드축제 7월,,,N,N,Y,Y,N,Y,Y,보령시 신흑동 구글 지오코딩
nation,전국,보령,·,nax650,무창포해수욕장,Muchangpo Beach,sea,해양·자연경관,36.24452,126.53656,70,1h 10m,상시 개방 · 무료,,,N,N,Y,N,N,N,Y,보령시 웅천읍 열린바다1길 구글 지오코딩
nation,전국,보령,·,nax651,개화예술공원,Gaehwa Art Park,activity,테마파크·액티비티,36.31227,126.65752,70,1h 10m,09:00–18:00 · 유료,09:00,18:00,Y,N,Y,N,N,N,Y,보령시 성주면 개화리 구글 지오코딩
nation,전국,보령,·,nax652,충청수영성,Chungcheong Naval Fortress,herit,문화유산·전통체험,36.43942,126.52279,50,50m,상시 개방 · 무료,,,N,N,Y,N,N,N,Y,보령시 오천면 소성리 구글 지오코딩
nation,전국,아산,·,nax653,외암민속마을,Oeam Folk Village,herit,문화유산·전통체험,36.73002,127.01647,80,1h 20m,09:00–18:00 · 유료,09:00,18:00,Y,N,Y,N,N,Y,Y,아산시 송악면 외암민속길 42-15 구글 지오코딩
nation,전국,아산,·,nax654,현충사,Hyeonchungsa Shrine,herit,문화유산·전통체험,36.81129,127.03232,80,1h 20m,09:00–18:00 · 화 휴관 · 무료,09:00,18:00,Y,N,Y,Y,N,N,Y,아산시 염치읍 현충사길 126 구글 지오코딩
nation,전국,아산,·,nax655,온양온천,Onyang Hot Spring,heal,힐링·생태·체험,36.78042,127.00371,110,1h 50m,06:00–20:00 · 유료,06:00,20:00,Y,N,Y,N,N,N,Y,아산시 온천동 구글 지오코딩
nation,전국,아산,·,nax656,신정호수공원,Sinjeong Lake Park,heal,힐링·생태·체험,36.76149,126.96888,60,1h,상시 개방 · 무료,,,N,N,Y,N,N,N,Y,아산시 신정호길 구글 지오코딩
nation,전국,담양,·,nax657,죽녹원,Juknokwon Bamboo Forest,heal,힐링·생태·체험,35.32663,126.98539,80,1h 20m,09:00–18:00 · 유료,09:00,18:00,Y,N,Y,Y,N,N,Y,담양군 담양읍 죽녹원로 119 구글 지오코딩
nation,전국,담양,·,nax658,메타세쿼이아 랜드,Metasequoia Road,heal,힐링·생태·체험,35.32369,127.00414,60,1h,09:00–19:00 · 유료,09:00,19:00,Y,N,Y,N,N,N,Y,담양군 담양읍 학동리 구글 지오코딩
nation,전국,담양,·,nax659,소쇄원,Soswaewon Garden,herit,문화유산·전통체험,35.18421,127.01221,60,1h,09:00–18:00 · 유료,09:00,18:00,Y,N,Y,N,N,N,Y,담양군 가사문학면 소쇄원길 17 구글 지오코딩
nation,전국,담양,·,nax660,관방제림,Gwanbangjerim,heal,힐링·생태·체험,35.32346,126.99078,50,50m,상시 개방 · 무료,,,N,N,Y,Y,N,N,Y,담양군 담양읍 객사리 구글 지오코딩
nation,전국,무주,·,nax661,덕유산 국립공원,Deogyusan National Park,heal,힐링·생태·체험,35.86056,127.74639,180,3h,상시 개방 · 곤돌라 유료,,,N,N,Y,N,N,N,Y,무주군 설천면 구천동1로 구글 지오코딩
nation,전국,무주,·,nax662,무주구천동 33경,Gucheondong Valley,heal,힐링·생태·체험,35.89976,127.77555,120,2h,상시 개방 · 무료,,,N,N,Y,N,N,N,Y,무주군 설천면 구천동로 구글 지오코딩
nation,전국,무주,·,nax663,태권도원,Taekwondowon,activity,테마파크·액티비티,36.00962,127.77653,100,1h 40m,09:00–18:00 · 월 휴관 · 유료,09:00,18:00,Y,N,Y,Y,N,N,Y,무주군 설천면 무주로 1482 구글 지오코딩
nation,전국,무주,·,nax664,반디랜드,Bandi Land,activity,테마파크·액티비티,36.01282,127.75867,70,1h 10m,09:00–18:00 · 유료,09:00,18:00,Y,N,Y,Y,N,Y,Y,무주군 설천면 무주로 1482 구글 지오코딩
nation,전국,부안,·,nax665,채석강,Chaeseokgang Cliffs,sea,해양·자연경관,35.62482,126.46605,70,1h 10m,물때 확인 · 무료,,,N,N,Y,N,N,N,Y,부안군 변산면 격포리 구글 지오코딩
nation,전국,부안,·,nax666,내소사,Naesosa Temple,herit,문화유산·전통체험,35.72642,126.73716,80,1h 20m,08:00–18:00 · 유료,08:00,18:00,Y,N,Y,N,N,N,Y,부안군 진서면 내소사로 243 구글 지오코딩
nation,전국,부안,·,nax667,변산해수욕장,Byeonsan Beach,sea,해양·자연경관,35.68133,126.53159,60,1h,상시 개방 · 해수욕 7–8월,,,N,N,Y,N,N,Y,Y,부안군 변산면 변산로 구글 지오코딩
nation,전국,부안,·,nax668,곰소염전,Gomso Salt Farm,activity,테마파크·액티비티,35.59541,126.61718,50,50m,상시 · 무료,,,N,N,Y,N,N,N,Y,부안군 진서면 곰소리 구글 지오코딩
nation,전국,완도,·,nax669,청산도,Cheongsando,sea,해양·자연경관,34.18263,126.88659,240,4h,여객선 시간 확인 · 유료,,,N,N,Y,N,N,N,Y,완도군 청산면 구글 지오코딩
nation,전국,완도,·,nax670,완도타워,Wando Tower,heal,힐링·생태·체험,34.31075,126.76661,60,1h,09:00–22:00 · 유료,09:00,22:00,Y,N,Y,N,N,Y,Y,완도군 완도읍 장보고대로 330 구글 지오코딩
nation,전국,완도,·,nax671,명사십리해수욕장,Myeongsasimni Beach,sea,해양·자연경관,34.32739,126.80901,70,1h 10m,상시 개방 · 해수욕 7–8월,,,N,N,Y,N,N,Y,Y,완도군 신지면 명사십리로 구글 지오코딩
nation,전국,완도,·,nax672,완도수목원,Wando Arboretum,heal,힐링·생태·체험,34.36028,126.66418,90,1h 30m,09:00–18:00 · 유료,09:00,18:00,Y,N,Y,N,N,N,Y,완도군 군외면 초평리 구글 지오코딩
nation,전국,밀양,·,nax673,영남루,Yeongnamnu,herit,문화유산·전통체험,35.49152,128.75507,50,50m,상시 개방 · 무료,,,N,N,Y,N,N,N,Y,밀양시 중앙로 324 구글 지오코딩
nation,전국,밀양,·,nax674,밀양 얼음골,Miryang Ice Valley,heal,힐링·생태·체험,35.57288,128.98453,70,1h 10m,상시 개방 · 무료,,,N,N,Y,N,N,N,Y,밀양시 산내면 남명리 구글 지오코딩
nation,전국,밀양,·,nax675,표충사,Pyochungsa Temple,herit,문화유산·전통체험,35.53259,128.96058,80,1h 20m,08:00–18:00 · 유료,08:00,18:00,Y,N,Y,N,N,N,Y,밀양시 단장면 표충로 1338 구글 지오코딩
nation,전국,밀양,·,nax676,호박소,Hobakso,heal,힐링·생태·체험,35.5878,128.99645,50,50m,상시 개방 · 무료,,,N,N,Y,N,N,N,Y,밀양시 산내면 삼양리 구글 지오코딩
nation,전국,청송,·,nax677,주왕산 국립공원,Juwangsan National Park,heal,힐링·생태·체험,36.40241,129.18787,150,2h 30m,상시 개방 · 주차 유료,,,N,N,Y,Y,N,N,Y,청송군 부동면 공원길 226 구글 지오코딩
nation,전국,청송,·,nax678,주산지,Jusanji Pond,heal,힐링·생태·체험,36.36265,129.18949,60,1h,일출–일몰 · 무료,,,N,N,Y,N,N,N,Y,청송군 부동면 이전리 구글 지오코딩
nation,전국,청송,·,nax679,청송 얼음골,Cheongsong Ice Valley,activity,테마파크·액티비티,36.31623,129.22373,60,1h,상시 · 빙벽 겨울,,,N,N,Y,N,N,N,Y,청송군 부동면 병부리 구글 지오코딩
nation,전국,청송,·,nax680,송소고택,Songso Historic House,herit,문화유산·전통체험,36.43622,129.02661,50,50m,09:00–18:00 · 유료,09:00,18:00,Y,N,Y,N,N,N,Y,청송군 파천면 송생지길 15-2 구글 지오코딩
nation,전국,영덕,·,nax681,강구항,Ganggu Port,food,로컬상권·먹거리,36.366,129.394,70,1h 10m,상시 · 점포별 상이,,,N,N,Y,N,N,N,Y,영덕군 강구면 강구리 구글 지오코딩
nation,전국,영덕,·,nax682,영덕 블루로드,Yeongdeok Blue Road,sea,해양·자연경관,36.26861,129.37417,120,2h,상시 개방 · 무료,,,N,N,Y,N,N,N,Y,영덕군 영덕읍 대탄리 구글 지오코딩
nation,전국,영덕,·,nax683,삼사해상공원,Samsa Maritime Park,heal,힐링·생태·체험,36.34869,129.38558,60,1h,상시 개방 · 무료,,,N,N,Y,N,N,N,Y,영덕군 강구면 삼사181번길 27 구글 지오코딩
nation,전국,영덕,·,nax684,장사해수욕장,Jangsa Beach,sea,해양·자연경관,36.28204,129.37596,60,1h,상시 개방 · 해수욕 7–8월,,,N,N,Y,N,N,N,Y,영덕군 남정면 장사리 구글 지오코딩
nation,전국,구미,·,nax685,금오산 도립공원,Geumosan Provincial Park,heal,힐링·생태·체험,36.08849,128.3053,150,2h 30m,상시 개방 · 케이블카 유료,,,N,N,Y,N,N,N,Y,구미시 남통동 구글 지오코딩
nation,전국,구미,·,nax686,채미정,Chaemijeong,herit,문화유산·전통체험,36.11249,128.31315,40,40m,상시 개방 · 무료,,,N,N,Y,N,N,N,Y,구미시 남통동 249 구글 지오코딩
nation,전국,구미,·,nax687,새마을운동테마공원,Saemaul Movement Park,herit,문화유산·전통체험,36.09256,128.3496,70,1h 10m,09:00–18:00 · 월 휴관 · 무료,09:00,18:00,Y,N,Y,N,N,N,Y,구미시 상모사곡동 구글 지오코딩
nation,전국,구미,·,nax688,낙동강체육공원,Nakdonggang Sports Park,heal,힐링·생태·체험,36.13606,128.36871,50,50m,상시 개방 · 무료,,,N,N,Y,N,N,N,Y,구미시 지산동 구글 지오코딩
nation,전국,세종,·,nax689,세종호수공원,Sejong Lake Park,heal,힐링·생태·체험,36.49923,127.27037,70,1h 10m,상시 개방 · 무료,,,N,N,Y,N,N,N,Y,세종시 세종동 산1-1 구글 지오코딩
nation,전국,세종,·,nax690,국립세종수목원,Sejong National Arboretum,heal,힐링·생태·체험,36.49784,127.28549,100,1h 40m,09:00–18:00 · 월 휴관 · 유료,09:00,18:00,Y,N,Y,Y,N,N,Y,세종시 연기면 수목원로 136 구글 지오코딩
nation,전국,세종,·,nax691,베어트리파크,Bear Tree Park,activity,테마파크·액티비티,36.67218,127.20859,90,1h 30m,09:00–18:00 · 유료,09:00,18:00,Y,N,Y,N,N,N,Y,세종시 전동면 신송로 217 구글 지오코딩
nation,전국,세종,·,nax692,고복자연공원,Gobok Nature Park,heal,힐링·생태·체험,36.60036,127.22781,60,1h,상시 개방 · 무료,,,N,N,Y,N,N,N,Y,세종시 연서면 용암리 구글 지오코딩
nation,전국,서울,·,nax701,서울숲,Seoul Forest,heal,힐링·생태·체험,37.54439,127.03744,80,1h 20m,상시 개방 · 무료,,,N,N,Y,Y,N,N,Y,성동구 뚝섬로 273 구글 지오코딩
nation,전국,서울,·,nax702,청와대,Cheong Wa Dae,herit,문화유산·전통체험,37.58661,126.97481,90,1h 30m,09:00–18:00 · 화 휴관 · 예약제,09:00,18:00,Y,N,Y,Y,N,N,Y,종로구 청와대로 1 구글 지오코딩
nation,전국,서울,·,nax703,북서울꿈의숲,Dream Forest,heal,힐링·생태·체험,37.62143,127.04062,70,1h 10m,상시 개방 · 전망대 10:00–18:00,10:00,18:00,Y,N,Y,N,N,N,Y,강북구 월계로 173 구글 지오코딩
nation,전국,서울,·,nax704,서울대공원,Seoul Grand Park,activity,테마파크·액티비티,37.53848,127.08229,180,3h,09:00–18:00 · 유료,09:00,18:00,Y,N,Y,Y,N,N,Y,과천시 대공원광장로 102 구글 지오코딩
nation,전국,서울,·,nax705,서울랜드,Seoul Land,activity,테마파크·액티비티,37.53034,127.11388,180,3h,10:00–18:00 · 유료,10:00,18:00,Y,N,Y,Y,N,N,Y,과천시 광명로 181 구글 지오코딩
nation,전국,서울,·,nax706,잠실야구장,Jamsil Baseball Stadium,activity,테마파크·액티비티,37.51207,127.07183,180,3h,경기일 상이 · 유료,,,N,N,Y,N,N,N,Y,송파구 올림픽로 25 구글 지오코딩
nation,전국,서울,·,nax707,고척스카이돔,Gocheok Sky Dome,activity,테마파크·액티비티,37.49806,126.86706,180,3h,경기일 상이 · 유료,,,N,N,Y,N,N,N,Y,구로구 경인로 430 구글 지오코딩
nation,전국,서울,·,nax708,길상사,Gilsangsa Temple,herit,문화유산·전통체험,37.59885,126.99435,60,1h,04:00–20:00 · 무료,04:00,20:00,Y,N,Y,N,N,N,Y,성북구 선잠로5길 68 구글 지오코딩
nation,전국,서울,·,nax709,아차산,Achasan,heal,힐링·생태·체험,37.57151,127.10376,110,1h 50m,상시 개방 · 무료,,,N,N,Y,N,N,N,Y,광진구 광장동 구글 지오코딩
nation,전국,서울,·,nax710,세빛섬,Some Sevit,activity,테마파크·액티비티,37.51168,126.99472,60,1h,10:00–22:00 · 시설별 상이,10:00,22:00,Y,N,Y,N,N,N,Y,서초구 올림픽대로 683 구글 지오코딩
nation,전국,서울,·,nax711,더현대 서울,The Hyundai Seoul,food,로컬상권·먹거리,37.52605,126.9283,120,2h,10:30–20:00,10:30,20:00,Y,N,Y,N,N,N,Y,영등포구 여의대로 108 구글 지오코딩
nation,전국,서울,·,nax712,국립항공박물관,National Aviation Museum,activity,테마파크·액티비티,37.55676,126.80847,80,1h 20m,10:00–18:00 · 월 휴관 · 유료,10:00,18:00,Y,N,Y,N,N,N,Y,강서구 하늘길 177 구글 지오코딩
nation,전국,서울,·,nax713,문래동 창작촌,Mullae Art Village,activity,테마파크·액티비티,37.51664,126.8915,60,1h,상시 · 상점별 상이,,,N,N,Y,N,N,N,Y,영등포구 문래동3가 구글 지오코딩
nation,전국,서울,·,nax714,응봉산 팔각정,Eungbongsan Pavilion,heal,힐링·생태·체험,37.5478,127.02989,50,50m,상시 개방 · 무료,,,N,N,Y,N,N,N,Y,성동구 응봉동 산10-1 구글 지오코딩
nation,전국,인천,·,nax715,석모도 미네랄온천,Seongmodo Mineral Spa,heal,힐링·생태·체험,37.6856,126.31196,110,1h 50m,08:00–21:00 · 유료,08:00,21:00,Y,N,Y,N,N,N,Y,강화군 삼산면 삼산남로 865-17 구글 지오코딩
nation,전국,인천,·,nax716,교동도 대룡시장,Daeryong Market,herit,문화유산·전통체험,37.78212,126.27948,60,1h,09:00–18:00 · 점포별 상이,09:00,18:00,Y,N,Y,N,N,N,Y,강화군 교동면 대룡안길 구글 지오코딩
nation,전국,인천,·,nax717,송도 트리플스트리트,Triple Street Songdo,food,로컬상권·먹거리,37.37865,126.66275,90,1h 30m,10:30–22:00,10:30,22:00,Y,N,Y,N,N,N,Y,연수구 송도과학로16번길 33-3 구글 지오코딩
nation,전국,수원,·,nax718,창룡문,Changnyongmun Gate,herit,문화유산·전통체험,37.2878,127.02515,40,40m,상시 개방 · 무료,,,N,N,Y,N,N,N,Y,수원시 팔달구 창룡대로 구글 지오코딩
nation,전국,수원,·,nax719,수원 남문시장,Nammun Market,food,로컬상권·먹거리,37.27717,127.0186,60,1h,09:00–21:00 · 점포별 상이,09:00,21:00,Y,N,Y,N,N,N,Y,수원시 팔달구 팔달로2가 구글 지오코딩
nation,전국,수원,·,nax720,수원 KT위즈파크,KT Wiz Park,activity,테마파크·액티비티,37.29976,127.00967,180,3h,경기일 상이 · 유료,,,N,N,Y,N,N,N,Y,수원시 장안구 경수대로 893 구글 지오코딩
nation,전국,수원,·,nax721,광교산,Gwanggyosan,heal,힐링·생태·체험,37.32804,127.01508,150,2h 30m,상시 개방 · 무료,,,N,N,Y,N,N,N,Y,수원시 장안구 광교산로 구글 지오코딩
nation,전국,고양,·,nax722,서오릉,Seooreung Royal Tombs,herit,문화유산·전통체험,37.62348,126.90074,80,1h 20m,09:00–18:00 · 월 휴관 · 유료,09:00,18:00,Y,N,Y,N,Y,N,Y,고양시 덕양구 서오릉로 334-32 구글 지오코딩
nation,전국,고양,·,nax723,원마운트,One Mount,activity,테마파크·액티비티,37.66446,126.75448,150,2h 30m,10:00–19:00 · 유료,10:00,19:00,Y,N,Y,N,N,N,Y,고양시 일산서구 한류월드로 300 구글 지오코딩
nation,전국,용인,·,nax724,캐리비안베이,Caribbean Bay,activity,테마파크·액티비티,37.29773,127.20037,240,4h,10:00–18:00 · 유료,10:00,18:00,Y,N,Y,Y,N,N,Y,용인시 처인구 포곡읍 에버랜드로 199 구글 지오코딩
nation,전국,용인,·,nax725,와우정사,Wawoo Temple,herit,문화유산·전통체험,37.19358,127.27847,60,1h,05:00–20:00 · 무료,05:00,20:00,Y,N,Y,N,N,N,Y,용인시 처인구 해곡로 25-15 구글 지오코딩
nation,전국,파주,·,nax726,감악산 출렁다리,Gamaksan Suspension Bridge,activity,테마파크·액티비티,37.93779,126.94708,80,1h 20m,상시 개방 · 무료,,,N,N,Y,N,N,N,Y,파주시 적성면 설마리 구글 지오코딩
nation,전국,파주,·,nax727,오두산 통일전망대,Odusan Unification Observatory,herit,문화유산·전통체험,37.77312,126.67722,70,1h 10m,09:00–17:00 · 유료,09:00,17:00,Y,N,Y,N,N,N,Y,파주시 탄현면 필승로 369 구글 지오코딩
nation,전국,파주,·,nax728,벽초지수목원,Byeokchoji Garden,heal,힐링·생태·체험,37.80104,126.87367,90,1h 30m,09:00–18:00 · 유료,09:00,18:00,Y,N,Y,N,N,N,Y,파주시 광탄면 부흥로 242 구글 지오코딩
nation,전국,가평,·,nax729,에델바이스 스위스테마파크,Edelweiss Swiss Theme Park,activity,테마파크·액티비티,37.66778,127.44741,70,1h 10m,09:00–18:00 · 유료,09:00,18:00,Y,N,Y,N,N,N,Y,가평군 설악면 다락재로 226-33 구글 지오코딩
nation,전국,가평,·,nax730,청평호반,Cheongpyeong Lake,heal,힐링·생태·체험,37.7085,127.45536,60,1h,상시 · 수상레저 유료,,,N,N,Y,N,N,N,Y,가평군 청평면 호반로 구글 지오코딩
nation,전국,포천,·,nax731,비둘기낭폭포,Bidulginang Falls,heal,힐링·생태·체험,38.07991,127.2171,50,50m,09:00–18:00 · 무료,09:00,18:00,Y,N,Y,N,N,N,Y,포천시 영북면 대회산리 구글 지오코딩
nation,전국,포천,·,nax732,한탄강 하늘다리,Hantan River Sky Bridge,activity,테마파크·액티비티,38.08439,127.21791,50,50m,09:00–18:00 · 무료,09:00,18:00,Y,N,Y,N,N,N,Y,포천시 영북면 비둘기낭길 구글 지오코딩
nation,전국,포천,·,nax733,평강랜드,Pyeonggang Botanical Garden,heal,힐링·생태·체험,38.05072,127.30297,90,1h 30m,09:00–18:00 · 유료,09:00,18:00,Y,N,Y,N,N,N,Y,포천시 영북면 우물목길 210-89 구글 지오코딩
nation,전국,춘천,·,nax734,강촌레일파크,Gangchon Rail Park,activity,테마파크·액티비티,37.81694,127.71336,90,1h 30m,09:00–17:30 · 유료,09:00,17:30,Y,N,Y,N,N,N,Y,춘천시 신동면 김유정로 1383 구글 지오코딩
nation,전국,춘천,·,nax735,제이드가든,Jade Garden,heal,힐링·생태·체험,37.833,127.54159,90,1h 30m,09:00–18:00 · 유료,09:00,18:00,Y,N,Y,N,N,N,Y,춘천시 남산면 햇골길 80 구글 지오코딩
nation,전국,춘천,·,nax736,구곡폭포,Gugok Falls,heal,힐링·생태·체험,37.79222,127.60917,60,1h,09:00–18:00 · 유료,09:00,18:00,Y,N,Y,N,N,N,Y,춘천시 남산면 구곡길 254 구글 지오코딩
nation,전국,춘천,·,nax737,애니메이션박물관,Animation Museum,activity,테마파크·액티비티,37.89304,127.69193,70,1h 10m,10:00–18:00 · 월 휴관 · 유료,10:00,18:00,Y,N,Y,N,N,N,Y,춘천시 서면 박사로 854 구글 지오코딩
nation,전국,강릉,·,nax738,하슬라아트월드,Haslla Art World,activity,테마파크·액티비티,37.70651,129.00991,110,1h 50m,09:00–18:00 · 유료,09:00,18:00,Y,N,Y,N,N,N,Y,강릉시 강동면 율곡로 1441 구글 지오코딩
nation,전국,강릉,·,nax739,정동심곡 바다부채길,Badabuchae-gil Trail,sea,해양·자연경관,37.66717,129.05514,90,1h 30m,09:00–16:30 · 유료,09:00,16:30,Y,N,Y,Y,N,N,Y,강릉시 강동면 헌화로 950-39 구글 지오코딩
nation,전국,강릉,·,nax740,안반데기,Anbandegi,heal,힐링·생태·체험,37.62281,128.73608,80,1h 20m,상시 개방 · 무료,,,N,N,Y,N,N,N,Y,강릉시 왕산면 안반데기길 구글 지오코딩
nation,전국,강릉,·,nax741,솔향수목원,Solhyang Arboretum,heal,힐링·생태·체험,37.6973,128.86155,70,1h 10m,09:00–18:00 · 무료,09:00,18:00,Y,N,Y,N,N,Y,Y,강릉시 구정면 수목원길 156 구글 지오코딩
nation,전국,강릉,·,nax742,강릉커피박물관,Gangneung Coffee Museum,food,로컬상권·먹거리,37.65225,128.78496,60,1h,09:00–18:00 · 유료,09:00,18:00,Y,N,Y,N,N,N,Y,강릉시 왕산면 왕산로 2171-19 구글 지오코딩
nation,전국,속초,·,nax743,흔들바위·울산바위,Heundeulbawi & Ulsanbawi,heal,힐링·생태·체험,38.18999,128.47498,150,2h 30m,05:00–일몰 · 국립공원 입장,,,N,N,Y,N,N,N,Y,속초시 설악산로 구글 지오코딩
nation,전국,속초,·,nax744,영랑호 범바위,Yeongnangho Beombawi,heal,힐링·생태·체험,38.21447,128.57579,50,50m,상시 개방 · 무료,,,N,N,Y,N,N,N,Y,속초시 영랑동 구글 지오코딩
nation,전국,속초,·,nax745,척산온천,Cheoksan Hot Spring,heal,힐링·생태·체험,38.18707,128.54372,110,1h 50m,06:00–20:00 · 유료,06:00,20:00,Y,N,Y,N,N,N,Y,속초시 관광로 419 구글 지오코딩
nation,전국,평창,·,nax746,대관령 삼양목장,Samyang Ranch,heal,힐링·생태·체험,37.7212,128.71971,110,1h 50m,09:00–17:00 · 유료,09:00,17:00,Y,N,Y,N,N,N,Y,평창군 대관령면 꽃밭양지길 708-9 구글 지오코딩
nation,전국,평창,·,nax747,육백마지기,Yukbaengmajigi,heal,힐링·생태·체험,37.40301,128.5132,80,1h 20m,상시 개방 · 무료,,,N,N,Y,N,N,N,Y,평창군 미탄면 청옥산길 구글 지오코딩
nation,전국,평창,·,nax748,허브나라농원,Herbnara Farm,heal,힐링·생태·체험,37.63595,128.34259,80,1h 20m,09:00–18:00 · 유료,09:00,18:00,Y,N,Y,N,N,N,Y,평창군 봉평면 흥정계곡길 225 구글 지오코딩
nation,전국,부산,·,nax761,황령산 봉수대,Hwangnyeongsan Beacon,heal,힐링·생태·체험,35.1571,129.08208,60,1h,상시 개방 · 무료,,,N,N,Y,N,N,N,Y,부산진구 전포동 산50-1 구글 지오코딩
nation,전국,부산,·,nax762,송상현광장,Songsanghyeon Square,heal,힐링·생태·체험,35.16415,129.06481,40,40m,상시 개방 · 무료,,,N,N,Y,N,N,N,Y,부산진구 중앙대로 782 구글 지오코딩
nation,전국,부산,·,nax763,다대포해수욕장,Dadaepo Beach,sea,해양·자연경관,35.0469,128.96624,80,1h 20m,상시 개방 · 분수 여름,,,N,N,Y,N,N,N,Y,사하구 몰운대1길 14 구글 지오코딩
nation,전국,부산,·,nax764,임랑해수욕장,Imnang Beach,sea,해양·자연경관,35.31634,129.26235,60,1h,상시 개방 · 해수욕 7–8월,,,N,N,Y,N,N,N,Y,기장군 장안읍 임랑리 구글 지오코딩
nation,전국,부산,·,nax765,아난티 코브,Ananti Cove,heal,힐링·생태·체험,35.20058,129.22929,90,1h 30m,시설별 상이 · 유료,,,N,N,Y,N,N,N,Y,기장군 기장읍 기장해안로 268-32 구글 지오코딩
nation,전국,대구,·,nax766,대구 근대골목,Modern History Alley,herit,문화유산·전통체험,35.86543,128.591,80,1h 20m,상시 개방 · 무료,,,N,N,Y,N,N,Y,Y,중구 서성로 20 구글 지오코딩
nation,전국,대구,·,nax767,서문시장 야시장,Seomun Night Market,food,로컬상권·먹거리,35.86855,128.58026,70,1h 10m,19:00–23:30 · 계절별 상이,19:00,23:30,Y,N,Y,N,N,N,Y,중구 큰장로26길 45 구글 지오코딩
nation,전국,대구,·,nax768,팔공산 갓바위,Gatbawi Buddha,herit,문화유산·전통체험,35.98164,128.7365,120,2h,상시 개방 · 무료,,,N,N,Y,N,N,N,Y,경산시 와촌면 갓바위로 구글 지오코딩
nation,전국,대구,·,nax769,아양기찻길,Ayang Rail Bridge,activity,테마파크·액티비티,35.89031,128.63835,40,40m,상시 개방 · 무료,,,N,N,Y,N,N,N,Y,동구 효동로2길 73 구글 지오코딩
nation,전국,대구,·,nax770,스파밸리,Spa Valley,heal,힐링·생태·체험,35.78806,128.63545,150,2h 30m,09:00–19:00 · 유료,09:00,19:00,Y,N,Y,N,N,N,Y,달성군 가창면 온천1길 71 구글 지오코딩
nation,전국,경주,·,nax771,골굴사,Golgulsa Temple,herit,문화유산·전통체험,35.80304,129.40554,70,1h 10m,08:00–18:00 · 유료,08:00,18:00,Y,N,Y,N,N,N,Y,경주시 문무대왕면 기림로 101-5 구글 지오코딩
nation,전국,경주,·,nax772,기림사,Girimsa Temple,herit,문화유산·전통체험,35.83795,129.40345,70,1h 10m,08:00–18:00 · 유료,08:00,18:00,Y,N,Y,N,N,N,Y,경주시 문무대왕면 기림로 437-17 구글 지오코딩
nation,전국,경주,·,nax773,양남 주상절리 파도소리길,Yangnam Columnar Joint Trail,sea,해양·자연경관,35.68987,129.47494,60,1h,상시 개방 · 무료,,,N,N,Y,N,N,N,Y,경주시 양남면 read동해안로 구글 지오코딩
nation,전국,울산,·,nax774,십리대숲,Simni Bamboo Grove,heal,힐링·생태·체험,35.54612,129.29564,70,1h 10m,상시 개방 · 무료,,,N,N,Y,N,N,Y,Y,중구 태화강 국가정원 구글 지오코딩
nation,전국,울산,·,nax775,슬도,Seuldo Island,sea,해양·자연경관,35.46667,129.43333,50,50m,상시 개방 · 무료,,,N,N,Y,N,N,N,Y,동구 방어동 구글 지오코딩
nation,전국,울산,·,nax776,강동 몽돌해변,Gangdong Pebble Beach,sea,해양·자연경관,35.6301,129.44117,50,50m,상시 개방 · 무료,,,N,N,Y,N,N,N,Y,북구 산하동 구글 지오코딩
nation,전국,창원,·,nax777,저도 콰이강의다리,Jeodo Skywalk Bridge,activity,테마파크·액티비티,35.06669,128.56245,50,50m,09:00–18:00 · 무료,09:00,18:00,Y,N,Y,N,N,N,Y,창원시 마산합포구 구산면 해양관광로 1872 구글 지오코딩
nation,전국,창원,·,nax778,진해해양공원,Jinhae Maritime Park,sea,해양·자연경관,35.09244,128.71973,80,1h 20m,09:00–18:00 · 유료,09:00,18:00,Y,N,Y,N,N,N,Y,창원시 진해구 명동로 62 구글 지오코딩
nation,전국,창원,·,nax779,마산해양드라마세트장,Masan Drama Set,activity,테마파크·액티비티,35.10991,128.54133,50,50m,09:00–18:00 · 무료,09:00,18:00,Y,N,Y,N,N,N,Y,창원시 마산합포구 가포로 250 구글 지오코딩
nation,전국,통영,·,nax780,소매물도,Somaemuldo,sea,해양·자연경관,34.62708,128.55057,240,4h,여객선 시간 확인 · 유료,,,N,N,Y,N,N,N,Y,통영시 한산면 매죽리 구글 지오코딩
nation,전국,통영,·,nax781,연화도,Yeonhwado,sea,해양·자연경관,34.64522,128.35972,180,3h,여객선 시간 확인 · 유료,,,N,N,Y,N,N,N,Y,통영시 욕지면 연화리 구글 지오코딩
nation,전국,통영,·,nax782,사량도,Saryangdo,heal,힐링·생태·체험,34.84941,128.19729,240,4h,여객선 시간 확인 · 유료,,,N,N,Y,N,N,N,Y,통영시 사량면 구글 지오코딩
nation,전국,거제,·,nax783,공곶이,Gonggoji,heal,힐링·생태·체험,34.79976,128.71521,80,1h 20m,상시 개방 · 무료,,,N,N,Y,N,N,N,Y,거제시 일운면 와현리 구글 지오코딩
nation,전국,거제,·,nax784,근포동굴,Geunpo Cave,activity,테마파크·액티비티,34.72292,128.59076,40,40m,상시 개방 · 무료,,,N,N,Y,N,N,N,Y,거제시 남부면 근포마을 구글 지오코딩
nation,전국,거제,·,nax785,여차몽돌해변,Yeocha Pebble Beach,sea,해양·자연경관,34.77175,128.63949,50,50m,상시 개방 · 무료,,,N,N,Y,N,N,N,Y,거제시 남부면 여차길 구글 지오코딩
nation,전국,전주,·,nax786,완산칠봉 꽃동산,Wansan Chilbong Flower Hill,heal,힐링·생태·체험,35.80896,127.14688,60,1h,상시 개방 · 겹벚꽃 4월,,,N,N,Y,N,N,N,Y,완산구 곤지산길 구글 지오코딩
nation,전국,전주,·,nax787,아중호수,Ajung Lake,heal,힐링·생태·체험,35.82196,127.17738,50,50m,상시 개방 · 무료,,,N,N,Y,N,N,N,Y,덕진구 우아동 구글 지오코딩
nation,전국,전주,·,nax788,치명자산성지,Chimyeongjasan Holy Ground,herit,문화유산·전통체험,35.8085,127.16786,60,1h,상시 개방 · 무료,,,N,N,Y,N,N,N,Y,완산구 바람쐬는길 89 구글 지오코딩
nation,전국,광주,·,nax789,국립 5·18 민주묘지,May 18 National Cemetery,herit,문화유산·전통체험,35.23534,126.94012,70,1h 10m,09:00–18:00 · 무료,09:00,18:00,Y,N,Y,N,N,N,Y,북구 민주로 200 구글 지오코딩
nation,전국,광주,·,nax790,사직공원 전망타워,Sajik Park Tower,heal,힐링·생태·체험,35.14185,126.91168,50,50m,10:00–22:00 · 무료,10:00,22:00,Y,N,Y,N,N,N,Y,남구 사직길 49 구글 지오코딩
nation,전국,광주,·,nax791,펭귄마을,Penguin Village,activity,테마파크·액티비티,35.14054,126.91756,50,50m,상시 · 상점별 상이,,,N,N,Y,N,N,N,Y,남구 천변좌로446번길 7 구글 지오코딩
nation,전국,여수,·,nax792,하화도 꽃섬,Hwahado Flower Island,sea,해양·자연경관,34.59342,127.61784,180,3h,여객선 시간 확인 · 유료,,,N,N,Y,N,N,N,Y,여수시 화정면 하화리 구글 지오코딩
nation,전국,여수,·,nax793,고소동 천사벽화골목,Goso-dong Mural Alley,activity,테마파크·액티비티,34.73981,127.74067,50,50m,상시 개방 · 무료,,,N,N,Y,N,N,N,Y,여수시 고소3길 구글 지오코딩
nation,전국,여수,·,nax794,만성리 검은모래해변,Manseong-ri Black Sand Beach,sea,해양·자연경관,34.77738,127.74489,50,50m,상시 개방 · 해수욕 7–8월,,,N,N,Y,N,N,N,Y,여수시 만흥동 구글 지오코딩
nation,전국,목포,·,nax795,삼학도,Samhakdo,heal,힐링·생태·체험,34.78297,126.39143,60,1h,상시 개방 · 무료,,,N,N,Y,N,N,N,Y,목포시 삼학로 구글 지오코딩
nation,전국,목포,·,nax796,고하도 용머리,Gohado Yongmeori,sea,해양·자연경관,34.78514,126.35548,70,1h 10m,상시 개방 · 무료,,,N,N,Y,N,N,N,Y,목포시 달동 구글 지오코딩
nation,전국,목포,·,nax797,서산동 시화골목,Seosan-dong Poetry Alley,activity,테마파크·액티비티,34.78184,126.37714,50,50m,상시 개방 · 무료,,,N,N,Y,N,N,N,Y,목포시 해안로127번길 구글 지오코딩
nation,전국,순천,·,nax798,송광사,Songgwangsa Temple,herit,문화유산·전통체험,35.0003,127.2731,90,1h 30m,08:00–18:00 · 유료,08:00,18:00,Y,N,Y,N,N,N,Y,순천시 송광면 송광사안길 100 구글 지오코딩
nation,전국,순천,·,nax799,조계산,Jogyesan,heal,힐링·생태·체험,35.0025,127.31361,150,2h 30m,상시 개방 · 무료,,,N,N,Y,N,N,N,Y,순천시 승주읍 구글 지오코딩
nation,전국,순천,·,nax800,뿌리깊은나무박물관,Deep-rooted Tree Museum,herit,문화유산·전통체험,34.90365,127.33986,50,50m,09:00–18:00 · 유료,09:00,18:00,Y,N,Y,N,N,N,Y,순천시 낙안면 평촌3길 45 구글 지오코딩
nation,전국,제주,·,nax801,비자림로 삼나무길,Bijarim-ro Cedar Road,heal,힐링·생태·체험,33.47005,126.78635,40,40m,상시 개방 · 무료,,,N,N,Y,N,N,N,Y,제주시 구좌읍 비자림로 구글 지오코딩
nation,전국,제주,·,nax802,김녕 미로공원,Gimnyeong Maze Park,activity,테마파크·액티비티,33.53688,126.77254,60,1h,09:00–18:00 · 유료,09:00,18:00,Y,N,Y,N,N,N,Y,제주시 구좌읍 만장굴길 122 구글 지오코딩
nation,전국,제주,·,nax803,아쿠아플라넷 제주,Aquaplanet Jeju,activity,테마파크·액티비티,33.43278,126.92782,120,2h,10:00–19:00 · 유료,10:00,19:00,Y,N,Y,N,N,N,Y,서귀포시 성산읍 섭지코지로 95 구글 지오코딩
nation,전국,제주,·,nax804,스누피가든,Snoopy Garden,activity,테마파크·액티비티,33.4442,126.77831,90,1h 30m,09:00–19:00 · 유료,09:00,19:00,Y,N,Y,N,N,N,Y,제주시 구좌읍 금백조로 930 구글 지오코딩
nation,전국,제주,·,nax805,함덕 서우봉,Seoubong Hill,heal,힐링·생태·체험,33.54332,126.66985,60,1h,상시 개방 · 무료,,,N,N,Y,N,N,N,Y,제주시 조천읍 함덕리 구글 지오코딩
nation,전국,안동,·,nax821,봉정사,Bongjeongsa Temple,herit,문화유산·전통체험,36.65327,128.6629,80,1h 20m,08:00–18:00 · 유료,08:00,18:00,Y,N,Y,N,Y,N,Y,안동시 서후면 봉정사길 222 구글 지오코딩
nation,전국,안동,·,nax822,만휴정,Manhyujeong,herit,문화유산·전통체험,36.41043,128.9098,40,40m,상시 개방 · 무료,,,N,N,Y,N,N,N,Y,안동시 길안면 묵계하리길 42 구글 지오코딩
nation,전국,안동,·,nax823,예끼마을,Yekki Village,activity,테마파크·액티비티,36.69809,128.81263,60,1h,상시 · 상점별 상이,,,N,N,Y,N,N,N,Y,안동시 도산면 서부리 구글 지오코딩
nation,전국,경주,·,nax824,남산 삼릉,Namsan Samneung,herit,문화유산·전통체험,35.76806,129.22556,90,1h 30m,상시 개방 · 무료,,,N,N,Y,N,N,N,Y,경주시 배동 산73 구글 지오코딩
nation,전국,경주,·,nax825,무장사지,Mujangsa Temple Site,herit,문화유산·전통체험,35.88278,129.36062,60,1h,상시 개방 · 무료,,,N,N,Y,N,N,N,Y,경주시 암곡동 구글 지오코딩
nation,전국,경주,·,nax826,황남빵 본점,Hwangnam Bread,food,로컬상권·먹거리,35.84085,129.21368,30,30m,08:00–22:00,08:00,22:00,Y,N,Y,N,N,N,Y,경주시 태종로 783 구글 지오코딩
nation,전국,포항,·,nax827,이가리 닻전망대,Igari Anchor Observatory,sea,해양·자연경관,36.18835,129.3799,50,50m,09:00–18:00 · 무료,09:00,18:00,Y,N,Y,N,N,N,Y,포항시 북구 청하면 이가리 구글 지오코딩
nation,전국,포항,·,nax828,호미반도 해안둘레길,Homi Peninsula Trail,sea,해양·자연경관,36.01453,129.47807,120,2h,상시 개방 · 무료,,,N,N,Y,N,N,N,Y,포항시 남구 동해면 구글 지오코딩
nation,전국,포항,·,nax829,오어사,Oeosa Temple,heal,힐링·생태·체험,35.92632,129.36885,60,1h,08:00–18:00 · 무료,08:00,18:00,Y,N,Y,N,N,N,Y,포항시 남구 오천읍 오어로 1 구글 지오코딩
nation,전국,대전,·,nax830,장태산자연휴양림,Jangtaesan Forest,heal,힐링·생태·체험,36.21872,127.34016,90,1h 30m,09:00–18:00 · 유료,09:00,18:00,Y,N,Y,Y,N,N,Y,서구 장안로 461 구글 지오코딩
nation,전국,대전,·,nax831,수통골,Sutonggol Valley,heal,힐링·생태·체험,36.34435,127.28793,80,1h 20m,상시 개방 · 무료,,,N,N,Y,N,N,N,Y,유성구 덕명동 구글 지오코딩
nation,전국,대전,·,nax832,신세계 아트앤사이언스,Shinsegae Art & Science,food,로컬상권·먹거리,36.37513,127.3824,120,2h,10:30–20:00,10:30,20:00,Y,N,Y,N,N,N,Y,유성구 엑스포로 1 구글 지오코딩
nation,전국,청주,·,nax833,문의문화재단지,Munui Heritage Village,herit,문화유산·전통체험,36.50836,127.49381,70,1h 10m,09:00–18:00 · 유료,09:00,18:00,Y,N,Y,N,N,N,Y,상당구 문의면 대청호반로 721 구글 지오코딩
nation,전국,청주,·,nax834,미동산수목원,Midongsan Arboretum,heal,힐링·생태·체험,36.62627,127.66576,80,1h 20m,09:00–18:00 · 무료,09:00,18:00,Y,N,Y,N,N,N,Y,상당구 미원면 수목원길 51 구글 지오코딩
nation,전국,천안,·,nax835,광덕사,Gwangdeoksa Temple,herit,문화유산·전통체험,36.67666,127.09273,60,1h,08:00–18:00 · 유료,08:00,18:00,Y,N,Y,N,N,N,Y,동남구 광덕면 광덕사길 30 구글 지오코딩
nation,전국,공주,·,nax836,계룡산 갑사,Gapsa Temple,herit,문화유산·전통체험,36.37845,127.18439,80,1h 20m,08:00–18:00 · 유료,08:00,18:00,Y,N,Y,N,N,N,Y,공주시 계룡면 갑사로 567-3 구글 지오코딩
nation,전국,공주,·,nax837,고마나루,Gomanaru,herit,문화유산·전통체험,36.47086,127.10653,50,50m,상시 개방 · 무료,,,N,N,Y,N,N,N,Y,공주시 웅진동 구글 지오코딩
nation,전국,전주,·,nax838,덕진채련,Deokjin Lotus Pond,heal,힐링·생태·체험,35.84756,127.11767,50,50m,상시 개방 · 무료,,,N,N,Y,N,N,N,Y,덕진구 권삼득로 390 구글 지오코딩
nation,전국,전주,·,nax839,동고산성,Donggosanseong,herit,문화유산·전통체험,35.81089,127.1723,60,1h,상시 개방 · 무료,,,N,N,Y,N,N,N,Y,완산구 교동 산1-1 구글 지오코딩
nation,전국,남원,·,nax840,지리산 정령치,Jeongnyeongchi Pass,heal,힐링·생태·체험,35.36383,127.52205,70,1h 10m,상시 개방 · 주차 유료,,,N,N,Y,N,N,N,Y,남원시 산내면 지리산로 구글 지오코딩
nation,전국,남원,·,nax841,혼불문학관,Honbul Literary Hall,herit,문화유산·전통체험,35.48087,127.32003,50,50m,09:00–18:00 · 월 휴관 · 무료,09:00,18:00,Y,N,Y,N,N,N,Y,남원시 사매면 노봉안길 52 구글 지오코딩
nation,전국,순천,·,nax842,선암사 승선교,Seungseongyo Bridge,herit,문화유산·전통체험,34.99385,127.33345,30,30m,상시 개방 · 절 입장료,,,N,N,Y,N,N,N,Y,순천시 승주읍 선암사길 구글 지오코딩
nation,전국,목포,·,nax843,평화광장 춤추는바다분수,Dancing Sea Fountain,activity,테마파크·액티비티,34.79465,126.43394,50,50m,야간 공연 · 무료,,,N,N,Y,N,N,N,Y,목포시 평화로 82 구글 지오코딩
nation,전국,군산,·,nax844,새만금방조제,Saemangeum Seawall,sea,해양·자연경관,35.82022,126.48276,70,1h 10m,상시 개방 · 무료,,,N,N,Y,N,N,N,Y,군산시 비응도동 구글 지오코딩
nation,전국,군산,·,nax845,은파호수공원,Eunpa Lake Park,heal,힐링·생태·체험,35.95535,126.68924,60,1h,상시 개방 · 무료,,,N,N,Y,N,N,N,Y,군산시 은파순환길 구글 지오코딩
nation,전국,군산,·,nax846,진포해양테마공원,Jinpo Maritime Park,herit,문화유산·전통체험,35.98969,126.71611,60,1h,09:00–18:00 · 유료,09:00,18:00,Y,N,Y,N,N,N,Y,군산시 내항1길 32 구글 지오코딩
nation,전국,익산,·,nax847,익산 교도소세트장,Iksan Prison Film Set,activity,테마파크·액티비티,36.06951,126.93115,50,50m,09:00–18:00 · 월 휴관 · 유료,09:00,18:00,Y,N,Y,N,N,Y,Y,익산시 성당면 함낭로 207 구글 지오코딩
nation,전국,익산,·,nax848,금마저수지,Geumma Reservoir,heal,힐링·생태·체험,36.00203,127.05409,50,50m,상시 개방 · 무료,,,N,N,Y,N,N,N,Y,익산시 금마면 구글 지오코딩
nation,전국,부산,·,nax849,을숙도 생태공원,Eulsukdo Eco Park,heal,힐링·생태·체험,35.09661,128.93723,80,1h 20m,상시 개방 · 무료,,,N,N,Y,N,N,N,Y,사하구 낙동남로 1240 구글 지오코딩
nation,전국,부산,·,nax850,오랑대공원,Orangdae Park,sea,해양·자연경관,35.2057,129.22769,50,50m,상시 개방 · 무료,,,N,N,Y,N,N,N,Y,기장군 기장읍 연화리 구글 지오코딩
nation,전국,부산,·,nax851,청사포 다릿돌전망대,Cheongsapo Daritdol Observatory,sea,해양·자연경관,35.16404,129.19672,40,40m,09:00–18:00 · 무료,09:00,18:00,Y,N,Y,N,N,N,Y,해운대구 청사포로 167 구글 지오코딩
nation,전국,김해,·,nax852,봉하마을,Bongha Village,herit,문화유산·전통체험,35.31417,128.76956,70,1h 10m,상시 개방 · 무료,,,N,N,Y,N,N,Y,Y,김해시 진영읍 본산리 구글 지오코딩
nation,전국,김해,·,nax853,분청도자박물관,Buncheong Ceramics Museum,herit,문화유산·전통체험,35.25165,128.74583,50,50m,09:00–18:00 · 월 휴관 · 유료,09:00,18:00,Y,N,Y,N,N,N,Y,김해시 진례면 진례로 275-9 구글 지오코딩
nation,전국,양산,·,nax854,통도환타지아,Tongdo Fantasia,activity,테마파크·액티비티,35.49879,129.08622,150,2h 30m,10:00–18:00 · 유료,10:00,18:00,Y,N,Y,N,N,N,Y,양산시 하북면 지산리 구글 지오코딩
nation,전국,양산,·,nax855,에덴밸리,Eden Valley,activity,테마파크·액티비티,35.42908,128.98447,150,2h 30m,계절별 상이 · 유료,,,N,N,Y,N,N,N,Y,양산시 원동면 어실로 1206 구글 지오코딩
nation,전국,밀양,·,nax856,위양지,Wiyangji Pond,heal,힐링·생태·체험,35.54648,128.716,50,50m,상시 개방 · 무료,,,N,N,Y,N,N,N,Y,밀양시 부북면 위양리 구글 지오코딩
nation,전국,밀양,·,nax857,트윈터널,Twin Tunnel,activity,테마파크·액티비티,35.40825,128.80436,50,50m,10:00–19:00 · 유료,10:00,19:00,Y,N,Y,N,N,N,Y,밀양시 삼랑진읍 삼랑진로 구글 지오코딩
nation,전국,진주,·,nax858,진양호 동물원,Jinyangho Zoo,activity,테마파크·액티비티,35.17187,128.03135,60,1h,09:00–18:00 · 유료,09:00,18:00,Y,N,Y,N,N,N,Y,진주시 판문동 구글 지오코딩
nation,전국,거창,·,nax859,수승대,Suseungdae,heal,힐링·생태·체험,35.76082,127.83301,70,1h 10m,상시 개방 · 유료,,,N,N,Y,N,N,N,Y,거창군 위천면 은하리길 2 구글 지오코딩
nation,전국,거창,·,nax860,금원산자연휴양림,Geumwonsan Forest,heal,힐링·생태·체험,35.7289,127.78954,80,1h 20m,09:00–18:00 · 유료,09:00,18:00,Y,N,Y,N,N,N,Y,거창군 위천면 금원산길 412 구글 지오코딩
nation,전국,상주,·,nax861,경천대,Gyeongcheondae,heal,힐링·생태·체험,36.45834,128.24634,70,1h 10m,상시 개방 · 무료,,,N,N,Y,N,N,N,Y,상주시 사벌국면 경천로 684 구글 지오코딩
nation,전국,상주,·,nax862,상주 자전거박물관,Sangju Bicycle Museum,activity,테마파크·액티비티,36.45438,128.25446,50,50m,09:00–18:00 · 월 휴관 · 무료,09:00,18:00,Y,N,Y,N,N,N,Y,상주시 사벌국면 경천로 684 구글 지오코딩
nation,전국,제주,·,nax881,서귀포 치유의숲,Healing Forest,heal,힐링·생태·체험,33.29884,126.52223,90,1h 30m,09:00–17:00 · 예약제 · 유료,09:00,17:00,Y,N,Y,N,N,Y,Y,서귀포시 산록남로 2271 구글 지오코딩
nation,전국,제주,·,nax882,소정방폭포,Sojeongbang Falls,sea,해양·자연경관,33.24501,126.57754,40,40m,상시 개방 · 무료,,,N,N,Y,N,N,N,Y,서귀포시 칠십리로 214번길 구글 지오코딩
nation,전국,제주,·,nax883,엉또폭포,Eongtto Falls,heal,힐링·생태·체험,33.26861,126.49999,50,50m,상시 개방 · 무료,,,N,N,Y,N,N,N,Y,서귀포시 엉또로 121 구글 지오코딩
nation,전국,제주,·,nax884,감귤박물관,Citrus Museum,activity,테마파크·액티비티,33.27152,126.60766,60,1h,09:00–18:00 · 월 휴관 · 유료,09:00,18:00,Y,N,Y,N,N,N,Y,서귀포시 효돈순환로 441 구글 지오코딩
nation,전국,제주,·,nax885,절물오름,Jeolmul Oreum,heal,힐링·생태·체험,33.43312,126.62778,70,1h 10m,상시 개방 · 휴양림 유료,,,N,N,Y,N,N,N,Y,제주시 명림로 584 구글 지오코딩
nation,전국,제주,·,nax886,삼양검은모래해변,Samyang Black Sand Beach,sea,해양·자연경관,33.52601,126.58639,60,1h,상시 개방 · 무료,,,N,N,Y,N,N,N,Y,제주시 삼양이동 구글 지오코딩
nation,전국,제주,·,nax887,용연구름다리,Yongyeon Bridge,heal,힐링·생태·체험,33.51486,126.51445,40,40m,상시 개방 · 무료,,,N,N,Y,N,N,N,Y,제주시 용담1동 구글 지오코딩
nation,전국,제주,·,nax888,도두동 무지개해안도로,Dodu Rainbow Coastal Road,sea,해양·자연경관,33.50926,126.47197,40,40m,상시 개방 · 무료,,,N,N,Y,N,N,N,Y,제주시 도두일동 구글 지오코딩
nation,전국,동해,·,nax889,논골담길,Nongol Damgil,activity,테마파크·액티비티,37.55289,129.11654,60,1h,상시 개방 · 무료,,,N,N,Y,N,N,N,Y,동해시 묵호진동 구글 지오코딩
nation,전국,동해,·,nax890,무릉별유천지,Mureung Byeolyucheonji,activity,테마파크·액티비티,37.46984,129.03201,90,1h 30m,09:00–18:00 · 유료,09:00,18:00,Y,N,Y,N,N,N,Y,동해시 삼화로 584 구글 지오코딩
nation,전국,정선,·,nax891,정선 스카이워크,Jeongseon Skywalk,activity,테마파크·액티비티,37.36346,128.63477,60,1h,09:00–17:00 · 유료,09:00,17:00,Y,N,Y,N,N,N,Y,정선군 북평면 북평8길 12 구글 지오코딩
nation,전국,정선,·,nax892,민둥산 억새,Mindungsan Silver Grass,heal,힐링·생태·체험,37.25393,128.77757,150,2h 30m,상시 개방 · 무료,,,N,N,Y,N,N,N,Y,정선군 남면 무릉리 구글 지오코딩
nation,전국,영월,·,nax893,청령포 관음송,Gwaneumsong Pine,herit,문화유산·전통체험,37.17543,128.4441,30,30m,청령포 입장 포함,,,N,N,Y,N,N,N,Y,영월군 남면 광천리 구글 지오코딩
nation,전국,충주,·,nax894,탄금대,Tangeumdae,herit,문화유산·전통체험,36.98835,127.89793,60,1h,상시 개방 · 무료,,,N,N,Y,N,N,N,Y,충주시 탄금대안길 105 구글 지오코딩
nation,전국,충주,·,nax895,중원 미륵리사지,Mireungni Temple Site,herit,문화유산·전통체험,36.82225,128.09508,50,50m,상시 개방 · 무료,,,N,N,Y,N,N,N,Y,충주시 수안보면 미륵리 구글 지오코딩
nation,전국,단양,·,nax896,사인암,Sainam,heal,힐링·생태·체험,36.89439,128.34039,50,50m,상시 개방 · 무료,,,N,N,Y,N,N,N,Y,단양군 대강면 사인암길 37 구글 지오코딩
nation,전국,단양,·,nax897,온달관광지,Ondal Tourist Park,activity,테마파크·액티비티,37.06305,128.49157,80,1h 20m,09:00–18:00 · 유료,09:00,18:00,Y,N,Y,N,N,Y,Y,단양군 영춘면 온달로 23 구글 지오코딩
nation,전국,제천,·,nax898,정방사,Jeongbangsa Temple,heal,힐링·생태·체험,36.99897,128.20755,60,1h,상시 개방 · 무료,,,N,N,Y,N,N,N,Y,제천시 수산면 옥순봉로12길 165 구글 지오코딩
nation,전국,제천,·,nax899,능강계곡,Neunggang Valley,heal,힐링·생태·체험,36.98732,128.19751,60,1h,상시 개방 · 무료,,,N,N,Y,N,N,N,Y,제천시 수산면 능강리 구글 지오코딩
nation,전국,아산,·,nax900,공세리성당,Gongseri Catholic Church,herit,문화유산·전통체험,36.8822,126.91383,50,50m,09:00–18:00 · 무료,09:00,18:00,Y,N,Y,N,N,N,Y,아산시 인주면 공세리성당길 10 구글 지오코딩
nation,전국,아산,·,nax901,지중해마을,Mediterranean Village,food,로컬상권·먹거리,36.79698,127.06152,70,1h 10m,상시 · 상점별 상이,,,N,N,Y,N,N,N,Y,아산시 탕정면 탕정면로 108번길 구글 지오코딩
nation,전국,당진,·,nax902,왜목마을,Waemok Village,sea,해양·자연경관,37.04411,126.5275,60,1h,상시 개방 · 무료,,,N,N,Y,N,N,N,Y,당진시 석문면 왜목길 구글 지오코딩
nation,전국,당진,·,nax903,삽교호 함상공원,Sapgyoho Warship Park,activity,테마파크·액티비티,36.89004,126.82609,70,1h 10m,09:00–18:00 · 유료,09:00,18:00,Y,N,Y,N,N,N,Y,당진시 신평면 삽교천3길 79 구글 지오코딩
nation,전국,당진,·,nax904,아미미술관,Ami Art Museum,activity,테마파크·액티비티,36.86178,126.68037,60,1h,10:00–18:00 · 유료,10:00,18:00,Y,N,Y,N,N,N,Y,당진시 순성면 남부로 753-4 구글 지오코딩
nation,전국,서산,·,nax905,해미읍성,Haemi Fortress,herit,문화유산·전통체험,36.71258,126.54862,70,1h 10m,09:00–18:00 · 무료,09:00,18:00,Y,N,Y,Y,N,N,Y,서산시 해미면 남문2로 143 구글 지오코딩
nation,전국,서산,·,nax906,개심사,Gaesimsa Temple,herit,문화유산·전통체험,36.7468,126.5904,70,1h 10m,08:00–18:00 · 무료,08:00,18:00,Y,N,Y,N,N,N,Y,서산시 운산면 개심사로 321-86 구글 지오코딩
nation,전국,서산,·,nax907,간월암,Ganwolam Hermitage,sea,해양·자연경관,36.60365,126.41121,50,50m,물때 확인 · 무료,,,N,N,Y,N,N,N,Y,서산시 부석면 간월도1길 119-29 구글 지오코딩
nation,전국,홍성,·,nax908,남당항,Namdang Port,food,로컬상권·먹거리,36.53898,126.4698,60,1h,상시 · 대하축제 가을,,,N,N,Y,N,N,N,Y,홍성군 서부면 남당항로 구글 지오코딩
nation,전국,홍성,·,nax909,홍주읍성,Hongju Fortress,herit,문화유산·전통체험,36.60034,126.66155,50,50m,상시 개방 · 무료,,,N,N,Y,N,N,N,Y,홍성군 홍성읍 아문길 30 구글 지오코딩
nation,전국,예산,·,nax910,수덕사,Sudeoksa Temple,herit,문화유산·전통체험,36.66302,126.62255,80,1h 20m,08:00–18:00 · 유료,08:00,18:00,Y,N,Y,N,N,N,Y,예산군 덕산면 수덕사안길 79 구글 지오코딩
nation,전국,예산,·,nax911,예당호 출렁다리,Yedangho Suspension Bridge,activity,테마파크·액티비티,36.63854,126.8019,60,1h,09:00–22:00 · 무료,09:00,22:00,Y,N,Y,Y,N,N,Y,예산군 응봉면 상항리 구글 지오코딩
nation,전국,양양,·,nax912,휴휴암,Hyuhyuam Hermitage,herit,문화유산·전통체험,37.96118,128.76756,50,50m,04:00–19:00 · 무료,04:00,19:00,Y,N,Y,N,N,N,Y,양양군 현남면 광진2길 3-16 구글 지오코딩
nation,전국,양양,·,nax913,남애항,Namae Port,sea,해양·자연경관,37.94447,128.78742,50,50m,상시 개방 · 무료,,,N,N,Y,N,N,N,Y,양양군 현남면 남애리 구글 지오코딩
nation,전국,고성(강원),·,nax914,고성 통일전망대,Goseong Unification Observatory,herit,문화유산·전통체험,38.5867,128.37484,70,1h 10m,09:00–16:00 · 출입신고 · 유료,09:00,16:00,Y,N,Y,N,N,N,Y,고성군 현내면 통일전망대로 481 구글 지오코딩
nation,전국,고성(강원),·,nax915,화진포,Hwajinpo,sea,해양·자연경관,38.46722,128.43377,80,1h 20m,상시 개방 · 일부 유료,,,N,N,Y,N,N,N,Y,고성군 거진읍 화진포길 구글 지오코딩
nation,전국,고성(강원),·,nax916,왕곡마을,Wanggok Village,herit,문화유산·전통체험,38.34014,128.49996,60,1h,상시 개방 · 무료,,,N,N,Y,N,N,N,Y,고성군 죽왕면 왕곡마을길 구글 지오코딩
nation,전국,철원,·,nax917,소이산 전망대,Soisan Observatory,heal,힐링·생태·체험,38.2547,127.18963,70,1h 10m,09:00–17:00 · 모노레일 유료,09:00,17:00,Y,N,Y,N,N,N,Y,철원군 철원읍 사요리 구글 지오코딩
nation,전국,문경,·,nax918,에코랄라,Ecorium Mungyeong,activity,테마파크·액티비티,36.65157,128.06003,90,1h 30m,09:00–18:00 · 월 휴관 · 유료,09:00,18:00,Y,N,Y,N,N,N,Y,문경시 가은읍 왕능길 114 구글 지오코딩
nation,전국,문경,·,nax919,쌍용계곡,Ssangyong Valley,heal,힐링·생태·체험,36.5692,127.95401,70,1h 10m,상시 개방 · 무료,,,N,N,Y,N,N,N,Y,문경시 농암면 내서리 구글 지오코딩
nation,전국,영주,·,nax920,소백산 국립공원,Sobaeksan National Park,heal,힐링·생태·체험,36.9575,128.48489,180,3h,상시 개방 · 무료,,,N,N,Y,N,N,N,Y,영주시 풍기읍 죽령로 구글 지오코딩
nation,전국,영주,·,nax921,희방폭포,Huibang Falls,heal,힐링·생태·체험,36.91778,128.45796,60,1h,상시 개방 · 유료,,,N,N,Y,N,N,N,Y,영주시 풍기읍 죽령로 1720-14 구글 지오코딩
nation,전국,김해,·,nax930,국립김해박물관,Gimhae National Museum,herit,문화유산·전통체험,35.23882,128.87165,70,1h 10m,09:00–18:00 · 월 휴관 · 무료,09:00,18:00,Y,N,Y,N,N,N,Y,김해시 가야의길 190 구글 지오코딩
nation,전국,김해,·,nax931,봉황동 유적,Bonghwang-dong Relics,herit,문화유산·전통체험,35.23186,128.87534,40,40m,상시 개방 · 무료,,,N,N,Y,N,N,N,Y,김해시 봉황동 253 구글 지오코딩
nation,전국,김해,·,nax932,김해 수릉원,Suneungwon Garden,heal,힐링·생태·체험,35.23644,128.87664,30,30m,상시 개방 · 무료,,,N,N,Y,N,N,N,Y,김해시 가야의길 126 구글 지오코딩
nation,전국,김해,·,nax933,김해 연지공원,Yeonji Park,heal,힐링·생태·체험,35.24295,128.86099,40,40m,상시 개방 · 무료,,,N,N,Y,N,N,N,Y,김해시 연지로 108 구글 지오코딩
nation,전국,김해,·,nax934,김해천문대,Gimhae Astronomical Observatory,activity,테마파크·액티비티,35.23967,128.8497,60,1h,14:00–22:00 · 월 휴관 · 유료,14:00,22:00,Y,N,Y,N,N,N,Y,김해시 분성로 231-70 구글 지오코딩
nation,전국,김해,·,nax935,은하사,Eunhasa Temple,herit,문화유산·전통체험,35.24777,128.84842,40,40m,상시 개방 · 무료,,,N,N,Y,N,N,N,Y,김해시 삼방동 882 구글 지오코딩
nation,전국,김해,·,nax936,클레이아크김해미술관,Clayarch Gimhae Museum,activity,테마파크·액티비티,35.25203,128.75235,60,1h,10:00–18:00 · 월 휴관 · 유료,10:00,18:00,Y,N,Y,N,N,N,Y,김해시 진례면 진례로 275-51 구글 지오코딩
nation,전국,김해,·,nax937,낙동강 레일파크,Nakdonggang Rail Park,activity,테마파크·액티비티,35.32483,128.86392,90,1h 30m,09:30–17:30 · 유료,09:30,17:30,Y,N,Y,N,N,Y,Y,김해시 생림면 마사리 구글 지오코딩
nation,전국,김해,·,nax938,화포천 습지생태공원,Hwapocheon Wetland Park,heal,힐링·생태·체험,35.31135,128.7741,60,1h,09:00–18:00 · 무료,09:00,18:00,Y,N,Y,N,N,N,Y,김해시 한림면 한림로 183-300 구글 지오코딩
nation,전국,김해,·,nax939,김해롯데워터파크,Gimhae Lotte Water Park,activity,테마파크·액티비티,35.21133,128.80643,240,4h,계절별 상이 · 유료,,,N,N,Y,N,N,N,Y,김해시 장유로 555 구글 지오코딩
nation,전국,김해,·,nax940,김해한옥체험관,Gimhae Hanok Experience Hall,herit,문화유산·전통체험,35.23377,128.87771,40,40m,09:00–18:00 · 무료(체험 유료),09:00,18:00,Y,N,Y,N,N,Y,Y,김해시 가락로93번길 40 구글 지오코딩
nation,전국,김해,·,nax941,장유대청계곡,Daecheong Valley,heal,힐링·생태·체험,35.18944,128.80317,60,1h,상시 개방 · 무료,,,N,N,Y,N,N,N,Y,김해시 대청동 구글 지오코딩
nation,전국,창원,·,nax950,제황산공원 진해탑,Jehwangsan Park Tower,herit,문화유산·전통체험,35.14939,128.66469,50,50m,09:00–18:00 · 유료(모노레일),09:00,18:00,Y,N,Y,N,N,N,Y,진해구 제황산동 28-6 구글 지오코딩
nation,전국,창원,·,nax951,경화역 공원,Gyeonghwa Station Park,heal,힐링·생태·체험,35.14902,128.69788,40,40m,상시 개방 · 무료,,,N,N,Y,N,N,N,Y,진해구 진해대로 611 구글 지오코딩
nation,전국,창원,·,nax952,진해루,Jinhaeru Pavilion,sea,해양·자연경관,35.11029,128.66827,30,30m,상시 개방 · 무료,,,N,N,Y,N,N,N,Y,진해구 웅천동로 21 구글 지오코딩
nation,전국,창원,·,nax953,안민고개 전망대,Anmin Pass Lookout,heal,힐링·생태·체험,35.17614,128.66627,40,40m,상시 개방 · 무료,,,N,N,Y,N,N,N,Y,진해구 태백동 산 구글 지오코딩
nation,전국,창원,·,nax954,창동예술촌,Changdong Art Village,activity,테마파크·액티비티,35.20586,128.57228,60,1h,상시 개방 · 무료,,,N,N,Y,N,N,N,Y,마산합포구 오동서6길 24 구글 지오코딩
nation,전국,창원,·,nax955,문신미술관,Moonshin Art Museum,activity,테마파크·액티비티,35.19662,128.56703,60,1h,09:00–18:00 · 월 휴관 · 유료,09:00,18:00,Y,N,Y,N,N,N,Y,마산합포구 문신길 147 구글 지오코딩
nation,전국,창원,·,nax956,국립3·15민주묘지,March 15 National Cemetery,herit,문화유산·전통체험,35.22768,128.59266,40,40m,09:00–18:00 · 무료,09:00,18:00,Y,N,Y,N,N,N,Y,마산회원구 3·15성역로 75 구글 지오코딩
nation,전국,창원,·,nax957,무학산,Muhaksan,heal,힐링·생태·체험,35.22047,128.54268,180,3h,상시 개방 · 무료,,,N,N,Y,N,N,N,Y,마산합포구 교방동 산 구글 지오코딩
nation,전국,창원,·,nax958,성주사,Seongjusa Temple,herit,문화유산·전통체험,35.20036,128.70426,40,40m,상시 개방 · 무료,,,N,N,Y,N,N,N,Y,성산구 곰절길 191 구글 지오코딩
nation,전국,창원,·,nax959,마금산온천,Magumsan Hot Springs,heal,힐링·생태·체험,35.33832,128.62047,90,1h 30m,시설별 상이 · 유료,,,N,N,Y,N,N,N,Y,의창구 북면 온천로 구글 지오코딩
nation,전국,창원,·,nax960,다호리 고분군,Dahori Tombs,herit,문화유산·전통체험,35.31549,128.72559,40,40m,상시 개방 · 무료,,,N,N,Y,N,N,N,Y,의창구 동읍 다호리 구글 지오코딩
nation,전국,창원,·,nax961,광암해수욕장,Gwangam Beach,sea,해양·자연경관,35.10708,128.49261,60,1h,상시 개방 · 무료,,,N,N,Y,N,N,N,Y,마산합포구 진동면 광암해변길 구글 지오코딩
nation,전국,양산,·,nax970,양산 신흥사,Sinheungsa Temple Yangsan,herit,문화유산·전통체험,35.40309,129.09188,40,40m,상시 개방 · 무료,,,N,N,Y,N,N,N,Y,양산시 원동면 원동로 2282 구글 지오코딩
nation,전국,양산,·,nax971,천성산 화엄벌,Cheonseongsan Hwaeombeol,heal,힐링·생태·체험,35.39306,129.11278,210,3h 30m,상시 개방 · 무료,,,N,N,Y,N,N,N,Y,양산시 하북면 용연리 산 구글 지오코딩
nation,전국,양산,·,nax972,영축산 자장암,Jajangam Hermitage,herit,문화유산·전통체험,35.49926,129.07617,40,40m,상시 개방 · 무료,,,N,N,Y,N,N,N,Y,양산시 하북면 통도사로 216-73 구글 지오코딩
nation,전국,양산,·,nax973,배내골,Baenaegol Valley,heal,힐링·생태·체험,35.49361,129.00583,120,2h,상시 개방 · 무료,,,N,N,Y,N,N,N,Y,양산시 원동면 대리 구글 지오코딩
nation,전국,양산,·,nax974,원동 매화마을,Wondong Plum Blossom Village,heal,힐링·생태·체험,35.36306,128.99889,60,1h,상시 개방 · 무료,,,N,N,Y,N,N,N,Y,양산시 원동면 영포리 구글 지오코딩
nation,전국,양산,·,nax975,양산 워터파크 웅상,Ungsang Spa Valley,activity,테마파크·액티비티,35.34944,129.18583,150,2h 30m,계절별 상이 · 유료,,,N,N,Y,N,N,N,Y,양산시 웅상 명동로 구글 지오코딩
nation,전국,양산,·,nax976,양산시립박물관,Yangsan City Museum,herit,문화유산·전통체험,35.34292,129.03556,50,50m,09:00–18:00 · 월 휴관 · 무료,09:00,18:00,Y,N,Y,N,N,N,Y,양산시 북정로 78 구글 지오코딩
nation,전국,양산,·,nax977,북정리 고분군,Bukjeong-ri Tombs,herit,문화유산·전통체험,35.34611,129.03444,30,30m,상시 개방 · 무료,,,N,N,Y,N,N,N,Y,양산시 북정동 산 구글 지오코딩
nation,전국,양산,·,nax978,영남알프스 하늘억새길,Yeongnam Alps Sky Ridge,heal,힐링·생태·체험,35.53861,129.01167,240,4h,상시 개방 · 무료,,,N,N,Y,N,N,N,Y,양산시 원동면 영남알프스 구글 지오코딩
nation,전국,양산,·,nax979,황산베랑길,Hwangsan Berang Trail,heal,힐링·생태·체험,35.32222,128.98611,90,1h 30m,상시 개방 · 무료,,,N,N,Y,N,N,N,Y,양산시 물금읍 낙동강변 구글 지오코딩
nation,전국,울산,·,nax990,간월재,Ganwoljae Pass,heal,힐링·생태·체험,35.573,129.01583,210,3h 30m,상시 개방 · 무료,,,N,N,Y,Y,N,N,Y,울주군 상북면 등억알프스리 산 구글 지오코딩
nation,전국,울산,·,nax991,신불산 억새평원,Sinbulsan Reed Plain,heal,힐링·생태·체험,35.56444,129.02083,240,4h,상시 개방 · 무료,,,N,N,Y,N,N,N,Y,울주군 상북면 신불산 구글 지오코딩
nation,전국,울산,·,nax992,석남사,Seoknamsa Temple,herit,문화유산·전통체험,35.58104,129.04722,50,50m,08:00–18:00 · 유료,08:00,18:00,Y,N,Y,N,N,N,Y,울주군 상북면 석남로 557 구글 지오코딩
nation,전국,울산,·,nax993,파래소폭포,Paraeso Falls,heal,힐링·생태·체험,35.54972,129.00861,90,1h 30m,상시 개방 · 무료,,,N,N,Y,N,N,N,Y,울주군 상북면 이천리 구글 지오코딩
nation,전국,울산,·,nax994,천전리 각석,Cheonjeon-ri Petroglyphs,herit,문화유산·전통체험,35.62472,129.19222,40,40m,상시 개방 · 무료,,,N,N,Y,N,N,N,Y,울주군 두동면 천전리 산210 구글 지오코딩
nation,전국,울산,·,nax995,울산대교 전망대,Ulsan Bridge Observatory,activity,테마파크·액티비티,35.51792,129.39,40,40m,09:00–22:00 · 무료,09:00,22:00,Y,N,Y,N,N,N,Y,동구 봉수로 155-1 구글 지오코딩
nation,전국,울산,·,nax996,주전 몽돌해변,Jujeon Pebble Beach,sea,해양·자연경관,35.55361,129.43944,50,50m,상시 개방 · 무료,,,N,N,Y,N,N,N,Y,동구 주전동 구글 지오코딩
nation,전국,울산,·,nax997,외고산 옹기마을,Oegosan Onggi Village,herit,문화유산·전통체험,35.43194,129.27694,70,1h 10m,09:00–18:00 · 무료(체험 유료),09:00,18:00,Y,N,Y,N,N,N,Y,울주군 온양읍 외고산3길 구글 지오코딩
nation,전국,울산,·,nax998,울산박물관,Ulsan Museum,herit,문화유산·전통체험,35.53472,129.29028,60,1h,09:00–18:00 · 월 휴관 · 무료,09:00,18:00,Y,N,Y,N,N,N,Y,남구 두왕로 277 구글 지오코딩
nation,전국,울산,·,nax999,태화루,Taehwaru Pavilion,herit,문화유산·전통체험,35.552,129.31667,30,30m,09:00–18:00 · 무료,09:00,18:00,Y,N,Y,N,N,N,Y,중구 태화로 300 구글 지오코딩
nation,전국,울산,·,nax1000,진하해수욕장,Jinha Beach,sea,해양·자연경관,35.37694,129.34667,60,1h,상시 개방 · 무료,,,N,N,Y,N,N,N,Y,울주군 서생면 진하리 구글 지오코딩
nation,전국,울산,·,nax1001,서생포왜성,Seosaengpo Japanese Fortress,herit,문화유산·전통체험,35.37389,129.34333,40,40m,상시 개방 · 무료,,,N,N,Y,N,N,N,Y,울주군 서생면 서생리 산 구글 지오코딩
nation,전국,통영,·,nax1010,욕지도,Yokjido,sea,해양·자연경관,34.62583,128.26139,360,6h,여객선 운항 시간 · 유료,,,N,N,Y,N,N,N,Y,통영시 욕지면 동항리 구글 지오코딩
nation,전국,통영,·,nax1011,장사도 해상공원,Jangsado Sea Park,heal,힐링·생태·체험,34.72833,128.50861,240,4h,여객선 운항 시간 · 유료,,,N,N,Y,N,N,N,Y,통영시 한산면 매죽리 장사도 구글 지오코딩
nation,전국,통영,·,nax1012,한산도 제승당,Hansando Jeseungdang,herit,문화유산·전통체험,34.77389,128.48417,180,3h,여객선 운항 시간 · 유료,,,N,N,Y,N,N,N,Y,통영시 한산면 두억리 875 구글 지오코딩
nation,전국,통영,·,nax1013,미륵산 정상 전망대,Mireuksan Summit Lookout,heal,힐링·생태·체험,34.81361,128.42056,90,1h 30m,상시 개방 · 무료,,,N,N,Y,N,N,N,Y,통영시 산양읍 미륵산 구글 지오코딩
nation,전국,통영,·,nax1014,서피랑공원,Seopirang Park,activity,테마파크·액티비티,34.84639,128.41917,50,50m,상시 개방 · 무료,,,N,N,Y,N,N,N,Y,통영시 서호동 뚝지먼당 구글 지오코딩
nation,전국,통영,·,nax1015,박경리기념관,Park Kyung-ni Memorial Hall,herit,문화유산·전통체험,34.79806,128.40889,50,50m,09:00–18:00 · 월 휴관 · 무료,09:00,18:00,Y,N,Y,N,N,N,Y,통영시 산양읍 산양중앙로 173 구글 지오코딩
nation,전국,통영,·,nax1016,전혁림미술관,Jeon Hyuck-lim Art Museum,activity,테마파크·액티비티,34.80528,128.41306,40,40m,10:00–17:00 · 월 휴관 · 유료,10:00,17:00,Y,N,Y,N,N,N,Y,통영시 봉수1길 10 구글 지오코딩
nation,전국,통영,·,nax1017,통영국제음악당,Tongyeong Concert Hall,activity,테마파크·액티비티,34.82944,128.44028,60,1h,공연 일정별 · 유료,,,N,N,Y,N,N,N,Y,통영시 큰발개1길 38 구글 지오코딩
nation,전국,통영,·,nax1018,비진도,Bijindo,sea,해양·자연경관,34.70444,128.51528,300,5h,여객선 운항 시간 · 유료,,,N,N,Y,N,N,N,Y,통영시 한산면 비진리 구글 지오코딩
nation,전국,통영,·,nax1019,통영 수산과학관,Tongyeong Marine Science Museum,activity,테마파크·액티비티,34.77444,128.40056,60,1h,09:00–18:00 · 월 휴관 · 유료,09:00,18:00,Y,N,Y,N,N,N,Y,통영시 산양읍 척포길 628-111 구글 지오코딩
nation,전국,남해,·,nax1030,물건리 방조어부림,Mulgeon-ri Windbreak Forest,heal,힐링·생태·체험,34.79861,128.04361,40,40m,상시 개방 · 무료,,,N,N,Y,N,N,N,Y,남해군 삼동면 물건리 구글 지오코딩
nation,전국,남해,·,nax1031,금산 정상,Geumsan Summit,heal,힐링·생태·체험,34.75028,127.98167,150,2h 30m,상시 개방 · 유료(입장료),,,N,N,Y,N,N,N,Y,남해군 상주면 금산 구글 지오코딩
nation,전국,남해,·,nax1032,이순신순국공원,Yi Sun-sin Memorial Park,herit,문화유산·전통체험,34.94167,127.87639,60,1h,09:00–18:00 · 무료,09:00,18:00,Y,N,Y,N,N,N,Y,남해군 고현면 관음포로 150 구글 지오코딩
nation,전국,남해,·,nax1033,남해대교·노량,Namhae Bridge & Noryang,sea,해양·자연경관,34.93583,127.86083,40,40m,상시 개방 · 무료,,,N,N,Y,N,N,N,Y,남해군 설천면 노량리 구글 지오코딩
nation,전국,남해,·,nax1034,미조항,Mijo Port,food,로컬상권·먹거리,34.7075,128.04278,60,1h,상시 개방 · 무료,,,N,N,Y,N,N,N,Y,남해군 미조면 미조리 구글 지오코딩
nation,전국,남해,·,nax1035,남해 바래길,Namhae Barae-gil Trail,heal,힐링·생태·체험,34.77361,127.89278,180,3h,상시 개방 · 무료,,,N,N,Y,N,N,N,Y,남해군 해안 둘레길 구글 지오코딩
nation,전국,남해,·,nax1036,설리스카이워크,Seolli Skywalk,activity,테마파크·액티비티,34.71222,128.02361,40,40m,09:00–18:00 · 유료,09:00,18:00,Y,N,Y,N,N,N,Y,남해군 미조면 설리로 273 구글 지오코딩
nation,전국,남해,·,nax1037,가천암수바위,Gacheon Twin Rocks,herit,문화유산·전통체험,34.72611,127.89194,20,20m,상시 개방 · 무료,,,N,N,Y,N,N,N,Y,남해군 남면 홍현리 구글 지오코딩
nation,전국,남해,·,nax1038,송정솔바람해변,Songjeong Pine Beach,sea,해양·자연경관,34.71444,128.01,60,1h,상시 개방 · 무료,,,N,N,Y,N,N,N,Y,남해군 미조면 송정리 구글 지오코딩
nation,전국,남해,·,nax1039,용문사,Yongmunsa Temple,herit,문화유산·전통체험,34.79139,127.93,40,40m,상시 개방 · 무료,,,N,N,Y,N,N,N,Y,남해군 이동면 용문사길 166 구글 지오코딩
nation,전국,진주,·,nax1050,진양호 전망대,Jinyangho Lookout,heal,힐링·생태·체험,35.17361,128.02611,40,40m,상시 개방 · 무료,,,N,N,Y,N,N,N,Y,진주시 판문동 진양호로 구글 지오코딩
nation,전국,진주,·,nax1053,진주 망경동 벽화마을,Manggyeong-dong Mural Village,activity,테마파크·액티비티,35.18306,128.07444,40,40m,상시 개방 · 무료,,,N,N,Y,N,N,N,Y,진주시 망경동 구글 지오코딩
nation,전국,진주,·,nax1054,경남수목원,Gyeongnam Arboretum,heal,힐링·생태·체험,35.07694,128.14944,90,1h 30m,09:00–18:00 · 유료,09:00,18:00,Y,N,Y,N,N,N,Y,진주시 이반성면 수목원로 386 구글 지오코딩
nation,전국,진주,·,nax1055,진주 유등테마공원,Jinju Lantern Park,activity,테마파크·액티비티,35.18639,128.09944,50,50m,상시 개방 · 무료(축제 기간 유료),,,N,N,Y,N,N,N,Y,진주시 남강로 626 인근 구글 지오코딩
nation,전국,진주,·,nax1056,의암바위,Uiam Rock,herit,문화유산·전통체험,35.18889,128.08111,20,20m,상시 개방 · 무료,,,N,N,Y,N,N,N,Y,진주시 남강로 626 구글 지오코딩
nation,전국,진주,·,nax1058,진주 비봉산 산책로,Bibongsan Walk,heal,힐링·생태·체험,35.20528,128.08694,70,1h 10m,상시 개방 · 무료,,,N,N,Y,N,N,N,Y,진주시 봉래동 비봉산 구글 지오코딩
nation,전국,부여,·,nax1070,능산리 고분군,Neungsan-ri Royal Tombs,herit,문화유산·전통체험,36.28083,126.94944,40,40m,09:00–18:00 · 유료,09:00,18:00,Y,N,Y,N,Y,N,Y,부여군 부여읍 능산리 산15 구글 지오코딩
nation,전국,부여,·,nax1071,부여 나성,Buyeo Naseong Wall,herit,문화유산·전통체험,36.28472,126.93361,30,30m,상시 개방 · 무료,,,N,N,Y,N,Y,N,Y,부여군 부여읍 능산리 구글 지오코딩
nation,전국,부여,·,nax1072,낙화암·고란사,Nakhwaam & Goransa,herit,문화유산·전통체험,36.29417,126.91,50,50m,09:00–18:00 · 유료(부소산성),09:00,18:00,Y,N,Y,N,N,N,Y,부여군 부여읍 부소로 1 구글 지오코딩
nation,전국,부여,·,nax1073,백마강 황포돛배,Baengmagang Sail Boat,activity,테마파크·액티비티,36.29167,126.90528,40,40m,09:00–18:00 · 유료,09:00,18:00,Y,N,Y,N,N,N,Y,부여군 부여읍 나루터로 1 구글 지오코딩
nation,전국,부여,·,nax1074,부여 무량사,Muryangsa Temple,herit,문화유산·전통체험,36.28833,126.68472,50,50m,상시 개방 · 유료,,,N,N,Y,N,N,N,Y,부여군 외산면 무량로 203 구글 지오코딩
nation,전국,부여,·,nax1075,성흥산성 사랑나무,Seongheungsanseong Love Tree,heal,힐링·생태·체험,36.22722,126.87472,50,50m,상시 개방 · 무료,,,N,N,Y,N,N,N,Y,부여군 임천면 군사리 산1 구글 지오코딩
nation,전국,부여,·,nax1076,부여 서동공원,Seodong Park,heal,힐링·생태·체험,36.26861,126.91528,40,40m,상시 개방 · 무료,,,N,N,Y,N,N,N,Y,부여군 부여읍 궁남로 49 구글 지오코딩
nation,전국,부여,·,nax1077,부여전통시장,Buyeo Traditional Market,food,로컬상권·먹거리,36.27583,126.9125,40,40m,오일장(5·10일) · 무료,,,N,N,Y,N,N,N,Y,부여군 부여읍 성왕로 문화 구글 지오코딩
nation,전국,부여,·,nax1078,대백제역사공원,Baekje Reenactment Park,activity,테마파크·액티비티,36.30972,126.90139,60,1h,09:00–18:00 · 유료,09:00,18:00,Y,N,Y,N,N,N,Y,부여군 규암면 백제문로 374 구글 지오코딩
nation,전국,공주,·,nax1090,계룡산 동학사,Donghaksa Temple,herit,문화유산·전통체험,36.34,127.20917,60,1h,상시 개방 · 유료,,,N,N,Y,N,N,N,Y,공주시 반포면 동학사1로 462 구글 지오코딩
nation,전국,공주,·,nax1091,계룡산 신원사,Sinwonsa Temple,herit,문화유산·전통체험,36.32806,127.16528,50,50m,상시 개방 · 유료,,,N,N,Y,N,N,N,Y,공주시 계룡면 신원사동길 1 구글 지오코딩
nation,전국,공주,·,nax1092,공주 한옥마을,Gongju Hanok Village,herit,문화유산·전통체험,36.46333,127.11694,50,50m,상시 개방 · 무료(숙박 유료),,,N,N,Y,N,N,N,Y,공주시 관광단지길 12 구글 지오코딩
nation,전국,공주,·,nax1093,제민천 원도심,Jemincheon Old Town,activity,테마파크·액티비티,36.45778,127.12028,60,1h,상시 개방 · 무료,,,N,N,Y,N,N,N,Y,공주시 반죽동 제민천 구글 지오코딩
nation,전국,공주,·,nax1094,공주 석장리박물관,Seokjang-ri Museum,herit,문화유산·전통체험,36.49139,127.16111,50,50m,09:00–18:00 · 월 휴관 · 유료,09:00,18:00,Y,N,Y,N,N,N,Y,공주시 금벽로 990 구글 지오코딩
nation,전국,공주,·,nax1095,공주 황새바위 순교성지,Hwangsaebawi Martyrs Shrine,herit,문화유산·전통체험,36.46528,127.11972,40,40m,09:00–18:00 · 무료,09:00,18:00,Y,N,Y,N,N,N,Y,공주시 왕릉로 118 구글 지오코딩
nation,전국,공주,·,nax1096,마곡사 솔바람길,Magoksa Pine Trail,heal,힐링·생태·체험,36.5625,127.01444,90,1h 30m,상시 개방 · 무료,,,N,N,Y,N,N,N,Y,공주시 사곡면 마곡사로 구글 지오코딩
nation,전국,공주,·,nax1097,공주 유구색동수국정원,Yugu Hydrangea Garden,heal,힐링·생태·체험,36.59639,126.95,50,50m,상시 개방 · 무료,,,N,N,Y,N,N,N,Y,공주시 유구읍 백교리 구글 지오코딩
nation,전국,포항,·,nax1110,내연산 12폭포,Naeyeonsan Twelve Falls,heal,힐링·생태·체험,36.26361,129.31139,180,3h,상시 개방 · 무료,,,N,N,Y,N,N,N,Y,포항시 북구 송라면 중산리 구글 지오코딩
nation,전국,포항,·,nax1111,구룡포 일본인 가옥거리,Guryongpo Japanese Houses,herit,문화유산·전통체험,35.98639,129.55389,50,50m,상시 개방 · 무료,,,N,N,Y,N,N,N,Y,포항시 남구 구룡포읍 구룡포길 153-1 구글 지오코딩
nation,전국,포항,·,nax1112,포항운하,Pohang Canal,activity,테마파크·액티비티,36.02861,129.37972,60,1h,09:00–18:00 · 유료(크루즈),09:00,18:00,Y,N,Y,N,N,N,Y,포항시 남구 희망대로 1040 구글 지오코딩
nation,전국,포항,·,nax1113,환호공원,Hwanho Park,heal,힐링·생태·체험,36.06222,129.38722,50,50m,상시 개방 · 무료,,,N,N,Y,N,N,N,Y,포항시 북구 환호동 구글 지오코딩
nation,전국,포항,·,nax1114,월포해수욕장,Wolpo Beach,sea,해양·자연경관,36.15556,129.39444,60,1h,상시 개방 · 무료,,,N,N,Y,N,N,N,Y,포항시 북구 청하면 월포리 구글 지오코딩
nation,전국,포항,·,nax1115,죽도 물회거리,Jukdo Mulhoe Street,food,로컬상권·먹거리,36.03389,129.36444,60,1h,가게별 상이 · 유료,,,N,N,Y,N,N,N,Y,포항시 북구 죽도동 구글 지오코딩
nation,전국,포항,·,nax1116,장기읍성,Janggi Fortress,herit,문화유산·전통체험,35.92361,129.44944,40,40m,상시 개방 · 무료,,,N,N,Y,N,N,N,Y,포항시 남구 장기면 읍내리 구글 지오코딩
nation,전국,포항,·,nax1117,연오랑세오녀 테마공원,Yeonorang Seonyeo Park,activity,테마파크·액티비티,36.01167,129.44444,50,50m,상시 개방 · 무료,,,N,N,Y,N,N,N,Y,포항시 남구 동해면 임곡리 구글 지오코딩
nation,전국,포항,·,nax1118,영일대 해상누각,Yeongildae Sea Pavilion,sea,해양·자연경관,36.05833,129.38278,30,30m,상시 개방 · 무료,,,N,N,Y,N,N,N,Y,포항시 북구 두호동 해안 구글 지오코딩
nation,전국,안동,·,nax1131,한국국학진흥원,Korean Studies Institute,herit,문화유산·전통체험,36.6425,128.80028,60,1h,09:00–18:00 · 월 휴관 · 무료,09:00,18:00,Y,N,Y,N,N,N,Y,안동시 도산면 퇴계로 1997 구글 지오코딩
nation,전국,안동,·,nax1132,안동 이육사문학관,Yi Yuksa Literary Museum,herit,문화유산·전통체험,36.79778,128.90417,50,50m,09:00–18:00 · 월 휴관 · 유료,09:00,18:00,Y,N,Y,N,N,N,Y,안동시 도산면 백운로 525 구글 지오코딩
nation,전국,안동,·,nax1133,농암종택,Nongam Head House,herit,문화유산·전통체험,36.79389,128.91861,50,50m,상시 개방 · 무료(숙박 유료),,,N,N,Y,N,N,N,Y,안동시 도산면 가송길 162-133 구글 지오코딩
nation,전국,안동,·,nax1134,고산정,Gosanjeong Pavilion,heal,힐링·생태·체험,36.7975,128.92944,40,40m,상시 개방 · 무료,,,N,N,Y,N,N,N,Y,안동시 도산면 가송리 구글 지오코딩
nation,전국,안동,·,nax1135,안동 신세동 벽화마을,Sinse-dong Mural Village,activity,테마파크·액티비티,36.57139,128.74222,40,40m,상시 개방 · 무료,,,N,N,Y,N,N,N,Y,안동시 임청각길 일대 구글 지오코딩
nation,전국,안동,·,nax1136,안동댐 물문화관,Andong Dam Water Culture Hall,activity,테마파크·액티비티,36.58583,128.77556,40,40m,09:00–18:00 · 무료,09:00,18:00,Y,N,Y,N,N,N,Y,안동시 성곡동 안동댐 구글 지오코딩
nation,전국,안동,·,nax1137,하회세계탈박물관,Hahoe Mask Museum,herit,문화유산·전통체험,36.53833,128.51889,40,40m,09:30–18:00 · 유료,09:30,18:00,Y,N,Y,N,N,N,Y,안동시 풍천면 전서로 206 구글 지오코딩
nation,전국,여수,·,nax1150,아쿠아플라넷 여수,Aquaplanet Yeosu,activity,테마파크·액티비티,34.75417,127.74722,120,2h,09:30–18:00 · 유료,09:30,18:00,Y,N,Y,N,N,N,Y,여수시 오동도로 61-11 구글 지오코딩
nation,전국,여수,·,nax1151,여수세계박람회장,Yeosu Expo Park,activity,테마파크·액티비티,34.75278,127.7475,70,1h 10m,상시 개방 · 무료(시설별 유료),,,N,N,Y,Y,N,N,Y,여수시 박람회길 1 구글 지오코딩
nation,전국,여수,·,nax1152,예술의섬 장도,Jangdo Art Island,activity,테마파크·액티비티,34.7402,127.7269,60,1h,09:00–18:00 · 무료(물때 확인),09:00,18:00,Y,N,Y,N,N,N,Y,여수시 예울마루로 20 구글 지오코딩
nation,전국,여수,·,nax1153,금오도 비렁길,Geumodo Cliff Trail,heal,힐링·생태·체험,34.47472,127.77667,300,5h,여객선 운항 시간 · 무료,,,N,N,Y,N,N,N,Y,여수시 남면 금오도 구글 지오코딩
nation,전국,여수,·,nax1154,거문도·백도,Geomundo & Baekdo,sea,해양·자연경관,34.02806,127.30833,480,8h,여객선 운항 시간 · 유료,,,N,N,Y,N,N,N,Y,여수시 삼산면 거문리 구글 지오코딩
nation,전국,여수,·,nax1155,흥국사,Heungguksa Temple,herit,문화유산·전통체험,34.80639,127.63472,50,50m,상시 개방 · 무료,,,N,N,Y,N,N,N,Y,여수시 중흥동 17 구글 지오코딩
nation,전국,여수,·,nax1156,영취산 진달래,Yeongchwisan Azaleas,heal,힐링·생태·체험,34.81111,127.64167,150,2h 30m,상시 개방 · 무료,,,N,N,Y,N,N,N,Y,여수시 상암동 영취산 구글 지오코딩
nation,전국,여수,·,nax1157,웅천친수공원,Ungcheon Waterfront Park,sea,해양·자연경관,34.74306,127.66889,50,50m,상시 개방 · 무료,,,N,N,Y,N,N,N,Y,여수시 웅천동 친수공원 구글 지오코딩
nation,전국,양주,·,nax1160,회암사지,Hoeamsa Temple Site,herit,문화유산·전통체험,37.76694,127.09944,60,1h,09:00–18:00 · 무료,09:00,18:00,Y,N,Y,N,N,N,Y,양주시 회암동 산14-1 구글 지오코딩
nation,전국,양주,·,nax1161,양주 나리공원,Yangju Nari Park,heal,힐링·생태·체험,37.7967,126.9932,50,50m,상시 개방 · 무료,,,N,N,Y,N,N,N,Y,양주시 광적면 부흥로 305 구글 지오코딩
nation,전국,양주,·,nax1162,양주시립장욱진미술관,Chang Ucchin Museum,activity,테마파크·액티비티,37.70944,126.97972,60,1h,10:00–18:00 · 월 휴관 · 유료,10:00,18:00,Y,N,Y,N,N,N,Y,양주시 장흥면 권율로 193 구글 지오코딩
nation,전국,양주,·,nax1163,송암스페이스센터,Songam Space Center,activity,테마파크·액티비티,37.70389,126.97528,90,1h 30m,10:00–22:00 · 월 휴관 · 유료,10:00,22:00,Y,N,Y,N,N,N,Y,양주시 장흥면 권율로 185 구글 지오코딩
nation,전국,양주,·,nax1164,장흥자연휴양림,Jangheung Forest Resort,heal,힐링·생태·체험,37.70972,126.94833,120,2h,상시 개방 · 유료,,,N,N,Y,N,N,N,Y,양주시 장흥면 명달로 471 구글 지오코딩
nation,전국,양주,·,nax1165,불곡산,Bulgoksan,heal,힐링·생태·체험,37.79139,127.02778,180,3h,상시 개방 · 무료,,,N,N,Y,N,N,N,Y,양주시 유양동 불곡산 구글 지오코딩
nation,전국,양주,·,nax1166,양주 별산대놀이마당,Yangju Byeolsandae Theatre,herit,문화유산·전통체험,37.78778,127.03167,50,50m,공연 일정별 · 무료,,,N,N,Y,N,N,N,Y,양주시 유양동 685 구글 지오코딩
nation,전국,양주,·,nax1167,양주관아지,Yangju Government Office Site,herit,문화유산·전통체험,37.78944,127.02972,30,30m,상시 개방 · 무료,,,N,N,Y,N,N,N,Y,양주시 유양동 199 구글 지오코딩
nation,전국,울릉,·,nax1170,성인봉,Seonginbong Peak,heal,힐링·생태·체험,37.50083,130.86333,300,5h,상시 개방 · 무료,,,N,N,Y,N,N,N,Y,울릉군 울릉읍 도동리 산 구글 지오코딩
nation,전국,울릉,·,nax1171,저동 촛대바위,Jeodong Candlestick Rock,sea,해양·자연경관,37.50361,130.91611,30,30m,상시 개방 · 무료,,,N,N,Y,N,N,N,Y,울릉군 울릉읍 저동리 구글 지오코딩
nation,전국,울릉,·,nax1172,행남해안산책로,Haengnam Coastal Path,sea,해양·자연경관,37.48889,130.91611,90,1h 30m,상시 개방 · 무료(구간 통제),,,N,N,Y,N,N,N,Y,울릉군 울릉읍 도동리 행남길 구글 지오코딩
nation,전국,울릉,·,nax1173,울릉도 해상관광 유람선,Ulleung Island Cruise,activity,테마파크·액티비티,37.48167,130.90944,150,2h 30m,기상·운항 일정별 · 유료,,,N,N,Y,N,N,N,Y,울릉군 울릉읍 도동항 구글 지오코딩
nation,전국,울릉,·,nax1174,독도,Dokdo,sea,해양·자연경관,37.24139,131.86528,240,4h,여객선 운항·접안 조건 · 유료,,,N,N,Y,Y,N,N,Y,울릉군 독도리 구글 지오코딩
nation,전국,울릉,·,nax1175,독도박물관,Dokdo Museum,herit,문화유산·전통체험,37.48278,130.90417,50,50m,09:00–18:00 · 월 휴관 · 무료,09:00,18:00,Y,N,Y,N,N,N,Y,울릉군 울릉읍 약수터길 90 구글 지오코딩
nation,전국,울릉,·,nax1176,태하 향목관광모노레일,Taeha Monorail,activity,테마파크·액티비티,37.51139,130.83194,60,1h,09:00–17:00 · 유료,09:00,17:00,Y,N,Y,N,N,N,Y,울릉군 서면 태하리 구글 지오코딩
nation,전국,울릉,·,nax1177,울릉 예림원,Yerimwon Garden,heal,힐링·생태·체험,37.53194,130.84167,50,50m,08:00–18:00 · 유료,08:00,18:00,Y,N,Y,N,N,N,Y,울릉군 서면 예림원길 65 구글 지오코딩
nation,전국,울릉,·,nax1178,현포항 노을,Hyeonpo Port Sunset,sea,해양·자연경관,37.54028,130.83667,30,30m,상시 개방 · 무료,,,N,N,Y,N,N,N,Y,울릉군 북면 현포리 구글 지오코딩
nation,전국,울릉,·,nax1179,죽도,Jukdo Islet,sea,해양·자연경관,37.5375,130.94722,180,3h,여객선 운항 시간 · 유료,,,N,N,Y,N,N,N,Y,울릉군 울릉읍 저동리 죽도 구글 지오코딩
nation,전국,남양주,·,nax1190,홍릉·유릉,Hongneung & Yureung,herit,문화유산·전통체험,37.62944,127.21722,50,50m,09:00–18:00 · 월 휴관 · 유료,09:00,18:00,Y,N,Y,N,Y,N,Y,남양주시 홍유릉로 352-1 구글 지오코딩
nation,전국,남양주,·,nax1191,북한강철교,Bukhangang Rail Bridge,heal,힐링·생태·체험,37.54611,127.30389,50,50m,상시 개방 · 무료,,,N,N,Y,N,N,N,Y,남양주시 조안면 능내리 구글 지오코딩
nation,전국,남양주,·,nax1192,축령산자연휴양림,Chungnyeongsan Forest Resort,heal,힐링·생태·체험,37.747,127.3359,150,2h 30m,상시 개방 · 유료,,,N,N,Y,N,N,N,Y,남양주시 수동면 축령산로 299 구글 지오코딩
nation,전국,경기광주,·,nax1193,팔당물안개공원,Paldang Mist Park,heal,힐링·생태·체험,37.5245,127.2926,60,1h,상시 개방 · 무료,,,N,N,Y,N,N,N,Y,광주시 남종면 귀여리 구글 지오코딩
nation,전국,경기광주,·,nax1194,분원백자자료관,Bunwon White Porcelain Museum,herit,문화유산·전통체험,37.515,127.31889,40,40m,09:00–18:00 · 월 휴관 · 유료,09:00,18:00,Y,N,Y,N,N,N,Y,광주시 남종면 분원리 68 구글 지오코딩
nation,전국,이천,·,nax1195,시몬스 테라스,Simmons Terrace,activity,테마파크·액티비티,37.226,127.429,70,1h 10m,11:00–19:00 · 무료,11:00,19:00,Y,N,Y,N,N,N,Y,이천시 모가면 사실로 988 구글 지오코딩
nation,전국,이천,·,nax1196,백사 산수유마을,Baeksa Cornelian Cherry Village,heal,힐링·생태·체험,37.296,127.481,60,1h,상시 개방 · 무료,,,N,N,Y,N,N,N,Y,이천시 백사면 도립리 구글 지오코딩
nation,전국,여주,·,nax1197,황학산수목원,Hwanghaksan Arboretum,heal,힐링·생태·체험,37.31833,127.60417,70,1h 10m,09:00–18:00 · 무료,09:00,18:00,Y,N,Y,N,N,N,Y,여주시 매룡동 황학산 구글 지오코딩
nation,전국,고양,·,nax1198,렛츠런팜 원당,Wondang Horse Ranch,heal,힐링·생태·체험,37.67083,126.854,60,1h,10:00–17:00 · 월 휴장 · 무료,10:00,17:00,Y,N,Y,N,N,N,Y,고양시 덕양구 도촌동 목장 구글 지오코딩
nation,전국,용인,·,nax1199,용인 대장금파크,Dae Jang Geum Park,activity,테마파크·액티비티,37.32111,127.29861,90,1h 30m,09:00–18:00 · 유료,09:00,18:00,Y,N,Y,N,N,N,Y,용인시 처인구 백암면 용천리 778-1 구글 지오코딩
nation,전국,홍성,·,nax1210,만해 한용운 생가지,Han Yong-un Birthplace,herit,문화유산·전통체험,36.5578,126.6478,40,40m,09:00–18:00 · 무료,09:00,18:00,Y,N,Y,N,N,N,Y,홍성군 결성면 만해로 318번길 83 구글 지오코딩
nation,전국,홍성,·,nax1211,용봉산,Yongbongsan,heal,힐링·생태·체험,36.6152,126.6297,150,2h 30m,상시 개방 · 무료,,,N,N,Y,N,N,N,Y,홍성군 홍북읍 용봉산 구글 지오코딩
nation,전국,예산,·,nax1212,추사고택,Kim Jeong-hui House,herit,문화유산·전통체험,36.7169,126.7492,40,40m,09:00–18:00 · 무료,09:00,18:00,Y,N,Y,N,N,N,Y,예산군 신암면 추사고택로 261 구글 지오코딩
nation,전국,예산,·,nax1213,예산상설시장,Yesan Market,food,로컬상권·먹거리,36.6825,126.8489,60,1h,가게별 상이 · 유료,,,N,N,Y,N,N,N,Y,예산군 예산읍 형제고개로 22 구글 지오코딩
nation,전국,논산,·,nax1214,강경 근대역사거리,Ganggyeong Historic Street,herit,문화유산·전통체험,36.1553,127.0114,60,1h,상시 개방 · 무료,,,N,N,Y,N,N,N,Y,논산시 강경읍 중앙리 구글 지오코딩
nation,전국,서천,·,nax1215,신성리 갈대밭,Sinseong-ri Reed Field,heal,힐링·생태·체험,36.0322,126.8028,50,50m,상시 개방 · 무료,,,N,N,Y,N,N,N,Y,서천군 한산면 신성리 구글 지오코딩
nation,전국,당진,·,nax1216,솔뫼성지,Solmoe Shrine,herit,문화유산·전통체험,36.8908,126.7222,50,50m,09:00–18:00 · 무료,09:00,18:00,Y,N,Y,N,N,N,Y,당진시 우강면 솔뫼로 132 구글 지오코딩
nation,전국,서산,·,nax1217,서산 마애여래삼존상,Seosan Rock-carved Triad,herit,문화유산·전통체험,36.7293,126.5961,40,40m,09:00–18:00 · 무료,09:00,18:00,Y,N,Y,N,N,N,Y,서산시 운산면 마애삼존불길 65-13 구글 지오코딩
nation,전국,세종,·,nax1218,이응다리,Geumgang Pedestrian Bridge,activity,테마파크·액티비티,36.4881,127.2778,50,50m,상시 개방 · 무료,,,N,N,Y,N,N,N,Y,세종시 세종동 금강보행교 구글 지오코딩
nation,전국,세종,·,nax1219,밀마루전망대,Milmaru Observatory,heal,힐링·생태·체험,36.5069,127.2586,30,30m,10:00–18:00 · 무료,10:00,18:00,Y,N,Y,N,N,N,Y,세종시 도움6로 11 구글 지오코딩
nation,전국,담양,·,nax1230,담양호 용마루길,Damyangho Lakeside Walk,heal,힐링·생태·체험,35.4106,127.0011,90,1h 30m,상시 개방 · 무료,,,N,N,Y,N,N,N,Y,담양군 용면 담양호 구글 지오코딩
nation,전국,고창,·,nax1231,학원농장 청보리밭,Hakwon Farm Barley Field,heal,힐링·생태·체험,35.4472,126.6669,60,1h,상시 개방 · 무료,,,N,N,Y,N,N,N,Y,고창군 공음면 학원농장길 158-6 구글 지오코딩
nation,전국,정읍,·,nax1232,정읍 쌍화차거리,Jeongeup Ssanghwacha Street,food,로컬상권·먹거리,35.5686,126.8564,50,50m,가게별 상이 · 유료,,,N,N,Y,N,N,N,Y,정읍시 시기동 쌍화차거리 구글 지오코딩
nation,전국,장성,·,nax1233,장성호 수변길,Jangseongho Waterside Trail,heal,힐링·생태·체험,35.36,126.8006,80,1h 20m,상시 개방 · 무료,,,N,N,Y,N,N,N,Y,장성군 장성호 수변길 구글 지오코딩
nation,전국,화순,·,nax1234,세량지,Seryangji Pond,heal,힐링·생태·체험,35.0328,126.9542,40,40m,상시 개방 · 무료,,,N,N,Y,N,N,N,Y,화순군 화순읍 세량리 구글 지오코딩
nation,전국,해남,·,nax1235,미황사,Mihwangsa Temple,herit,문화유산·전통체험,34.4128,126.5411,60,1h,상시 개방 · 유료,,,N,N,Y,N,N,N,Y,해남군 송지면 미황사길 164 구글 지오코딩
nation,전국,보성,·,nax1236,태백산맥문학관,Taebaek Sanmaek Literary Hall,herit,문화유산·전통체험,34.83,127.3369,50,50m,09:00–18:00 · 월 휴관 · 유료,09:00,18:00,Y,N,Y,N,N,N,Y,보성군 벌교읍 홍교3길 2 구글 지오코딩
nation,전국,신안,·,nax1237,흑산도,Heuksando,sea,해양·자연경관,34.6858,125.4353,420,7h,여객선 운항 시간 · 유료,,,N,N,Y,N,N,N,Y,신안군 흑산면 예리 구글 지오코딩
nation,전국,익산,·,nax1238,아가페정원,Agape Garden,heal,힐링·생태·체험,36.0175,126.9525,50,50m,개방 기간 상이 · 유료,,,N,N,Y,N,N,N,Y,익산시 여산면 두여1길 21-9 구글 지오코딩
nation,전국,부안,·,nax1239,적벽강,Jeokbyeokgang Cliffs,sea,해양·자연경관,35.6522,126.4483,50,50m,상시 개방 · 무료,,,N,N,Y,N,N,N,Y,부안군 변산면 격포리 구글 지오코딩
nation,전국,철원,·,nax1250,월정리역,Woljeong-ri Station,herit,문화유산·전통체험,38.2758,127.2181,40,40m,안보견학 일정별 · 유료,,,N,N,Y,N,N,N,Y,철원군 철원읍 홍원리 구글 지오코딩
nation,전국,철원,·,nax1251,백마고지 전적지,Baengmagoji Battle Site,herit,문화유산·전통체험,38.3103,127.1839,40,40m,상시 개방 · 무료,,,N,N,Y,N,N,N,Y,철원군 철원읍 대마리 구글 지오코딩
nation,전국,철원,·,nax1252,도피안사,Dopiansa Temple,herit,문화유산·전통체험,38.2317,127.2358,40,40m,상시 개방 · 무료,,,N,N,Y,N,N,N,Y,철원군 동송읍 관우리 450 구글 지오코딩
nation,전국,철원,·,nax1253,철원 두루미 월동지,Cheorwon Crane Fields,heal,힐링·생태·체험,38.2189,127.1889,90,1h 30m,겨울철 탐조 · 예약제,,,N,N,Y,N,N,N,Y,철원군 동송읍 양지리 철원평야 구글 지오코딩
nation,전국,철원,·,nax1254,한탄강 주상절리길,Hantangang Columnar Joint Path,heal,힐링·생태·체험,38.188,127.3,120,2h,09:00–17:00 · 유료,09:00,17:00,Y,N,Y,Y,N,N,Y,철원군 동송읍 장흥리 구글 지오코딩
nation,전국,철원,·,nax1255,철원 승일교,Seungil Bridge,herit,문화유산·전통체험,38.1906,127.2853,30,30m,상시 개방 · 무료,,,N,N,Y,N,N,N,Y,철원군 동송읍 장흥리 구글 지오코딩
nation,전국,철원,·,nax1256,철원 학저수지,Hak Reservoir,heal,힐링·생태·체험,38.1906,127.2214,50,50m,상시 개방 · 무료,,,N,N,Y,N,N,N,Y,철원군 동송읍 오지리 구글 지오코딩
nation,전국,하동,·,nax1270,화개장터,Hwagae Market,food,로컬상권·먹거리,35.1739,127.6339,50,50m,09:00–18:00 · 무료,09:00,18:00,Y,N,Y,Y,N,N,Y,하동군 화개면 쌍계로 15 구글 지오코딩
nation,전국,하동,·,nax1271,쌍계사,Ssanggyesa Temple,herit,문화유산·전통체험,35.2317,127.6506,60,1h,상시 개방 · 유료,,,N,N,Y,Y,N,N,Y,하동군 화개면 쌍계사길 59 구글 지오코딩
nation,전국,하동,·,nax1272,최참판댁,Choi Champandaek,herit,문화유산·전통체험,35.1361,127.7,60,1h,09:00–18:00 · 유료,09:00,18:00,Y,N,Y,N,N,N,Y,하동군 악양면 평사리 269 구글 지오코딩
nation,전국,하동,·,nax1273,하동 십리벚꽃길,Hwagae Cherry Blossom Road,heal,힐링·생태·체험,35.1889,127.6417,60,1h,상시 개방 · 무료,,,N,N,Y,N,N,N,Y,하동군 화개면 쌍계로 구글 지오코딩
nation,전국,하동,·,nax1274,하동 녹차밭 (도심다원),Hadong Tea Fields,heal,힐링·생태·체험,35.2169,127.6414,60,1h,09:00–18:00 · 유료(시음),09:00,18:00,Y,N,Y,N,N,N,Y,하동군 화개면 정금리 구글 지오코딩
nation,전국,하동,·,nax1275,하동 송림공원,Hadong Pine Grove,heal,힐링·생태·체험,35.0678,127.7519,40,40m,상시 개방 · 무료,,,N,N,Y,N,N,N,Y,하동군 하동읍 광평리 443-10 구글 지오코딩
nation,전국,하동,·,nax1276,삼성궁,Samseonggung,herit,문화유산·전통체험,35.2664,127.6108,80,1h 20m,08:30–17:00 · 유료,08:30,17:00,Y,N,Y,N,N,N,Y,하동군 청암면 삼성궁길 2 구글 지오코딩
nation,전국,하동,·,nax1277,하동 스카이워크,Hadong Skywalk,activity,테마파크·액티비티,35.0644,127.7539,30,30m,상시 개방 · 무료,,,N,N,Y,N,N,N,Y,하동군 하동읍 섬진강대로 구글 지오코딩
nation,전국,하동,·,nax1278,금오산 짚와이어,Geumosan Zip Wire,activity,테마파크·액티비티,34.9772,127.8267,90,1h 30m,09:00–17:00 · 유료,09:00,17:00,Y,N,Y,N,N,N,Y,하동군 금남면 경충로 493-37 구글 지오코딩
nation,전국,거창,·,nax1290,우두산 Y자형 출렁다리,Udusan Y-Bridge,activity,테마파크·액티비티,35.7225,128.0086,90,1h 30m,상시 개방 · 무료,,,N,N,Y,N,N,N,Y,거창군 가조면 의상봉길 830 구글 지오코딩
nation,전국,거창,·,nax1291,고견사,Gogyeonsa Temple,herit,문화유산·전통체험,35.7181,128.0158,70,1h 10m,상시 개방 · 무료,,,N,N,Y,N,N,N,Y,거창군 가조면 의상봉길 1049 구글 지오코딩
nation,전국,거창,·,nax1292,월성계곡,Wolseong Valley,heal,힐링·생태·체험,35.8022,127.7686,80,1h 20m,상시 개방 · 무료,,,N,N,Y,N,N,N,Y,거창군 북상면 월성리 구글 지오코딩
nation,전국,거창,·,nax1293,거창 창포원,Geochang Iris Garden,heal,힐링·생태·체험,35.6393,127.9243,60,1h,09:00–18:00 · 유료,09:00,18:00,Y,N,Y,N,N,N,Y,거창군 남상면 창포원로 619 구글 지오코딩
nation,전국,거창,·,nax1294,감악산 아스타 꽃밭,Gamaksan Aster Fields,heal,힐링·생태·체험,35.6019,127.9608,70,1h 10m,상시 개방 · 무료,,,N,N,Y,N,N,N,Y,거창군 신원면 연수사길 감악산 구글 지오코딩
nation,전국,거창,·,nax1295,거창사건추모공원,Geochang Incident Memorial Park,herit,문화유산·전통체험,35.5716,127.8875,40,40m,09:00–18:00 · 무료,09:00,18:00,Y,N,Y,N,N,N,Y,거창군 신원면 신차로 2924 구글 지오코딩
nation,전국,거창,·,nax1296,황산마을 옛담장,Hwangsan Village Walls,herit,문화유산·전통체험,35.7249,127.8351,40,40m,상시 개방 · 무료,,,N,N,Y,N,N,N,Y,거창군 위천면 황산리 구글 지오코딩
nation,전국,거창,·,nax1297,거창박물관,Geochang Museum,herit,문화유산·전통체험,35.6864,127.9106,40,40m,09:00–18:00 · 월 휴관 · 무료,09:00,18:00,Y,N,Y,N,N,N,Y,거창군 거창읍 수남로 2181 구글 지오코딩
nation,전국,시흥,·,nax1310,시흥 갯골생태공원,Siheung Getgol Eco Park,heal,힐링·생태·체험,37.38977,126.78124,60,1h,상시 개방 · 무료,,,N,N,Y,N,N,Y,Y,한국관광공사 관광정보 좌표
nation,전국,예산,·,nax1311,예당관광지,Yedang Resort Area,heal,힐링·생태·체험,36.63699,126.79973,70,1h 10m,상시 개방 · 무료,,,N,N,Y,N,N,Y,Y,한국관광공사 관광정보 좌표
nation,전국,예산,·,nax1312,대흥슬로시티,Daeheung Slow City,herit,문화유산·전통체험,36.60668,126.79033,60,1h,상시 개방 · 무료,,,N,N,Y,N,N,Y,Y,한국관광공사 관광정보 좌표
nation,전국,예산,·,nax1313,봉수산자연휴양림,Bongsusan Forest Resort,heal,힐링·생태·체험,36.59845,126.78088,90,1h 30m,09:00–18:00 · 유료,09:00,18:00,Y,N,Y,N,N,Y,Y,한국관광공사 관광정보 좌표
nation,전국,청주,·,nax1314,청주동물원,Cheongju Zoo,activity,테마파크·액티비티,36.65246,127.52068,90,1h 30m,09:00–18:00 · 유료,09:00,18:00,Y,N,Y,N,N,Y,Y,한국관광공사 관광정보 좌표
nation,전국,단양,·,nax1315,다리안관광지,Darian Resort Area,heal,힐링·생태·체험,36.96483,128.4208,70,1h 10m,상시 개방 · 무료,,,N,N,Y,N,N,Y,Y,한국관광공사 관광정보 좌표
nation,전국,군산,·,nax1316,군산 시간여행마을,Gunsan Time Travel Village,herit,문화유산·전통체험,35.9887,126.71813,80,1h 20m,상시 개방 · 무료,,,N,N,Y,N,N,Y,Y,한국관광공사 관광정보 좌표
nation,전국,완주,·,nax1317,삼례문화예술촌,Samnye Culture & Art Village,activity,테마파크·액티비티,35.90619,127.06624,60,1h,10:00–18:00 · 월 휴관 · 유료,10:00,18:00,Y,N,Y,N,N,Y,Y,한국관광공사 관광정보 좌표
nation,전국,진안,·,nax1318,마이산도립공원,Maisan Provincial Park,heal,힐링·생태·체험,35.77551,127.41786,120,2h,상시 개방 · 유료,,,N,N,Y,Y,N,Y,Y,한국관광공사 관광정보 좌표
nation,전국,전주,·,nax1319,전주동물원,Jeonju Zoo,activity,테마파크·액티비티,35.85522,127.14562,90,1h 30m,09:00–18:00 · 유료,09:00,18:00,Y,N,Y,N,N,Y,Y,한국관광공사 관광정보 좌표
nation,전국,부안,·,nax1320,모항해수욕장,Mohang Beach,sea,해양·자연경관,35.58286,126.50774,60,1h,상시 개방 · 무료,,,N,N,Y,N,N,Y,Y,한국관광공사 관광정보 좌표
nation,전국,임실,·,nax1321,임실치즈테마파크,Imsil Cheese Theme Park,activity,테마파크·액티비티,35.63313,127.30125,90,1h 30m,09:00–18:00 · 유료,09:00,18:00,Y,N,Y,N,N,Y,Y,한국관광공사 관광정보 좌표
nation,전국,장수,·,nax1322,와룡자연휴양림,Waryong Forest Resort,heal,힐링·생태·체험,35.68121,127.47931,120,2h,상시 개방 · 유료,,,N,N,Y,N,N,Y,Y,한국관광공사 관광정보 좌표
nation,전국,장수,·,nax1323,장수누리파크,Jangsu Nuri Park,heal,힐링·생태·체험,35.64108,127.52326,50,50m,상시 개방 · 무료,,,N,N,Y,N,N,Y,Y,한국관광공사 관광정보 좌표
nation,전국,장수,·,nax1324,방화동자연휴양림,Banghwadong Forest Resort,heal,힐링·생태·체험,35.58976,127.52911,120,2h,상시 개방 · 유료,,,N,N,Y,N,N,Y,Y,한국관광공사 관광정보 좌표
nation,전국,순창,·,nax1325,향가유원지,Hyangga Riverside Park,heal,힐링·생태·체험,35.3391,127.19188,60,1h,상시 개방 · 무료,,,N,N,Y,N,N,Y,Y,한국관광공사 관광정보 좌표
nation,전국,순창,·,nax1326,강천산 군립공원,Gangcheonsan County Park,heal,힐링·생태·체험,35.40879,127.0675,150,2h 30m,상시 개방 · 유료,,,N,N,Y,Y,N,Y,Y,한국관광공사 관광정보 좌표
nation,전국,남원,·,nax1327,지리산 허브밸리,Jirisan Herb Valley,heal,힐링·생태·체험,35.43515,127.54862,70,1h 10m,09:00–18:00 · 유료,09:00,18:00,Y,N,Y,N,N,Y,Y,한국관광공사 관광정보 좌표
nation,전국,남원,·,nax1328,남원항공우주천문대,Namwon Astronomy Center,activity,테마파크·액티비티,35.39917,127.38737,70,1h 10m,14:00–22:00 · 월 휴관 · 유료,14:00,22:00,Y,N,Y,N,N,Y,Y,한국관광공사 관광정보 좌표
nation,전국,장흥,·,nax1329,정남진 편백숲 우드랜드,Jeongnamjin Cypress Woodland,heal,힐링·생태·체험,34.66831,126.93399,120,2h,09:00–18:00 · 유료,09:00,18:00,Y,N,Y,Y,N,Y,Y,한국관광공사 관광정보 좌표
nation,전국,완도,·,nax1330,정도리 구계등,Jeongdo-ri Gugyedeung,sea,해양·자연경관,34.29813,126.70689,50,50m,상시 개방 · 무료,,,N,N,Y,N,N,Y,Y,한국관광공사 관광정보 좌표
nation,전국,대구,·,nax1331,사문진 주막촌,Samunjin Tavern Village,herit,문화유산·전통체험,35.8111,128.47867,60,1h,상시 개방 · 무료,,,N,N,Y,N,N,Y,Y,한국관광공사 관광정보 좌표
nation,전국,대구,·,nax1332,비슬산군립공원,Biseulsan County Park,heal,힐링·생태·체험,35.71674,128.52492,180,3h,상시 개방 · 유료,,,N,N,Y,N,N,Y,Y,한국관광공사 관광정보 좌표
nation,전국,고령,·,nax1333,대가야역사테마관광지,Daegaya History Theme Park,herit,문화유산·전통체험,35.72121,128.25994,80,1h 20m,09:00–18:00 · 유료,09:00,18:00,Y,N,Y,N,N,Y,Y,한국관광공사 관광정보 좌표
nation,전국,산청,·,nax1334,산청 동의보감촌,Donguibogam Village,heal,힐링·생태·체험,35.44107,127.82936,120,2h,09:00–18:00 · 유료,09:00,18:00,Y,N,Y,Y,N,Y,Y,한국관광공사 관광정보 좌표
nation,전국,거제,·,nax1335,수협효시공원,Fisheries Co-op Origin Park,herit,문화유산·전통체험,34.92957,128.52517,40,40m,상시 개방 · 무료,,,N,N,Y,N,N,Y,Y,한국관광공사 관광정보 좌표
nation,전국,거제,·,nax1336,칠천량해전공원,Chilcheonnyang Battle Park,herit,문화유산·전통체험,34.97767,128.62826,50,50m,09:00–18:00 · 유료,09:00,18:00,Y,N,Y,N,N,Y,Y,한국관광공사 관광정보 좌표
nation,전국,횡성,·,nax1337,유현문화관광지,Yuhyeon Culture Resort,activity,테마파크·액티비티,37.53072,127.81994,70,1h 10m,09:00–18:00 · 유료,09:00,18:00,Y,N,Y,N,N,Y,Y,한국관광공사 관광정보 좌표
nation,전국,강릉,·,nax1338,연곡해변,Yeongok Beach,sea,해양·자연경관,37.8585,128.8548,60,1h,상시 개방 · 무료,,,N,N,Y,N,N,Y,Y,한국관광공사 관광정보 좌표
nation,전국,강릉,·,nax1339,강릉통일공원,Gangneung Unification Park,herit,문화유산·전통체험,37.72046,128.99841,60,1h,09:00–17:00 · 유료,09:00,17:00,Y,N,Y,N,N,Y,Y,한국관광공사 관광정보 좌표
nation,전국,제주,·,nax1340,붉은오름자연휴양림,Bulgeun Oreum Forest Resort,heal,힐링·생태·체험,33.39527,126.67427,90,1h 30m,09:00–18:00 · 유료,09:00,18:00,Y,N,Y,N,N,Y,Y,한국관광공사 관광정보 좌표
nation,전국,인천,·,nax1410,연안부두 해양광장,Yeonan Wharf Marine Plaza,sea,해양·자연경관,37.4433,126.5978,40,40m,상시 개방 · 무료,,,N,N,Y,N,N,Y,Y,열린관광지 목록 주소 기반 좌표
nation,전국,충주,·,nax1411,충주 세계무술공원,Chungju World Martial Arts Park,activity,테마파크·액티비티,37.0016,127.928,60,1h,상시 개방 · 무료,,,N,N,Y,N,N,Y,Y,열린관광지 목록 주소 기반 좌표
nation,전국,익산,·,nax1412,익산 고스락,Iksan Goseurak,food,로컬상권·먹거리,36.081,126.977,50,50m,09:00–18:00 · 유료(체험),09:00,18:00,Y,N,Y,N,N,Y,Y,열린관광지 목록 주소 기반 좌표
nation,전국,임실,·,nax1413,옥정호 외얏날,Okjeongho Oeyatnal,heal,힐링·생태·체험,35.5846,127.136,60,1h,상시 개방 · 무료,,,N,N,Y,N,N,Y,Y,열린관광지 목록 주소 기반 좌표
nation,전국,장수,·,nax1414,뜬봉샘 생태관광지,Tteunbongsaem Eco Site,heal,힐링·생태·체험,35.6497,127.5128,70,1h 10m,상시 개방 · 무료,,,N,N,Y,N,N,Y,Y,열린관광지 목록 주소 기반 좌표
nation,전국,남원,·,nax1415,국악의 성지,Home of Korean Traditional Music,herit,문화유산·전통체험,35.4503,127.5354,60,1h,09:00–18:00 · 월 휴관 · 무료,09:00,18:00,Y,N,Y,N,N,Y,Y,열린관광지 목록 주소 기반 좌표
nation,전국,남원,·,nax1416,백두대간 생태교육장,Baekdudaegan Eco Education Centre,heal,힐링·생태·체험,35.4411,127.5266,60,1h,09:00–18:00 · 월 휴관 · 무료,09:00,18:00,Y,N,Y,N,N,Y,Y,열린관광지 목록 주소 기반 좌표
nation,전국,춘천,·,nax1417,박사마을 어린이 글램핑장,Baksa Village Kids Glamping,stay,숙박,37.9012,127.6618,180,3h,예약제 · 유료,,,N,N,Y,N,N,Y,N,열린관광지 목록 주소 기반 좌표
nation,전국,춘천,·,nax1418,의암호 킹카누,Uiamho King Canoe,activity,테마파크·액티비티,37.8636,127.7069,90,1h 30m,09:00–18:00 · 유료,09:00,18:00,Y,N,Y,N,N,Y,Y,열린관광지 목록 주소 기반 좌표
nation,전국,강릉,·,nax1419,허균·허난설헌 기념공원,Heo Gyun & Heo Nanseolheon Park,herit,문화유산·전통체험,37.7935,128.9105,50,50m,09:00–18:00 · 무료,09:00,18:00,Y,N,Y,N,N,Y,Y,열린관광지 목록 주소 기반 좌표
nation,전국,청주,·,nax1510,청주 명암유원지,Myeongam Resort Area,heal,힐링·생태·체험,36.647,127.5197,50,50m,상시 개방 · 무료,,,N,N,Y,N,N,Y,Y,열린관광지 목록·명암유원지 기준 좌표
nation,전국,충주,·,nax1511,충주호체험관광지,Chungjuho Activity Park,herit,문화유산·전통체험,36.9853,128.0231,80,1h 20m,09:00–18:00 · 유료,09:00,18:00,Y,N,Y,N,N,Y,Y,충주호 수변 기준 좌표
nation,전국,수원,·,nax1513,제부도 해상케이블카,Jebudo Sea Cable Car,activity,테마파크·액티비티,37.1786,126.679,70,1h 10m,09:30–18:00 · 유료,09:30,18:00,Y,N,Y,Y,N,N,Y,한국관광 100선 기준 좌표
nation,전국,봉화,·,nax1516,국립백두대간수목원,Baekdudaegan Arboretum,heal,힐링·생태·체험,37.00808,128.82993,120,2h,09:00–18:00 · 월 휴관 · 유료,09:00,18:00,Y,N,Y,Y,N,N,Y,한국관광공사 관광정보 좌표
nation,전국,통영,·,nax1517,디피랑,DPIRANG,activity,테마파크·액티비티,34.84206,128.42848,80,1h 20m,일몰 후–22:00 · 유료,,,N,N,Y,Y,N,N,Y,한국관광공사 관광정보 좌표
nation,전국,부산,·,nax1518,부산엑스더스카이,BUSAN X the SKY,activity,테마파크·액티비티,35.16134,129.16801,70,1h 10m,10:00–21:00 · 유료,10:00,21:00,Y,N,Y,Y,N,N,Y,한국관광공사 관광정보 좌표
nation,전국,부산,·,nax1519,해운대 그린레일웨이,Haeundae Green Railway,heal,힐링·생태·체험,35.16129,129.19143,90,1h 30m,상시 개방 · 무료,,,N,N,Y,Y,N,N,Y,한국관광공사 관광정보 좌표
nation,전국,대구,·,nax1520,사유원,Sayuwon,heal,힐링·생태·체험,36.09215,128.68116,150,2h 30m,09:00–17:00 · 예약제 · 유료,09:00,17:00,Y,N,Y,Y,N,N,Y,한국관광공사 관광정보 좌표
nation,전국,완주,·,nax1521,오성한옥마을,Oseong Hanok Village,herit,문화유산·전통체험,35.90307,127.24328,60,1h,상시 개방 · 무료,,,N,N,Y,Y,N,N,Y,한국관광공사 관광정보 좌표
nation,전국,광양,·,nax1522,광양 매화마을,Gwangyang Plum Village,heal,힐링·생태·체험,35.07858,127.72052,70,1h 10m,상시 개방 · 무료,,,N,N,Y,Y,N,N,Y,한국관광공사 관광정보 좌표
nation,전국,제주,·,nax1524,머체왓숲길,Mechewat Forest Trail,heal,힐링·생태·체험,33.33052,126.6739,120,2h,09:00–17:00 · 무료,09:00,17:00,Y,N,Y,Y,N,N,Y,한국관광공사 관광정보 좌표
